shen268_region,group,5HT1a_cumi_hc8_beliveau,5HT1a_way_hc36_savli,5HT1b_az_hc36_beliveau,5HT1b_p943_hc22_savli,5HT1b_p943_hc65_gallezot,5HT2a_alt_hc19_savli,5HT2a_cimbi_hc29_beliveau,5HT2a_mdl_hc3_talbot,5HT4_sb20_hc59_beliveau,5HT6_gsk_hc30_radhakrishnan,5HTT_dasb_hc100_beliveau,5HTT_dasb_hc30_savli,5HTT_madam_hc10_fazio,A4B2_flubatine_hc30_hillmer,CB1_FMPEPd2_hc22_laurikainen,CB1_omar_hc77_normandin,D1_SCH23390_hc13_kaller,D2_fallypride_hc49_jaworska,D2_flb457_hc37_smith,D2_flb457_hc55_sandiego,D2_raclopride_hc7_alakurtti,DAT_fepe2i_hc6_sasaki,DAT_fpcit_hc174_dukart_spect,FDOPA_fluorodopa_hc12_gomez,GABAa-bz_flumazenil_hc16_norgaard,GABAa_flumazenil_hc6_dukart,H3_cban_hc8_gallezot,M1_lsn_hc24_naganawa,MU_carfentanil_hc204_kantonen,MU_carfentanil_hc39_turtonen,NAT_MRB_hc10_hesse,NAT_MRB_hc77_ding,NMDA_ge179_hc29_galovic,VAChT_feobv_hc18_aghourian_sum,VAChT_feobv_hc4_tuominen,VAChT_feobv_hc5_bedard_sum,mGluR5_abp_hc22_rosaneto,mGluR5_abp_hc28_dubois,mGluR5_abp_hc73_smart
1,non-NP,20.385981261128133,31.70635759940255,12.197617752383458,31.523046230188875,0.8958665516340372,50.81498289222237,34.155847819164556,71.93700166182084,1.2869858886256367,0.29957010911194365,2.2635127751514172,4.0172223113018335,6.067323700325917,10.35759823250048,9.656288946961993,1.369314604335361,17.352798804011655,0.8240208975206992,0.8246209818606425,0.8516797622233027,16.395495728239172,0.02533418016809255,23.431549004834107,28.76368086134825,525.4284230241873,62.09184594061332,17.50187455283271,3.872163782818149,28.46419832167378,1.275991773145296,7.034419526036175,-0.04062367834719933,5.95819832246255,23.56929149049701,1.1914562598021343,5.996549052421493,3.692049158944024,2.6268051055946735,0.705068362551817
2,non-NP,20.940400270911745,38.247086169001406,9.4210858073661,23.217861725837654,0.7209124345847262,47.697204792776404,26.423642833058434,83.82950164050591,1.1955799542791479,0.2689435605330741,3.5825788800309355,11.427370558961522,10.733006690208672,9.179706596746676,8.773034242535013,1.395115182651737,20.436236743026836,1.6202032152327668,1.7648495319412976,1.220678389193566,17.61281384469381,0.22714256116272352,36.33747547428782,35.68981470330523,497.87900487388066,63.21854135086448,25.140392737659983,3.875572093134004,32.019448675313676,1.488751096660855,4.320967684909739,-0.09611680900784043,6.748623807545196,27.699052531544755,1.6638845345838282,7.435024994175609,3.598477535131501,2.665523168517322,0.8249331507563844
3,non-NP,21.845815420150764,40.28996396048198,10.08304946124554,32.652730908565566,0.8995087163057178,63.77796282724081,30.450951144099243,111.93041262030602,1.2705832179635768,0.4251305590150878,2.814794210717083,10.264996029793798,8.861567507868088,9.7298600114882,10.096408067260654,1.464656027033925,22.89116514977195,0.9102702764675996,0.899788235896267,1.1760969567112625,18.369688372513338,0.0643793619601638,31.195542365312576,39.761824489903596,645.4935054779055,71.82262547360688,21.689548544585705,3.926394660025835,33.96497036324945,1.6255479852109698,8.110164447712123,-0.011032325604901416,7.354890559595333,25.374625593423843,1.5795365199446678,6.875102572143078,3.755307120271027,2.8016112595796585,0.9658101841780536
4,non-NP,26.02601456112333,29.183053370404874,14.079604360792377,25.232873218539503,0.8343222796916961,48.90675920413972,40.635799238416894,82.9761922624376,1.5309768239657084,0.30241066254675386,3.126747846603394,3.2964737597876055,5.800226912045009,9.888496420118544,8.92653346359277,1.3770397742589315,17.594034169005074,0.8020422404593167,0.7879966364966499,0.925690593653255,16.575789676196614,0.06314792976093789,29.63421830071343,34.619948280643946,624.8844889322918,66.07669969337876,17.18178965250651,3.4646214511659412,30.585023674932827,1.3899456565522688,4.9334335676588426,-0.061087566811410296,6.991146300582722,23.4355973455641,1.39024810857243,6.514879316753811,3.561031723022461,2.628575042883555,0.7245097890552038
5,NP-related,11.968021873955259,36.37766472364489,6.214757455361858,35.2968969899404,1.0033183261617884,61.376035603609125,16.447368965492597,86.0809596809181,0.7006070544053845,0.5093748127823478,1.5469453796610106,10.010167336649236,8.500917232833627,10.210030676008344,9.888212564463993,1.4658033133627058,20.45978025106665,0.7938914727364553,0.7533013078946251,1.1084847662362967,19.183176586827628,0.08256643959074617,30.270931467279656,39.7723655046546,387.02248581894895,68.41193877833871,24.218561511855942,3.811123975762376,33.98663224490896,1.581906260146708,8.842086005562114,0.03865199172562554,7.149991321316498,25.094581586820585,1.5005823400643494,6.482422040389465,3.8674951716586277,2.9038221825350514,0.9982374721026923
6,non-NP,16.46393577973425,31.32039419650642,10.13834632403478,39.56933026340792,0.8258122001814334,53.65919103788544,27.197886516697608,70.62215465165993,1.0577478962486957,0.28626923930005865,1.9778948768055276,5.481341247475829,6.841138985780399,10.236867365678904,9.725712395413842,1.3964226505767678,12.520147514106348,0.8066701294801317,0.7413226997753455,0.6398918001572668,16.393195091431156,-0.013611028688988468,20.300640865524798,22.501240474668286,481.84573060528373,51.33497214636278,17.81863651230437,3.8164407951289445,22.9522901897013,1.180259528456156,8.434616514366844,-0.08741272620799381,5.04084864579529,21.139639492848474,1.3123310021879548,5.421613869508861,3.5890485415526476,2.6684446340488597,0.7812818190186978
7,non-NP,14.751555967330939,31.80616168176933,10.368917655944829,42.81670585546409,1.1655911155045033,65.48358482057645,26.085267210006727,75.74036349058152,1.0085251927375798,0.42514535014051946,1.8502566695213325,6.528977329715076,7.982244265105587,11.245932680368423,10.427705048250576,1.4345618590712548,16.86926955124727,0.910346617612231,0.8187358228489756,0.9099013115046546,19.439613423332048,0.08440516405098605,26.653832697868346,31.51966730520926,654.9454013824464,63.312821764554975,18.858338510990144,3.9248892210423945,29.018676378313103,1.3878737028506793,10.54261925074752,0.06135164824263484,6.401057826090801,24.859266614913942,1.3307810746133328,6.327781757712364,3.622892801463604,2.5903602845966818,0.7888533572849838
8,non-NP,14.853281531003447,25.46544504539869,11.21272751836494,36.08360490277849,1.0519680530939362,57.55778797797406,27.082753700785126,60.191596238920006,1.0508610033752896,0.31072765339101377,1.8192858967450591,3.798950118049497,5.1006631282515915,10.605849515093436,10.095588372133058,1.3976909234972283,12.562678814516978,0.8202903473716331,0.7167589491104135,0.7812705583372476,16.944471101848855,0.031819489134457146,24.436259675734114,28.102993696361356,537.005015458211,60.22124866155059,17.991448071923585,4.136505450352584,25.529714083883423,1.2687731631963286,7.854054828493114,0.006113374317618142,5.968716354930018,23.70974878273388,1.192756486411142,5.753763296816609,3.785882809374592,2.652909262345569,0.7534981614113386
9,non-NP,13.360394042610329,33.10546524212,9.259435660087027,47.167421550727404,1.1965131286606692,67.40194085223527,23.705337025175172,73.45007229491368,0.9001828640099344,0.46093075778710363,1.6349067888003876,5.766195859597335,8.644762759954835,11.204423297971687,11.272580649385555,1.4335330372688755,14.413735583944531,0.8709054532909734,0.7765674901088612,0.8876684991980359,20.645957356469232,0.06481159818296214,26.614260545512973,31.376760341642626,567.2797734817404,67.11872140820245,19.208278374383912,4.085125947158609,30.079558475682163,1.485437273776553,10.032688395990194,0.04982686660314235,6.528214976691659,24.499534165299178,1.3704007912002154,6.203749571070575,3.7015850719989545,2.7512485884980067,0.8683390910813764
10,NP-related,16.52113097927325,32.6759616462533,10.725782557314405,41.736570497869074,0.9607833305181558,61.99234607182065,27.989104532262196,72.76699848107171,1.0713952805223843,0.457708221923202,1.8218715479365455,4.162789859433303,6.3933881872949225,10.496243993582675,9.993778115451825,1.3852671465415547,12.722470355174567,0.7966953215812371,0.7878144384491061,0.8783623361131475,18.542175257930225,0.024440217471111473,24.120321735368506,30.161804187835624,525.3966122012972,63.82668782352636,21.102753805520273,3.87766733882266,29.113051204859723,1.424739442037064,8.922092950467047,-0.009921466775927892,6.395421844202815,22.822053642883844,1.3000717578833638,5.51660002083965,3.5817860606726377,2.8246802452196005,0.923434680329547
11,non-NP,13.264573455875759,29.713407733283812,9.614033968020712,43.52071184668264,1.1285194305655284,62.97253159298785,24.206991048959594,62.10116935795189,0.9035972499439862,0.4095209284972113,1.550623835661473,3.9150161295254104,7.250689844533052,11.173062996986586,11.270825251089668,1.3833015637520032,10.729231278841885,0.7492119599520289,0.6912082050982703,0.7831960622635152,20.897334325903405,0.044308523001730375,26.374606980217827,30.05477760691229,543.1849149068198,64.81136495420091,19.204578636039017,4.073465081361624,28.551048364648974,1.4173255757067251,10.740282561418075,0.03293109421556593,6.2295026798420645,23.1081980089856,1.298896618378468,6.092980202446636,3.6970996337059217,2.707451216176025,0.8377441383267085
12,non-NP,15.417863802476369,25.498809109867977,12.171518771679377,40.26275236623038,0.8817274898000351,55.55254562163532,30.46298205388058,56.444549065131646,1.082512210328858,0.3647845018558301,1.6195455673453103,1.4050701919225863,5.593230280280175,10.56256061714965,9.841947096403366,1.3068248062551795,7.021695138707412,0.6353352578546227,0.6447578221317622,0.7038469294618283,17.71496837388334,-0.02877292289192994,20.433494493558808,24.926567945312026,526.3708645709152,58.478877978488406,19.363572944294322,3.751395999224155,26.423773982334584,1.2764926590076087,10.592399853761323,-0.06688274360978493,5.8623394357119345,20.485415726513057,1.1012638438638154,5.041474304415963,3.4623628877974175,2.638801595607361,0.7523252245897407
13,non-NP,8.012490350372941,25.25182441212642,5.989294198094584,29.200000756619858,1.0152615214488945,47.18686296543487,14.874774387904584,56.769908204370616,0.5408850500778278,0.4777465308351176,0.8857066461018156,2.270032122255724,5.494093660356274,11.03052761603375,8.934039271348135,1.3054100700787135,13.408883289948974,0.6060344363204608,0.592130573428407,0.7516214978329989,20.57390403843245,0.1704678504388632,29.295909453411493,35.34842104279911,478.63569971979894,55.91857103170614,17.92035378728594,3.0121093666066927,24.577730759216248,1.312937929765403,10.67874540517235,0.03377293808473635,6.71168805806742,23.738193682261876,1.2723765093453077,5.9822734034791285,3.3699859563185246,2.4392988024925697,0.7521419692780835
14,non-NP,14.652300882123718,26.841774756231636,11.69865186182083,44.657472721852336,1.10953359865495,61.15061405209984,28.73653693220735,59.47610366614156,1.0036264452998997,0.3886473117842933,1.602957285367526,2.2534674073411773,6.926040729091183,11.243859744179842,10.673237724369024,1.3198648265044615,8.640140681877854,0.6501321353150502,0.5452726446513542,0.6942893986788271,19.876353885252577,-0.013871830622602372,23.558154222652384,27.094936365418867,560.4603758246651,64.50836606090203,18.671334089736593,4.011562118163476,26.47606460596182,1.2697420331822526,11.646471141412963,0.023961136825551274,6.421545933914817,22.319529330568617,1.2000786467914668,5.844042664739341,3.5605165440572333,2.651122087806598,0.8085390343112523
15,NP-related,15.671809453905732,29.405594859711183,10.056449626852404,39.83303936620075,1.0103520727230728,56.6550852360034,23.519635925995065,58.97977066040039,0.956854498459518,0.42377647309581196,2.552197305702725,9.523422539976748,8.555274399499604,10.915520644626735,9.153242543658623,1.388106852952688,17.024933323978328,0.82652973306781,0.8105445299411844,1.0345861414458855,19.565160438497664,0.12988289214807786,30.53825999768965,37.648060166254304,492.52626608632113,62.99080160425574,24.98843913868161,3.6306166597670573,35.19359676363061,1.5529743076447224,11.767939209253841,0.06906808711134149,6.941817146483837,30.964438537878493,1.656404432343559,6.71888518187166,3.6945649392765723,2.8833799881437803,0.9672331555853271
16,NP-related,12.888313108210944,22.32613393399137,9.35805899119206,29.18037169169975,0.8637603163960383,44.291732380825124,22.233048939876426,67.90780182708082,0.833070779875886,0.35622925794576193,1.6635075232965488,3.5239437498626116,3.8204676052914373,10.082117711897377,9.079516014770151,1.3385907210034431,10.205795448778026,0.7683177836672338,0.5271936124559197,0.8065029695837779,13.754676912304872,-0.010654773635173337,22.28504823780746,24.909782454228015,371.98642472740573,52.95363325149004,19.51486085644729,3.9572037226862187,18.98106924687611,1.0892593233265049,5.266154926387918,0.030744862877981564,5.54657119153754,21.775739539441446,1.1418091410355602,5.335539489341297,3.326726993210882,2.529148604801233,0.777074042018769
17,non-NP,15.556137443148478,24.562184801305317,11.113061922816607,27.14389299169915,0.9247968364769305,52.9451293249299,28.688258014374505,62.84613678265065,1.0172817897348898,0.3587347915649694,2.1967893945219377,4.393705387776764,4.806083728751357,10.484531145140599,9.01090312280152,1.3168016369913664,15.11450306531818,0.796228489029372,0.746760723666406,0.9032429174428255,15.923249582604816,0.12349369776973003,27.093435117336504,30.791422768998775,414.42570230546704,62.986147772744594,18.47194807294389,3.637409807370862,25.767733618267812,1.1743640468510979,8.570709327274622,-0.0018580949716619762,6.459196330598111,25.212735247723934,1.265092328120845,6.066984984796372,3.490391770438969,2.637053181307976,0.7175035192433917
18,non-NP,21.300401461751846,35.27570270451454,11.287506488331577,22.694340015238595,0.7957825540450582,53.67110878488748,28.906462585716923,65.99213232073868,1.1310955207598838,0.34267239749693035,4.215304910090933,10.056759097871266,8.38559055350781,9.577024748450832,8.762576222135339,1.3760717207925361,17.114220111127413,1.298031607244507,1.2097022794840628,1.2632123163917608,16.647711317039608,0.10720954977564122,32.62295318068119,34.044039583013806,466.5942803098446,66.28547022125139,19.665789646014833,3.7075489362080893,29.86302773420711,1.3279830152179055,5.56626342227805,-0.06595397967101778,6.84458525598319,26.299435088509007,1.4172689930388802,6.89891587223923,3.372939419328121,2.651911807687659,0.8028496888232839
19,non-NP,14.591323108003854,26.396556443320705,11.165911390070333,43.91566666139956,1.1171189474693515,58.55362883567532,26.91829965825667,64.03153439571983,1.021934189817362,0.3726342500661287,1.9311765034993496,4.207431632818484,6.7144933682554155,11.060281326896266,10.727997667959324,1.3946643267807208,11.440088262673255,0.756485453489739,0.6173364860250762,0.7934712272570387,18.355277187618317,0.018309355117053838,24.772255579630535,28.300383531353372,445.3971975226153,61.44048292459507,19.22402112107528,4.317332274558251,24.74993100011999,1.278054226744957,7.652667030148829,0.05018911479712922,5.989893290645309,23.00540576901352,1.264885175646397,5.8187233199153034,3.7996543823627005,2.699792245500966,0.8228770081907882
20,non-NP,14.670778614200964,31.147671647493137,8.482450315397083,32.830286362531076,1.0686541152735278,59.863373352399734,21.123618112851503,62.640528535189695,0.7933850614991911,0.521410954121041,2.2358260840585795,6.869361157381729,8.515795630355777,11.053458638387184,8.514205223256372,1.3267237437914496,15.923987057718627,1.4586366018454215,1.034292628707951,1.204511844744421,21.055192780889865,0.2761069618305829,35.96750292059493,38.154481772642946,499.65854801543793,66.23345699167152,21.007277220895844,3.5860612041329682,29.205179469363305,1.3644558818846386,11.86912385142434,0.031419510787276374,7.377916461407575,27.587390533865314,1.4828692082672903,6.950336688185391,3.6448563680256885,2.8138847563364733,0.9657114368259352
21,non-NP,11.945947720454292,25.259982571622583,8.401008715996378,37.55812019220879,1.0099943181320739,52.3721216595745,20.716719392629777,66.20140030200665,0.7521988882468299,0.39323808902588026,1.3651310232969436,2.789520881918025,4.458482738522534,10.727559386766874,9.777721928487882,1.342192921271691,10.656015890748957,0.734144630535873,0.5465480637808259,0.7507208236708091,17.699189302204804,0.044567351720224205,24.295771386073184,25.944539273164818,406.7203998272237,55.84987801936446,19.295048313874464,4.023140199826314,21.758158725764726,1.180658314947943,8.607388870367476,0.08151757912441658,5.649523444224684,22.995750203499426,1.2447629600763321,5.808473464158865,3.4599529069203596,2.601854553589454,0.8521237863990443
22,non-NP,7.814160923499849,24.127657696831548,6.468871951776712,33.50418521523676,0.9892165532051507,51.42513681571087,14.721276902883071,53.88498022866114,0.5441771489752217,0.43615487756702187,1.1023080766537774,2.943260234079599,6.605984265580595,11.42999642582263,8.752081430717414,1.2340629929203097,12.64067856650168,0.6588584720502387,0.567920064942985,0.6255193934433878,20.858424719535524,0.14498519591755618,29.84595531528279,32.41725412183433,515.6410500908977,57.99627064305981,17.19924479554602,2.99832785769371,21.273413439811403,1.1559076531475219,9.135797044096547,0.04666276077745156,6.609304782962607,24.010558295384637,1.259283384360836,5.9880449785351075,3.3831430700539196,2.5097549918007718,0.811769063084418
23,non-NP,12.401359182308157,22.77170919108063,8.586477350568243,36.58865241357305,0.9816283234100802,49.44973079433021,18.841348385722227,52.55465481981469,0.7575674238701295,0.3375355153895056,1.7298815463112196,3.7083392488788633,5.860433182539172,10.612206349142422,9.24328517551957,1.286577492619979,8.925457673007102,0.7311611512314953,0.6499309219752324,0.7423082049901435,19.37761058581458,0.06517279365785475,26.756669771272453,29.81527618235542,523.9521381137098,58.52888766277324,17.744789577328138,3.6193696247157554,15.542933823751566,0.95162287493532,12.316896495801833,0.17447772109534826,6.316287846891747,28.5446016318736,1.439718148300639,6.495284554683586,3.691886942625932,2.6188604490464504,0.7849402372396755
24,non-NP,9.075843162536625,18.217291794557905,8.234637400309248,22.33362834368756,0.6807125574847063,29.609464737570367,15.822987721761073,46.95564915974935,0.5842997932434084,0.2599985203395287,1.913260426521302,3.435651720835327,5.864235331108941,9.943554178873699,8.007465098338049,1.1860411405563354,7.316280347504653,0.4835889183124527,0.4095018391807874,0.47200568596522013,17.944054185630133,0.09794928210477034,22.152211532592773,30.9228735000076,496.96866556803406,47.48032903059851,18.079828910827636,2.839332662423452,14.787587369039345,0.8822173383212752,18.97250756781238,0.169760421042641,6.281739539091166,27.335196793874104,1.4634723981221518,6.106739060084025,3.0505457377433776,2.1963841183980306,0.6297885871831629
25,NP-related,11.764219535413643,25.518702278328096,9.119101679602338,34.37966874198114,0.887787146161693,42.942263525543446,19.16583047911179,50.86520347299502,0.7397610355717269,0.3492052994033163,2.3906511669011086,8.56678222342693,8.491053722336856,10.880155038463977,9.292691653184216,1.3080006763916607,13.430202188287941,0.6545520999447205,0.5611729695815448,0.7157275348670723,20.25792344281984,0.140534543453954,28.319834065991778,36.1093685392308,473.6469156427902,58.67931335310582,20.935010082037874,3.4384917224100393,26.867319105586486,1.2777471353698138,17.32260547394236,0.1753629022674967,6.864418252452925,31.424380575963692,1.7503773084906644,7.0855251652325775,3.352947941122129,2.5613817327706387,0.8474382206333069
26,non-NP,8.112427707171552,16.976811631945704,7.113317834845499,26.01132608443399,0.7071131172493033,32.63634227413633,15.351398381712219,48.414452807396245,0.5440202428204983,0.2745459783839155,1.1796444551977103,1.2460804082734058,4.730187506047306,10.178832539605878,8.657082058429008,1.20061809822445,5.363027404051388,0.4966356822263715,0.3768388988677733,0.49467355943373426,17.00745329649843,0.0651798433270221,20.263381509219897,24.372714074779758,414.2409335175252,45.20723150121164,17.259145249069007,2.8697624252392697,15.934172702533914,0.9448954272158454,13.412190682293712,0.06050466576894551,5.501254021889521,22.198226067814893,1.1962785429544578,5.423156179453992,2.870614188828619,2.245877016723426,0.5837972968961718
27,non-NP,10.289739526284711,21.37742403364358,8.82064026497506,37.19685014740586,1.0293892849136044,47.89909744578105,20.328613075050157,54.75469908843169,0.6996254244366211,0.33907173885334585,1.3743958125243323,2.691633546168742,5.5138403085875,10.976570945172696,9.711019603680898,1.2918670667184367,7.303859806374168,0.6121342996720579,0.48723020634135683,0.6610887227428927,19.134963071024096,0.040573413471213064,23.547816188915355,25.837159324749834,453.0700145824537,58.47779729189571,18.820420517792574,3.7238142193974677,17.851590037094176,0.9812973190611387,15.236995318313003,0.11969153308813033,6.090181871542923,24.869912353721826,1.3067793572271191,6.0260946132041315,3.3760697738544363,2.5108994219754193,0.7305957777273443
28,NP-related,17.34470882415772,29.33855496854607,14.14051461900984,41.65423399571845,1.0384306584085736,58.06004725436036,32.87029514312746,60.1296698978969,1.1885876647063667,0.4547286522175584,2.4683170557022103,4.886340335726898,7.60591713758752,11.157116092954363,10.045560267149371,1.3268838456698826,14.635186409419735,0.7517024484828915,0.7631882776107107,0.906840352501188,19.33959377572423,0.10612281237595848,27.314527933938162,36.335625302858446,558.2537013462613,68.44491657744926,23.118842983245848,3.756087240150997,31.65963007518024,1.4908844113006492,15.616736456040858,0.0759837314467794,7.087605928936476,27.828817585536413,1.5562432604176657,6.095385738781521,3.405069604941777,2.7984035781451633,0.9684035832957046
29,non-NP,13.930658610950823,22.18257282727153,11.482159756747162,34.21979425381832,0.8208139950578863,45.55622197857449,26.621148001930944,53.18882684881037,0.9447087543660948,0.38457026362080465,1.687236108779908,0.9301819730758664,4.836988905319479,10.55290400244973,9.314534012743653,1.2607141564109108,6.239956660018387,0.5769155464727772,0.5608870712193575,0.6465682251345027,17.083622629610314,-0.01461610927542841,19.023772576072,25.708744651497515,526.6845001775571,52.93259315382689,20.042009925842287,3.449627849405462,22.4886483408807,1.1684889070342994,11.94070602169853,0.000964569297873161,5.919968743183948,22.183271467035468,1.1030184316635132,5.320916968258945,3.141552254069935,2.4506796047904276,0.6999752355090328
30,NP-related,8.575443690473385,25.000190741446215,7.095805818384346,30.537132609663217,0.9609170500189066,46.68768397096474,16.62785883383318,50.87220799922943,0.590071576562795,0.4352772918275811,0.9490873231129217,1.688020374637224,5.682192682466374,11.035180915485729,8.87430761244336,1.2383424219760029,12.928654023168995,0.5659921785891957,0.5506605854765936,0.66723070547662,19.654654342636853,0.15092633495805785,27.90813660621643,33.40290302032399,488.31335978074526,55.51536445141061,17.83153336698359,2.992782083424655,23.755097719215634,1.2453155391013915,11.13365961972952,0.02260098643918437,6.485279711071681,23.42909824848175,1.2673345411365682,5.891585225408727,3.242103019898588,2.4111695858565243,0.7395103793441898
31,non-NP,9.998985910803325,21.090374287743785,7.715056721757101,28.41811646766657,0.9382939476792406,45.02996144135208,19.14030189824299,48.798808663841186,0.6463816165924074,0.37233348796522714,1.274293637857205,1.9562116477604112,4.470228838344217,11.219133826775279,8.171118655218365,1.150894468392783,12.453764819164336,0.6019240645975692,0.47383515888113314,0.5988039167189017,20.810179850219075,0.18528173748797516,30.563685905642625,33.123969767536785,500.8902171685445,54.14474029984558,14.77579057119726,2.3448533599938806,20.4977245508254,1.0258514205016602,9.647398832210575,0.019346203825368388,6.823261368805373,25.658541183161542,1.2229867689008636,6.14445985235819,3.182439195431345,2.4210928271456464,0.7672916624729789
32,non-NP,8.923102498054508,26.13679068886201,7.683506637811664,37.80482748378627,1.0207906034775078,50.99156558945936,17.529512181878097,46.06334459781647,0.6071759937331083,0.37008695024996996,1.1580302882939582,2.9764130168734515,5.726003399275747,11.187483005225658,9.400236906758893,1.1987751387059689,12.993797492172234,0.6232911902739033,0.5242600960191339,0.5852257760707289,20.314516589887717,0.17009382164178533,27.78896850347519,32.69680526395234,498.7226612567903,59.35697367707644,18.49912529438734,2.988098976202309,22.616102636707183,1.155914062247385,15.228633535821245,0.08081134862823092,6.7390456424443546,26.342509910464287,1.4204830387607217,6.300321411341429,3.2704853788018227,2.5126229394227266,0.7906710102380999
33,non-NP,5.812049193400535,17.504996045566937,5.321186138752322,29.0567780722585,0.817540814079544,40.0947850933545,10.513438688840907,46.14470386870519,0.3931732218841028,0.263063622174706,1.1958987859017096,3.802769983911361,5.1012009380643875,10.038808114683947,8.502582612271036,1.1739832649285766,7.666142126574302,0.6736032407785683,0.4733791886347121,0.6036939631676537,19.050836153908264,0.07808502036828362,24.192957392140823,26.736888407745298,496.231353408989,53.79223382016229,15.578392211504823,3.137626604102124,9.117134532657492,0.7025231402839268,15.056805312860993,0.14477149524700997,6.134841744647268,26.063564839490986,1.4726617717651571,6.133747052415577,3.034282732283932,2.334329190382099,0.6692247795469007
34,non-NP,28.89308283770527,53.68958606936994,10.592208452577948,27.904384355337648,0.9120057340021487,52.303819729580106,23.8680307035093,73.37831906919126,1.2602133662612354,0.48653193844689263,4.928125399130364,17.548595008632724,9.961478322350214,9.729283993332475,9.28210367582635,1.5239893930929678,20.61128246046482,1.9523242182344103,1.5997339712248908,2.0564757620846783,18.687704591322,0.2576239160089581,35.51564598083496,35.48571658710138,435.6684818974249,67.93891785445416,25.408559799194336,4.4674469488638415,30.904482949365587,1.500127189581392,13.41665248910862,0.052709061701575084,6.680622816258931,28.513023206922743,1.6828987192224574,7.570181991435863,3.39967374448423,2.9138280780227097,1.0702916281821133
35,non-NP,18.721985061645515,41.660255788035194,8.254187034606936,30.446925238584058,1.0488376226425171,66.61104140905636,21.117006835937506,69.9252084350586,1.0240039310455327,0.6017581987380981,3.1449423904418956,13.222473854428925,12.393601217333556,10.660427124023437,9.785749479847494,1.4832003240585327,20.865096991038882,2.308283108103555,1.3850566787719727,2.002164517402649,23.04716909468174,0.43791671106591823,37.42218643188477,39.90071995768242,523.2889243164063,69.69501828541048,24.12485305786133,4.600852291107178,32.17205752809066,1.5037518612919534,14.377320682886056,0.09110085733234882,7.164615001969972,31.669585525512694,1.9586735792160035,8.676611007690429,3.721907337188721,2.966204814910889,1.1578952439184649
36,non-NP,18.86550231327285,39.94389864371897,11.129474671471202,33.5554852617819,1.0321725542774263,59.35500432560716,25.762682340003018,74.47051019226478,1.0379690342391568,0.4870113905099844,3.232780279702699,13.539465977210238,8.999799997484056,10.306902257022479,9.489798917842565,1.4112766294289898,17.891093565013094,1.4611827308587295,1.2240231281874197,1.4181841232918746,17.816272369406295,0.13912753533226568,32.52552024891834,34.08355293045052,513.6714552317236,70.7588039857589,22.58746179365954,4.20826417089298,30.920220011677934,1.4570405344170363,8.76013948893196,0.032364948523163004,6.845666669179041,25.905217271766915,1.479880258737021,6.558942254805407,3.4627581716373266,2.8608808912188803,0.9941216934309123
37,non-NP,24.09974527052708,31.75177938819385,10.844190099504262,26.765580563815657,0.8224296008547147,46.705543787385714,24.81831897364723,52.1286912812127,2.416036691268286,0.6309181821015146,7.607379423247446,26.176946369122234,19.34626155046658,10.59393507109748,9.566895451012536,1.4423569288518694,35.197996116259475,5.76792103573486,3.119900389181243,4.336199406120512,34.01861272690844,1.256404763356679,43.45237509409586,46.339117316007226,580.8489000108509,59.85568007924982,29.4197496732076,4.877229701148139,27.86723465695589,1.2934824760875403,15.640867409567969,0.06502482684445568,7.510824065265643,60.004404650794136,3.5196937104066213,15.751843677626717,3.554699420928955,2.7670480708281198,0.9484286316961313
38,non-NP,5.029431504630002,23.323629034440717,3.7021527837534434,24.234164696493355,0.6946604646783058,48.87872831155457,8.958151874646468,45.460523772109404,0.3768732906039297,0.3227246240432797,0.6559766029399604,2.0914017717311375,4.010705221646064,10.128697311943347,8.411812094745704,1.1562612506209826,10.86357428648387,0.715774229775397,0.6265578296015172,0.6170162115999258,20.478378021851043,0.14702173922200754,27.497544835825437,31.979501006649638,469.040678847683,52.090982854810015,13.663062048740075,2.8076845755993993,16.500973461349776,0.8945707193114762,9.798486804200943,0.03402198037346367,6.297881728733981,22.30519793463535,1.273826153551946,5.522939692429506,3.0271741861854093,2.294728071963201,0.7185448280533374
39,non-NP,6.384560541129014,14.194592884874787,5.48556057279579,22.365317333790365,0.6041025296788834,27.311154546668078,10.579160841937847,43.641578466822416,0.4132939472358098,0.23294202280406173,1.2758962419741329,3.114943804404452,5.17787259496816,9.651586382957682,7.820334090935758,1.150144953857406,4.748577631403065,0.5106065296180738,0.3739195788614296,0.4492948711635428,16.468971493531207,0.05111162521521791,18.561923725335667,24.19318485727356,385.3260529969029,45.56732874507061,15.912028580031135,3.0366582242016014,7.970561048037384,0.6255675198051097,14.854582295512925,0.1506220570913512,5.32950213190853,23.857837760797604,1.3525169860867776,5.452451907939991,2.808211556039595,2.144318940250445,0.5712875057868732
40,non-NP,14.847702336311343,32.33687870566261,7.245555353164676,22.70775475331165,0.8226876373402774,59.057245020368285,19.097928130626684,57.56425070762634,0.8792609967291358,0.502078162971884,3.0530430465936673,11.752258367445277,11.531744047019085,10.365414708852768,8.681278750941058,1.3275086127221585,18.28205086835078,1.744375580175984,0.9792157573625445,1.5221127359196545,22.161826052630204,0.2627007046365179,34.3193274974823,35.49716546776309,531.6041370391847,66.4834703981578,19.442125922441484,3.905039668083191,24.308726154602482,1.151367348851259,16.800513297981524,0.115406918732333,6.991000358087879,29.88662725687027,1.9281209267675876,8.070021623373032,3.554352919757366,2.845352152734995,1.0903783236970868
41,NP-related,8.416048717901177,10.552862730116832,6.348907269506014,14.01899285688482,0.3547794817620692,24.390817719845792,15.270669365733996,52.10613180715826,0.6610990274807574,0.1741444987681093,1.0622121120806993,0.6179804998805671,2.055668016985352,8.386618442173246,7.499687533940824,1.2197393488280381,3.161341922307576,0.7098466074366795,0.4115809767589539,0.6704321436835492,10.439059567558658,0.018726488721226873,11.439057024219368,14.23220600134949,316.00808883216325,32.228323623395816,14.596173491659044,3.477518460921597,9.567646024059032,0.675233226421456,5.325658480803294,-0.056384464429164866,4.107105944035988,16.684649151588793,0.9829283655947271,4.291422313778712,2.6401575703158158,2.0766754188115084,0.570864014649541
42,non-NP,6.484191646237348,23.36462779956773,5.630028109578693,33.486263061509476,0.8044607447096582,56.90846058344078,14.174008138081032,68.53756819956402,0.5839843665354353,0.48961741023162414,1.241273810877603,4.155555575579428,8.064843879198586,10.239654941671699,8.971435373768172,1.1890820215439655,13.813568703446554,0.7484161042592479,0.5539673455720823,0.7424527313229601,20.60925541675688,0.13752091765271487,27.61783740929598,33.965522057524915,506.7269164316755,67.829620305259,16.473177966281508,3.7340717943462396,12.174497619677698,0.7398735454532279,12.737462143458497,0.0302505310474669,7.0235603070990456,23.069569068547537,1.2234904547414835,5.8366094877028605,3.374071873151339,2.624920803414294,0.9003024933791126
43,non-NP,11.247840012783866,23.802447073530395,9.23401850912064,32.37935647523467,0.8228102644193637,52.505014395213564,23.357452671915233,62.638215617129674,0.9531100969292755,0.4010115381696813,1.357732788648977,1.362117200096919,3.7897956111104922,10.242378747708738,9.159038660507031,1.2482977819115402,10.506284251882112,0.8319376013187098,0.7095232657252788,0.8373714346839307,18.23377432143534,0.11138717699167265,22.444443709244716,27.364773047826137,491.4997929413751,58.675837986550725,15.556347750962736,3.9686035342020083,16.085852022618173,0.9076077278855718,9.951474156880163,0.02313082714115421,6.237456882709624,21.316122931255627,1.1865586129697019,5.517211148613377,3.2427749513761404,2.4688891726173035,0.7958520324066176
44,non-NP,10.255348442340722,19.711000224314127,7.456852018422097,20.116759697393434,0.501426057401916,38.634180896081276,19.1310328319155,67.06791823814655,0.8010741015960434,0.3421012026161469,1.3199763939298437,1.9186986906200172,3.6577193399944057,9.371294331550597,8.225441380630144,1.2476443783990268,7.015879643581213,0.7942222192967794,0.5138524435524796,0.7122433715596281,15.221228309176412,0.03136541886628477,17.40056600899532,26.648798012786564,392.87858555234726,48.15567640452566,16.089288154141656,3.657074543114366,14.50529379241273,0.833030715285216,10.677634989919044,0.007516955045565706,5.415759068127053,20.8915609902349,1.217304018448139,5.291593841026569,3.157479839078311,2.3171811921843166,0.7718511708627095
45,non-NP,12.349794144561331,26.734718589824016,7.412168298251389,30.159240289738907,0.8849755607221438,58.476082600895786,19.468372046429185,56.446801033572875,0.8477185501568563,0.371730332740623,1.3303749284882482,2.55069279438879,4.818391790616443,10.146800982433817,9.979713067805154,1.2959639240002288,11.845586069881497,0.9837900328206951,0.752007681131363,0.9397203074633211,21.054006797113065,0.052173662543350804,25.96445597773013,28.812997949159847,481.36657449473523,61.62078400517348,16.203716452225393,3.8230575233265975,22.281177869893313,1.1092674896096475,11.63678605996403,0.08859288666019405,6.358850876506812,23.831368800177092,1.2788140611372132,5.876973631762076,3.48872496701669,2.6586589913437333,0.852327805119885
46,non-NP,16.334527700816686,33.454467194575614,9.510346960074639,39.7752802370613,1.0316915364687194,66.09487233227989,27.085210146026075,65.08500484094724,1.1741730736481157,0.48859517155248766,2.2072249397043726,5.489916277390207,7.344728016098301,10.474009401961785,10.555344889277304,1.3626926345515338,15.448711925110148,1.167729073071715,0.9795501778702443,1.2004653644690875,21.06003710138107,0.0649513570105973,28.622695454621574,31.58836052281691,543.6988428439477,67.96147545689229,18.714888947965434,4.456417162926188,23.986557095978974,1.1787820238780253,13.340542149887208,0.13223325486701748,6.919222766706752,27.164357119949287,1.5228192709413246,6.589713117275858,3.7611381516990248,2.932422412001269,1.0845199619200123
47,non-NP,12.780311308045324,29.057495503091268,8.269259345013165,33.13418462975113,0.9669353127911471,64.7991018828202,22.27664192310279,62.327021491009255,0.9908998641414922,0.4302783808002815,1.2540624031122185,1.9193046387239108,5.025728878810829,10.344386633582737,10.806788510484523,1.3548589613126671,12.833858580590038,1.0958827766276007,0.8897043168760728,1.1444860385811848,20.99592853348493,0.024421563419256952,25.376357529128807,30.202542235041903,575.5544267737349,65.16414334545894,16.41829927140388,4.186702125659887,25.711369337166484,1.2529906278689884,12.048513615751922,0.055220223899822736,6.64032721267431,23.623449433368187,1.259210655654686,6.060333473786064,3.760459514286207,2.7641045331954954,0.9314182029755392
48,non-NP,13.00189908788595,26.447691215334807,8.88898327790902,28.210587191920386,0.9714785296119464,62.079911950920135,23.077304680588362,64.96896604212318,1.0352101301066972,0.39818700623312375,1.359575506702118,1.5655250994838372,5.254549462699493,10.225551306162977,10.399116924513445,1.3583870170839156,11.569941316093221,1.054697007204703,0.8355700096913746,1.1298833742789691,19.448359808764902,0.06701556881997192,24.86083353022665,28.874211322180912,570.8505425004596,63.99799448644758,16.858646617118488,4.300089994789416,22.055638678248595,1.1169001492192652,13.443335133297644,0.037418690436269816,6.507023840199976,23.37770296555363,1.2177391504992177,6.072691408183932,3.807278505185755,2.764476530227927,0.89707528912703
49,NP-related,14.375088229709206,24.461019341437925,10.65328615824382,23.762877856246092,1.0203350761201646,53.29108208879711,27.633651869032125,67.07814921061198,1.211467895507813,0.32967765933523574,1.6922911824120421,1.2241991452470729,6.612641498416134,9.839250569873386,10.298287158194515,1.347796254687839,9.721813795094688,0.9813230894886269,0.7505426957789395,0.997882093389829,18.628298662574444,0.08769228376215324,24.29588641696506,27.988569845010666,539.9041316731772,63.13178869446274,16.599612197875977,4.346689111391703,18.086387525723936,0.9432154960600317,10.704222730645496,0.029824388999905853,6.360357847379184,23.632297007242837,1.2438518023490905,6.001551426781548,3.9216800287034776,2.7088135793473986,0.8812879057059116
50,non-NP,15.525271402880756,32.33958856864361,9.710275752662012,29.752221108637055,0.8812857395864923,68.5406309180103,25.246296493461855,62.2852207577282,1.097396237967795,0.47006466430549265,2.0188645632277695,3.3966006218331204,5.4414575056147845,10.178054341286288,9.418048016694604,1.2575588285121149,14.563978270227151,1.0943126073355094,0.9685977947284288,1.1251958540803648,20.59609066436042,0.10261692096752786,29.04236988529496,32.464231791757996,572.8524396408835,63.85882234622488,15.280841346278853,3.9784053518633136,21.08791131552334,1.0617601728993766,11.696153021905145,0.031085164288806443,6.77244879944329,23.718599584605126,1.3180841808896429,6.016227533999046,3.641895130610787,2.7225718605144142,0.9169223195904165
51,non-NP,34.091220887769175,40.9124470075463,8.093201877690165,4.204219598126923,0.2784811624271028,49.57195863510235,27.060282442750058,73.92325486255294,1.3502192677569995,0.2804902066014895,4.6318645276943196,6.129834949164493,4.890241348559171,7.33641875291071,6.245505620486264,1.3543108681670757,12.098437549434838,1.3224174628404024,1.379855568168544,1.7710787471102065,16.454773890803484,-0.024400547957791313,28.614530274847976,36.39334922071309,361.43020988913156,55.995881517223054,13.189376386273809,3.4517489771883025,25.313505404007607,1.020169851374962,12.124420743946283,-0.22813087003696866,6.315004153484079,18.855428603516906,1.1800038969817281,5.46848116201513,3.1563628010389184,2.4085530263035237,0.6141945204035439
52,non-NP,24.96992539740229,28.91141261165171,6.743711490135691,7.393386400173192,0.3071497624797456,36.87842815030438,22.264727889717406,61.52352393757213,1.162963326875266,0.22936615324125614,3.3884078341645094,5.935929341625092,4.258586447488195,7.898400041964147,6.513095573912974,1.3863076025789434,10.894636881103823,1.3099133722342755,1.2937780944751454,1.541222247155988,11.490565480837484,0.05212162910392145,20.78860917029443,26.638667445767936,322.3803130310852,44.48507971823474,13.732547973657583,3.4676673780013987,19.64785807608028,0.9326999083078858,6.985032799303707,-0.1998045225914979,5.633452266787313,19.625021953087348,1.1600765887793008,5.486563868336863,3.0476814175581004,2.463689337303112,0.6400341031710617
53,NP-related,20.853838969596296,34.59081259851396,7.095356681130151,14.565169697970259,0.42489122444020194,47.164571225920966,24.222298656056527,79.53703261364119,1.1742718752193833,0.31286110093250225,2.7528334502646112,6.977303276613245,5.203677476259589,8.330881711522581,7.494273295437618,1.3809049237858166,13.109609318325175,1.3483280584824884,1.335254638827601,1.6370592890491362,13.974237817890847,-0.04644122645590204,23.3974244566303,29.648107224353236,383.38392910561555,53.06564948218369,15.810054177823273,3.7919535186922126,21.759087990022913,1.097028721417484,7.848158475534306,-0.09562745177382125,5.845720145064191,22.123205309328824,1.2059051071702256,5.765104910130558,3.242912700996097,2.5812692331231157,0.738061986316579
54,non-NP,14.08328481239848,30.76320138104505,7.088376980016729,26.44564814928054,0.8123314059016729,64.30056558653564,21.661993196695168,48.051546266763516,0.9502139846877299,0.3747170769637174,1.838635638208673,3.575500223681823,7.154764235118311,10.274342791868909,7.918937640757378,1.1411683134513326,18.207733538088224,1.100571462320911,1.0436742704103488,1.0865465240313275,21.32843665661069,0.1490349849999541,31.97200865792756,35.420200591713225,510.64417198861014,61.29223459132193,12.179178922483237,2.707191217063677,20.85908019867389,1.016761810238055,14.27343632151617,0.0037120855252009513,7.076735658211794,24.796808903760247,1.4209410943607292,6.369383467306005,3.4325817268673737,2.5474138507748596,0.8205714914254731
55,non-NP,21.28741334519297,35.565536847145715,9.194889293526707,19.776598702980888,0.728845957736924,56.210271842183055,29.771303194873745,78.78318158635554,1.3386329243767943,0.3766698890699531,1.7366000155232992,2.857612150424709,3.407600938984297,9.400425463352564,8.154719235300295,1.3535412578087933,14.485944084271805,1.3184954063908663,1.266415787843179,1.5911384488473523,15.65255734723013,-0.005401016779700821,27.42274970828362,34.262447741397146,503.0695615084668,60.47679579612593,14.908740785886657,3.934157171339359,22.73759541960042,1.0941273800602764,10.485637290493854,0.006843838479396237,6.264464666616235,22.2753225025141,1.1365725549886811,5.919007518381442,3.488371433514469,2.62646285261748,0.7487939943287374
56,non-NP,19.79496453025125,41.95477651738824,7.134262491773061,19.467266421951127,0.7197573072426803,66.88054532824293,24.395422261911683,72.04000846489326,1.108602693864516,0.4783673589085261,1.5469087670733048,4.405997759402246,5.854599850505762,9.344416341581544,7.891679018343901,1.3813411264152793,17.116063750032303,1.3896853413690908,1.5066121162234487,1.8567802485052523,16.334574202424033,-0.012454669414596125,30.093855757813355,36.12086894412378,426.8200269579055,64.16868951141271,14.81876393298169,3.8907539902867136,26.1633858580787,1.1694536698293263,12.928084530134953,0.003324963367329194,6.931609015517391,23.707336745895706,1.195753370131646,6.365676976584054,3.4968339596594964,2.6710416612091596,0.7671322159039085
57,non-NP,24.883078813552867,38.15337170284958,7.9364791048897665,15.61772000649308,0.597116620460939,54.0551259059271,27.398290978537673,69.26994890636868,1.2790619879961018,0.36489773489948774,2.275379594829348,4.179446307962626,7.017875247835088,8.61539218491978,7.43500676787557,1.419257517490122,15.036396547523813,1.421211117671192,1.5539396123753653,1.9302447099859517,14.613340971874196,0.08227727190953577,26.990264534950256,32.06768513044661,403.60296270582427,59.460892913744225,15.395131746927897,4.075348042779499,25.586945659759092,1.1597265426535237,13.579653422776675,-0.05789649444179506,6.425420838948211,22.636289755503338,1.0304088762236967,6.136094467507468,3.424061064918836,2.6023857502473726,0.7259428221914026
58,NP-related,23.038874357938774,55.28628263393122,5.790775157511236,15.34771073521349,0.5922027232008986,66.43550496981081,21.84762346744538,70.06637907028198,0.9963300125673417,0.48311184567864984,2.4765697699040183,8.16956656702341,9.14365505132859,8.638069547712803,7.1711893885744775,1.3361058039590716,15.094008529426901,1.4585954414460502,1.6097479555755854,2.0727972663007677,18.218727427843078,-0.029520570362365106,31.0446385294199,32.148880143322806,414.4715222120286,65.50255845783022,14.919227011501789,4.278021607547998,25.910532480684196,1.1135706887370693,13.356703759409356,-0.06967229600468272,6.914621131164269,22.802483901381493,1.117647266248241,6.292980270460248,3.4369860161095858,2.6202935399487615,0.7508176552508702
59,non-NP,15.430874564430935,45.835721684097486,5.4543043223294365,14.337290567836973,0.6300626635551453,61.785860008990674,18.92554217251865,66.35733947753906,0.8324246590787717,0.45534476035020566,1.727900461717086,5.078307701924733,5.550206618162064,9.403985404968262,7.135555697014472,1.369228476827795,15.842755297945008,1.2811474798300138,1.4213333861394362,1.8838053345680237,19.23579182274195,0.04335567588833245,31.405988225069912,36.18932354063351,443.0300206964667,62.34573528617621,14.739894910292191,4.008428727496754,22.308328332315963,1.0622378356423916,16.149755312526725,-0.033318291302897374,6.345835597090297,21.89140170704235,1.1978507973931052,6.3151013374328615,3.4511568849736993,2.546960820934989,0.7630611195110927
60,NP-related,34.934374288350604,37.892627627145,8.830615452357703,9.30057988033525,0.4781847104054539,48.72646765183295,29.970792465851094,69.42014854495265,1.4695205307808246,0.29245176895701586,3.925646064662133,4.107714444504446,8.205020018360102,7.675271380849245,6.9195884403561365,1.365217033554526,15.164118367315764,1.5275045511148435,1.6415935384125269,1.837308715121085,17.08668148384269,0.03268155927120262,29.102863359851998,33.185432281317915,369.9548311634224,60.893782961240014,13.3937790814568,3.9671606496602547,28.065656795231977,1.1093823743844837,13.733857795180354,-0.17556104392689817,6.605457296827565,21.087939074059495,1.0328226555295352,5.713913048014922,3.417892780624518,2.6019099069242717,0.7186096567763475
61,non-NP,16.72477902476811,29.011631079008776,9.384437824752172,31.346944790483597,0.7416420795406751,55.65172867896361,26.841811250643726,77.21002321151292,1.1313064573662077,0.39966336867421676,2.527355663262764,6.315084304247623,4.761040129166829,9.389926984762456,9.122946223956227,1.3768154060725615,12.4215986607338,1.1139993884994117,0.8547947353105453,1.2717675831037127,15.734071486878099,-0.04006776681403447,24.566624503426997,26.385682008377184,466.29010333585603,59.36588446369471,19.726325731185472,4.294110824057527,17.950351334911012,1.0265043303718167,10.533473169123395,0.0916137160097737,6.00148506691699,26.357520483697726,1.4596567596653267,6.2392260391995835,3.5566797823767953,2.7459911976213243,0.947171763287349
62,non-NP,11.876704666349628,24.011814901193066,7.600796726014882,25.803717655130345,0.8177737378411822,51.95206153636513,19.997761752870353,49.52686145570543,0.7869568748606579,0.3953098113545113,3.106102446715038,9.916014737321664,10.789396426863895,10.737978716691336,7.31835897615545,1.1413039689262707,16.557736897561377,0.9912430013694882,0.6561370721707741,1.0376477922416396,20.506306529552806,0.1681233048439026,32.61475831932492,32.36100231017704,531.7324703004628,59.82461499521014,17.23579900794559,3.3749773783816233,15.419917399073407,0.8369824260391057,16.036104928340745,0.1019840596030311,7.05522567430833,29.859037902620102,1.9462783369753096,7.117337402370241,3.3203963223430843,2.551284077266852,0.8677146704351094
63,non-NP,17.11524549737035,36.1769843490042,8.537442586508146,34.33036933751506,0.9076935335185873,73.27923080496804,27.239998645093074,77.77624119524975,1.1730802528350712,0.48123369680672706,1.9690674126866357,6.445582741215614,5.792756014505384,10.095093643808939,9.720293345004153,1.3654054815031917,15.473964590395532,1.4238548749505198,1.1957577825991443,1.5886330146148022,18.40045870530015,0.02428826529356879,28.56479914408611,33.53021540095813,553.8582232984676,71.10467195920913,18.02364917739807,4.527245706822499,22.394723955258524,1.1223796104175796,14.28411714432258,0.09799369319573972,6.997138163349411,26.56497952258252,1.44030657877405,6.569776596314457,3.7497945861165305,2.8860446066262733,0.996040597211771
64,NP-related,17.518990592618966,41.4374786305052,6.944953779203704,23.10868289864698,0.73254328089214,65.86399380900885,24.151048964103776,81.02036806967406,1.0735909611777925,0.46520314325240597,1.8647805621138724,7.91814881458581,6.3288623385176095,9.63751315226597,8.419939796126343,1.3843928480570296,17.837014121548954,1.3975927692946704,1.3439246529251732,1.6420787065166287,17.854699963096948,0.027567151058217988,29.65103012692612,35.03840443144999,458.3632023904177,67.42796227462699,16.266693385301437,4.154178362504571,25.26212509369181,1.1977822321704092,12.879429815279885,0.022119217590234178,6.746526408159903,25.53870077048783,1.360687478981187,6.489612480180454,3.6171029489652247,2.8308273928355328,0.9091817500982838
65,non-NP,17.26869919090941,33.90709208881174,9.400552816558307,34.10533379079309,0.9747453256657249,69.44483607177095,27.736952155933057,67.4595897339938,1.2109635679345385,0.4662672289794213,1.9441751455005853,4.702463274764947,5.576727883484524,10.033571971090216,10.2899338139168,1.3274663946084808,15.089874400941067,1.27772342042973,1.0424275824898168,1.3568786158896329,19.737807955039386,0.05230643198081995,28.349576474909195,32.68343450879424,486.35678491425114,69.40261225029029,16.3862028741,4.321045883078324,24.49234853174513,1.1578037796897391,13.727158546741856,0.07448009317495713,6.859499073911994,25.976520324171634,1.3688905481706586,6.33125027773673,3.8640950127651816,2.8806507361562628,1.0147806834413928
66,NP-related,16.75532308172008,38.35756390493624,9.60045046884506,28.170860565804926,0.8331462820289565,71.49686280538931,27.222724007778485,65.0032515916668,1.1186236221282213,0.4905065290141301,1.9293411403405867,4.949626931108304,3.979365233024697,9.959030964335458,8.254037130003812,1.333254551301237,14.85071382012512,1.15457333109416,1.2090483353030486,1.3988553417510674,20.203886205534694,0.05690533622572595,28.870538664645835,35.758653545908956,628.416497402504,67.89498375357056,15.411629989498952,4.12596649615491,18.698918920937835,0.9683210512791546,13.789885900886043,0.047918038319636015,6.727271582597064,22.383175951535584,1.2742760601590892,5.991171485087911,3.516630585076379,2.6593652670500707,0.8151347083544725
67,non-NP,11.077728301605443,27.681495843776574,7.7172008281085605,25.070971766658253,0.6359484594135998,56.223939882175934,19.971731107502706,54.669673858479385,0.7891625841671136,0.3249207876104722,1.4044267730239566,3.525475359088533,3.7344645918263617,10.522776783468888,8.224564975944043,1.347501713324358,10.454877501927605,0.6464500715218382,0.8002200343790539,0.8044761042384541,18.77164795042892,0.034674976572623466,28.650698809700216,35.466813913025696,559.0064258269449,69.7821965719963,17.026981343560042,2.8118466035248764,13.042150352089193,0.739841669591674,13.783118301721784,0.028531964743176205,6.7541224729591285,20.95864638670243,1.3231040577200008,6.293394461035091,3.131134601837811,2.4049690139484916,0.5809076708160734
68,non-NP,12.619810823086512,34.49929037210719,5.771286957902338,16.21836974860717,0.5498312060298816,55.01986950371449,17.626244323501176,48.79022889059098,0.7473855087014498,0.36988266482134985,2.0281912851366197,7.506069095153428,7.796366347852047,10.04313810275552,7.64272753327361,1.310498516416289,16.81260735593301,0.9196141779930407,0.9182096085577307,1.1569670813331188,19.39641622182674,0.046878589080555026,29.912443067206713,32.6647663013223,459.77837334304576,71.1406399176769,17.29862394489226,3.056572026242324,15.861732993829014,0.8587887331802663,11.644869405560607,-0.02368183060971603,6.82712699937325,22.212542919513307,1.389018460701072,6.6145688223708525,3.2682253448038154,2.5695143449501914,0.763881656055087
69,non-NP,18.69130209776072,33.15282911609462,9.82006197709304,24.317544556378554,0.8827441657105317,65.32768679579698,28.099408644896297,70.98840876726004,1.2290088786528666,0.4598379657926181,1.7981012681355848,4.215853308109418,5.182038786264518,9.565478494534126,9.346781302705496,1.2919519474873176,12.199178464045243,1.2579695581863723,1.038338534354877,1.4067686886455004,19.258164376252143,0.07423371369637047,28.087691875604484,33.05434931075749,599.8620354579047,65.86863402236737,14.994102537631989,4.037502661920511,21.556933716207052,1.0673527421841051,14.036558359008408,0.03289626582297318,6.5139087577660515,22.87282962982471,1.258829849270674,6.290513802033204,3.638031109594382,2.7088876693294597,0.8473544727783067
70,non-NP,19.366531231730285,31.85615914372064,9.195932094867416,21.24127046165753,0.7096473790368807,57.2805170995232,28.20185127385884,71.45640893126013,1.2692416758840306,0.4002660260626106,1.674280348430111,2.265606371952038,2.115388904234709,9.369932328179528,8.44028386426233,1.3474065394305863,10.758161046102263,1.2030604975959944,1.2512650924881166,1.6385407764776097,15.084415432190317,-0.028053609835743953,24.876375855410778,31.432095164558053,454.40452295003547,59.30722412091476,16.39614564838218,4.253438439656261,20.487097963051447,1.0293075076310485,9.771689427341023,0.029194820092922468,5.478426204539271,20.539302157717803,1.1266202749217233,5.584315863341392,3.569873809814453,2.6243968265112425,0.7178373990499798
71,non-NP,13.031673582142627,34.96617038194569,5.9738661430815565,20.806970713704757,0.6444297799121135,62.49068481416163,18.877693732264184,55.78156930428964,0.7623710644938961,0.4119675161819609,1.4424100057197318,4.5205501768821845,4.5431779289223595,10.232487489306738,8.178483287983381,1.3772401961069258,16.03286848638808,0.9716650346730141,1.1952776954602944,1.314188510967941,17.725186027086306,0.05613759345320798,29.407517216192982,37.372817178965995,450.80904489345664,69.71402629097695,16.018907224059735,3.261832249858392,20.682747014123755,1.050843265591833,12.197074653404005,0.008918716402221766,6.655636275822032,21.17105725202611,1.315258537650739,6.361620199112665,3.2243079748103227,2.525658716600408,0.7054946819967577
72,non-NP,11.338970622688379,22.357973027678682,8.909577355813731,24.942600096271754,0.6861879872108894,53.6543171285115,22.298069188834507,56.739429837181454,0.8408470151394056,0.36724656217155005,2.0789676876295187,5.885518742702102,5.078121485551616,10.185497561459819,7.440793748146108,1.217984155372337,14.622714980255946,0.7032524286695416,0.6641433597320602,0.8003275683790287,18.62138183684909,0.07755685418107541,29.31471853912192,32.67252891627977,617.2839361927498,71.4599098134555,15.228493251497783,2.907810657428055,8.704735863188198,0.5670863856511681,10.166085138947768,0.005858894992526128,7.0454202107074995,21.25946120610313,1.3330171234393247,6.487799841260153,3.0541730747021063,2.4160594221145386,0.7018331928769331
73,non-NP,8.63687170508074,23.323942247450034,8.063448380658974,34.61272261784868,0.9751929992979224,55.94868604007763,19.29465502978647,66.74665096099363,0.7797151937841734,0.39094316669027596,1.5048364279741915,2.9528534840204275,6.596711801398584,10.238445693796331,8.957204690606478,1.2161402160471135,9.063529842259253,0.7423478641297002,0.7445947001165247,0.8152738376097246,20.13019881709566,0.1277999895335957,26.356149336870978,30.393906899849622,581.6938174650633,61.55856278140869,14.609478925001175,4.122485311273585,7.111893385925136,0.568754361987821,8.504481687363645,0.0464024109999963,6.544666964325584,22.28467144175647,1.233512326039095,5.8815439627132315,3.4150040940167434,2.478646595847798,0.7314112751998688
74,NP-related,15.38131368460776,28.933957723844184,10.947442303184705,30.033791007061375,0.9454740686576908,61.579812349886886,28.653881601926667,64.12281116517651,1.150077263848121,0.401830801863552,2.0608510370014104,3.630099767313445,5.899667575816452,9.462964590858011,9.210773076824433,1.2496784354458337,10.958466907053845,0.9558220554467001,0.7916189690879664,1.0594754282917296,19.22766898049212,0.08173510956356865,27.549996055474804,31.830227713272688,666.4759868974445,66.55318981807649,15.114664923243161,4.216945850548624,12.660206483680454,0.740016759683996,13.947647721301216,0.04396883615423698,6.864387907155305,23.82710775808126,1.2989799455434334,6.206016718840399,3.6310226316211605,2.6690390049910344,0.8080884110131592
75,non-NP,8.344998997966139,13.281979711239579,7.560895777124122,16.096230863781024,0.6883212529621491,32.89006202335614,18.464257488100554,68.89882559288205,0.7569192422656564,0.23700384630300986,1.54355064151794,0.9697316451276055,3.799930622910981,8.82705284291365,8.084793308293989,1.2249490637478866,4.806039598353361,0.7720094968133523,0.47368841973962045,0.739711518890745,14.930610945386405,0.02930588032371973,17.922347233990045,21.28051301403042,445.18671861783736,49.861886944619506,13.647211110498024,3.787021745846966,6.689090868895855,0.5772889484457834,8.68909883790688,-0.0317937632964,4.7113254300803815,20.86471732582633,1.1642123561675155,5.076407997626958,3.233132052139973,2.3470679329136224,0.7314064709636853
76,non-NP,7.083008769367425,18.150856276684546,9.327575642083374,38.20198016377591,0.8682570539947067,62.737540394478586,20.476682286709554,60.267732296671184,0.6396175154617857,0.39598880014714916,1.6755683991858474,4.792918302433229,5.219071898778693,9.749656817742757,6.799285387623191,1.1861513778567314,11.746027343620622,0.5984754246055672,0.4968034656984465,0.6190024933228935,19.354067883554567,0.07481692986779567,28.373345690114157,32.87068530325194,710.6900871821812,72.00634685060088,14.945458676133837,3.141596236731857,2.1601206383145057,0.30670854937698816,9.314777228142443,-0.014200063177538271,6.9005850138280165,20.451293626001902,1.2572090841297592,5.968236369746072,3.083667578441756,2.3388735045279776,0.5835107892878081
77,non-NP,10.363616560592135,25.518996273589796,10.445565087454664,39.96317858086576,1.0042680120792518,66.09476653755507,25.849046512525916,82.2022128980987,0.9122262666014591,0.5461362764543417,2.7805659430367617,9.754317718609537,10.412901960401154,9.796110665717093,8.880935648368707,1.18023208371636,14.723599338789192,0.760721596111116,0.5620860954125723,0.7723185843756409,20.749599625008834,0.08831704236871125,27.83171911953258,33.21032591573485,686.1103716999497,75.17907770377423,17.198268643852806,4.426814655057427,5.125047862474319,0.5102659312454243,14.50987824020261,0.06728675779506411,7.245283936011785,23.394573808527316,1.3099340719430626,5.924949963887532,3.4074045200737153,2.71645670521016,0.9316813851376349
78,non-NP,8.723321518051293,12.929294874930246,12.627516737608156,22.41270772543235,1.0656668709538808,43.140708315619,26.75627770824968,63.43330003613624,0.860594365084283,0.3076286517392635,2.323277989280559,1.911285829917665,7.494110458332033,9.215579306967905,7.518822475902251,1.1746743633368304,6.139033001868781,0.625829812317432,0.47216503944456856,0.6253270219628498,17.72795878595805,0.10235792644774523,24.100007137405537,24.84542780100566,677.3524192738757,61.37698083482444,14.14691022177723,4.151403277833885,0.8767290136050084,0.28919334040497113,9.12451445208275,0.01275078832578767,5.90077209800088,22.01680695899179,1.1703759596169552,5.439732517037436,3.4580214090436416,2.377514176836638,0.5917649474897665
79,non-NP,8.616216798929072,18.977160415711317,16.37935750851265,57.138138317938285,1.196446954057767,68.68089611585002,31.242161237276527,71.43837931706355,0.8764471888542179,0.37825703387453147,3.1370046798999507,12.219752070955478,8.385436228580394,8.85627301656283,6.918021082466184,1.0946689257254967,15.995623836674405,0.6216668705545512,0.42140371495714557,0.5462135977469957,18.605470114481598,0.011360591407327984,28.346101980942947,32.110776495131894,819.4037254920374,79.65499940093052,14.437663210355318,3.5481158974078983,0.28137693644160977,0.2235392539341699,9.565300454327371,-0.02074477880154378,7.114232639302591,19.757400762117825,1.3674465372012212,5.802944029294528,3.1258429050445558,2.452607457454388,0.6802859503671735
80,non-NP,7.40565289266011,18.139515782779107,13.549184731477823,49.06774992166752,1.2806272355057078,66.81503975352791,26.502563341129473,82.27690332175712,0.8311314681577968,0.5171047894824186,2.751724686142962,7.581321436617028,10.583502812892215,9.521704572192311,7.216488977903486,1.1184678440968665,14.244740321559242,0.6382976806148771,0.4362976715056854,0.5967962119353594,20.827279095751503,0.09152580989447572,26.6789241203895,32.90803067501127,848.595029210198,80.97337170730526,15.898157994422688,4.394667157054653,0.24454439031345956,0.23587032822881965,12.28550354210996,0.04944985223859659,7.2007964708781715,23.02418913079437,1.2470178974450692,5.834126559940316,3.4102035909009403,2.5671540816154708,0.7694375014043705
81,non-NP,9.90291936724794,16.657645779677722,9.868703496222405,21.87412662915953,0.8092653152405047,43.99976179508545,24.323170736724265,58.70425231783998,0.7740923984377994,0.22018598360192104,1.7361831559854402,2.4828901885031742,3.127430989894824,8.519796300168132,7.073738619196115,1.174503887985267,5.442098297701473,0.6074805323750138,0.5178242025385592,0.6723308510640088,16.338147834843873,0.08393506255621712,24.30265240575753,26.970098822371188,588.2673565733668,54.30980953346657,14.601803690779443,3.7157044117065037,1.770759888028146,0.3114350618140052,8.621103350656888,-0.014492588524030996,5.56776239379813,19.935613017456205,1.0882985323083167,5.27115431135776,3.4249890960899054,2.333106597264608,0.4945666220028217
82,non-NP,7.353056917485505,18.078740231524066,16.220770236143135,47.15224563449278,1.1411955355061698,63.142276853953966,28.796829026998942,71.812276132328,0.801728661527339,0.42752649715727137,3.291783851446566,11.413733793886951,10.55531059128635,9.33899801785184,6.9825422942446975,1.0755040147869857,15.52774300556942,0.5525460250924111,0.351454982246013,0.5603026289915302,19.482140100609687,0.07440789679146957,29.982162347773915,32.564825966849256,833.8217122186092,77.75657199451504,15.349111965022136,4.033138664727359,1.5364021348308523,0.3130189498514946,12.61504183629571,0.006527227389184547,7.043385663949053,21.367901566102333,1.3484632074832916,5.878981219124548,3.2104537978614727,2.4684957259709073,0.7758450332501937
83,non-NP,13.346101526833756,29.446186477657346,7.635743322547962,34.28636569114166,0.9840843235056824,51.5552925670141,17.653490803724427,65.9195754630434,0.7674534788892317,0.44936714563633035,2.1970464612808702,10.614861848611936,9.074746020050416,10.333294622737206,9.123317548776965,1.4215046862151726,17.495056045694458,0.8265643189568361,0.7721027886392149,1.1331546361461007,19.49490276644895,0.09515606738809794,30.896549306764193,38.59849813078036,431.21645968384547,63.50472457373359,25.760459876499294,3.4931587514701796,36.124541593124185,1.5989949116244857,10.71050357620626,0.050633676231558795,6.766226932165742,28.386798437387665,1.5545441365680812,6.531108399841683,3.6670811541972714,2.8124434414085435,0.9657704561750897
84,non-NP,13.569341259002691,28.021393298994553,7.649715509414676,31.231940631050353,0.7630037985742092,44.03436396381269,19.51920377731324,44.741494255065916,0.8691281569004061,0.26324713572859765,2.948150696754457,13.815027328068528,6.73535842415112,10.35172266960144,8.456563529093986,1.334495415687561,17.464860829536338,0.7360006689681906,0.5747800521925092,0.7720412313938141,20.89463099244167,0.13091832496225833,31.195171871185302,35.87472287583282,474.2404534912111,54.887740482815424,20.33393705368042,3.062593195438385,29.666511409083615,1.2805519445594942,7.439500353357289,0.08936625335598364,6.413887282624785,33.86724491119385,1.8059815740585328,7.157460947036743,3.5270584750175478,2.699442975521088,0.8503026253571079
85,non-NP,9.784914397356808,25.690829269337897,7.0270483033698925,29.204982156875317,0.5739628175649334,53.60701986554628,21.764046568619584,46.4780600865682,0.850539810301965,0.27723389930957765,2.09093287325742,9.75202907789329,8.766385478279696,9.610021950905782,8.562570676674227,1.1284416344082147,17.92831664102299,0.5916957265519734,0.3653044655935414,0.4749665178374894,20.1923342924177,0.13180131964352831,30.274082367880304,34.22421965599076,530.4433193541411,58.30656899415618,14.10716079829032,2.7238081972065724,18.29471139526791,0.9035335287877159,6.443930130631647,-0.06162270663812626,6.641209340113084,24.192991449121845,1.3604008351501666,6.362464271093669,3.425325377991325,2.526626574365716,0.7444488122257515
86,NP-related,13.17876363074643,24.48040492776983,10.516273597191123,27.851174200145632,0.6616621449932285,64.65993429434353,28.321405630002086,62.24467379471351,1.1243291058759584,0.4188923217227747,2.953025724696018,8.248626900475186,8.414120715819978,9.804892635893548,8.732198021005328,1.1741737877500469,19.46639747632836,0.6911877285817575,0.45881368408257933,0.642130816248299,20.10354693187869,0.1018153675390279,30.28993802783133,33.64811317327138,653.7432508797482,72.38415230404895,16.29760179300418,3.4973466567609504,15.339081188337342,0.732705215448681,12.808707504932656,-0.019186437495277618,7.333389395697714,22.731923876137568,1.3432601453929112,6.021963782694148,3.503744857064609,2.6756200989087424,0.9252785510904279
87,non-NP,5.909825246474325,5.779882551594593,5.8090213551240835,4.684232152759287,0.19705613413003875,17.351962820670924,13.062714161592377,39.41335736443015,0.45865781447466697,0.04425544618656311,1.9190241084379316,0.6792343107990362,1.5711697926624755,7.667426563711727,4.465252742460957,0.9324691064217512,3.5333295795888477,0.2283224310458857,-0.016673185462679933,0.1872731555472402,18.200365570353288,0.032249928068588764,28.185423166611617,24.08558296845228,496.5646681841683,41.77594000826357,9.426281704622156,1.4501322569216,1.5520353678353678,0.3331040926319366,3.9018119500319965,-0.2349579546491013,4.834037960834994,13.061274601431453,0.9954712292727302,4.211876355900484,2.0326327765689176,1.6978462135090548,0.30004462796932785
88,non-NP,3.1505193710327166,15.375628924082,2.703509302700268,18.012607834900937,0.31156703161404414,19.94056970839967,7.999779504888202,27.72477652044857,0.29411552232854515,0.030501113341682973,0.996900881037993,8.251756191081066,2.4134045120054974,8.55865661536946,6.05244350775919,0.9488609722431969,9.574868101840634,0.5087290973828845,0.12434955286409925,0.3573993338573286,18.776295009473174,0.12570366270922342,30.94833236582139,28.85848092033658,474.26267377068035,38.06562019821328,11.28708376603968,1.4096951883505373,10.36373578636866,0.6461093989201577,1.3551618290726122,-0.12217323158128078,5.307253515275509,23.785040953580072,1.1644589787020403,5.7439004323061775,2.737042733851601,2.071357439546024,0.4105757258803352
89,non-NP,13.127082744566335,29.726310548017352,8.38397447602088,34.932306752210955,0.8488129552672891,52.66073968137268,20.78575153511112,52.43065366023729,0.8802106991535478,0.3721823496978824,2.71565867271744,12.320732599650757,10.983238383341575,10.890295870163861,9.690175861795726,1.3644421851935506,17.416345365047103,0.7650155808596614,0.7187627744273979,0.8116948118730754,20.168547176441937,0.15507287600962052,30.233779153903992,35.78089404784678,436.62561753216926,67.43605519707917,21.57017783156964,4.001177314950638,28.373732440116886,1.2694748065618635,14.91980743134187,0.14352921617193884,7.084935074826182,31.80664264454561,1.7108139906610762,6.922906883624422,3.6652988986808714,2.8585238677112996,1.0245785605553206
90,non-NP,12.960494271640124,30.985933775401108,9.394578517168421,38.65035924992196,0.9138905046315029,70.16964778057071,27.019287262839843,76.35914219384905,1.1067279892406248,0.5828815789400846,2.0125936626017786,7.50679914408285,9.816935053579323,10.766536498891897,10.937567139484978,1.3261335149578664,19.282966433133094,0.9704347708009601,0.6561578558436756,0.9352496965178128,20.658610176633584,0.13947832387411732,28.337337252737463,36.762453905785144,497.0370097544003,75.99400047683619,18.954109169970984,4.501746625735842,23.392644789251875,1.1076361038662572,15.329368544197855,0.07102600545033641,7.938971302218319,25.95617705378039,1.407406401360172,6.445327586141126,3.808903816102565,2.960396414515616,1.0885614531966532
91,NP-related,13.660331646601364,30.0199345473341,8.99826276302338,32.78567448670272,0.8255691557294793,60.270093119901766,25.130702363120193,59.22729195488824,1.0231270972225406,0.4798155360751682,2.237844897641077,7.826980391014268,8.355749799074422,10.54498561223348,10.21694491541995,1.3457949699627028,17.06181331039261,0.8765007385154604,0.6596814605096976,0.8532441076305177,20.0209940065017,0.15187685804752013,28.652687907218933,35.571218730557774,478.8766386244034,68.72253233085333,19.677072630988228,4.193524748086929,24.941653962442714,1.178992117684492,17.024132753047322,0.10075392535266776,7.132461603431998,27.048747539520264,1.5081355530354712,6.286109586556752,3.5523795584837594,2.7819503992795944,1.0388295498296682
92,non-NP,16.75767047369659,40.81716282583377,5.143923723875588,6.873109936928267,0.6559786674246859,30.258236739723802,11.456292063442632,53.19319389115518,0.7989587519151063,0.29152347877232443,4.784572524810907,19.483767994003856,11.448443146721573,8.792342232234443,6.560708495326961,1.4243206764335063,15.896963441632375,1.9433341008309568,1.728067019092503,2.00265661371288,18.056530708385417,0.07290534862080839,36.09500026702881,39.16080753867652,384.0569619705429,53.45893815719808,20.0225483410394,3.6183481705722524,30.017053664539446,1.3873410830890873,12.386702080874064,-0.04781798318066676,6.098048201390959,28.1552294759608,1.6792224254181136,7.7978406308302235,2.955171946269363,2.283667162283143,0.674348992099927
93,non-NP,14.83330144003818,11.720810242270971,3.2107608669682564,5.549935512413355,0.2978510959760139,11.37993460261617,10.588526514956827,26.438021228187964,0.7695351313603553,0.12380233920718495,2.7219628282283486,1.7721937767320317,3.2151220650768377,9.904416149540952,4.537545531206937,1.0957289840045727,9.769442569286758,1.0768811672564451,0.3639732250649678,0.9619745870954112,18.210064022826327,0.19082266335424625,29.8241978293971,24.29823663930163,415.51570346229954,36.98532868842288,10.275064859892193,1.416325656991256,9.254168860602045,0.6549503909334552,3.2684633131384064,-0.12534528744505033,6.611628749846529,28.181133912739,1.7895453277387117,7.293325000060232,2.1708576290231,1.8240913397387455,0.37717072002384444
94,NP-related,39.331190227152234,38.80163524665311,3.064991121436214,4.273161424003304,0.43457716130293333,15.663373452159364,11.20956594210405,44.91021030551784,1.2467566433843678,0.33352322712704374,3.285650166836415,7.236475216933009,4.98388417306581,9.422872307536366,5.7662630231589205,1.3072682003398517,11.153264266015338,1.7337273994446636,1.1197898102985633,1.6774574269305218,19.50442949783922,0.2815596430183767,38.76071519118089,37.697816866099586,444.2270568176941,42.56058036402804,14.412426550309737,2.558853504421947,10.200220264704223,0.8071954677049786,4.867582648780177,-0.07304089976945422,6.3584029468331,28.278959400051242,1.7862385707897144,8.627203171069805,2.7097059383497135,2.1063512092108256,0.5357925953031446
95,non-NP,27.14096357942334,36.137635216958444,4.294079449049821,5.944807035067765,0.39587319095635554,29.346490424442013,14.666422037220395,37.58473935776208,1.07348835424206,0.28869057090859307,2.8120863025005054,8.105734175464425,6.620262542129188,10.83813983872092,6.0227506991586734,1.2885984619693642,13.15627281423851,1.1181041490635835,0.9996841073741575,1.2461850202295202,18.496699103398093,0.11394431744013313,34.43475936573638,34.53333637582231,413.3153442743969,52.297563362717504,13.903783674070821,2.3630361645179385,11.926675122699661,0.7577841538634357,8.743917575077093,-0.04225878686934831,6.43924255569768,29.31047106071337,1.7678016833299717,8.07225192933393,2.9539042492590006,2.2398572602920983,0.608271738464492
96,non-NP,38.10975966020066,67.57441650360641,5.069469516927547,7.851413712624294,0.42823293710296806,45.39814182461471,17.425803154165102,42.84994886571711,1.3676740288734441,0.31256736500442706,4.029160343516958,12.820936775537877,11.010959931675465,9.245409974184904,6.5844907042427545,1.3340580051595514,14.193700674164575,1.0560233167076316,1.2097190553491766,1.3743303227153691,17.54609174248551,-0.04651519612049345,32.344593620300294,35.86050630200416,375.4918831565164,64.0309143938865,16.091724413091487,3.3081466620618647,14.87540979745311,0.7880915170362655,13.901755205752455,-0.08798010709737851,6.494578140463935,28.15950383273038,1.3896803725849498,7.526298102465543,3.431641114841808,2.5962996753779324,0.7369579010264716
97,non-NP,37.63314620579516,56.39657974930348,7.344262517501263,5.584773115224658,0.5048365401469659,38.642765082736474,19.8703899383545,56.46310834795515,1.5333258680929653,0.23075714459747215,6.982000815534148,17.56408667771432,12.239569060296294,8.035008996446557,6.053147729267542,1.318475508244238,13.685981958460445,1.3708959675136143,1.3762257962583382,1.5805386058359503,17.16481389939702,0.00283653972992482,30.938038157525465,37.21543107181444,352.8266475356628,58.93487971510072,18.19645953846869,3.5827229089826065,28.58739388119277,1.1686960052379691,13.51752400653389,-0.14669364293880552,6.126243178700325,27.464741492939886,1.4656175776062725,7.311793019838422,3.2444048429203924,2.4655002778935655,0.6862642975184342
98,non-NP,9.84523235539259,17.468915514374075,5.162719572499649,9.390821252499537,0.23891272546991832,34.037586746191664,13.457447920815424,38.452968284908664,0.642510804079347,0.10885754328926152,2.1866842668272017,4.4822379719706085,4.6167386355390905,8.117894301980229,5.94807852058945,1.0400177829683164,10.599322537339088,0.48015715659623665,0.14400738492571238,0.4233521907366707,16.365656144558557,-0.02669292712442072,25.81780298955023,24.906830521817408,461.65142339501693,50.58731724863272,13.211002031962076,2.061946767787475,5.710983322104597,0.4853567109495526,4.591090613545319,-0.15728297539115857,5.561200857164943,18.6537778364063,1.246272288810062,5.451967745850989,2.5982614991355075,2.064481947381618,0.5231215364777915
99,non-NP,16.663046331196043,26.088060301356524,5.737935646836248,13.871618377153176,0.8125647635987172,8.485503867749731,4.551026779216726,30.00635635459816,1.0113254001179897,0.12180301935058906,5.832612734574539,29.399653858236654,20.39702433030493,10.224786821302477,6.106570076653452,1.3423207333454719,15.671154590493712,3.4122155598322568,2.227624978010471,2.42878816645224,19.890138307368193,0.39677148102782667,43.384577510121105,40.22347781839377,283.4728185213529,37.31763762106849,27.255074207599346,2.211936938893664,26.207083662352037,1.1933139233718748,10.94499502535385,-0.02509513426675867,6.2128000916890125,40.728641698648644,2.3288965975190257,11.029143786692357,2.5386169317004446,1.9341394206979772,0.39682654206996276
100,non-NP,0.28624600293255986,0.4427450084391364,0.7016609217418305,0.7310542769928349,0.015325226738016205,2.7899054399817,1.8112322646054897,23.89160466902327,0.14331362596574695,0.020240967016722455,0.5084651735620482,0.07162784840284761,2.021106793075649,14.285886568598228,6.481899039599108,1.3169445129904416,0.7564406299884062,-0.02973486614352471,-0.05233508541760505,-0.025293767182237126,11.69028273347643,-0.01152282274826107,23.310126229087906,31.089736895928244,363.3721716097086,40.197620093021115,15.447913533390158,0.08152211771927553,23.52470903815575,0.9830877502027647,7.215440936774444,-0.004390949308745434,6.095454615969149,23.54234526180985,1.3339644820973424,7.510403097266018,1.88576207007512,1.5154479694838572,-0.006975426321395671
101,non-NP,1.5207855304379665,7.191074576300955,1.100341355706939,1.72316276790425,0.03271692950406786,2.065024889642743,1.3249917049295534,29.592411418160992,0.042954171296699865,-0.017090676823619776,0.6906252512987147,1.4154009438378965,1.3203851691342916,10.896125827720779,5.892907497514888,1.0987092481401866,2.2875390308079573,0.29453780308078625,0.09936813111723719,0.2239377902176588,11.890826912089334,-0.06600257231223726,23.507543358260286,28.4002490449536,319.73251516376433,42.26000393638882,14.48431223452448,0.3512884840859981,15.329270189179073,0.754755581543166,7.011407518652714,-0.0960072226457097,5.654307405129746,29.422120842391145,1.9642930384167654,9.614244863658609,1.67303994494284,1.4327511023618504,0.12537156288676046
102,non-NP,0.43223900875470955,8.092016201464157,0.7784628958923976,2.394277303143166,-0.011875840637282245,7.050210092067166,0.7667339417512401,30.194404615973035,0.03921930299711544,-0.0001017162380876006,0.05928777582453988,0.36879502709884704,0.1948759583800039,11.664605185063216,6.198090665456442,1.3278673547897897,0.25228103388051576,0.07516666548326614,-0.09586516917975497,0.005663679732115137,13.778175836909957,-0.07484639556744956,21.25059166789925,28.15196979489082,275.7987650293504,38.8059310722613,15.635967668825693,0.2045106473557284,10.995971325200296,0.5995839383548787,2.539394281198692,-0.07201052753326574,5.114490788319191,20.143800848591937,1.0823564076945729,5.8791346184528654,1.9679387005141182,1.5642705642393906,0.04048310919471697
103,non-NP,0.8829564965985441,4.9221156090793805,0.8976474719949897,0.6515588782210237,0.0002988128629685552,2.471456728546773,0.47250659421638225,26.276258850097655,0.04793973276736561,-0.03432073927036038,2.3354620870616705,3.714373884015759,3.927693493221693,12.001464172645852,4.691695496145879,1.0517106232819733,1.931481573221929,0.17320348492745935,0.19221495326125512,0.23649280435854086,15.303822949114773,0.037628141107658546,30.574944573861583,34.58157176695774,294.6254587244106,35.3621531249619,12.318254400182653,0.11345003766042215,11.81447463523148,0.6308158041291573,9.65122268063068,-0.04658931973993916,5.732253748314301,23.79334204638446,1.5329936888482836,7.722403077726011,1.9078137362444842,1.464869589275784,0.01441643975871288
104,non-NP,-8.029929116296996e-21,0.40202080841716753,0.08392665452427336,0.0021798935867308905,-0.33764577917163335,0.059293102818785255,0.29401200725918736,16.25532863253639,3.6175343425008566e-21,-0.2634307850329649,0.1601512870854802,0.0,0.7032006557514635,8.183985036516946,2.516371668045712,0.7836506669483487,-0.003000000142492354,-0.10930983073055925,-0.342932190154753,-0.28896395971495953,9.142905196169435,-0.14515872683287376,19.5743472689674,19.174723473994497,186.79179515535876,18.244744518674754,6.005515000176808,-0.39999074145915015,5.153524054303055,0.3493273783080728,3.5081906428205825,-0.3480082240606111,4.03369392592521,19.841439739106193,1.4334086241230133,6.0940026631430975,1.2782605607358237,1.095796233131772,-0.12908209667159737
105,non-NP,0.3625343877077104,1.46418652260303,0.05227681854274126,0.03604235955559616,0.052162455497309565,1.7835932438182547,0.443222324550152,24.766587352752687,0.014995587039738897,0.06956714682281018,0.6649785947054627,0.8960844695486423,3.528746362329197,13.563013105392455,5.656870511649759,1.2123952114582062,0.8536100405442995,0.036831666086800406,0.07377142814453691,0.1182768430467695,13.731390652206027,0.05183112323284149,27.35702445983887,36.73529760420793,408.00103805541994,43.14260308985424,12.395904107093811,0.038629387957043945,26.802591273054713,1.0495541714829077,13.133130623790203,0.006222646360984072,6.581038703845406,36.80385496139527,2.1138515174388885,11.394516949653626,2.0686551940441134,1.6109540414810182,0.07054595842346317
106,non-NP,1.153876668453217,5.42934049695881,0.6453744105398658,1.469038973307443,0.0923109924197197,3.2684102872247918,1.598183114588261,29.681427108764648,0.0590471108951606,0.0845978322699666,0.22089860199391848,0.31258277880157037,0.5893342094365153,12.532310203552246,6.734235321857501,1.2453652276992797,1.6884720801981166,0.08195170982088897,0.06686195829883218,0.07634340879321098,15.032256713993847,0.0010126051036641,27.069416305541992,34.643567926731095,462.63842065429697,52.44253612179681,14.485853507995605,0.12089091981202364,21.17491300575435,0.8646840216953376,7.697080365591683,-0.03604177506780252,6.493514456067001,32.80379904174805,2.008563775062561,10.145057640075684,1.8655281047821044,1.5668989324569702,0.10644274125687664
107,non-NP,0.03023219702237431,0.8803692431847763,0.04659002851993643,0.0045859363461146375,-0.19529516569010036,0.3044506919165671,0.15438042712562228,20.842305892291552,0.01794830951740079,-0.166089475040329,0.1442706082713477,0.0,0.27334221738737624,10.702754491153248,4.426585342751238,1.116702044392652,0.01614438579355511,-0.08372173070805498,-0.1940280584703115,-0.22534246091048588,8.456914840184556,-0.21094269356142512,14.262686204145298,19.79406120504041,297.25166218803537,26.17494091427173,12.36011620383849,-0.11604984504554201,8.57138543385691,0.5058373900286832,3.0481980057441964,-0.1797291657720558,3.8533876848023927,15.105824759937224,0.9674230558986969,5.298256014757615,1.3358938311510544,1.2233993691556595,-0.0677255463355819
108,non-NP,0.2148690723683224,0.21821995472186553,0.5503313968820146,0.07695204227919684,0.004384719435710552,0.26008832203500803,1.5242294358813078,19.544905039889752,0.03774390773739944,-0.05889620172044586,0.983070179619942,0.10487269672811755,3.0128835966141128,11.673883256833415,4.38805975080593,1.0737544396692071,0.35903307490439484,0.06394343333672887,0.01581387625514599,0.01761054726075073,13.583405603854802,0.08929951193411488,28.22974173490666,10.825332287161206,314.2932102424054,39.0382177204241,10.796994173822323,-0.16251490664599108,19.14179429761615,0.7587246161887713,2.8450827797622735,-0.04844072607753814,6.231407178983176,24.487670449185963,1.6010327102724187,7.814373993676556,1.8270133566265263,1.4177470670258703,-0.05675150939672422
109,non-NP,0.4214623928770008,0.024585408021016258,0.7392584081241712,0.016244946095217844,0.07691697157364084,0.4869503061863984,1.552342692563623,21.795272720526466,0.13654491454015796,0.05231222572233181,0.9467729441127424,0.1789408252395493,4.41307061356068,14.16249390122313,5.512943171776734,1.2665614037780288,1.6757888994714742,-0.025008867791223334,0.051039622243174196,0.03580608878643339,14.123497565240044,0.07325137132559671,28.08526118497671,14.30043229559663,442.69892845390757,46.69267577034102,13.271001093135858,0.034018626902252436,23.46282720138096,0.9469684989289707,3.698602660146241,0.043244711198606844,6.99833544895309,27.487837619663026,1.720977719155898,8.256401195289186,2.044242872214465,1.533984484879867,0.025900996572712068
110,non-NP,4.335847261343983,7.226996846288929,2.1732476911845677,4.722729643941995,0.1454785805266754,9.168537726682468,6.091359709858137,32.09494973443876,0.29074511887834886,0.12762376276930426,0.7304926512727314,1.1126426494157222,1.7953253488821617,13.322059181845113,6.97955656693329,1.2918028041815302,4.153828222773951,0.08650151137700071,0.2116711576273487,0.1412781901794017,15.602822397145218,0.05514214684368129,29.351609564131234,38.841170659546016,574.743147734624,52.51619383195344,15.452702182113745,0.3307179654503514,20.47649141844098,0.8884548661732682,10.559159737201941,-0.024743641200579206,6.799247788615335,28.016031301704942,1.715310376161223,8.907859374003806,2.154959727244772,1.7311797286294828,0.17210322438942138
111,non-NP,0.11949888959377258,1.798230321882941,0.21863071202539178,0.31906411726071693,-0.01881071767797834,1.3676126249277751,0.6309315446745513,24.746366721301822,0.04780870607478461,0.007862334991407455,0.17261588355718213,0.013694989635227521,0.460107936122166,13.780021068438813,5.414545507521555,1.2325570056186848,0.08589950156744439,0.043507271788513595,-0.07033731109794959,0.006528449466512843,11.916910113761524,0.0037692037051843116,21.325220568096217,28.29602233762896,292.2532953616962,36.208917097616165,14.401140148316196,0.019469425556058035,19.616935605121235,0.8015065649983969,3.661432334712716,-0.07563697246322175,5.637126417663422,23.176893569716256,1.4095646523351046,7.131774875985917,1.698955523608318,1.452171039641203,-0.01167788739972757
112,non-NP,0.11641530582888263,0.19272438722335908,0.49399043097057294,0.33475413804630594,0.013826288831316763,1.8185301763388386,1.077339079043466,22.08528601328532,0.0841890082177189,-0.012050564100758897,0.36057886934528766,0.030637192560906752,2.811225714070914,14.311338816748725,5.511685947147393,1.2688496172428132,1.1275889424464873,-0.005682739108063594,0.017570085526030097,-0.007826793142076996,12.50303392719555,0.03913691520380477,25.352645100487603,19.088654541645035,322.76263033549,44.57684417574007,14.457689595222472,0.010777026678745945,25.374923427466356,0.992052465564615,6.114783623769957,-0.01049469075353247,7.096997330243501,27.194730106989542,1.4512147880262798,7.837707895702786,1.9840797397825454,1.5640704108609094,0.000936770592994032
113,non-NP,1.0670960105403708,3.4228768995649808,0.3063149677609658,0.22578045393043628,0.11880820311238001,4.9718608169623435,1.7353252405645678,29.199181427190332,0.09323738708755833,0.12579740511460435,0.3425620553532134,0.0031083667981941566,1.1558176087182008,14.223045996677728,7.223872742250944,1.376172846482124,1.2720124060963567,-0.02922761442325147,0.08163822844141612,0.05632755061594286,15.130846397688952,0.047044482525512805,27.675856943483705,39.22405835899178,519.9662179829162,50.96705424079684,15.29712015905498,0.19849887305732677,19.197297208118943,0.8347399263165349,8.468833735581333,-0.027308140705658675,6.927081084843074,24.506853315565323,1.5693179464634555,8.064036213321451,1.9499619595798445,1.653289493219352,0.06960554219195159
114,non-NP,1.5339849736435078,3.3332141865032994,1.2902781240642074,1.6794422939334441,0.15971889466047287,5.998404283137155,4.336922681672234,28.86105332510812,0.24931189341204515,0.1608379920891353,0.5976591023696322,0.14178027485322608,1.3119925423588155,14.295211633954729,7.64940645285749,1.3630794504710606,1.7617657979650956,-0.0008805237956611149,0.11006032560286777,0.05183070045230644,15.418137875179362,0.0793988722695836,28.01400872366769,37.966098142578524,554.9551459612165,53.21030617330622,15.161986895969935,0.17866925018174307,23.332955393970146,0.9638515411226503,8.351166110944801,-0.026148835724286203,7.099145524746275,26.211596646990095,1.7239367614473615,8.783646992274694,2.098890256200518,1.6817214373179845,0.08860099903235098
115,non-NP,0.16578570893912953,0.41320910502575464,0.37828951494170815,0.2222092991306224,0.03206859179552785,0.9819474450151505,1.6476928839143723,21.76585123673925,0.04942950461815412,-0.004844565539761394,0.7251297026380618,0.4269712305431082,2.5759238372195545,13.958769411410925,5.299178381539982,1.1472828860552806,1.2172547747976288,0.04294900351669641,0.047285079229557186,0.08474027344798844,12.663896827917888,-0.05675332102362277,27.896090867384423,16.63736421888802,375.8621761393997,46.969182143274494,13.075984199092073,-0.05092136971410891,28.971822130804625,1.065650430280196,5.848811598558348,0.015479697979863663,6.790090798210894,27.56367174184547,1.8803962806485734,8.337996415372166,1.935813640648464,1.5207393844172639,-0.010045902358677201
116,non-NP,0.04813165277508755,0.1669253471235445,0.36339643709361563,0.018670788138601915,-0.06817819273731272,0.9541176030108015,0.9236593704903502,21.900820442608424,0.08026621037403989,-0.030807087008309152,0.4222900964851891,0.02149375026057067,1.5987914970951684,13.50441609450749,5.544521207257849,1.2924873854432788,0.5748857415913206,-0.05474862513011822,-0.14580353200103024,-0.10103935232452516,10.562389787400857,-0.017679029081149825,21.47813457761492,17.874772507767258,325.2733744485039,36.89242308630242,14.672979484285626,-0.005863082877892468,20.073718810593295,0.82892568039957,5.1365323868293284,-0.01944541991688311,5.822770268081826,22.53678572007588,1.1396453352911131,6.969550820759364,1.7778896199805396,1.4157511932509286,-0.041940999244538306
117,non-NP,0.5179403168384477,1.978986625762629,0.36608427702778523,0.282126669109214,-0.003499084316909012,1.0910212941603112,1.7882523654085223,22.29485847010757,0.009395948427757532,-0.019218198016681003,1.4576670718614506,2.9526195453433037,3.240772084186176,11.228887663947212,4.4980605077921565,1.0037291320887478,0.3331717329965246,-0.04114552404357572,-0.05305768893514243,0.05822950560185644,14.398899673809993,0.08881617641085852,29.289590064925378,35.55460439550806,381.8214003437698,31.288881812865537,8.481062046205155,-0.08387464041012631,18.550667547776055,0.7718048865046555,6.083707359667651,-0.11010904927182981,6.374897482357813,29.176218475958315,1.9268898879638825,9.219092012655855,1.9008187850316365,1.477733258647148,0.0014027782991534962
118,non-NP,0.004087139568898992,0.023087915800211727,0.3359002235575,0.0,-0.14005177444778383,0.18392930811250466,0.3310289914328336,18.170282170392465,0.02483200343271745,-0.1437712551391535,0.30278246431692474,0.0,1.2634011279794257,11.796175276023755,4.455545610819517,1.181971241166626,0.12810145535985468,0.019499758147108172,-0.09525536095210607,-0.15002950427689307,11.803558531653414,0.15913466598325665,22.305383917214215,6.95666726599913,298.0415804213373,34.23795421674099,12.117283879846767,-0.19379045690942986,13.900218051529247,0.6344271414163214,1.9097174820110567,-0.11890730964343833,5.838367180283178,20.088856963143833,1.3020346639812856,6.792958104092142,1.7008077394271242,1.3969947989436164,-0.053787605965397625
119,non-NP,1.8320658458865815,12.076349823554956,0.5234876442298618,4.125268189794148,-0.023232697562830484,18.461744157551745,2.1078026449080003,31.76307320766312,0.07493086438626057,0.005676216996114085,0.21822579205036174,0.864112930379268,1.4059994278488825,10.410841534463621,5.40590546700916,1.1084807652363675,5.008359950114538,0.2667785729382108,0.3774482784524774,0.27365161465119114,11.299554493534545,-0.12670544097066033,23.965185659394848,30.545258097067347,236.27860534448422,44.09155516192634,13.371909364521933,0.6905855290430913,11.778014947914874,0.6343435681916596,7.530892444029115,-0.17390760563635568,5.098242754638431,18.75068124506971,1.0971695664975283,6.260048801092792,1.9386537533869845,1.759654341627368,0.172690851893454
120,non-NP,-8.255529869906076e-18,0.9358175697730353,0.016260863266518853,0.1449879359153982,-0.043735640993738764,0.0,-1.4902809332778225e-17,19.251624654551023,-7.530844054709078e-19,-0.1257376731297032,0.018301234992801167,0.008555188487573709,0.0,6.807310041834096,2.354580702507281,0.8138116324534181,0.4659836286904107,0.21434822066908432,-0.1837647501684603,0.0830737581995667,15.666197465415891,0.030596579352038775,27.390779057487112,21.37073212417411,161.572618140549,11.343615270047028,5.98866271190956,0.20942954914491685,0.06239344558648032,0.28235278560021754,2.323590274299037,-0.2867166949588744,3.450761165377326,12.168784829436756,0.8706411611838419,3.652713724824249,1.3644829587858232,1.131061300879619,-0.07384592908592974
121,non-NP,-1.3037443625422086e-18,0.8611928156753995,4.479495521500815,9.530227880611113,0.2838341258198237,3.212457344667884,1.6760236009848208,24.650126340577927,3.3971415796725877,0.6968840073539521,4.97118359118057,6.883065619333767,11.036564522521642,9.530098764158838,6.112830781570064,1.0486118094526606,35.71231824300661,10.125112070809223,4.763373524339186,5.64738474228828,43.492534439885155,2.132752002357579,49.5898222065658,37.45429167753322,324.1292499569681,22.36590295962708,24.22305496133489,3.3894698133142733,25.635432872293926,1.1578667519265016,2.1303094537022504,-0.24474015810506808,5.921685241234386,69.79885955508665,4.040894003223173,17.14087218689404,2.3919055817796173,2.2675192416143073,0.552188240229547
122,non-NP,-5.542412916017574e-18,0.986948017682052,2.3865673580531332,1.7326969512259216,0.0602868947127227,0.30244185704600846,2.114395377592425,18.68424411302202,1.84292568517535,0.2834887416232796,3.5470040423816522,1.1146114057176122,4.633817961724387,10.31627935773871,4.281081349101034,0.8984016119764092,23.292046050132996,6.062332332771263,2.6438884931417665,3.86528266681714,31.5045632941392,1.0461403987883182,38.797898989045216,27.975306147927032,437.9242142237974,19.354353745883916,16.173827374919078,1.715687452742223,16.43912437632209,0.814660198808426,3.6292361274356377,-0.2668512272700835,5.5740180892001305,52.329586264792454,3.071552143338021,11.76631443955925,1.8289341049247914,1.8440251618288876,0.28703745195182345
123,non-NP,2.1730776929669093,4.086233102403642,7.794991605281831,17.700003051448405,0.5143016188442707,8.165459072471139,4.525639303445818,32.35899536132813,3.2023574305176745,0.7243863272666932,7.896136308670044,17.931870538090276,21.263909133230122,10.342793449401855,7.137380102579017,1.2195598673820496,40.869777941210195,10.192299172868955,6.365106071352959,5.4762232545614244,44.547594115897084,2.660352639913559,57.28090823364258,49.22450611928848,392.9142669677735,31.37386893143272,27.75779281616211,4.666060765981674,38.726561839412895,1.6340005689033972,4.280072203292511,-0.17720649488270282,6.387771606589202,70.03540205383301,3.6197885589599608,18.149781677246093,2.933774209976196,2.589670325279236,0.7307712207609438
124,non-NP,7.2700343701860035,10.098869479640124,17.59267518273716,30.921059169304325,0.9859700766103021,20.98808408458503,11.806198079832672,34.95008347609947,6.770704685408496,1.1354754530150315,15.943719074643894,37.30136398903753,32.55952134010072,11.499238836354223,11.32479192919042,1.5746668305890315,65.76343760635415,14.569658448780759,8.94721518056146,9.198049047075468,65.3716582774008,3.6121952048663437,73.24000559839709,76.90944029093326,533.3989043137124,40.63485894317032,45.834887445384055,6.709178416482334,42.415112359437224,1.9082348980732549,14.951262779112358,0.018126469474799674,8.087987658171112,111.72735474685143,6.230860562160097,29.576021661429568,4.013608278077224,2.8954838867845205,0.9549267254646365
125,non-NP,11.062832594419701,14.387816929537696,16.92024421691895,35.7700490763062,1.2885952600388948,18.612400823330994,12.027549644053913,36.5573884835515,3.2747042662430315,0.5456852543679274,11.690559335323197,41.47973030090892,32.216975405972704,11.27561947965869,8.644208627789153,1.4285751828257902,41.52499160963687,8.835792844484434,6.107373032854011,5.614467025729659,37.64133857543233,1.7882102832024425,65.61741594699998,55.71283216775238,503.7065392133487,48.087396578180154,44.80479194957358,5.137707609432349,53.938007743264926,2.130134908254944,17.587798762836716,0.03493205037865537,6.966352666329793,73.36992857246202,3.58061160757134,18.254616114759692,3.4517959955442756,2.5000217294445926,0.7057314425950928
126,non-NP,6.305254611844089,6.473940795723797,6.605358126901969,14.12670389981727,0.49853918241227374,4.22548961606492,6.84048838913441,24.20482329761281,1.0576164422912857,0.04733495600863963,16.824020406779127,42.37266153484735,38.02532717242917,17.149254700716803,5.443724831262766,1.0218422710895538,11.241596122182433,2.5641919633066323,2.0619669941199175,2.5938406783868286,18.63481706157686,0.12246241980584968,31.902813658994788,33.42281441780633,273.55833883846515,30.634609965381543,18.431247662095462,0.7841755009311087,38.37215623434424,1.5073975825359307,30.777692638332475,0.2854810902122956,6.939833634073962,40.88644551529604,2.404514672125087,10.314633751616759,2.7166934951263317,2.0871952658190445,0.4234153430652442
127,non-NP,1.0231599364731767,1.020610447822373,2.432373459962709,3.5948055065586404,0.21464861931094714,2.8411357441541183,7.345912094588754,21.072585286320866,0.39919317765413115,-0.08533791057463433,5.748047299481729,1.9152426923753987,9.21681248790388,12.802405456164935,3.3905065409222477,0.8517637859593641,5.374540795817518,1.430649627125948,0.4129064572589086,1.3063708795654076,14.489144832341562,0.08892252411733188,22.462486249906522,15.728393756278738,289.04858006657787,19.37630024838192,10.344333326494372,0.3840691397755264,21.767280313169568,1.0565929791779527,5.821387663888451,-0.13708440991336698,6.333227522683284,25.62130444758647,1.6498259719427641,7.204910233214095,1.6360793070750193,1.4348286497700322,0.22634711420818485
128,non-NP,8.249685270969685,4.650340055095662,8.453377450193067,14.049336757737278,0.5643774000497964,5.766073267303586,12.476551094880472,22.637597612234263,1.3172232063343896,0.10260038499792035,15.649321238811204,31.79113128503741,34.72431482725492,22.651127675863414,5.232535673050624,1.0715505535785967,10.63964665920223,3.8388290634942965,3.3593055358299844,3.4997605245846968,22.887047240922513,0.21341777376185816,38.446434020996094,31.520341506150235,356.4725242027871,34.77733803240341,19.547376772073598,0.8150964358678231,59.84719515028141,2.151856888251491,39.515386492264675,0.23922130667532865,8.352986608932351,45.05436963301439,2.378350130869792,10.985923704734216,2.4988721324847294,2.0425512900719274,0.40509146412114216
129,non-NP,2.4190198580424,0.7084717242588681,2.0804394138032114,0.3357478358326285,-0.10336047019539536,0.1969107283161793,2.7810544609159673,17.81974428978519,0.13787653669714933,-0.1735398311815832,7.592592214328659,0.824884356113399,12.21910472661167,8.894812221112458,2.321415116063124,0.8407513758410579,0.49033335662291694,0.3550444791123839,0.3605158919455025,0.47156875683129695,11.807841140552478,-0.0731045501306653,25.555582958719004,12.051249015564817,83.5979958686276,12.29766993392917,6.364013468009838,-0.3196975532109323,7.504855428925256,0.42957748870719176,9.895652643931301,-0.15623519910445463,4.639161146603159,19.761680305867955,1.2086463605148206,5.941005437270455,1.7066364219223245,1.3230499573375867,-0.10226843029738743
130,non-NP,0.3508526293854966,1.762170882127271,0.08707261085510258,0.19040337411121988,-0.15725339376612713,0.0,0.030498337745666522,19.26491652036968,0.24767883255293502,-0.18664714636673269,3.1577315466968647,2.807510128065701,5.020615169739817,10.341701728419254,2.6424182415945996,0.8912451718982898,0.2384000113233924,-0.07919533501048329,-0.18065936726174855,-0.20458239657118132,11.05908473580463,0.018606722606100926,23.63349569220292,18.54118085598774,43.42481988605701,9.148205058275428,5.655614880511635,0.04680872754634995,-0.009000000427477062,0.2614232763281966,3.4236527941937216,-0.24600211745128037,4.248401855140937,16.594848211188065,1.1881442992310776,4.933884999626561,1.7419204893865083,1.2043785198738701,-0.09603788136825499
131,non-NP,0.6624755855988375,0.732097416436427,0.033863933926278914,0.15425719415219355,-0.18460768181830645,0.19039387885976125,0.05660508877851749,15.702466596256603,0.2473209173503248,-0.27556792411699216,2.6419587990438402,0.35117093993495596,6.50378973878492,9.20322602445429,2.0693618974910355,0.8149279667572542,0.14390909774440594,-0.13793367838397075,-0.3565355569801547,-0.30596605260771786,9.007409518738065,-0.011361400596797466,24.02880152789029,18.805319740860966,34.452502554113224,8.599193945385526,3.93337374383753,-0.262700624785132,-0.009000000427477062,0.24477863602152652,15.866705299082572,-0.23172756424173713,4.486804338413509,18.74462068080902,1.01402195204388,5.073652652176944,1.755348863926801,1.3494774319908835,-0.1013278207887693
132,non-NP,5.105142085468985,6.55680555918939,7.35853183672235,14.053966140762432,0.5971831727672268,0.1304597539063344,3.552688529429673,22.917504731599276,0.8440119293728124,-0.025573353826903174,16.45581585115141,37.89535549982232,37.03756055106018,13.623130922918921,4.466252890709151,1.0556389023591806,8.098504889162827,1.3948608138755823,1.4850284348300717,1.6029632728177685,16.4334602400069,0.21195460902736732,35.27703998325107,38.733171497666035,168.84612837782853,17.222243835521873,16.1251264434677,0.24461493052978506,14.788595297015146,0.6664746926243476,30.908812278900548,0.11806654168695614,5.7504987025550625,28.377639796282793,1.7022150599204742,7.812506437301636,2.1152832137571798,1.510137482806369,-0.0005432472625306302
133,non-NP,4.5297420640786505,3.3301119584814405,1.9551338349779452,2.1393475047670236,0.09934098329395055,0.7501449677352549,1.2318726446893484,21.82061347961426,0.6138000404462219,-0.02791375997864331,8.750477682219614,16.26880700864786,22.55402536214892,12.365185483296711,3.1055273438765054,0.8764804018868341,2.762444575653515,0.12937018314842139,0.18726932677543826,0.3674993731288446,15.615167408347284,0.14888373482972383,31.963837560017904,30.84145051002912,125.75068872239859,13.199594534491188,6.7315351645151775,-0.021664513554424048,5.6790224919613035,0.35446955203594954,24.57214561155868,0.039282261678535074,6.106846399443588,28.316306824154324,1.733987601598104,7.994760131835937,2.247838980621762,1.5432913833194308,-0.011888902723876531
134,non-NP,11.904450503262611,34.15994774885588,4.970904460623246,18.52569366681709,0.6952039553853105,55.27547726827508,15.146978535928021,101.97650247368931,0.6678105050867257,0.3783328990059451,2.166606508995877,11.944339210366245,8.798516510706335,8.744707119366355,8.246903146681577,1.3908556680048794,19.5531083667393,1.0473843269446512,0.7939776137378837,1.1828888797562969,19.15702570329828,0.15701505211124211,34.95634873445369,42.995148833223936,538.9257187015755,65.40484525809308,24.718468366575635,3.06886138108151,29.973860927814165,1.4811935275811388,6.8676780121476,-0.056167712136872175,6.303898788235259,24.718456946128654,1.6223174372980418,6.927816071786171,3.3988162022976836,2.618737195148941,0.879024661351004
135,non-NP,22.926480858726848,34.99273917053067,11.828730557872134,28.025525422338283,0.7846013386692621,56.46264569031732,31.533753217849064,73.1639956246435,1.2824541878911246,0.39324976978576287,4.232421609152736,10.29432536032012,11.52360279331618,9.730269811849679,9.024489161227233,1.4102686284917645,20.170071754487132,1.4878454288865437,1.4701228252554361,1.33945952421796,16.915213192810008,0.3418577073669407,34.20003151682626,35.98600525252332,443.46365099881615,67.13030161950387,22.074621116165567,3.751892813539083,32.52370065983706,1.440665368953819,9.047150872194464,-0.06196200336634585,7.224585795535273,28.715988910303707,1.5911606660986368,7.841337980422298,3.7032906122967204,2.689694936296581,0.7937228913760597
136,non-NP,16.61650348354031,38.457982003504114,6.996934194822572,27.762193110790275,0.7124188285623048,52.776813030174615,19.570258681838585,102.59559203482964,0.8931581748498456,0.22145495417754393,2.4727336780445004,10.138290093178039,10.47730157618935,8.922520012468905,9.190764584713866,1.406694756166355,21.313744255591725,1.1478745502465395,1.1587698451570563,1.1069956522535633,17.434217044297053,-0.051743638041001315,32.111530716354785,31.393147104481233,357.1195072483373,70.64646216157612,24.321160780416953,3.7962395081648954,33.07344751685034,1.494761550429185,0.6289189487909647,-0.09512287930811981,6.361481381007204,26.788079790166908,1.654447017489253,7.039968877225308,3.766374652450149,2.7964844526471317,0.8715278433925494
137,non-NP,16.72935716783679,35.97860070492474,9.18737634194864,32.34778901411654,0.923496157575298,62.079778585314585,26.20938689773148,122.66571723319389,1.026078122370952,0.44805861751775483,2.0859574317932137,6.032024640221585,7.6758624293743365,9.959246480787122,10.255288925377743,1.441148844925133,21.00219559214531,0.830121015459362,0.8785881259956876,1.062002429285565,17.615292728573362,0.02452539271498854,28.409858239663613,36.352602465676156,584.3321783942147,72.74630667734922,19.818672721450394,3.940365212028091,31.066174448537012,1.475989912921683,6.5503408516650214,-0.01667286379332025,6.6247790210546835,24.113870280497782,1.508530037145357,6.689194485947892,3.789153611982191,2.856787091332513,0.8733558376587737
138,non-NP,12.013819948455994,35.913477705255325,6.457244218453856,37.442346647944916,0.9988177577419394,65.73824174499646,18.616439932196812,95.16690909933057,0.7460176662580504,0.5513600788172885,1.6456872274184375,9.137548695030665,8.08366605779876,10.204090609352969,10.2082502715291,1.4533330484254825,20.275533507414817,0.7615480320603923,0.8553856567165555,1.0631084724290836,18.38449791463687,0.06407882190113488,29.03304179039227,39.97245902229546,441.64284628241745,69.35745262603183,23.29951620948385,3.9569253314881636,30.6763328179943,1.520915336299087,12.49694733913525,0.02576560881326372,6.581068519196169,25.018436059443907,1.4914126473771046,6.5381193132795525,3.840394502560768,3.0034169064471,0.9888352913029738
139,non-NP,20.218457049858287,29.72489427701222,12.128125195386938,32.73264961240533,0.9067897737026215,51.1474438366515,33.20952937428545,88.27364418215868,1.2942082312048941,0.3565173692546967,2.312663856366786,3.6066327916175362,5.163656898319594,9.988522131850079,9.798651081197557,1.3811546872301799,15.694361721051902,0.7947469319321965,0.7557315378654293,0.8530701532142191,16.079912958876797,0.08106756930057778,22.222697299864233,26.734203018091506,560.3071741615855,57.827477612166675,16.86476625582067,3.640158922497819,27.494381793717878,1.2507733754469241,6.780697883041462,-0.036491286986870916,5.890023276942823,24.37016095882509,1.237983537592539,5.947986810963329,3.654505790152201,2.580539815018817,0.6732347686196501
140,non-NP,15.749396109366208,35.563700272935186,9.146895924130005,39.61959642079865,1.058315532969999,63.05300024140554,24.89774377496394,81.92068988353283,0.9786573084625041,0.5631520638729001,2.0068673196139644,8.532081675489966,7.566306814707768,10.404539598001016,10.25475823086097,1.4568819478825406,17.81591526062494,0.8530908649475818,0.8953906874935906,1.0879180882428143,18.19058644959204,0.05655240169781373,27.844012363536937,36.845839033656,494.4868910505966,68.52023279727705,25.494780476028854,4.032299638331473,33.60064574008911,1.6177332954099135,12.3902393272435,0.034968414094544494,6.658485670608621,24.796753831811852,1.4705384271638888,6.241147045616631,3.6603588016183526,3.0506303192258954,1.0535981851509435
141,non-NP,17.183114709206002,29.14919123349969,10.691159489085377,40.11314368501037,0.8147017940951203,52.33429561675929,28.606292094999155,66.17047199693698,1.1116620128594559,0.33897739302059543,2.152682302067581,5.514102072927924,4.439714597886397,10.227884667590985,9.533810335561268,1.4108372573713654,10.083728634291193,0.7361680911608081,0.7564062663507694,0.6946531177218099,14.571811371735519,0.0076648688759853685,18.26996210709359,20.457482800978912,455.4618316946679,47.50067319717677,18.48584744536761,4.002499064774189,20.809583512673978,1.1125140572024754,8.473757684035272,-0.08184339628991155,4.712231206112159,21.355521174310482,1.3006453991514966,5.48053195638564,3.4360629945125396,2.6405723482659718,0.744949236068386
142,non-NP,13.915725995416516,30.92302607968967,9.66870484286792,49.10482508981624,1.126010764645387,65.10030751172677,24.57053545076554,76.91507054681648,0.9735752883022782,0.4946323521562839,1.86475664948764,6.3753793463025685,9.640030176838907,10.737692839478793,10.857661743701378,1.436896267819078,15.939877469432284,0.8595514134081298,0.7199145983139129,0.9982823611632602,18.92800089903176,0.14622019035805475,24.581231260952883,29.41334262538708,621.7263704064776,62.99934241224331,17.01215765574207,3.674689774235634,27.985220507308778,1.3513644474899449,11.706089597105285,0.04551347538514688,6.12733429960276,25.300501091839514,1.3658691432378063,6.133516523936024,3.6787192413251693,2.6974623807489055,0.7977109361445028
143,non-NP,15.625541369120285,22.040297938293374,11.16667234161754,30.77622137434369,0.9258829236467495,52.38325051625473,28.32254242602691,67.285743030501,1.0975386816778305,0.4504979142608742,1.9551065247735866,2.77861610354439,5.472858620066438,11.014894049844624,9.970923456968814,1.4790232019659915,11.478747458791469,0.8464679050548178,0.8582479170075169,0.8789228135604917,14.569593284611107,0.13737604705714562,19.56762323261779,22.062599885687277,464.6277953724804,51.180640939414,18.119769431926585,4.079569467055944,23.212457892655994,1.1532911966292858,5.056333573496279,0.009358547746497034,5.43013637609055,23.974583873042352,1.1250847865034033,5.551918387413025,3.7046517810703796,2.6574470275714073,0.7469186836572781
144,non-NP,15.835463088134244,28.397302093507975,11.111652629128821,42.75537943481747,1.0160352928596068,60.64043621188921,28.350530509291033,71.20805906427317,1.1161060230485327,0.47183930340768965,2.130459016767042,4.613425208482788,7.820169684944507,10.920445027022526,10.788031844832435,1.4387165123018726,10.312030662208944,0.8277351043055614,0.7781582749609289,0.8565492018061722,17.821444811990407,0.09360060124740342,21.76518358855412,25.25784761839292,586.9787129369275,58.34835586315352,17.880778166754492,3.8701487681989013,25.78144519007012,1.2857556012027183,10.508948775010328,0.008389767074700573,5.577785738950078,23.140533169795727,1.2766981764600194,5.694749811599994,3.5590467303991318,2.7255687610856416,0.8407613020417086
145,non-NP,14.975924433125144,25.42223662044159,9.762107324826212,33.608862939463926,0.8264976959516652,47.45325933629854,25.583319677560823,64.80490345525516,0.984554385686938,0.3888686109484301,1.7130906683573797,2.4539629690777605,3.7901115849296407,10.20785717489595,9.281837105435724,1.3765748953932269,6.817265726646333,0.6733502329482203,0.6794534806179774,0.74449561651955,14.65561207051177,-0.004790739815073062,17.176460953120372,20.29353931826783,448.348811072761,48.12856237409097,19.34101021572312,3.740697534163416,21.018024694985023,1.1521585893750321,7.747758661837635,-0.06564965796153728,5.185665508193296,19.89882050645295,1.1979725793074658,4.99935045400502,3.3530431776815117,2.596422683571187,0.7382996056780918
146,non-NP,11.742310380935672,29.270237079383016,8.449847943442212,41.852429905656756,1.0202337112809932,61.86929136302952,21.08534629004343,62.198395878928046,0.8151548436709817,0.457833403136049,1.449501480375018,3.243605291765189,9.071076513410857,10.797468272277287,10.407443443418225,1.3528242209127972,11.939489852809597,0.6981193540883918,0.6081506985638823,0.8003975226942982,20.020843808081867,0.1458030542816102,25.232233456202916,30.342413013452838,535.4721629551481,63.786426932482364,17.822326118605478,3.3788833803364207,28.65810850404419,1.354017143224895,12.320414870902564,0.007090255008162265,6.374267800480137,23.92784032140459,1.292535821241992,6.006080853087561,3.640996310540608,2.7327977895736693,0.8352796339986398
147,NP-related,11.345824899708656,20.8617210374306,8.851127314831501,33.328993844866915,0.9755266516905869,49.630044722560456,21.575404726711152,67.18281476348089,0.8115527709031899,0.4598258473116533,1.6095543664319933,2.47381235973186,7.483471719079544,11.344596060439669,9.649445306795187,1.3925553173156682,7.813199633099671,0.701860649056726,0.6472612191610231,0.7342540342154538,15.47659852107681,0.1187486212882746,19.551410689125202,22.06013460263176,382.6641619355037,50.58190673241878,17.828871199125732,3.8960576611691295,19.942591353126275,1.1187789069906764,7.713756823948347,0.031395862586074595,4.9039735604964445,21.551304164407878,1.1352245754861303,5.4481641542427655,3.4170985257053728,2.5430841604282057,0.773017295878545
148,non-NP,14.119288495341818,22.127966706210312,10.94143366439963,35.20911830960526,0.839056545880194,48.490859734503644,28.11699939596243,57.6268933932983,1.0050128074275293,0.400960805992301,1.525592181376156,0.7405952501071751,4.551672886963115,10.414246082305908,9.223192893555296,1.3210124913427896,5.454950102356403,0.6013568870841488,0.6046325382207255,0.6968755065974397,16.0897060933736,-0.007046184517139551,18.12499387137195,22.347691102357615,460.23585495903967,52.14776133504995,19.954100934689322,3.6708199219270186,22.48955279233432,1.1525334357302015,9.074693220993431,-0.06351985677574588,5.336442560675887,20.197165692487854,1.063691742367879,5.124352671135929,3.2586791179023193,2.508791951176515,0.720894677108158
149,non-NP,12.032144773574107,18.922965477966798,9.980012757437573,29.620696039110694,0.8915492363776716,45.84489279600362,24.234676724388493,61.79708966754732,0.8675774562926523,0.439723736503058,1.434957121099745,1.0769400685782844,5.004647490835177,11.244618328790816,9.193904285656153,1.34167913359309,5.512063753872459,0.6097771453822222,0.6035696809727048,0.6431304020289745,16.351290459184266,0.05913661760167174,19.33674334722852,20.68098824435396,449.9786846826948,49.706256065129615,18.583125648044405,3.692712270078205,19.598873946769533,1.0590062410522845,8.994063919258585,-0.012422376256879596,4.748815678393942,21.062896431438507,1.0625056650430438,5.449162267503285,3.3370438341110473,2.543971122730346,0.7231549701497161
150,NP-related,13.508839869237214,28.501168939656043,11.013866801838303,41.74647041595426,1.0331687845371582,57.91933505715199,26.779618692922078,63.000212302574745,0.9463209333000605,0.4737128544967253,1.9083408575791585,4.1040855493202955,7.022449139490037,10.887897418095516,9.809358839845927,1.3389548128777808,14.172846827020225,0.7745126404314672,0.7602133084456999,0.9183908429119613,19.826869073593837,0.06751227498874529,27.862498052827604,36.92987490826441,512.7610336136033,64.66169586695109,24.32112268825154,3.7600747648176256,29.927045377502267,1.4641294779646277,15.604517224691245,0.060106177580194896,6.63556261802368,25.912274020058767,1.4666775635310583,6.054619026708079,3.3623289655853106,2.759406730368897,0.9770279264620323
151,non-NP,14.35211159053602,24.190335909520847,10.707256342235368,30.09448960085794,0.9569312216746703,50.08409995778411,25.836951088487066,73.64915243784587,0.9862076828354286,0.49781604431438864,2.1796262640702104,4.225930130916051,6.549771420762143,10.575975183855023,9.398013671182541,1.3821595687615245,11.671031256098598,0.826588808867535,0.7534075270880732,0.936214093118906,14.667404205436213,0.10384583069530332,24.48628910800867,27.105899022521367,372.8125916865835,57.36136344165731,18.25983450705545,3.78143268509915,21.181720304323296,1.0936830203697447,5.815675714826252,0.024607452788602626,5.91346356091207,23.62120106345729,1.1912977044519626,5.409072994140157,3.448045028406277,2.6795139087919604,0.79469092501182
152,NP-related,15.00080184936524,27.70966999395753,10.260898892632849,38.04090112801116,0.9207913778979203,62.12246768964216,26.75545075515222,70.52308699509193,0.9943657529765166,0.4117995351552963,2.13620524899713,4.630583955071851,7.4565070133601115,9.83951583073057,9.246920094731795,1.2877288341522217,16.462814575045144,0.724731933034491,0.6978797226116575,0.9448646672840776,17.249387026198434,0.19470239523155936,28.41247990049165,33.186717996004276,400.30564427869086,68.30879901792765,16.673223225823765,3.144906524954171,28.275690998195607,1.227565448018861,10.270393591265773,-0.04054139666419861,6.953236913698896,24.987203742717874,1.3735514155749617,6.390464917544661,3.576583947806523,2.6828541985873517,0.7549832496313372
153,non-NP,18.337994041172333,35.647588785804,10.980743922240348,30.862308134846884,0.8183162117258032,57.018120746642396,26.4882023858686,72.88178366803109,1.0350194822811916,0.4701498034046897,3.2708915784849353,12.25789999966047,9.017211623599751,9.61558219219776,9.419542509529919,1.366469128757504,17.324539829963648,1.637780352465888,1.5728199270600123,1.3686512055549216,17.809398009021542,0.2805997794972904,31.52936645940686,34.90530182967698,494.19305701289636,68.94817327035894,20.499382228716044,3.51627084380346,30.13555462285133,1.3965196051446869,9.653723862782577,-0.05415886603271034,6.900399481112936,25.210560616026534,1.455377109084569,6.744598615254071,3.501189515945759,2.734181155549719,0.8489873272062679
154,NP-related,11.659191114712609,22.671363441801752,8.867127334122113,35.90286569354856,1.0170633213314335,53.350554320185395,21.13787232458065,70.97765900603437,0.8395002690036742,0.46314078772160333,1.6830507949390248,3.4593945971304985,8.402355967823206,11.103876502113005,10.217694096879692,1.4260959641068383,10.18690756349814,0.7945493483561531,0.759742043582739,0.8016936533911302,15.557421092920116,0.12238426279663973,20.870759896472492,23.949268344041872,419.78105460648,51.01144349992618,17.708184423699844,3.8609924105416358,22.290138226866297,1.1814209810913352,6.032389667054094,0.022747107219482584,5.2348786839178425,23.044960929229195,1.2017834020399414,5.478819487369166,3.6562973144835076,2.6353680660239363,0.7919670935133364
155,non-NP,12.910076851068546,25.201972142015578,8.223009896832846,28.212605473912454,0.7667143192402152,55.159100923216315,19.19586259265279,61.197325196377065,0.7548198291035589,0.45074992315020673,2.1597251559412762,5.334688688838829,9.040701781795855,10.658769413482311,7.996897667809525,1.2185881255671036,13.29276807323304,1.486901526978283,1.1518343015638894,1.0876322684939517,20.885716108297306,0.3279673685428015,34.90265582328619,36.77206154399918,491.7906165899234,57.91387427239956,15.868742249732794,2.6449205577373505,26.207245430823818,1.2686542634159537,13.655733206752027,-0.05575879133386987,7.127159537231079,25.668577931648077,1.4291864817225657,6.675248157146365,3.445231563823168,2.6491257416647533,0.8339830775099303
156,non-NP,12.137505069855724,22.221818896553273,8.425870034002493,28.516200010976448,1.0269037507804892,44.318757951069266,20.7270442132027,74.24057849760979,0.7812747888026701,0.5033300941990267,1.587953509822969,2.5269325816456307,4.940301005288855,11.06832621174474,9.172269280057076,1.4134381408652952,8.044935865984899,0.7957715040486826,0.7245677572584921,0.823637785420062,13.973972437921592,0.11267463784033974,20.773018613938362,22.43076426474884,401.6346030696747,48.9972862164941,19.425172521222024,3.88130672083747,18.673004919178165,1.0986720841382194,7.193988244921896,0.06437449212863876,5.08369830151259,23.243004135547146,1.148105226457119,5.437614970630215,3.4089888949548044,2.531876428233039,0.8109137496593458
157,non-NP,12.409994358919109,28.50009000197084,9.688903598396148,44.57134896464234,1.044270760794075,59.52211750121716,23.079421062858746,67.5928341612524,0.8561421258108959,0.4569354149760032,1.683029801504953,3.465607202821361,8.335728285231557,11.048224581504355,9.988394301443133,1.2649827022941744,11.474857687883611,0.7448019440563832,0.5560031880529559,0.7450103712325193,19.75678053023341,0.16680671721126655,26.710347459754164,29.16680507635649,486.2294665278222,62.443809060029665,17.10318137188347,3.3735926494306447,25.132597112101596,1.2316079177137533,9.780547403326562,0.04245939570460088,6.438601272088614,25.312958581107004,1.3158970791466382,6.093761176479106,3.4798087562833513,2.7365983778116654,0.888701985443735
158,non-NP,6.107505787973821,20.120621098827517,6.193600353987323,38.57947615336444,0.8384816330736098,43.38645646333971,11.9146769668745,52.47009044108184,0.43106260766153776,0.3309865988305081,1.302102955787079,4.648864628368188,6.663202390822849,10.495254096777543,8.491549454809423,1.1699258231598397,8.324321047557929,0.6129896038758529,0.49511905459930067,0.6307729597648849,20.758995551216724,0.1673417170127125,27.52095365524292,31.28205695881383,514.2049966895064,55.961191122895286,15.331812936326731,2.8677569669873817,12.506995159267756,0.8000190156479732,16.58106600494964,0.14799710894610896,6.434009683072005,29.41300069767496,1.6002656532370525,6.528615303661512,3.211960629276607,2.3903289119834485,0.6940412583253025
159,non-NP,11.050353401585634,20.297025377723102,7.9250398736251055,31.282741179607328,1.0297599162122137,43.84313161558569,17.702000346936686,59.387557802702254,0.6850517185110798,0.3932448045007492,1.6790723097951794,2.895692547171296,5.160443196789602,11.141110999960649,8.953926193041996,1.3836748537264372,5.113605506041112,0.7023764436203671,0.7389333956335721,0.7187717625773267,17.512932410766982,0.1141310841800939,23.00723006599828,25.12555087473181,468.81818156995286,52.68926262194689,18.189034411781712,3.746652108744571,14.606132272701393,0.9294874451061063,11.507574230790947,0.1773890226050035,5.593027961441153,27.98322326258609,1.2527742395275518,6.2129016060578195,3.5510741880065515,2.546633201523831,0.7264763315642899
160,NP-related,4.558491388956709,15.585090676033909,4.576467386881513,25.5066581451851,0.6834540091454983,26.515447516533797,8.421322917938236,46.252928797403975,0.30058818260828674,0.22624826716880003,0.8407592813173934,0.944547873519595,4.6400495130606005,9.903278382619222,7.716175372202029,1.1506509015957513,4.7767502268834505,0.46546957600512556,0.32942098851005236,0.4210822120308876,18.210150864935713,0.10005166102200747,20.10841983159383,27.809063723203337,509.6008204142254,45.88641058914654,15.297471809387208,2.4504678726196287,14.078934002046784,0.8448640909490254,15.170567387229918,0.14049239034454028,5.906732816260775,26.678402423858643,1.273611812790235,5.837088644504547,3.015040785074234,2.202073315779368,0.5644618199650723
161,non-NP,11.981669550850283,27.240712471607225,8.455730438232425,32.51634563413198,0.9115880280733109,45.63839630528334,19.55483899797713,54.46771717071533,0.7404134110325862,0.3894833822158121,2.2980090720312942,8.803009577787929,9.874828370695477,10.908077126457577,9.102654945667641,1.3737159683590843,14.31353639414218,0.7483520136811422,0.6781957931816578,0.7877217139161768,20.25004858087327,0.1056218102069882,29.845309291567123,35.99068621002382,417.68498011997787,57.877771931504995,22.609927092279708,3.6633488550072624,28.81072160653102,1.3530406729512334,19.374227110702556,0.15714366389493944,6.3354473085161045,31.574807030814036,1.7489201497463953,7.081953792344956,3.42354911281949,2.668569346268972,0.9463887950488199
162,non-NP,12.46875152587891,21.987060124049634,10.759201798615635,32.1438688469509,0.784656458279049,42.24911250156485,24.57494422064888,52.37313798975062,0.8661176235587511,0.33543567907203126,1.5911579794353914,1.0192843056302687,5.747854587023206,10.14045506759926,8.852612202502012,1.2488145664886192,6.7468003204558045,0.5996003146341536,0.4746205035045191,0.6047333481135192,17.449426754729185,0.008939994526682076,19.424295778627748,27.714587543224063,489.1396558408386,53.4247997427204,20.159919671659118,3.243447882157785,21.87332696485316,1.1163723534459602,13.825678434462235,0.0382943250808037,5.931835254629282,23.959895863356415,1.2468803545943012,5.483827696023164,3.207277344774317,2.42912700176239,0.7245998204759856
163,non-NP,16.466897936115483,31.33142499898389,9.454748338039927,34.96215197229274,0.984244957621656,57.023710176784654,25.679149230616694,81.1828805717837,1.1047672339088417,0.5174838105098909,2.387532921085571,5.876911939037593,5.853355803891224,10.144568340485867,9.6741158239144,1.4309506606878402,10.535517229034728,1.164976200163728,0.8634154589424347,1.1731661890519154,16.506755430868925,0.059915514588208874,24.43913434961028,26.60448499244396,461.75888288419947,62.39083326248786,20.318785731234073,4.146906214575785,21.237335581209972,1.1283727019610017,10.960019107933544,0.11604020688301957,5.962869119221631,28.38217907235525,1.4792423157443788,6.437617988834594,3.5760684221650587,2.88448536174448,0.9917276479135002
164,non-NP,10.010312926221655,24.268642290890032,8.485364543254303,35.186827745596325,0.8954170820148589,49.42582601540477,20.250988464894654,55.425767581791426,0.7252154889460589,0.40096159911197826,1.173680103288523,1.481722160832513,5.983484181255622,10.779708906113049,9.099628403502505,1.2491026143724422,9.673989858783127,0.5856182671838206,0.5173873954548011,0.649897220330609,19.42946382037647,0.13921041763305347,24.829162644834486,30.412426000746095,560.3443732379606,57.53793409456932,17.543832475642013,3.101215960912064,23.635647765742515,1.1711215370159485,10.652845028951162,-0.006538878274380555,6.223506714569492,23.249137871678222,1.2170424937359436,5.636817886635608,3.2878185371628077,2.4752976991262536,0.7371253069100971
165,non-NP,10.917129948808647,16.68210886640811,9.108266200925332,24.958893973450078,0.8923715055722908,39.49782163818516,21.222511874043892,58.29539905040722,0.7481178597276437,0.34711495092312983,1.4485471530500897,1.144414038128455,5.01620836081112,10.837202842599652,8.787371784307263,1.34574851848809,4.431842575033237,0.5943134484977206,0.5773933372767688,0.5502171000566682,15.129493329449778,0.05183437856125274,18.21269733447747,19.438620862478253,372.88081743212183,45.042341204732885,18.429517764763293,3.4674197106525817,16.06953278296625,0.9218684425073268,12.167202548354433,0.03529062269833581,4.889265315853212,22.945437078992722,1.1001398440065056,5.549145171207748,3.2338432349594943,2.4398813294659694,0.6922215126031929
166,non-NP,12.39129643562513,25.28641104260076,10.58938129131611,37.70587922039251,0.9037472233813033,46.682990103950665,24.566796359852855,55.10179281642294,0.8453254709895862,0.379061663380036,1.672576439686311,2.1775608551835584,7.879838060422347,10.474927413157928,9.196158456309643,1.2055694364074967,11.258308227048614,0.6105096532563226,0.4498127761304888,0.6109113484366328,20.385094985334028,0.19763775402282038,26.193678505400307,32.6554224244467,520.3284267849393,58.23331866378729,17.622825858939407,2.6924575358374505,23.720146425791746,1.118229649092093,18.063359832322487,0.06133765536838044,6.905666814481692,27.211679230388413,1.4541301391063592,6.3116002979441586,3.361308656187139,2.581293625709338,0.7727380751246715
167,non-NP,5.777872006695971,9.112310650309142,5.415626956107923,14.962686016025785,0.48296354412402315,23.713971763014047,11.521383228158596,43.71708819023649,0.41653413387169536,0.16488119911689564,1.2539300533165616,1.051787159253996,3.0873262180422105,9.043111548387914,7.376839982285742,1.239897286085258,1.482755709524858,0.5584892664788313,0.39880218522805244,0.445641262428765,11.704380255176325,-0.023882432715158518,13.66837107149282,14.209992766984929,327.4645160875823,33.03136457181015,14.123563180292459,2.8800629283252515,5.927049153700167,0.5700369442266643,9.42382751527694,0.002509044152439425,4.493644334221587,20.73345453219306,1.071811026872549,4.8803069143367,2.7078457676378407,2.1417239402469836,0.5322558464810063
168,non-NP,13.81184060984645,37.2145650971669,6.422122929014011,29.18076747077672,0.8610641950163348,63.90245459194431,16.668674113832676,65.8895397054738,0.7602678792230018,0.6310126425891087,2.3376751833948606,10.775370133100877,11.877535726475578,10.248762795020793,9.40963820315946,1.3690073325716217,17.91778016139368,2.6440133779137076,1.9692937929054786,1.8407653800372419,22.428559685989025,0.7298182276816204,35.6685420858449,39.17749000738256,514.6149803424705,67.16231690589619,20.65443794645112,3.874920634565682,30.304415232485866,1.4396434179018378,14.472862756389578,0.029447143256728505,7.186934556608724,32.83361062674687,2.0347203213593055,8.850354891809923,3.733367793313388,2.871704269277638,1.0608191552370234
169,non-NP,29.995891465811905,50.75308112938709,12.617455633755393,39.34618836820866,0.9813919667539925,57.06904456418116,28.04143013789737,87.64231435841528,1.358947296800285,0.6159760477214024,5.0007435634218425,16.187501538313693,11.059310707638335,9.826364918412834,10.363864606670669,1.5234045053350513,19.7214492125806,2.3752320698847806,2.3440483681086834,2.0152407292662,18.340518112507134,0.5994419091059987,33.5104631095097,34.45052947844589,476.64410610856703,69.3522836102546,26.59782970033843,4.309603871970341,31.85689116829348,1.5987959217354817,14.492917929755942,0.04141806804310081,6.894014251426041,30.127282662227238,1.724367463999781,7.946712895097404,3.650169457238296,2.9399882053506787,1.0366895320080123
170,non-NP,28.269249420798296,39.953989684343874,11.453803742129502,31.98591025245086,0.7325208262843981,54.035735749698425,28.31935944214711,59.78924885112278,1.8646750377686645,0.6697936258921966,6.82167350916573,24.142872461726878,18.202147081953942,10.294854543485695,9.64791125617439,1.434837236588831,29.12813398019714,4.759479199162781,3.4420390711963504,3.758076140235142,27.467719536690808,1.595803956382841,39.21011757192032,42.257537012304766,586.8322593731118,63.5465490251483,30.233746539163327,4.682959258885673,28.033012381220335,1.3197361337518243,14.981973087296112,0.0284606351668931,7.39247192874199,55.00349079574669,2.93243775776078,13.452643634206023,3.6289498450347732,2.841469505215218,0.8715757523526348
171,non-NP,7.8414374835907505,24.580467467425382,5.1435380511813715,32.36770108061542,0.8463312334247998,52.673252009033966,12.773074331737705,59.846411160060335,0.5442544728044482,0.3904550757170433,1.2288141184382975,3.964330169145727,5.343860721292626,10.295995999896338,9.196233591086525,1.343717912832896,7.5366154373350875,0.8976276919967774,0.8425218773384889,0.9289097008369271,21.12442560653093,0.0890717204837572,25.100577142503525,28.17664007994799,533.1226978604758,59.48083140060217,15.545417259609888,3.715754753776959,16.84044127606848,0.9499574500859669,13.447556194280171,0.10096240887154607,6.014054206855821,24.92228361160036,1.3299278245558814,5.953600273245857,3.3605321759269353,2.5288241254904915,0.8071329893228536
172,non-NP,6.458533660570782,18.03725289670791,6.604969263076784,32.00229402439353,0.7260900227973859,35.7965838113711,12.378341039021814,45.35906559626262,0.44364417095979064,0.2831404826293389,1.5861549675464635,3.770332965981429,7.061007372504472,9.86787091890971,7.985220579135544,1.1493071168661118,6.5834169793621795,0.550658463552827,0.4083372298628092,0.486945948873957,19.12457590836857,0.15525197548170885,23.205695613225302,29.4423676256509,506.08486887613947,53.15926725723839,15.230205567677816,2.9776987820863723,8.82108375231231,0.6288269530181976,14.579717359166048,0.1817999723677834,5.911883030596559,27.467173155148824,1.5128875290354094,6.143912810087204,2.9863554418087004,2.253540570537249,0.6396818832331217
173,non-NP,15.341763489228446,34.274098794580745,7.95316795119666,30.747673611976015,0.7435026397382406,62.22551983887787,21.168220950248553,64.87956785617915,0.9136976066388586,0.4690091308570446,3.441268691442964,13.353568860062405,12.513797921332175,9.888891958652582,8.79744391951577,1.2620519708870048,16.602474472785712,1.5434787142129014,0.9564467791776011,1.3008482142498619,20.652579928313283,0.26917433923572526,33.011029480095196,35.298210807801475,489.381398824821,70.90569893645973,17.23692292378361,3.5862592230165813,24.632828237665677,1.1385090102921513,17.528993313785474,0.0823702414982245,7.187467959718002,31.34543896438484,1.9391742254558362,7.727951731000628,3.675117528528199,2.904578205338098,1.0866327219560858
174,non-NP,6.705122376990133,16.447301859454807,5.679464482885648,20.784054114899494,0.575961559240919,29.005332014310447,10.901325548727685,49.224133927052414,0.42294780898281925,0.20857454385373772,1.3725915593425124,3.0129338341533662,5.720832653123342,8.90683010056263,7.603348952631456,1.205679470629204,5.503130182644488,0.5346796285025556,0.30678223918272757,0.44870859963863385,17.0525401800309,-0.0009209722762663416,20.0336140985564,27.857180395487525,437.350781898799,47.048327359475614,16.47454375544871,3.080856399742637,11.564972990251597,0.7164077356696757,16.342174004558032,0.15343719345744788,5.758162038192232,25.220249204185066,1.392844988370505,5.876186031056202,3.049352382581065,2.186019517774657,0.6292903513335839
175,non-NP,9.629017224875833,13.90653003311513,7.065163376510787,18.831191956108306,0.5202323916788784,31.61016153312628,17.621443748474125,53.31222642365322,0.7489095163601704,0.21356806411878557,1.3201748273705929,0.6319382438038977,2.4844838941191147,8.491473167814235,7.9410900541441025,1.2442889634960441,3.9068792178248613,0.7609395676197657,0.469759763288562,0.6303860839225993,12.489067797499937,0.010600343690834619,14.348993434700915,17.784985484883414,373.75361444616846,40.4195102527855,13.853093247900727,3.2258617812266914,11.444341941426512,0.717129639408198,7.5440971325189174,-0.07140682433401385,4.63473406875217,19.3909214158212,1.0916071540565901,4.784208667534654,2.924471330258154,2.2630014953113373,0.6581740292532399
176,non-NP,7.781541365611405,24.985001500352325,6.7604270001504005,35.33170337843734,0.9240062915826146,58.31038987062792,17.838313541331882,74.9182369216082,0.7296451360364505,0.5492030995807567,1.542753543531845,5.454159865620904,8.490517750380958,10.022385070092568,8.993229550466664,1.24621624685038,14.580717992124969,0.8064294294041546,0.5735845890226243,0.846991652174841,20.326498855752202,0.09140086002875795,27.90541941807743,34.024192247655165,514.6217532902328,68.48220864044873,17.731341140682687,4.20590203723827,11.497726284509293,0.6970550269412092,11.632460468124012,0.06709455342114537,7.008033506121078,23.1989357059012,1.3083893681880292,5.982042896093699,3.4556961562563093,2.6681092328663114,0.953243562119293
177,non-NP,8.827511375897554,25.116733347711772,7.246834310766772,38.79942478914137,0.8039417099462797,58.40715958435442,18.73778348426297,61.17062349842019,0.7777452313736696,0.45359315422095664,1.2166381576289873,2.2354494643179,5.297078318765845,10.376733845227385,8.909020350609701,1.2268081262503585,12.453736892890596,0.7369057579950371,0.6997349178035782,0.7665375115426436,20.960227022954577,0.15862823116006203,27.090721123839078,32.695777331540505,474.5656141777563,62.16764390288094,14.720757463206983,3.6938331690553117,15.847678834916099,0.9028519309890529,9.245284685702782,0.03903981057523546,6.886005515601664,22.980088341726017,1.1670762416842866,5.685989582375305,3.2797225868865234,2.47560098114079,0.7548090772688989
178,non-NP,9.593667480766971,21.92467613988278,7.038607718501886,26.946988967795168,0.6385570250524372,45.367812211848296,18.576598624064797,69.22299548469071,0.7841965744472097,0.3386213489601856,1.2251911435142795,1.2891336475895299,4.555244069856332,9.176697869254246,8.798308776257937,1.2693238448630715,8.808918985176424,0.8558430827980412,0.5083016926477321,0.7737049177555968,17.604489435516875,-0.013761539571897312,20.752448016735165,30.32435511500378,498.6725371419803,57.74647962385527,15.633782945937364,3.734677748493729,16.310795562994798,0.8647376351618502,8.106228398054487,-0.0034958583390770986,6.115089326661047,22.159944736219774,1.243297576321841,5.442782426113414,3.446077606965354,2.48197711756641,0.8195711418569601
179,non-NP,8.890671637205955,27.16549754365267,6.1526012420654315,32.34298965216123,0.7387238454765979,54.50044028894397,15.510834719227487,57.27150510264709,0.6669039984719946,0.4038767434854423,1.212715249145981,2.5719271279357483,3.9442730387891847,9.964464436590145,8.831179269798104,1.2340409048890646,11.454943021956678,0.8231248764215094,0.6841041181335407,0.8455973235906753,20.603049651158674,0.1304005601933222,26.77892342288937,31.554697079174144,445.23269160447927,60.494455733919615,15.300368051613326,3.499563781033575,19.357664636253848,0.9724611194784303,10.585673069164148,0.0420008293977337,6.527277917959944,23.54047013595041,1.2696668471382782,5.672521314789764,3.1844444042813462,2.4192155156515343,0.7869320515189502
180,non-NP,15.31597288155262,30.121787640114107,9.833126433101704,41.514252974657275,0.6886700236319024,64.68548802906366,26.42512900741013,63.128050957197026,1.083176633458079,0.38340823223561415,3.4045851642702845,10.394528962711608,12.31532527333528,10.029983279145794,8.61210015013722,1.1527250074310067,16.880902036367686,0.8969076762085834,0.5674455559548036,0.9622557578999319,20.577093569952044,0.1868880182320689,31.298042250268253,33.83819823386776,482.9681479371626,69.71396661474029,15.929783373703192,3.1635298199123807,19.39450709402912,0.9740205432213938,15.411722954239748,0.04043505054519132,7.626871917871248,29.242874922575773,1.8355031999540918,6.893479541495994,3.5186130559002913,2.8360086782478993,0.9368007091383064
181,non-NP,16.962174160789903,31.55540487779514,9.6300796188471,36.05096779134473,1.0066028795852007,59.26405663375895,27.371924902646608,72.89716358039216,1.2217784446614393,0.4981912672590777,2.2509016826862607,4.700060120545721,7.113579591913717,10.461097111228769,10.727925203224505,1.4767302706951404,10.060905058019998,1.2004981946281446,1.0686517121227643,1.151551957231527,19.394741379216008,0.08674288779241211,25.687905726542,28.81111631209718,514.1923471698325,64.1959444229966,18.46800957745268,4.336414894984879,24.563711090377737,1.2130039399898018,11.89741659563129,0.12500150287870446,5.916151222262691,26.512495939968197,1.3441653991018543,6.267423444121849,3.837387839346442,2.9306831277963767,1.019628962873985
182,NP-related,14.488896145139428,23.17716214288506,9.72933137076242,27.411736160332424,0.9365558129336152,54.4439963472739,26.66179556165424,68.48930328914098,1.1786174629415789,0.4493823549743476,1.586038005352021,1.4022383141098085,5.204271898755019,10.434685871430807,10.3439875016438,1.3932154378720691,8.584882550617165,1.0332038478208625,0.9469939423458916,1.0520912888859,18.993783045013384,0.057228940039723446,21.614231627328056,25.1868739781203,620.2063920157299,63.60632668739771,15.889861609254565,4.142932242793696,20.248968818917223,1.0219023619648442,11.809568418067231,0.014669831887295004,6.247985527088792,23.260748706545147,1.1906665284718787,5.697990718909672,3.697596481868199,2.737861974324499,0.8819762554707659
183,NP-related,15.386624190059027,33.3518635366293,8.813542101505032,34.951612546074784,0.9271246040389486,67.84304748340108,25.73289017781725,78.38566114606648,1.1326526159787704,0.5421900700261123,1.9244395564072332,3.7364457129080346,8.01350146524158,10.479299216374864,10.859337633049728,1.3758692980682763,12.572004246773167,1.210139878555397,1.055501011275027,1.2382667968525505,21.129949908728207,0.10259048659677353,26.979067482217385,31.816067204612686,589.8349879466706,70.47950075653974,16.700690290353595,4.168996414563952,24.834997529963992,1.18437066360287,11.463766967857351,0.048334814992182666,6.705314055380046,24.758006983429848,1.336175175913929,6.214300742114547,3.830772685308526,2.9346953369405147,0.9599669023220461
184,non-NP,13.4168612213545,27.505348098999328,8.33728922054332,33.321979126649396,0.929577625647027,59.03456167745094,23.951541049506083,66.55573746465868,1.0448958761589504,0.4644687301278996,1.4683404763539638,1.8457299166512833,5.818097949531342,10.594568094899577,10.647855111823095,1.434228503575889,8.822387515815095,1.1071423436806074,1.0173745028955001,1.155654311140058,20.959906909520605,0.06637981397623036,23.850557957926103,27.604913467790993,571.3312823387886,62.5868312585545,16.303064465522766,4.073240631370134,24.67736945168199,1.1999969773032797,11.926535512716573,0.045147205195677595,6.216802331615288,23.83109071434185,1.250620152520877,6.038315171836524,3.723050117492676,2.7654836886031653,0.9067171608592577
185,non-NP,26.617169441433138,52.21084208445428,7.414304855766648,16.999033796796557,0.6030185012095565,71.09533177400644,26.188072379575964,83.79287579737672,1.2752308123702305,0.4875663378096502,2.4330763948073084,7.958107334124688,8.68504499579712,8.601602121230659,7.819569231031267,1.4629457696862178,15.71516588404497,1.5926942919485632,1.3629321756712887,2.02052349672405,19.107156870843962,0.12887703523962596,30.49389326463052,39.43447037217666,551.5398433580312,62.009215031631946,14.403856452451933,3.628973337488437,29.15969863271772,1.312063151325498,17.59408340448142,-0.03848395897118255,6.660664037323381,23.32123213951741,1.3109261420888638,6.676188915147694,3.184923333859225,2.465644584883244,0.7388099348356447
186,non-NP,25.405008986900597,28.899807906131084,6.5693135097109066,7.7198990175029225,0.2886361209804128,37.22401529574943,21.42663308505355,70.48300040672565,1.1921241086104823,0.20284902304410934,3.512855819175984,5.243143070007072,4.076930094574421,6.888278282099757,6.7710182746310315,1.3642461464322846,8.944855597271616,1.3366663486877428,0.9832883018871833,1.4716587669890502,12.580097149246662,0.09327281731148732,20.776413463724072,26.55022588391283,287.76646033977653,43.354682101695474,13.984663137896307,2.8784875906746965,19.76513197327611,0.9611342429608498,6.741779630562162,-0.2513424659854379,5.570054593030365,20.262499006863298,1.2020100083844416,5.6360070902725745,2.7701091264856275,2.4129704310976225,0.6639140953859045
187,non-NP,29.247952791723883,32.15723251601126,9.264832874335868,14.020203247544234,0.5238432000289754,40.574539680174254,31.72636296489452,78.91196936427957,1.5865308105355447,0.45450095446909416,2.92247760413897,4.072559134886501,4.743798282672298,8.884680129513882,7.140264638421234,1.4626615637599831,13.138951119116166,1.5006416980465325,1.4861791334529915,1.7696705345470127,12.975970913355221,0.08099851541055164,22.50408131061214,30.909060912717884,386.6421146203977,51.44962537463,15.538275010514967,3.8080114303248944,22.083040652848496,1.0532932524708785,8.600267735223452,-0.08718851861765257,5.752961167077001,22.663404870741438,1.0702165760616265,6.053477733442099,3.4098377168768703,2.6540456148657467,0.7450744294669002
188,non-NP,20.172043421497094,39.24368168358086,6.655019925609573,17.118417213069886,0.5217065588745489,57.24946302100756,22.56022231219567,87.55172555305097,1.1174038213137627,0.42729330333332494,2.928516145166198,7.502494749133223,5.897335253679655,8.336253871656444,7.853078715363413,1.4250262572885104,11.630237995329011,1.4622319023976462,1.2925946320572945,1.7057958305558216,16.197904878948204,-0.030611008734199894,24.973745441872236,30.500697697635125,435.84409921027765,58.1810305794886,17.25731810478315,3.626796926537605,23.95800113794394,1.2027399531031508,8.371571173883982,-0.0709014493466002,5.881220513444845,24.98617695237948,1.3470907810071833,6.33197081470054,3.1159339381135216,2.6718444693578434,0.8187006293416855
189,non-NP,39.65828916300899,35.621867659342136,8.197936379391217,3.4638508156643595,0.16535269228599803,35.80590756574005,25.478970320328422,80.63923085254171,1.4815178228461228,0.06007539766901375,5.5782856993053285,4.413905316068667,3.450710898544521,6.030215864596159,5.31856158632107,1.3111751597860586,8.508783012841139,1.1193637353964103,0.878755424718332,1.4616110376689746,14.815522442829957,0.05191105627454817,26.377938083980393,32.22480876565056,283.99150748874837,47.0677324233111,12.284850597381592,2.6449635181090105,20.53227271436101,0.8818272808340527,8.29319604607957,-0.2633678521151128,5.44261597027672,17.55724346637726,1.0854602818903716,5.236317422079003,2.471448164919148,2.0864104343497236,0.4919290746941088
190,non-NP,26.47023312886557,37.11410866130937,10.444068400065108,21.400596097592636,0.6690541942914326,57.37166454407235,35.59376894632977,95.25859013875325,1.614893334706625,0.5597155862053236,2.2316005992889414,4.085838402801936,4.4238478561756684,9.28615356763204,8.106208179764218,1.3948146518071491,14.050947334050822,1.373056950605242,1.3543994398911794,1.7475357689460118,15.265680725080893,0.0854705811284172,26.052103182474774,34.242318188922766,537.007591349284,60.76114034793922,15.251769987742106,3.9202254152297975,23.974001138703898,1.161067131453577,10.110907146908964,-0.02174241402729725,6.261776383776258,23.429315535227456,1.077760948340098,6.190871515274048,3.538342129389445,2.7866851075490318,0.7596170026686015
191,non-NP,17.466686135631505,30.260330646952397,9.501358395915924,31.52068043085423,0.8750890000265533,59.359548265332755,29.056859113402293,82.8170056100619,1.2452937293860877,0.5394033715760304,2.435876394732525,5.868334368760202,6.27589480560955,10.015917709318257,9.81850321704578,1.3573654723369468,10.314284388207282,1.2762593784474598,1.0522676843960406,1.3866018097279436,18.263229681016142,0.0985026617191132,26.125873218148442,30.267125461048753,566.911447298729,63.65695712527051,17.410218800528575,4.054849775160774,17.319784720950675,0.9898957464056555,12.578890427973683,0.07421861110764193,6.372718977883472,26.525418988728926,1.3260522712085208,6.277761644226009,3.550843167102943,2.738017676745431,0.9055408834631219
192,non-NP,16.551221124531995,33.15634437615872,8.534163512908167,33.248505834500556,0.880553771334865,64.28643578431276,26.40012768631809,82.00681822738923,1.1508020545601418,0.5454539594472477,1.8920256600913596,5.20587379618852,6.939221595721989,9.940454588039687,10.413932868301794,1.3497590687300753,10.242292905255349,1.2766235007596414,1.097476731461308,1.386713824063432,19.158116433427363,0.10830226393134101,26.39831052704408,31.083197155524196,591.4200635558864,66.679525147889,16.322328555454845,3.9815189201478924,21.705152655488117,1.1020907867704737,9.991787478194524,0.04346977669572532,6.5184083892258835,24.84465938526801,1.3040568383161772,6.269684964569037,3.757479294112443,2.8759243849812863,0.8922039753705568
193,non-NP,19.44526662324605,34.87334027747775,8.576166387189902,25.675516535009887,0.7120964710126844,57.83960303547274,28.26937309064364,88.03013754727547,1.2451496375234508,0.5093933491591822,1.5953126978455934,3.1411309740601854,3.3823034455729175,9.364239826537014,8.830920202598609,1.338681376294086,11.382048786232318,1.3310049376220712,1.208972140885236,1.6192718830547834,15.856948121585638,0.10779878988212563,26.36337012575384,33.28617952097572,539.1864954630535,60.29197555161342,14.429126179009153,3.6418819061496803,21.90274226839456,1.1329395472501649,9.916877664008847,-0.020403404591458018,6.090116754830345,22.17403177211159,1.075419324009042,5.921750173234103,3.4914570320070837,2.6808074775495028,0.7441360965281969
194,non-NP,24.895480677766628,43.144247177285386,8.599225224189041,20.841665844308388,0.673148939350866,65.61600434515825,30.2910431555982,87.7387004708344,1.3622516776030924,0.5313794165849686,1.9463128188870993,3.6135066706877907,7.883840589924766,9.206732106658647,7.96307597539436,1.4573506060636268,15.243821478759616,1.519016668957193,1.5256001538825485,2.0032577593371554,15.355359219906429,0.08028976389048796,27.99039396250023,33.315519344784256,437.9962627482865,64.29897418032941,15.588469235402233,4.098414650503194,28.19218058433968,1.1985018651977737,14.392745966637586,-0.010677700831537257,6.578128788575756,22.803623739278542,1.0539823748030752,6.303466369520943,3.53817777138836,2.7094169900102436,0.7015021075478802
195,non-NP,27.30140508081496,51.577318754071,6.6044410602333645,9.883151880879687,0.45385364619726987,50.723398887005445,25.264036006534234,73.4043905120535,1.2038164599654604,0.44293841919333665,3.0581186997521796,8.486253612598176,6.813291364952728,8.505935103622908,6.638135544405458,1.3531735115444536,12.625897506914418,1.4667896533105282,1.2541975581768863,1.783130725019986,18.674598825140137,0.07547247065135192,33.613739033335264,37.57677133618609,556.5222768881888,60.5885697400039,13.801718761011497,3.581141154790662,20.706372117520473,1.0222033537903907,14.061093451371224,-0.07198860017899616,6.595959838856608,22.092276140586616,1.3646368783773835,6.749414139187213,2.9974757617281886,2.4461923825372125,0.73518956208511
196,NP-related,23.54646599811057,45.69022273737728,9.158015074937243,27.62542115759287,0.6566639276950256,68.87510093837373,32.2727801696114,103.75152563012165,1.4137188973634143,0.5021824146742406,1.8848600413488312,4.309445742302159,6.73803534075124,9.115115896515224,8.279737594978426,1.3505929267924766,15.45173986435301,1.4543183798814427,1.3398840197402497,1.8457198946372322,17.9679030273426,0.06019777953928417,30.012366522913393,36.53009170621389,625.8310397604239,64.75620187673042,13.240513158881146,3.627604769623798,27.191262161080807,1.241813928982041,14.51753329824145,-0.02194825756242094,7.082342225755818,23.11428061775539,1.2638985112957333,6.46172967682714,3.422716814538707,2.6588710235512774,0.7107119397240084
197,NP-related,15.804267072882267,35.052014497406844,7.17618353274759,28.116165846179914,0.7365826856296973,63.06461346955477,22.82595242348864,85.94373822519196,1.0259880006569142,0.5403418610504,1.9300623727970374,7.3417186219620945,6.526810456926488,9.376213194474643,9.146205253755701,1.3720678024537574,12.940322503044326,1.425206755101331,1.248985853573795,1.603482906910483,17.810399987579466,0.07845245360930414,26.73918394981024,32.49962236077631,521.8185597693972,65.80772188832071,17.002779117469625,4.092124607429995,21.77895382414432,1.117259091109416,12.395721618808075,0.03482024649896583,6.390982128067324,26.34719388577048,1.3577999779594814,6.637049967638925,3.4853402560360953,2.7992894792761414,0.8874905331739267
198,non-NP,17.62478891903202,43.73373147986683,6.09114261020888,18.185312793351393,0.5315404298487089,63.078282855521024,21.373017551093714,51.94760172256571,0.8985002825394375,0.3411511392856868,2.315979314388227,8.957202720426077,10.117767839700514,10.172486077870754,7.989443489927447,1.352279673348989,19.450192976814684,1.156064974440922,0.9509622679640916,1.2726125205984178,19.382166483517373,0.022139764166921254,31.04614270443948,35.58210503753438,494.01232505949935,75.28099292630927,16.693112348089155,3.041278267143578,20.771908271380866,0.9959335631111238,12.019378054333504,0.006553477368669103,7.035809227451797,22.958845012235326,1.5069916856209964,6.756334323756742,3.5325294140948365,2.784699488949302,0.8165131444237713
199,NP-related,18.507151096682012,25.255679436712438,8.49502261680893,17.95983372258008,0.6326980879530311,45.54095608709566,27.813916689232947,77.20636822905722,1.21873935415775,0.5142752767092537,1.5332309452793271,1.8112831960381324,3.069544551655377,9.577368102496184,8.420659607268952,1.3627179246160048,6.999402231187928,1.1552157079026582,1.291730309117444,1.5884081519479993,13.059579734220774,0.07912619063362503,19.92269110377831,24.860693316401,377.3835983759242,51.137928018596945,15.510680847530123,3.940665729815447,16.621054586926046,0.9042947165252849,7.716886442481788,0.002205895311000191,4.947537786208586,19.249722002427788,0.9542842413051219,5.073421370379532,3.365936471125748,2.5463547560421724,0.629641569035121
200,non-NP,19.977886467954544,37.97623066288619,9.685111686261035,29.058900528560763,0.6445294875298103,71.12129227977776,30.242445897011876,63.85098397470739,1.3220416238925756,0.4451325374798183,2.2319254940443676,5.399080743836827,5.936291530847349,9.549364326644119,8.614990059203933,1.308318310410437,16.172592009032776,1.1884425907785816,0.9545902516284999,1.228123039224722,19.53898632951186,0.07222887808389038,29.843544396170735,36.60339942047959,593.479755485145,70.37221765162101,14.379439667193559,3.4708707267350523,21.697774753216688,1.1137079417377398,13.167869238578884,-0.008342144956445172,7.212850670563484,22.65937448069997,1.372038946099525,6.408075280433153,3.498374256774457,2.6723916521907722,0.7847117508921073
201,non-NP,22.728909560278357,40.36966500723318,9.307040577620466,25.13376790600024,0.5301970594069537,62.19169582320072,30.681517756063187,66.11186028773488,1.3690292913150168,0.397138163118678,2.3090839510649643,3.7946275625039245,5.287122163529077,9.011010936662263,8.489052411290938,1.3190392785602145,13.984314389709457,1.2503991179321166,1.1239937603765844,1.407630133862589,18.073942034936728,-0.00752865319182865,29.124717288547092,36.945036362127496,495.13996478311395,67.68375585935028,14.676824382707185,3.471399493466795,23.672713542694158,1.1411834794113385,11.483157408165782,-0.05647729542958581,6.441596967370359,21.472713171267042,1.2314247111089869,6.015156145968469,3.419454121122173,2.6670962283813875,0.7145797410529567
202,non-NP,43.26820980253675,53.697986163697045,10.308761387779601,12.828964129273494,0.5151557529966037,64.17542637228784,36.9695413861956,64.60758361816406,1.7925255412147163,0.3534327715723997,5.048609234037856,7.91112429941396,10.649530064798723,7.740008819670904,6.924471772367888,1.3993744089489892,14.857514991408348,1.4834499369624874,1.2857308463681312,1.9647814208552952,18.616515169951267,0.08029512955053221,30.28402944292341,32.70146269534916,474.35008791968943,63.71630510107581,14.424434675489152,3.8399781283878145,29.19070614838884,1.162851635294669,13.587629216806297,-0.10949979047401853,6.906038648854677,23.23602552868071,1.09986199708212,6.2704812481289816,3.32229049546378,2.679331534249442,0.709896167804497
203,non-NP,13.039559972458997,27.579842266242963,8.470093457595166,28.92911430591791,0.9489244031517402,57.25182814456448,22.61842538308407,74.00986330059992,1.0163126613782805,0.48058611951579433,1.6242024570271596,2.2834147799434508,6.873571940004495,10.393570195073666,10.517625722867114,1.3707884290943975,9.820641770803258,1.0296448761003811,0.9315935824660287,1.0104835829225138,19.54104078322205,0.09681355789486416,24.770538834558018,28.754834649578846,567.6266807887868,65.50614702229201,16.19614943905153,4.19902890359146,19.34161686070645,0.9881196502897462,11.133797630276261,0.042764549755636413,6.55744398647917,24.183917173440907,1.2568529241758843,5.927923808927122,3.8962198815483977,2.7852199665014297,0.8946495126945041
204,non-NP,12.664772055869884,20.485478488400755,10.387264772903091,26.240808094784313,0.9777483366603075,49.12550273380012,27.26333398597186,67.53469209892805,1.063992748426837,0.41624353954915044,2.0481415196906694,2.3560466790776404,6.5093342812388135,9.999458357345226,8.752288750809049,1.26157347130221,7.202942202586496,0.7327730181792124,0.7508696996888449,0.8016909611259782,19.46323929654724,0.12019109352340185,25.03073548161706,27.703210913397257,634.3874571157058,61.446549973598486,14.886524023011674,3.9997708887554877,6.9980119602946935,0.5373338943207326,8.235930623743835,0.057465732330456376,6.118474478126088,22.397489425747892,1.232909646145133,5.637640070083529,3.572921356489492,2.533793188804804,0.6580356973731057
205,NP-related,11.510581914798639,21.297894511839573,6.2809136822417,15.568976403989945,0.5894321490494484,40.53486583725032,17.715311019485068,52.81087501113479,0.7545000839072308,0.22594313352444284,2.441742632195757,4.941557065205254,6.445464627654371,8.502014281298663,6.437937117359487,1.1239755669155636,13.74840065301396,0.6006324454987851,0.3438042199943919,0.619685224383264,17.804481926748554,-0.02395314757934004,27.187227022325672,25.792261560792983,594.3498137602936,61.93375735007025,14.083098689929859,2.790829968452454,7.2658543991636035,0.516229511820425,6.516789498720066,-0.08248167051556142,6.207259427674895,21.243919511743496,1.367499158833478,5.820389525954788,2.7829662261782464,2.2500055541863313,0.6737558436376277
206,non-NP,17.16822037725392,34.71604722725275,10.786185373089273,29.236256944507478,0.7106671004505929,65.9362448440518,31.16901513059697,63.91399061465692,1.2491435590618387,0.42468303080625874,2.2552489265353386,4.548792972066239,4.009032449829403,9.632654901036245,8.651960932216078,1.3221346246982049,11.121796935442612,1.0004330597651294,0.9187286727264256,1.0666028809047745,19.459186553004237,0.041632433982376385,26.719293994104078,33.74175267862023,604.5330605878089,70.22848576659297,15.522323174390964,3.5441035628318787,15.05113843944158,0.8105856176021194,11.66319815876258,0.018782209967469383,6.456823531780665,21.91619646906139,1.2218487912309384,5.8635397756884915,3.5801958980674513,2.677828990770671,0.7070822682844067
207,non-NP,13.181515287934692,24.298623077691964,8.449584620040763,22.570713240673243,0.6498053902596758,50.939046526893634,23.62971325924523,56.177292606286834,0.9314396769592639,0.37570045025725113,2.197788198658249,4.550657801938268,7.407172226639954,10.544177055358887,7.520439793082087,1.2897433277807737,14.7893822814053,0.7674280276352012,0.6414018753719958,0.8359123300434205,18.84754914082454,0.06674042091809067,29.729925364778754,32.860620915579105,614.5633183529503,71.08821679048292,15.940479918530112,2.8348587382780877,11.727759328968476,0.6895168994030951,9.684820635442872,0.01994968202218348,6.957947053874435,22.2912437455696,1.3656110904718701,6.48490730084871,3.241685471513815,2.4566271723362436,0.6712014481743994
208,non-NP,8.386483563175153,17.279784658272877,7.066020940008499,21.304799663776155,0.7253710712148901,40.11984539876301,17.965162302789366,67.81957311349005,0.7345583109689465,0.31202427767986185,1.5783466442660423,1.9485945652956422,5.611682452618431,8.971672680678381,8.36512439490353,1.2483245549828372,7.210791227212687,0.7827409170780221,0.5135330103996931,0.7176218454154263,18.29709202188021,0.07758358507179942,21.114638315768406,25.14965993176822,480.7325544996493,57.44729188072243,13.962472960392848,3.7030769747160077,7.142633047031648,0.5653768159056684,7.8079253038324055,0.022759336626142185,5.623260514368585,20.778056177952333,1.2179444136632351,5.145426090537064,3.3700142488402913,2.47633210935158,0.729604568671039
209,non-NP,21.741022236579294,32.962636985497205,12.334897032881209,29.98655570442361,0.847660545622353,65.0379820594111,35.857136498510314,78.4691765709261,1.5289161194742258,0.5280403914836655,2.519291043281556,5.010680138984817,6.441146978890098,9.856287266300843,9.686739830628081,1.2947560976036883,11.30984124515321,1.1904354347979786,0.9568129314389904,1.202527897415963,19.56812039846235,0.11258137182835325,26.812325654831607,31.649880228053505,662.7773735924108,69.12632647739977,15.009277639135851,3.9884133824204975,18.664797346707253,0.9677087200797406,12.365841295310519,0.042106563333046944,6.71779551604362,24.37946388362783,1.31462883026199,6.1578708486219425,3.717382332919973,2.782444892731388,0.8618594754976924
210,non-NP,9.284041482348778,21.69823444712383,7.686445901560232,27.334080391875716,0.8463626687609872,50.74294828185284,20.299289792083037,63.93211673026861,0.745257063660511,0.4428654625838579,1.5018473669540053,2.7138229668861276,5.485331802112877,9.819445737572604,8.014208587132556,1.2261111687782198,7.278134066623035,0.7025060532164497,0.6905012965029063,0.8130829536984133,19.21084974967566,0.12452905454678288,26.221744626067405,30.290018017550338,666.5615087109944,58.255678336904246,13.28832633550777,3.571821402671725,6.153372385292747,0.47483999932162524,9.157669039617081,0.0360737976786981,6.15408368881448,21.340970604918724,1.1514618265074352,5.734563460183698,3.319674787133239,2.387987858334253,0.6033642516491499
211,non-NP,9.514670039069726,20.315034152469412,13.857109622842467,58.47182079610956,0.9987433714979499,67.47315576180247,28.953172243558456,66.34244833048984,0.8922549161685293,0.3140754090985779,3.14614040893916,12.516633925748987,10.218341758280488,8.613582447435729,7.085323758717124,1.1081038501841076,17.81139729570008,0.6590129909396294,0.35556640658395355,0.5829849541187286,18.900255335583736,-0.03461855031362564,29.57829167292668,33.405420248839405,860.586097130409,80.6885738253763,13.74182943197397,3.244206987189118,1.5523491861586618,0.29387135998553376,11.32900645525867,-0.033874164745983114,7.231501863515605,21.04099545112023,1.3961049960209773,5.841651535598484,3.3322480500802487,2.5524117502235097,0.7323776490984584
212,non-NP,6.716070818178584,12.253620814269361,11.32975985787132,20.753545923040534,1.023947182139664,40.28938015911207,23.99150722677058,71.54336885972457,0.7378955068010274,0.34272776033277763,2.3687068476821445,2.1376019423479464,6.762940069332403,8.519361819281723,7.126704336379065,1.1823512546040795,7.325595044916774,0.6126106963737667,0.2979583056135611,0.4740893156796863,19.53467517027148,0.11205133407334374,23.300090363531403,25.362585758694582,653.3764076232912,61.82145766773729,14.773476029887345,3.9304273399439724,0.2740833463515931,0.25798069818150426,6.552795765786538,0.021561102660295244,5.940735060389258,19.298259167960197,1.2037577757781202,4.890475034713745,3.3997224650599738,2.374730772592805,0.5734472309831925
213,non-NP,7.816187969188103,19.82777074278139,10.353914613166628,42.47077435183323,0.743971743240082,62.817988940296196,22.856844312136943,58.013213770496066,0.7228532063413119,0.2819801972686118,2.0468558253291556,6.255361037818579,5.5658087150656685,9.094183104144749,6.700437206868964,1.2120422460778881,12.425753167511166,0.5714862166613477,0.30282835633801203,0.4654936663985662,19.841664172668985,0.010948558409995948,28.655241563148106,33.44432408905702,694.0439983774298,73.17839415479013,14.776015088320598,2.5868027895573795,2.6158935950386506,0.3067831245830652,8.274945410220928,-0.044886648430708234,6.96816246174024,20.18447662956526,1.2530631814216011,5.67909130853476,3.1299741817094207,2.3705256739023217,0.5547654575167611
214,non-NP,7.187161630513719,13.482205514429097,10.8345087401721,21.39711870386276,0.8075046073360255,38.925673790059236,23.804201690518134,63.03264252020388,0.6805557085543266,0.29630717891743596,2.0707901801381796,2.3265847878702592,8.250853837380092,8.60524715331136,6.8194081068210615,1.2246944922573713,5.73878598686341,0.5498128385661404,0.44670731869849317,0.5324741144835645,16.510556906658316,0.11832958846994467,24.222044273298614,25.922096884533858,703.7862579968511,58.67622400652908,14.777690936108025,3.6728177785265204,0.6439541122188307,0.25924162213124713,6.895372776492209,-0.006336944619649831,5.929485875616332,20.276100713379527,1.0766955881702656,5.015058383649709,3.533767259850794,2.403424412620311,0.4654325233867876
215,non-NP,7.039183232092089,18.16976072315087,16.34677704688042,48.308622372804166,1.4910239038928863,70.46718909604468,29.873362618107954,83.75621618763093,0.8357341419304574,0.5964021460423546,3.33131407345495,10.234554443823168,11.6159881750495,9.467869293305181,7.005372624126341,1.102344003415877,16.01912576086761,0.6558594654808046,0.3925190910456642,0.6056417527218019,20.299904190000117,0.07783074378066006,29.059688575806156,32.94078938277383,876.9431152343751,82.06263726859446,16.280566096305847,4.624377472746756,0.4792459905048975,0.25894284956675234,11.272202148304073,0.06097266648993677,7.230471057849143,22.253885415292554,1.3370479547208356,5.820487058931781,3.3533705136468335,2.6113269901083362,0.8465019053140813
216,non-NP,4.389989176792887,9.11779188675198,6.201865680182161,13.67871489416546,0.9972527305136866,24.64488071833031,13.167441467740648,60.4332401218699,0.40524855656410347,0.35842287493174646,1.672210405121989,2.424718337429769,3.5549362363966295,8.765727050268827,4.937024348350713,1.0294008980046456,6.463985381649682,0.35057209232481507,0.2985504330761397,0.4104953407129245,18.91908298816042,0.11849848870118496,30.005099552780834,30.174068014347974,564.3676355845895,55.491074661107874,13.057315684076565,3.00675685192222,1.0002388534789433,0.29974720412167627,5.363186821901872,-0.034561638642144184,5.36002477810157,18.85223414292976,1.182878719336951,5.316725222032462,2.490727631903406,2.033173033550604,0.49179934481769294
217,non-NP,-1.1676316737147754e-19,1.0717362673043835,0.004770052957010793,0.0,0.03658957961578291,0.0,-4.901389366878306e-19,23.511367797851562,0.007428213790222839,-0.04700644565285644,0.0467225064288129,0.0,0.0051241959433633456,6.671704528095958,2.424253375260518,0.9026976489758753,0.3616373798142157,0.17260111144623613,-0.1325923700735055,0.03261995805775399,16.056978784643555,0.047084958968008614,27.42665779197609,22.68870121931065,110.90174714811558,11.41773180702732,6.615316390991211,0.4065396441044388,0.059505497331853834,0.2738576483513694,2.1437363655582726,-0.2500105408521799,3.6679524438299635,12.667523740412115,0.867517787021595,3.7270150053632127,1.3289974679003704,1.1736400821706752,-0.03341381852818075
218,non-NP,10.91333670963515,25.00064174265759,7.498559838099198,28.83346340540572,0.8141969789732371,45.84700680073921,17.33176965271401,54.12143037808652,0.6916024108596197,0.42625481383689984,2.2638984831753164,8.964519099443336,9.716906009113806,10.702809788533393,8.788073151299132,1.3789840099827344,12.91284829544656,0.73639272203413,0.6906418715486463,0.7902700413536552,20.27976917515783,0.13281386098300188,30.449398444977817,35.015958578007286,406.7455630270852,61.411368286031276,22.286844379854518,4.003052916747845,23.571643503698898,1.1538567531659774,18.705053868574794,0.15696091128710582,6.614112492575965,30.916011721882597,1.6754465995245422,6.771737802897068,3.444506357837197,2.623750142703783,0.9615492096667045
219,non-NP,11.470495175507113,30.598879171446697,7.553877248602403,39.22586693916712,1.028249148847693,57.842028576190295,18.853285401554437,66.4024666123471,0.7387172019077562,0.49807971775910614,1.6934125544661187,7.701682080845736,7.39414073830213,10.663018667091757,9.414821563536693,1.402771430500483,15.930534654964843,0.846617653808592,0.9071650774044505,1.0678654714661129,19.723128055442338,0.08572919243873665,29.864787562418794,37.47431313785272,412.35419257212504,65.49876263529536,24.966896760261665,3.6794875547037287,33.33353548156299,1.5596506225788969,12.127331084491866,0.0344366256941319,6.472811697387227,26.73696987507707,1.507824784618313,6.256123659974437,3.510659354217982,2.9287281203067907,0.9983406522261111
220,non-NP,7.903329317686992,23.389785770854225,4.6188146716258585,23.31934315198313,0.5917064547538757,35.173932889518284,12.827536473508745,39.730965223468715,0.5394237393238508,0.22518648897282412,1.9398749226429433,12.105391910622492,4.108344397991481,10.344755719919673,7.296800314962148,1.260180296467953,15.087853175650931,0.7080248067037159,0.6289077787125696,0.7087434554686312,20.29847637396191,0.1190305297247699,31.421454664136544,32.91052259928267,379.06299828701344,47.00164770331906,18.265695290487322,2.8079234478903596,20.874607548867658,0.996904614479433,6.7984429458595175,0.013826134187154105,5.364578441915211,31.819231689953412,1.502591395964388,6.4768860848223575,3.2677403590718255,2.512507657535741,0.7369326440012467
221,non-NP,10.889724863900081,23.660894352847404,6.360288182894392,28.83554077259029,0.7109262135345489,35.37663239265545,14.784671405951189,45.785595271322464,0.6541332254807156,0.3157747834920883,2.1186228593190517,10.656025018673368,5.823925629589155,9.798417210578918,7.340099160172234,1.299144535842869,14.18891039615927,0.9500492327279062,0.6587438700824149,0.8876560171031289,20.043195396445096,0.12563650960671818,30.814981288380093,32.92316597891397,430.4714376661514,49.61537429480086,21.242366545730167,2.774364111117191,25.55557065826886,1.1858254487116637,8.15309760947356,-0.007953397790616792,5.53416656802943,29.80262551042769,1.6073771893150277,6.2254212531778546,3.096808038858904,2.5280909393396644,0.7447320270326703
222,non-NP,12.753155958305289,26.291384798551213,10.303353929982606,35.220196914752705,0.9584212927419005,67.0175206607042,29.64460863650425,70.84932779108436,1.1376312386642387,0.48998862696196704,2.9042192755393623,9.345152744236978,9.117265913958688,9.60154076224392,8.828799349565832,1.2286631117746667,20.57741845310304,0.7366302810132942,0.49245949718848014,0.7541245615959746,20.36973397721914,0.05690558792207191,30.120717122716812,33.89872400087962,642.3435575614857,71.39188494749969,18.125667109072786,4.11117591209782,15.133423048896077,0.7335736515286643,13.583622004410696,0.01771504988100434,7.25609886908078,23.555744972043826,1.3600821671555343,6.167206680890426,3.452865910182879,2.6801504452251694,0.9608661091444043
223,non-NP,10.746846203370533,28.099862123196306,7.2482422915372,32.34160204671909,0.747752875902436,59.651645120250826,22.21312096335672,53.79498141895641,0.8978344364599751,0.450315517864444,2.187183425643228,9.942874901055731,9.587888887135765,10.346709004315462,9.040209468237698,1.2588447798382152,18.40210087405285,0.7610226269075862,0.5721006039191376,0.6787877451967109,20.767055531836707,0.1610486967319792,30.64076352552934,34.63428562941522,600.3714888139207,61.0043909390875,16.934506979855623,3.506628954410553,20.70701916534877,0.9998386640736708,8.845127692848274,0.013662373941307041,6.7782467091207375,27.823046320134942,1.426051419431513,6.749850593913685,3.5661847959865223,2.702758100899783,0.9189299332215427
224,non-NP,5.901719643519477,14.788007892464378,3.867712250122658,15.681994812136592,0.3397927270270884,23.47166822528498,11.685363219334533,33.310081683672394,0.4643872821560274,0.09730316390946078,1.4321300731255464,6.768007678586184,3.2060248742246964,8.724226167568794,5.783286971761512,1.0101188123226166,7.544144589096854,0.6481257777234604,0.2276759288170769,0.47176841271665093,18.021664317521545,0.11808314562614004,31.231921159304104,27.790241854821367,456.8238597282998,35.292772211271554,12.341704918788029,1.7092563101591973,9.751356232395315,0.651776876974528,4.497779059786878,-0.12319389756661482,4.886965075757662,23.388046136269203,1.1503257224192986,5.394303706976084,2.461969809463391,1.9788658550152411,0.4357087465242471
225,non-NP,12.491937773568294,28.48963587276098,8.640142002884225,35.69357678533988,0.878646365689988,64.64278086266526,25.262857690149435,74.12120540774599,1.0498903089640095,0.5966026037931442,2.0130288892862755,6.601122463829495,10.100862195799754,10.623262546500381,10.030360963874454,1.3463307509616929,18.569500882003922,0.9324245884948011,0.6707252420637072,0.9270864471184964,21.116036717243592,0.11950112449727496,29.540603735009018,35.983587497154765,512.3561451191806,69.50876860152627,19.708457431014704,4.433970452571402,22.05343982299234,1.0589084620038969,13.336327164053765,0.06985757828034385,7.320025603628745,26.037802637839803,1.3974370603658715,6.460633623356721,3.768398344516754,2.840008938799099,1.0664823144048126
226,NP-related,12.158467525906039,27.233225912124553,7.8209100723266625,28.188624738457854,0.7648142013284895,51.82471875247427,20.58809668223064,62.84939910040961,0.878267609410816,0.47052681628200743,1.9824035843213406,5.369104393541786,8.633299147048051,10.302744653489855,9.24958610847502,1.348385367790858,14.438934019145867,0.8470935206142409,0.6818317423264185,0.8270146557026439,20.319956520701655,0.10352930465144002,28.651655144161648,34.63413135423428,477.06567501491986,61.59407990450855,19.36874967681037,4.0829613539907665,22.019973268114782,1.0655073639971013,10.411072716721618,0.0973897552324666,6.924938290130298,26.312659814622666,1.4544380803902943,6.229283465279473,3.4458960003323025,2.68129613465733,0.9910673857735876
227,non-NP,2.898936622283039,8.191123092110963,2.2410096438492055,3.690540526261298,0.13168267207220197,12.514922612460275,6.5612449891427005,34.27730818355785,0.2667272239923478,-0.04482733330908505,0.7283881271586701,1.6625406857509868,0.6774828975720079,6.886988120920518,4.066826173370562,0.9561634028659147,4.661323750812752,0.21207869355652403,-0.02285436340025626,0.14761362511746803,18.66379500412971,-0.015924471718094805,28.742990493774414,25.360061263131968,420.28119143317736,26.92209248068941,10.213468243094052,1.213829608305412,1.8056030269380083,0.3795258703267588,1.5137941895484213,-0.20286272898973787,4.821530397054792,16.897227862301996,1.0256266243317549,4.737965419011958,1.991405155728845,1.6107345346142263,0.24713918706947885
228,non-NP,17.269700042613145,36.711210529258274,6.645718320623624,15.732628581209449,0.7456966137344186,27.015737617640955,10.869881842430539,56.07257716686695,0.9551121640418261,0.3503609637112974,5.849728017658385,24.737253407082815,16.107836609453646,8.973466879361636,7.418151962242766,1.4518231842424962,20.05054640689526,3.4267173071619434,2.469676393193084,2.8549692537877465,19.934371076701904,0.5910624870667597,41.486284961948144,42.6169531707063,372.6163304316534,53.11075914125888,24.220482107880827,3.660411722474284,33.047047024195884,1.5175047512579756,10.722383626168988,-0.04788260928025566,6.154938311159783,39.94548058819461,2.1633603170320583,10.411197027602753,3.007775088409325,2.3767774615968977,0.664709415005663
229,non-NP,8.06702845783412,5.49396311145329,3.0461187623013037,4.60597975692603,0.26065385401056246,4.396770079417345,9.261350432004054,26.430356672440453,0.6850103020411115,-0.012591090567153075,5.618810979114183,1.466502091141938,12.11114747833194,10.37600179102229,3.8915201122364063,1.0083601289782032,8.422747526495803,1.1908588573689864,0.3559592372427384,1.0113538390817656,16.619460559496925,0.09619157565837919,27.388535203604864,21.26276757781515,326.13036162277757,27.653624985933078,10.611288969544159,1.0512128934778016,13.032173032788078,0.7361658997358022,3.942034669995212,-0.12321061968011246,6.554049831357431,24.960180337401642,1.7378556735214146,6.524160535856225,2.0597844733588997,1.69598984923856,0.29654028165591056
230,non-NP,14.29841083288193,13.089180591240403,3.3434822180054415,3.571393909785127,0.3497560194862837,12.953824189322445,13.45590822263198,39.79697476733815,0.6042743103409357,0.24765976134222,1.346489231694829,0.09471142187007751,2.5481220398461093,9.678214533762498,4.422663598525768,1.1745515194806186,8.404477671918523,0.9676711653208425,0.5831730773841793,0.9317766623571515,19.381841829678955,0.18216080523350023,32.03179903463884,27.11377177345289,464.09251906655066,38.555860963681795,10.514286106283015,1.9333443218334154,7.53373899419702,0.5586595949562009,2.3314319289188874,-0.10346356576668438,6.047963395686648,22.37597019022161,1.56751488013701,6.074707581238314,2.1018176796761425,1.8362916613166982,0.439980440878902
231,non-NP,34.23259483519439,41.725549410943515,6.536153541706707,11.562803424049967,0.5355015680193901,10.74495681050275,9.784201039575244,32.2668098449707,1.595994168882435,0.14562793236628577,6.7631500655734875,21.27339723948262,16.594388212672428,9.574194003440239,6.07232843497831,1.3528943193925393,14.152573645184118,2.387977244686714,1.306573226383409,1.9725200912436924,19.64801714944691,0.32413684647731683,42.65114449165963,39.165666714576695,395.4781454550254,44.74307090545551,20.758325772672087,2.3620794028849215,19.753930667991046,0.9709675473741082,6.457373279681732,-0.09177176863603244,6.555989469604166,37.4761594617689,2.167460698694796,10.420921632405873,2.7243460668099893,2.1064554446452375,0.4982933780563857
232,non-NP,24.064731428436207,32.03910902972099,4.467074980922775,5.887798396961265,0.37544091118901385,26.925942299489297,16.988375077060628,53.36474742141424,0.9939962946901137,0.3674715916607894,2.3701110201723443,3.633168734906004,5.573550031448017,9.91848528618906,5.68338254744566,1.2961389328919204,12.126245674004952,1.488392092580291,0.9068272198532142,1.3859552682614793,19.359696997967593,0.2295082143197457,36.693402159447764,35.08381305579113,537.9659842696846,49.013336564208764,12.108429871353449,2.504815722213072,12.444226081265073,0.8069522977434958,8.432049420108681,-0.08573571987011853,6.644501629952905,26.891725521461638,1.7075891354504753,7.501405468174055,2.7056415466701282,2.169901007530736,0.6260940803264627
233,NP-related,24.588930502763173,30.801674339786384,4.229613305972174,5.486805443861607,0.2888183305756404,19.38693019200284,10.834182101946615,33.053939232459435,1.0680933448557675,0.07190894888570676,3.7712255826363204,11.704153615299175,9.79076166842902,11.084259667763343,5.568485164180256,1.158198913702598,9.733962000799902,1.0746279424831022,0.7868041462909717,1.063712614430831,19.10103167648105,0.03906107414692927,34.99638680678147,34.732721391302206,434.3068220872147,46.68604500794273,14.060110070155217,1.5652922465251042,10.312346643656314,0.7157246692013521,8.0193388424366,-0.029945965189164363,6.098626054978098,30.000277460538424,1.8395799425932078,7.930901325665987,2.6382732703135563,2.0963960519203773,0.5250171573253912
234,non-NP,30.53552549313277,64.87022205033901,6.912183028001054,13.02230017981791,0.3541151345030874,60.09269284877215,25.931806238288562,49.32632659846901,1.2987600972509796,0.2904471400806792,3.7604882778265547,12.00405133123243,10.650892851628484,8.655738871321718,6.774144352094319,1.3204735334102924,15.805932374673091,1.158921147471306,1.016789050685226,1.6023676194186904,17.091359786154964,-0.03027173777262115,32.5373229491405,35.871359760021384,421.57348567604015,65.53750591612427,15.290998972379244,3.364601253444313,19.40654793030853,0.9123050854248218,10.849034703335661,-0.10499131633963786,6.138825718579122,24.11854439107781,1.2093919856935484,6.533263940077561,3.411683011258769,2.6618167049864416,0.7112799253809501
235,non-NP,37.934364396382165,53.88524204307668,7.714030142237502,6.222252652890147,0.35111366618212647,30.19290429387271,18.922536772441095,55.808637944663445,1.629263577422476,0.0860415616681292,7.541241185451913,18.7891296650937,11.245115322881844,7.287907131319123,5.656333694510385,1.3102315703058631,11.145341992789948,1.2788925724581066,0.9846800600246686,1.439923412189251,16.16779751589662,0.005639771111233811,30.65744285273358,34.02214355892743,327.19454199318,54.360310398371574,14.5238463238972,3.0732823702378003,28.089147675626275,1.1408973930639041,10.345602117405969,-0.17618978810988792,5.8406197277562155,27.240081422697237,1.431744504265669,7.11221247766076,3.06377982511753,2.410166114326415,0.6171593584985818
236,non-NP,0.9229928519605668,2.0127311910667,0.017358601873004167,0.0,0.04143364125386227,1.9544148184210917,0.3843258553971502,24.03466394705366,0.021374519286287388,0.0381631051522297,0.869704365210478,1.5472411122292016,4.8286285841696825,13.28521909639817,5.65151428957849,1.209819751192433,1.4223644086439524,0.029678207973754693,0.1287077518338843,0.15355847784599594,14.022961906364996,0.04090084569247136,28.326519884804423,37.874196081873436,445.1174609753514,41.16919734710854,12.573583976242894,0.011295591481932432,26.885939261509655,1.0449445187748936,10.245457850974198,0.011936303628825171,6.66780402721989,42.025511320247205,2.45125474763471,12.689117124838422,2.1627720400344495,1.6271420144295508,0.07277682379078548
237,non-NP,0.3765887885707097,1.5084143753136552,0.4529474584195872,0.2688888105142609,0.04229945751829344,0.5886220462612637,2.114351606774099,21.443120771241418,0.007481456019924684,-0.052571276695585076,1.1558369348205413,1.3317921943023567,4.778187839860105,11.910100163765325,3.8846374476030108,0.9944874163970207,0.3925437079652131,-0.039833467549789094,0.008860350373987724,0.12002734654103812,14.975136633610886,0.056917118744978915,29.069931382114447,33.64414387273795,358.2750005629456,28.728621159766085,8.428928940041551,-0.07958488076364675,15.054515278157869,0.6392626122952904,5.1709614106560196,-0.07690535062241359,6.34933788742044,25.848965061521067,1.8963617560932937,8.180350576789634,1.8280494004777335,1.4156975121174045,-0.06014380217943788
238,non-NP,2.064264321757585,8.637003545953837,0.5520668593090701,5.127071692944181,0.0536590639085318,12.252423366164361,2.97453772172517,32.421887865718105,0.13348908745683735,0.1247007869276571,0.233072029039125,0.45739852740376774,0.8038573237409834,13.422383435764669,7.757891770570849,1.2911004612904897,1.7350870389339474,0.07830639110671313,0.02090299459208983,0.10368028898312716,14.63680193744678,0.008718089577279152,26.43442736797451,37.68836532610665,497.9068329615624,55.709514335588906,15.592729367084385,0.2132627995950835,18.571833180251346,0.8423540507772261,6.687292243095161,-0.07186360754251989,6.703175369247914,23.34085006003054,1.6354204679127806,7.795296621618804,1.983753892945947,1.8239359900077678,0.10667019176777469
239,non-NP,0.31395498248282827,0.21637623259711014,0.3263313258439303,0.12582781378511343,0.06619543502572924,0.5341959915108286,1.7311866952478892,21.5740083694458,0.06005315235757736,-0.04715912943822332,0.81987617533654,0.0747093121495169,3.750551611546468,13.138976297378541,5.231604699679301,1.1616067999601365,1.5662200743914583,0.029189721762668354,0.07409742118790746,0.1369716628594324,14.032640666514634,-0.06459508078172803,28.41295680999756,13.228397503315136,409.3100338745117,49.124068918604756,12.832983236312867,-0.04560765558388084,28.68427136242972,1.0399848980785644,4.58851021794253,0.02927784405881539,6.86769524809206,27.926399126052857,1.8530634355545044,8.396944532394409,1.9609971606731416,1.5402635109424592,-0.03807829805100483
240,non-NP,0.20846445457475965,0.12992720872853034,0.32077781908261555,0.3332349111389598,0.10418043092818587,1.9599686495932263,1.311970732346842,22.795848530568893,0.12481415784283054,0.03592182018283968,0.6700673918862633,0.17063151440040614,4.415877614530316,13.921353947584796,6.143018154022181,1.3008555439627094,2.199178448404411,-9.176397590844696e-05,0.057116026008371144,0.048682624767059875,13.231917825934572,0.05865609846678473,26.695092365240594,22.455147787302685,458.30996538879015,48.606964748202245,14.256007713876713,0.03846110046654346,27.74661278286148,1.0730341352914021,7.728013105914412,0.014749771395585481,7.2064685428640765,28.114343637114118,1.7283349849615888,9.189458541809374,2.089272867342469,1.6115125356965763,0.027621814757286155
241,non-NP,0.7507311183155755,9.463470637953801,0.6074248893807334,3.6376866421211127,-0.045761276841516686,9.04181652676385,1.1662141148950544,29.99909689223844,0.07275031181965393,0.05154902694192928,0.09365697196696957,0.31724289742988454,0.05196661052675118,12.273038661557864,6.099737201686082,1.3515740079817429,0.4070261631235541,0.12488679451167169,-0.04442755314156267,0.009647167954301717,12.257461366511873,-0.06013695346845886,18.353941437465693,24.231783166879257,245.41556234920736,36.55854111431479,14.672348717458886,0.16204229802246284,8.915761861384441,0.5517477996422477,3.280715842100143,-0.07763473397490624,4.495528534790818,18.80750621222203,1.0821971349856432,5.587475021290623,2.033395327968535,1.6882893628154705,0.05901822565768576
242,non-NP,0.26479807808812733,0.570450752922414,0.27145068107837417,1.2879731117897903,0.06510853642087673,2.8119969503689646,1.2315874154394,24.246775660682562,0.12560380239919505,0.055751013422113416,0.4752592273084589,0.02772736938208864,1.5843485775782045,14.54875971444288,6.1510560565783745,1.3490077011549293,0.4432764029640461,-0.0171706097240878,0.02156633577407829,-0.003697962966401261,11.548206578661107,0.023864119214718885,21.847064655629833,28.47969268044516,363.45176512751755,38.518511584390716,15.8904859792048,0.08680701852265989,22.023764865168125,0.918587171642098,6.343397286219813,0.003420671135135669,5.884401392075233,23.82131476378321,1.2204411137643172,7.218812123015898,1.9148324395543965,1.5457515120506287,-0.023495777832497306
243,non-NP,0.053095965158371713,0.09303785600453196,0.22390580248265046,0.0,-0.027221515717073565,0.015201124094600497,1.173730557873136,19.479889342898414,0.016496631261959143,-0.11289823906984003,0.303538906858081,0.0,2.364179885798647,11.362624195643834,4.711585921384506,1.0950923664229257,0.284904775437012,0.011310793472720047,0.06267058519269561,-0.05602261758897276,14.039153047776338,0.06414799796683447,27.479366702125187,7.793941571829247,292.9697362990607,43.41851698222703,10.858084151858375,-0.17253729749382252,20.146305718802893,0.7652973553982215,2.3702953506782207,-0.08544340437012059,6.520613304039996,25.4693417322068,1.7441313902537028,7.870340124766032,1.7961616640999203,1.4532916818346295,-0.06212969621545719
244,non-NP,1.756489180577791,9.265011604793129,1.2193244343606355,3.7287430454539336,0.0017129008637844212,5.400833858696224,1.840879427981542,29.627729864164433,0.054944735385202885,-0.06648019163478766,0.5008127967899985,1.78363106830464,0.9461811046143993,10.560242358440627,5.8621903246022935,1.0722477334435634,3.404382650178754,0.3097738366488749,0.04557793714912943,0.27228855046181843,12.976585869810947,-0.08794113499657487,24.51253437446559,29.106557366070177,300.1773215438914,45.71559656037244,13.201624646164854,0.28444421731690933,13.594475300080779,0.7022788918005907,6.37637818304603,-0.10708063369437683,5.671936922705994,27.785736125735095,2.0138565095888303,9.12965891877627,1.7347456554663345,1.453756546919247,0.12362308351676148
245,non-NP,1.9333259878059237,12.459741001675011,0.5068934340650839,4.309849380507908,-0.14846190805546938,16.399426282565564,2.1753054085808503,28.811848505338034,0.0770420817813526,-0.06020136489532888,0.19736064101646972,1.2720114809829053,1.2688408894658558,10.508768258492152,5.326933784191109,1.0198265358805656,4.6084918855582755,0.1851605526404456,0.021809553642136357,0.08195425768693289,11.421625542498077,-0.11994089013314806,23.39429130554199,29.893305293553663,260.7567998886109,44.27798226446612,12.121238986651102,0.30297170917813976,11.386167207480563,0.6420869490521375,6.9102253282180754,-0.2202985908680906,4.954906236441699,18.656628576914468,1.2576518133282661,6.313161869843801,1.779307376096646,1.689917407433192,0.09175311319825902
246,non-NP,0.05016731898749955,0.3095129351189382,0.06741708314752785,0.33136260911882787,-0.015974942042797417,1.6340557091648484,0.7386884673273771,21.21408919219313,0.07817065164222031,0.038991908500159704,0.4056659278315332,0.013628092926322357,1.1916658784956344,14.347610387308844,5.894346952579609,1.2805860957195019,0.31767242888173347,-0.05938814561673569,-0.052363459226336125,-0.07003721847712736,10.459448772659204,0.010526564727679842,18.915493726730347,21.01707323862644,315.7907136062097,36.56167943804156,14.036906127271982,0.033462732026738856,19.225505223507284,0.8092640893828821,4.9809097193391265,-0.020919496346323285,5.570963508480481,22.23907099921128,1.2791274919592102,7.100554034627717,1.7655007620823795,1.4750318357656742,-0.05453673673684597
247,non-NP,0.1757856777224404,2.939416657759386,0.14356850674196797,0.5160122378297914,-0.04731036706708927,2.634935824645464,0.94758651072446,24.34305828809738,0.07978724515459573,-0.017764553302325882,0.34696762570036727,0.05343673738018584,1.104967945210954,12.427722174387712,6.108582096835353,1.2333909215835424,0.5301827174900189,0.05958223063246877,-0.10928693461979631,0.00444322807687478,14.16576509591463,0.002338436163532046,24.991901727823112,33.29605161152559,390.97798435504626,45.35924670120137,14.541826472832607,-0.0545987227680878,23.284472259799188,0.8928316750315959,3.5503367070934755,-0.08335193759837868,6.528727534165507,25.415349272581246,1.5907211584540515,7.92764297242348,1.8678639135681665,1.5630956143140793,0.024747766287401444
248,non-NP,2.1139167323117225,6.549352864048054,1.207270539971808,3.7319454581762375,0.03540917399041256,4.080373174084866,3.7364587656286354,30.590484508130917,0.13168350470183968,0.057371246148019084,0.3083824620794053,0.5841145824030692,0.5041899151554569,12.002734234724095,6.999156114138372,1.2483666876636486,3.037127128382775,0.10107729117763009,0.02746493031551677,0.08672029020944758,14.746386943802007,-0.009615522698454913,27.40071287609282,34.27070389504945,464.0736385930783,53.98604954847149,14.696091843660547,0.09951700482064138,20.031773438230626,0.8397362390188321,6.0307198631633865,-0.050128559979841746,6.576248074131195,32.192704094780815,2.0578906044127447,9.957280080785196,1.9287405506012931,1.6429367708781408,0.11900201938909259
249,non-NP,0.035065531828685825,0.02686431939767335,0.2122784269189365,0.00825204414052771,-0.16283715941704272,0.025117536255298948,0.2889584387211424,17.94919901145132,0.024704152319923442,-0.1395000379508067,0.2100407694417396,0.0,1.5640376992081642,11.82333789844262,5.1836011730368865,1.1770668104290962,0.14205921727376622,-0.01626138497790396,-0.11235873903589029,-0.14444967912736742,11.960790041791226,0.17102418538323896,22.49429494456241,6.271408822238586,274.70217544154127,39.11665812827605,11.959058825906954,-0.18231096593540555,17.199362659031113,0.7188606179325375,1.7609211362708408,-0.1391382809685494,5.977878671259534,21.98008251817603,1.470891638413856,7.33125702958358,1.7980869788872569,1.4706026147070683,-0.05009119836780118
250,non-NP,0.25995098844427494,0.04680381735604291,0.1801281479520499,0.0,0.08803124092559426,0.37856106731528716,1.0008273076844114,22.85197302390789,0.08670930950982692,0.060905516757790386,0.7742037660089034,0.347332210589737,5.69173953391832,14.021836067068167,5.3036342562644965,1.2414940533966854,1.8594138814208643,-0.04463020763068927,0.06085111442873062,0.02482577073508231,14.586380003160668,0.10974265191832493,28.14524214843224,23.920652132937196,480.7015208540293,42.42403514013608,11.42758059501648,0.048153643568592336,19.23847505170952,0.8423860720256043,6.7415692857245855,0.043291819365173255,6.817659835748382,26.03331000229408,1.8683726582033882,8.328841562928824,2.1213763828935295,1.5505249058378154,0.010197771908302646
251,non-NP,2.9601385238181277,6.238550100411201,1.7587933701196956,1.0024676370478982,0.11309888961259276,2.3579908266473257,0.952952325450523,23.662026609693253,0.2023360585544392,-0.05456781048061592,4.836205475245205,10.246066496405982,12.670171264340787,12.693748024531773,4.438739327720915,1.0047000442232406,2.2003286759385707,0.3266081099373489,0.5287411922738622,0.5233622188247474,15.026636428012612,0.07444405730358475,30.86691917691912,34.88466852356223,287.0599105834962,29.013726577953534,11.534039344106402,0.09912006305863283,10.89475766033034,0.5913916367265758,14.832872133095018,0.05707019245809144,5.771964500080089,25.15687928880964,1.7655638933181763,7.829709952218192,1.9179847845009395,1.4604308153901782,-8.68160128967637e-05
252,non-NP,0.007744095687355315,0.8245083931874477,-4.3275713490402866e-20,0.0,-0.3131372916811545,0.16985003940513121,0.11082135602122266,18.166700851349603,0.012224861900211274,-0.19671247874170408,0.08400012676914535,0.0,0.025829046356104952,9.961990190403801,4.238553653837396,0.9697058298403308,-0.003000000142492354,-0.09478233151042205,-0.3312416908641656,-0.32934405354760765,7.111286052053662,-0.1279209937617582,11.051159677051363,15.519543229233207,212.5951744261243,21.627841136680217,9.498436855418342,-0.28478368483982713,6.488208641506692,0.4497168727821964,1.3216905389674052,-0.27636200926887494,2.9765199362317665,13.210291090465727,1.0899264558794952,4.8717229415973025,1.114202748895401,1.163053539537248,-0.09174475766650134
253,non-NP,1.1324685838818553,2.9759666793030046,0.5717428417480552,2.894924771584279,0.13234514061361552,6.82795191633735,3.433997411280871,29.19030569076538,0.22943009842187173,0.15298252549022437,0.6526632076129318,0.1740623167181134,2.0783843984119996,13.98481644153595,7.933425170144766,1.3517972534894944,2.282995108436444,0.005277326305804313,0.05791831386683043,0.03855546245991718,15.278085725670099,0.09250356820266462,27.637388429641724,38.92483362617405,558.7027151489259,53.437653060666925,14.767159216403961,0.12854032586328684,23.145736099363422,0.9649149688396121,8.234595391122275,-0.03247857712733094,7.1453836630718435,26.580036802291872,1.727465696334839,8.62201734304428,2.1406824439764023,1.7135828602313996,0.07403602327995033
254,non-NP,4.6656731078257945,8.886191768120836,2.13279375462578,7.314629384068807,0.125577062751668,11.65004193376148,7.848877073251287,31.14063521165114,0.31734787753711535,0.1162976144042869,0.70688854272549,1.6340314230330264,2.0622146224161715,13.371806100698619,7.44177303020753,1.285812783241272,5.656492576361275,0.13501571368632057,0.12691167797176883,0.14586394677798337,15.68276228335274,0.06811870327219367,29.52838324033297,39.24635868501538,617.7806476299581,57.473857996079516,16.133582980816183,0.2572076916999112,21.623139488582428,0.9274942698674219,8.18714654271473,-0.03353376664140691,6.87601619277266,27.59714236626258,1.7796363179500287,8.77387653864347,2.241291587169354,1.8010416764479418,0.17726000395327557
255,non-NP,0.8253442480300485,1.8767709664436651,0.21112974046039976,0.0,-0.04752078936759902,0.45507792599866903,0.6859499545982827,21.809399348038895,0.02461881605379929,-0.023947798946979813,1.1435776057724771,1.8906216676342802,3.8889137080379843,10.564187875160805,5.1073605107672995,1.0588610739662097,1.4940289171164085,-0.04372676213209232,0.027256923315760035,0.0525283189311337,15.16123148935059,0.10623473335111228,29.308006580059345,36.36484217194878,441.749326999371,31.672010009348853,10.508905415351574,-0.06120098296490211,17.752356612422425,0.8063718961543838,7.6528657481069855,-0.06369073547718401,6.189314641492484,39.921377402085525,2.362834158998269,11.586507467123178,2.1235232995106625,1.5435442179441452,0.03762564142904852
256,non-NP,3.694531483081173e-22,0.4330391510535862,0.05213044019359532,0.0,-0.3460976303921956,0.07019257056215256,0.37282390486110345,16.39419481971047,-1.4955827841295567e-23,-0.26442299385301093,0.15327428876789237,0.0,0.49874763410911765,8.826886307109486,2.7215768995634853,0.8264519084583629,-0.002348484960031893,-0.12543911839549604,-0.2833907890105338,-0.29479833653859905,9.539651968260648,-0.1215398171140502,18.92444119308934,22.032247199411145,230.83268997885972,24.01369847388229,5.635730754245412,-0.388699595675324,6.786182140508159,0.38174898930403905,2.754106191419079,-0.3164249287184441,4.340484696375577,21.01833848519759,1.7871783637639247,6.950464627959511,1.1967681632800535,1.1334960943821706,-0.14529908456367568
257,non-NP,4.023084515934756e-18,1.1726491099260288,0.03366449571424915,0.0,0.12259373922021158,0.01550537135692229,3.191636843209723e-18,28.595549121979744,0.002032990417172833,0.15698329806928674,0.025348199952033256,0.5130555220400886,0.0,6.695420672816615,3.2983637779571815,0.9552756134540804,1.373983936228474,2.0980491381159223,0.6651838558665928,0.9578527548620778,18.24625893116688,0.760283482170874,34.74593248674947,26.878698227274437,268.199082159227,14.294719307113537,10.336858926280852,0.8308611589093362,0.034935485530314184,0.47099118641225585,1.2619516728427111,-0.24977428970798368,3.6642898436027376,12.925445325912968,0.9896243214607239,3.970977629384687,1.3240830917512216,1.2789309495879757,0.06654461193900191
258,non-NP,1.007613489631241e-19,0.699527830199442,7.885489584198075,16.9537102131633,0.48531483410901965,6.864484723379976,3.2664263195964325,25.134676009889635,5.0488806021591985,0.7856063888009105,8.641397281594221,14.44184309596266,20.971654078612282,9.718259807616946,7.241203010103495,1.1120040000431122,50.45412144406111,13.12877285326942,5.633401586422845,8.169057829039437,55.42861374382887,2.6838313797636637,58.518852748568094,47.866630745765086,354.6417749798487,27.619311030315224,30.084530724419487,4.76579776737425,38.98934312173561,1.5271745056133974,3.599976361465884,-0.24801018801591698,7.443762906808555,97.75464984348842,5.224062484408182,23.51232499546475,2.6222585874890525,2.598062124517229,0.7564738418285932
259,non-NP,10.575680491664722,11.410427707898341,12.937772407647106,31.909242882019434,0.9751602777790639,17.428751615210036,12.711350723740559,39.72705660327788,2.902783256865317,0.493403754681499,9.507008689065135,34.92455772996716,28.352949040034012,10.763812897666808,7.891520819660547,1.3172836767569664,37.03668724301913,8.649783824393976,5.200059781632116,5.333376966657177,36.728574325158746,1.741072095555043,61.208476112734886,52.31466371213163,523.5753062463576,44.20735308400336,36.788122219424096,4.763358871001871,48.774042639223254,1.986176763210867,17.29171453098975,-0.020750744289304544,6.510667474424648,70.05599584887105,3.5522863105420144,17.54817362658439,3.186607229132806,2.4602926447987556,0.7057731385474536
260,NP-related,6.199723804298568e-19,0.5498850989209196,2.2574308137310317,1.5349836355532394,0.07944400550579613,0.20158449647524285,0.794406594272624,20.554884748255954,1.7915382534265525,0.2722137253731489,2.8620024602463916,0.7442620333197713,5.792499794381108,9.969462988224436,4.081373617583713,0.8958513698679336,23.089979820119396,6.148246741265386,2.2428259044846004,4.171870461605648,34.41259737919144,1.0967958357105865,39.80596706715036,31.47102170132583,235.19436304619975,18.295729341108025,16.02145007823376,1.8570837714570634,13.333724037573198,0.6864186100748982,1.6161064597396577,-0.2688051011968166,5.589128153259307,52.30835398207319,2.9973155767359634,11.206946958886816,1.940339131558195,1.8440180065784049,0.29284866185530817
261,non-NP,8.031374896651714,9.780066790542056,19.654183341716905,36.061007648084264,0.9995739922441286,21.22505510662242,14.92685372582798,33.38810687887258,7.204468542954021,1.1653715072007014,16.843584777568957,37.23218146714426,36.515989367746755,11.478916589145003,11.480630734333658,1.5390629521731674,65.81103071206297,15.65686218645344,8.574527148542733,9.471264365623737,67.40309285664738,3.8079119230138843,67.4967718979408,76.96814953402351,587.0203139732625,40.89738971736394,49.113053604652144,6.491319791201888,43.42605723504074,1.8863758724918342,13.298731666138588,-0.01939625711469301,8.321408181496825,124.21936185113314,6.652086687088013,31.061176668364425,4.242217629531334,2.918757731339027,0.9433990852946692
262,non-NP,5.412436897360434,4.267929436170536,8.080415427215458,16.479778879824483,0.5264841555287754,6.125401288221256,8.466443619155509,24.962379545677365,1.31036678660573,-0.006271376035278883,19.847405178340406,48.874311537781495,48.189564010255395,17.05443177260752,5.50328177811512,0.9932212670018353,12.313701372270978,2.855021324255284,2.0016621445914304,2.7376666406946857,20.863693904358065,0.07708628642864114,36.639878220445524,38.67965857931111,336.61891306479146,31.65565873291591,17.062450022209347,0.6564621311121099,44.52834069765976,1.6357031743991781,44.62396274944566,0.360988561863329,8.146069883852906,46.70484009690172,2.489460622231791,10.906958016823596,3.0099131441491793,2.1513883499648627,0.4444406029287503
263,non-NP,5.435261510113345,3.5711062517184256,6.968997925360575,12.07832847857255,0.4659120060433758,6.035696223216611,10.946433869275182,22.130785692184368,1.1174024057420182,0.0029681489060827118,12.114114890124073,24.312578748817945,27.296246019405814,19.20150440899446,4.886738152511514,1.0119609660643307,9.106968346996268,3.7261596635587266,2.562551229933207,3.1186914122040896,20.295824493411654,0.09910144448889803,36.489712577452636,27.80630558000332,388.8586367438822,27.983430959758994,16.954242971491688,0.7408630369420357,47.701424725589035,1.8532993166553482,27.46927403199317,0.14975644077826789,7.156803483633389,40.04466982958789,2.134043149132142,9.767479697650767,2.1674664444464415,1.8260683860370819,0.37067187709643895
264,non-NP,1.482393515415681,1.018196597664873,3.826269226069125,4.988967656869517,0.19144549631537536,4.430139872343364,9.919128654349567,24.04091606792222,0.7123228156159069,-0.10704569198573247,8.198649251053476,3.3201268812428766,17.17531043465305,12.662760661198543,3.609184329990003,0.8374322005826184,7.09328238819487,1.759049877339306,0.3821248925394482,1.3137315717708862,15.9475563130238,0.04008399734162112,25.8827451885256,17.5815889510662,362.7384736150758,20.828156917845497,9.500451047196348,0.38317893247287244,27.76418080590725,1.1380999181548208,13.342684394427232,-0.12074125852658708,6.786037658380782,30.591272407107883,1.8041956404335477,7.772196547597901,1.7046228998746626,1.553818727660383,0.23154181791370582
265,non-NP,3.5491721562192415,6.573899422197307,6.327752058830444,15.525113496175436,0.6444364214622522,0.4704486208453897,3.1050810082049316,22.361478189878827,0.674682752777457,-0.040308596824938314,13.220419612489172,37.78075576171964,37.66034724325381,14.633263536646396,4.582771351569424,1.0706563176988046,6.855785135758888,1.8499444065290604,2.0876332880587234,1.9716690049707135,16.328829889501815,0.2739260525890638,35.8721220885651,39.170028981718545,177.07971176920063,19.142049511787377,18.36780354342883,0.2846057416600046,16.14957038731656,0.7522644711218287,28.019963356193237,0.2200612472900767,5.74723814054458,31.622548012793818,1.797654320922079,7.929448539697671,2.1044203129750265,1.5072427969190139,0.03187292270236477
266,non-NP,1.7724484633981143,0.4774272762881207,1.8315876277751832,0.04045041067374724,-0.019072363153100014,0.10684155365303863,1.6634858846664435,18.202423254648846,0.10543648566511511,-0.11924020310847513,5.692621752096898,0.5140494943844144,9.560698263321436,9.780897537867228,2.2509836788838653,0.8865954232843298,0.23919299381719739,0.34493697069027757,0.705175650224351,0.5180394278120315,10.259763645207338,-0.06512651322082731,23.497636995817487,10.165650136762405,72.55665203562955,12.045760332124223,7.068953744152136,-0.2689470423369162,6.019342391166567,0.4083551912672754,5.8349915052173875,-0.08506296966796774,4.266037541538888,19.000373313301488,1.2764945009298492,5.679756076712358,1.6221880379476046,1.302249395010764,-0.12272195313556027
267,non-NP,2.871132756407197,2.390231646767442,1.7111637956790027,1.0931125204925956,0.142610992254639,1.026384214160145,1.1357813723855192,20.860549900982832,0.5086193685629616,-0.019281592144555337,6.334097518543672,9.272293037567014,17.690383391245728,12.87065838478707,2.6698294006841814,0.8659104570612177,1.2916126739609197,0.05858146804668062,0.2595027251638942,0.3068090038843923,14.259343019624762,0.15290910649943995,29.028279347462696,27.392360341748542,106.99733301111169,11.556995732557167,6.600646738533501,-0.005733728291349368,3.550774943427527,0.31138498366575046,21.832298334275777,0.056546377716585994,5.770684377627232,27.375378509899516,1.6720618154551532,7.376319279541841,2.106679539422731,1.54052537787068,-0.038169192687017316
268,non-NP,0.9143188404380731,1.002239047490395,0.1175597557507524,0.2389683309074505,-0.13128331828213066,0.1121625202148952,0.3070000472965591,17.06118567930449,0.3333012739862872,-0.20181969860664764,2.777040513010201,2.035640567668897,4.695879703607419,11.16098663785042,2.190066358174941,0.879284878389551,0.1853119354073488,-0.105445959094224,-0.18865635505783449,-0.25884651079978965,7.290238878377841,0.1041466685123058,17.295912401391824,13.753116873134758,27.84195488746014,6.543477159075187,4.892639282646529,-0.08493578575824925,-0.009000000427477062,0.26293411563553404,8.492816917148607,-0.2027612808544975,3.969171518875114,16.86790322819981,1.1542237772854096,4.788044894507172,1.621555417502692,1.2693997266095713,-0.07323916188130555
