build,state,subject_id,repeat,edge1,edge2,edge3,edge4,edge5,edge6,edge7,edge8,edge9,edge10,edge11,edge12,np_sum
3m_268,baseline,112288,1,0.12925414823934903,-0.2651809053753159,0.040872017494569104,-0.050945654614795874,-0.11653738851330095,0.10292816172045959,0.0817441387660197,0.1334640007403272,0.35903681248897845,0.466008266044615,0.1745964033942288,0.2505560685397521,1.3057960689248862
3m_268,baseline,112288,2,-0.03713738553397699,0.0506113238626309,0.06230685000642458,-0.11552802574961382,0.14637012973121344,0.09172248420021194,0.08946353409080576,0.18587778078140071,0.2361724678970416,0.2530941041143173,0.1528231651132363,0.1540797671932777,1.2698561957069694
3m_268,baseline,112288,3,-0.0066166186431323906,-0.04821861245950454,-0.2043761169544549,-0.18300598731179732,-0.04838163902506643,-0.035544644019208135,0.02654945914713307,0.4287948881145285,0.34192978492751713,0.48684086657018066,0.18383852586887914,0.23786903182795513,1.17967893804303
3m_268,baseline,112288,4,0.1718437570852167,0.25087299625113424,0.060094798434537626,-0.31037649528370354,-0.18987717581379698,0.25315583249078255,0.06289958879903672,0.30829244924551263,0.1498654460871637,0.24639650406380162,0.2734876674934879,0.07995224318646386,1.3566076120396369
3m_268,baseline,112288,5,0.12620201839553624,0.08433432280348405,0.01792971052095902,-0.12526369220938252,0.25996783373277976,-0.34115169405753226,0.0026444304819009112,0.32753815755620014,0.24443232198912787,0.20886691973872895,0.22417191044947404,0.11425343796713049,1.1439256773684068
3m_268,baseline,16275727,1,-0.09772404155891597,-0.2763256541274683,-0.18070532612830342,-0.028426979783378388,0.20107917004192188,0.15148229389262827,0.37333293123029804,0.13791485087812652,0.16141235069766438,-0.22230960670685782,0.21553512352480733,-0.006173102884363307,0.4290920090761593
3m_268,baseline,16275727,2,-0.15110062524519818,-0.28074244823169353,0.019372042190608077,-0.3085155041950957,0.16888212678623796,0.21472838597606245,0.4964618020029783,0.16587462379636844,0.08243564653976458,-0.01677608182341755,0.24742338056296878,-0.03626810921520408,0.6017752391443795
3m_268,baseline,16275727,3,-0.15688485415474152,-0.17135969306171608,-0.24986947120405412,-0.19425716346511823,0.20947500581100054,0.14558600639514174,0.49185152812649485,0.2651526132300154,0.1165581012109599,-0.15576167447103884,0.19591675915434145,-0.05135414772295746,0.44505300984832785
3m_268,baseline,16275727,4,0.07756012515229989,-0.02561298308836651,0.07414972538218945,0.07907224381619313,0.04181252436474857,-0.2625724198307683,0.48197310922911424,0.16825110605930918,0.1277017149734907,-0.22620050197716093,0.11322110032272503,-0.015376969954821212,0.6339787744489533
3m_268,baseline,16275727,5,-0.09935308804437548,0.053344717480628724,-0.07289326135502333,-0.4019515315560186,0.06323172973769768,-0.07831980950982304,0.4802834601801707,0.09740940464254161,0.13731399660407406,-0.028019537678321018,0.14490662516805033,0.06569970479503791,0.36165241046463953
3m_268,baseline,44576096,1,0.01234345808193816,0.08358531529453167,0.001078803303868402,-0.07282190034315053,0.04722016155315266,0.03819640359788579,0.9600948601073251,0.52886670645701,-0.0899258093280847,0.2678278858769021,-0.2429813316544456,0.04615149719922703,1.5796360501461602
3m_268,baseline,44576096,2,-0.07716642548213946,0.2804498446320707,-0.16829898224573445,-0.2638608759071172,0.23103766940446557,-0.3248901843991365,0.9174554889637899,0.1539014465779925,-0.27091124245758325,0.2496495340268092,-0.370583228792823,-0.052443331281746275,0.30433971303884777
3m_268,baseline,44576096,3,0.06813016249325135,-0.07291093125964149,-0.03759398555495365,-0.25844172638369256,0.05381212321824666,-0.18187577271286823,0.9392724298321933,0.20973059759657828,-0.17689875895923338,0.3267854059402842,-0.2854693273643463,-0.03207534186797897,0.5524648749778392
3m_268,baseline,44576096,4,0.05841818905152318,0.224626080973845,0.026481198183200483,-0.08837208720661006,0.06634471172936461,0.03440080383568251,0.9970922743431125,0.4972474558663917,-0.23465748959764834,0.33205565080523164,-0.5538207531039512,-0.06613073435260687,1.2936853005275353
3m_268,baseline,44576096,5,0.04423314449705201,-0.07168711946019268,0.13338557309876758,-0.22548660635668374,-0.008293776154159499,-0.023397954381912004,0.9638660565451506,0.45925932524015933,-0.22401933899598322,0.07502283427656682,-0.373682953046542,-0.09748045774082344,0.6517187275213996
3m_268,baseline,63218063,1,-0.21090963734232196,0.2035613827907337,-0.1874145329905098,0.16708179796776118,-0.022879362781123663,0.14771586213132115,0.4123108340441837,0.1810718568959617,0.24610220997953722,-0.02469474899583829,0.15580434219967573,0.18869061809291332,1.2564406219922941
3m_268,baseline,63218063,2,0.10110738975102349,0.0494781248326097,-0.0531902999639571,0.20217880659874393,0.09477351293843539,0.11345485297927556,0.5394745606579182,0.15086506005602152,0.2296345412033568,0.24549374097405818,0.05240235344192884,0.11591477332043172,1.8415874167898463
3m_268,baseline,63218063,3,0.14987905485787664,-0.12169024233523935,0.09003333367246696,0.4783479936153644,0.26506598766120865,-0.14063513924614574,0.5009342530411097,0.23325327253073,0.21531742859343883,0.12931005162239032,0.25423052067977053,0.10631581310347238,2.1603623277964434
3m_268,baseline,63218063,4,0.0673289798051863,-0.05041172391863483,0.06015557927497087,0.18147212937594653,0.21281899854309438,-0.011771004047836328,0.4353370984310884,0.015029445792258104,0.07556289902115108,0.14529588791395132,0.14340795703307932,0.051777664555573887,1.326003911779829
3m_268,baseline,63218063,5,0.08465066214752134,0.08347570560245822,0.02263765630339194,0.2903668174364326,0.2487625941154249,-0.0198608402908534,0.4486224792858586,0.15928906374944646,0.13006275220370586,0.17369787636516443,0.18893522775143412,0.07236032352587711,1.8830003181958623
3m_268,baseline,67342911,1,0.27970801555215047,-0.1673333270179633,0.039931296068899357,-0.04166274824072102,-0.20226563863632885,-0.03615832626997869,0.4977467251866771,0.20389448683550604,0.030759807185919988,-0.056130925442221584,0.3002893049337886,-0.004906016132540381,0.8438726540231877
3m_268,baseline,67342911,2,0.15308152279862214,-0.32419492437845365,0.30934045284048156,0.02667525452870896,0.15147731257390118,0.19265558672582275,0.13313968929886721,0.35954338981754247,0.061913049167658135,0.15696236081176493,0.27947767469443147,0.1151394686040358,1.615210837483383
3m_268,baseline,67342911,3,0.2682170737086519,0.06995215976341713,0.11683012473599831,0.039122723799106425,-0.12743357495712013,0.21351457245747832,0.13870737388012186,0.10337669255364107,-0.10426203572314852,-0.04704604722184915,0.32242425497554766,-0.10494494898493804,0.8884583689869069
3m_268,baseline,67342911,4,0.41858060611820164,-0.10598409861163284,0.17146982157097396,0.1078563792259135,0.08678388612976154,-0.22411347709234616,-0.008383150422123046,0.22759195736150398,-0.06771247082166261,-0.12706505655426495,0.38887199184802723,-0.08949918675267886,0.7783972019996734
3m_268,baseline,67342911,5,0.0017876911033220743,-0.1470204012651313,-0.057577195241426106,0.03882394948065037,0.01957459721957086,0.012920595272055697,0.04300832115032074,-0.12056402605240979,0.014772568714588796,0.2862999086069293,0.051460877829652286,0.02204324477162305,0.16553013158974594
3m_268,baseline,67844279,1,-0.013652544703440971,0.013646682187601369,-0.3180247978772634,-0.15133177278724316,0.15878799204117272,0.3881547110007798,0.12044718132542787,0.10423775096221675,-0.2539243877494812,0.0036197827687650306,0.16316804840506186,-0.34813969345050494,-0.13301104787690826
3m_268,baseline,67844279,2,0.01685197266203722,0.268795885628291,0.05153373036557627,-0.005451219463888432,0.27613415275039366,-0.5416420918115346,0.0530297372994026,0.2097576459783427,-0.33826564928101704,-0.08331568816577396,0.11646161499551481,-0.3748991495800646,-0.35100905862272036
3m_268,baseline,67844279,3,0.08661097952071653,0.24421295424388176,-0.17092342188236082,0.021324890649156655,0.22802571675798816,-0.12956620552879755,0.12598484735278642,0.17082576501070726,-0.3406366489896146,-0.00039229930361687576,0.03655652713223445,-0.4070455289272272,-0.1350224239641457
3m_268,baseline,67844279,4,0.1035990157677808,0.09612003333722498,0.09124317366565879,-0.07301401257316056,0.015373834641534924,0.27440643439808043,0.09999674641935165,0.2793554896516202,-0.3806083227363392,-0.0348563878786613,-0.001953250295415302,-0.45096912471265344,0.018693629685021973
3m_268,baseline,67844279,5,0.12227048568560962,-0.03264677270451947,-0.08818499120396603,-0.0019418338921245225,0.11906669258336443,-0.32270672271892814,0.05221414725854157,0.1926459955039009,-0.32333448036711593,0.037225768335214716,0.18861885733862993,-0.3854097552880001,-0.44218260946939303
3m_268,baseline,111086310,1,-0.0557533342009812,-0.3053657843869946,0.06945236668204191,0.026843023453014113,0.14910200918094424,-0.014786098696850186,0.24445733219685964,-0.4074896256226587,1.0591811188510067,-0.90305032442773,0.8009697985333494,0.7538362392490215,1.417396720811023
3m_268,baseline,111086310,2,0.06996531540424071,-0.2735202995811922,0.04158575023161369,0.04894399255178571,-0.18626799281567152,-0.26451472172775814,0.3433617497319286,0.05770890860674497,1.143664516131712,-0.19785887692714024,-0.337173952081868,1.2374042537312784,1.683298643255674
3m_268,baseline,111086310,3,0.19274327849595924,-0.12455133716243494,0.3109179856632437,-0.3316573977649841,-0.023322150053102043,0.09127115117897261,0.2668879721848742,0.03627159944011993,0.9084613496252079,-0.4124967116521818,0.6421537689594423,0.8283742027047705,2.3850537116198876
3m_268,baseline,111086310,4,0.1185180277491977,-0.12465651799835653,0.33679681921665006,0.16389430346288864,-0.05871154326028793,-0.06407351395366359,0.645425371753139,-0.1566679548192914,0.38777443966412334,-0.6399394208366814,-0.13076079759288328,0.43068688133700817,0.9082860947218429
3m_268,baseline,111086310,5,0.1935255745109151,-0.059448863011344326,0.21791817554500795,-0.043560586449390024,0.13143784741829168,0.059854145374850745,0.7092352337352787,-0.37755499682191135,0.49199637242456457,-1.1404781271198428,-0.5968497665438058,0.6097197997541771,0.19579480881679157
3m_268,baseline,112517217,1,-0.46525255862021087,-0.2227170644785224,-0.19560284764668867,0.13604525842576126,-0.03199661847078788,-0.07373681807192044,0.48524654589593136,0.25669993173532163,0.0477234092290574,0.4095787580377514,-0.24891347920230344,0.12901978995245678,0.22609430678584608
3m_268,baseline,112517217,2,-0.3261008231152527,0.01904046507060238,-0.11136677865993916,0.17755943282123876,-0.017122144119709713,0.039247022550449574,0.5189873875432665,0.21960304484822787,-0.034377788504166375,0.6454326072996411,-0.161906861287983,0.04637589010081811,1.0153714545471932
3m_268,baseline,112517217,3,-0.4470976141126233,-0.1923434357890101,-0.32308381106497774,0.17934430013374653,0.12649306497723406,0.15760669585397893,0.47177454315695516,0.17952226621693113,-0.02688215420125556,0.3372350799181407,-0.13039202724994822,0.057494942892010896,0.38967185073118255
3m_268,baseline,112517217,4,-0.250459680169823,-0.22166023682871472,-0.2477612236628121,0.24695729611706063,-0.07220062122140623,0.01871568480556007,0.43429520474857375,0.24256684791452712,0.050943702673660524,0.48978781127839044,-0.23052891679540063,0.07457435291895163,0.5352302217785674
3m_268,baseline,112517217,5,-0.27006689541948836,0.021344554832172145,-0.3354600432297668,0.14608441577554043,-0.08221592152443737,-0.2090138288244903,0.45520600857553245,0.18680773416756447,0.05827702974928573,0.31199252998818894,-0.20711941410123993,0.09808702455283665,0.17392319454169813
3m_268,baseline,113174215,1,-0.2089415328818119,-0.006487356584412157,0.05250610895482646,-0.10928107534220408,0.0596074135577471,0.09841852699599032,-0.20324915200833094,-0.45913694171811237,0.2029210712037336,0.046129066874454006,0.737761847738557,0.3042995101738691,0.5145474869643061
3m_268,baseline,113174215,2,0.010507860444023725,-0.0241785150765981,-0.14258441228388488,0.037256169926388985,-0.24281167765179745,0.152818082306089,-0.21742048705296801,-0.5446291110481524,0.24168597907191025,0.024507931677401968,0.6495285440762809,0.27482187372792294,0.2195022381166169
3m_268,baseline,113174215,3,-0.020180104106908868,0.0992514711845651,-0.11862077731387255,-0.11483552408117376,-0.10327096580745068,0.03333455578142175,-0.15754437641007474,-0.24482376542032627,0.12019706252830946,0.01796967276642562,0.6227225089475058,0.1304113576738859,0.2646111157423067
3m_268,baseline,113174215,4,-0.15244166154942396,-0.02658189759454832,-0.02519644081215102,0.10993955256611372,-0.18286803655802142,0.15418776951778645,-0.21829190521538086,-0.4222547107365939,0.1297758930917996,0.02267851631162669,0.6649165771483901,0.26688558038322624,0.32074923655282334
3m_268,baseline,113174215,5,-0.1805385504767323,0.139837559980499,-0.11316518698215551,0.08052561454156609,-0.09409964746660125,0.4299486033367597,-0.22209114639659708,-0.26637419074550944,0.05692068368721346,-0.1601209367582677,0.7055086954529468,0.21274082074279901,0.5890923189159208
3m_268,baseline,168370463,1,-0.08407567261567775,0.11995338336089231,-0.04995719262532847,-0.18966649185545675,0.009000186290205256,0.48860351829196347,0.33302959751856387,-0.4427397636920565,0.1208059797903328,-0.14452797849400895,-0.009681913910922685,0.14029659309749543,0.291040245156002
3m_268,baseline,168370463,2,-0.3125764332175695,-0.052092708093536506,-0.12247725225007344,0.019316214015757293,0.14907959470846044,0.031713615166757844,0.2605299988056871,-0.08338152686093393,0.03502143835399621,-0.013863012054493565,-0.014432795998503415,0.17215055211167482,0.06898768468722337
3m_268,baseline,168370463,3,-0.12939551006239025,-0.2977328490990571,-0.2818583531314429,0.28708875787286364,-0.14597751769318232,0.044046130739475255,0.2287661875894714,-0.3041532099953173,0.006377982259616795,-0.15639913167746136,-0.021582813199507167,0.15039240709465873,-0.6204279193022726
3m_268,baseline,168370463,4,-0.22201265037076323,-0.07702435886842675,-0.23072200197829468,0.0219832839400766,0.01909734071746448,0.07377108064617223,0.2759154084061894,-0.07969956335914484,0.17491363141114877,-0.28025079584067597,0.11413248592751281,0.2605177408793321,0.05062160151059092
3m_268,baseline,168370463,5,-0.09338646155898955,-0.26433420280709763,-0.19266370848438089,-0.0025002960595631937,0.11297451733070872,-0.3198521236002003,0.2645761287879423,-0.17570531069429815,-0.07020722630435554,-0.26905065824972546,-0.08618664100317826,-0.041381078045324975,-1.1377170606884628
3m_268,baseline,182136619,1,0.002288440483935447,0.2702321582469188,-0.059453533241808444,-0.38572779294956416,-0.3949442341476259,0.0027749615072869345,0.11794008445020347,0.15561994611510022,-0.2419565021937772,0.26123698055202643,0.009272176559139882,0.01666429209398147,-0.24605302252418304
3m_268,baseline,182136619,2,-0.04527667150272474,0.2790784474250528,0.08706784241355098,-0.1403619955516101,-0.25079439733241565,0.05026006411732505,-0.02651108943468809,-0.08480364860887206,-0.2023831503007888,0.011997796501222771,-0.10845441243557626,-0.034487187301113685,-0.46466840201063775
3m_268,baseline,182136619,3,0.08569178816157624,-0.057588992682791315,0.0854125017292273,-0.46703084815276175,-0.2664336433339738,0.130423231258665,0.059892873255517766,0.06949145841601263,-0.1908564476300193,0.018943332865473783,0.07815874781563519,-0.04789380921046058,-0.5017898075078987
3m_268,baseline,182136619,4,0.12458439103984362,0.05315565485857079,-0.1309701564378029,0.011249076107248521,-0.14708485550904793,0.11866589581505081,-0.10336671056551545,0.2251383752672144,-0.18958457377151683,-0.06620546398775252,-0.07496597122706788,-0.019786704007689743,-0.19917104241846514
3m_268,baseline,182136619,5,0.06495378755037418,0.141646022542828,-0.02931021664823225,-0.20790071435316487,-0.20864546198319595,0.06471760284063204,0.13367553076867802,0.09137209936164793,-0.1828229246441705,-0.045866960885648254,0.10249008822714267,-0.007161242050129686,-0.08285238927323865
3m_268,baseline,191996808,1,-0.03814415530719014,-0.0434079974002354,-0.18992742330781176,-0.05714959094115984,-0.27406539919772865,-0.013643833407104115,-0.0839434709552166,-0.13307744779914235,-0.3834433422974377,-0.3694384998601971,-0.3497012244366257,-0.345723974615687,-2.2816663595255364
3m_268,baseline,191996808,2,-0.3227058196936808,-0.04385490037231106,-0.17819418598500658,0.04160446807893161,-0.05303381981468566,-0.1694406983440177,-0.0821094932911695,-0.10110573217732684,-0.3191643918349687,-0.1814717142919239,-0.350315375985216,-0.36961160740766763,-2.1294032711190427
3m_268,baseline,191996808,3,-0.3330131874271927,-0.17302192886077844,-0.40375685174647363,0.15375742508541607,-0.5193927723415189,0.05436466242328348,-0.05027957307396205,-0.12876363755672762,-0.28575898621002777,-0.4188926138831898,-0.2895513708623766,-0.4345976585207289,-2.828906492974277
3m_268,baseline,191996808,4,-0.14520513377060396,0.13098781566948423,-0.24786115970882677,0.03232978503717124,-0.1484275450576688,0.03176372969279824,-0.04389506451933609,-0.04631037883213715,-0.19607241225067754,-0.22339591507024403,-0.2542298471850925,-0.2801043911915779,-1.390420517186711
3m_268,baseline,191996808,5,-0.2545118958240017,-0.14378701686128773,-0.23371051965485246,-0.023063738643539777,-0.16463554398731897,-0.0024528959109845205,-0.08267919475956792,0.034714618310976886,-0.14881800526317338,-0.24120246985656948,-0.28283181171212285,-0.1999941605937179,-1.74297263475616
10m_268,baseline,112288,1,0.0418084866404513,-0.02502198371425,-0.0603199813630554,-0.3276183143370859,0.0500011551467042,-0.010237365350909,0.0326755784151474,0.3641364296702887,0.3481513320113907,0.2832457792316901,0.236501373956287,0.213065556184031,1.1463880464906901
10m_268,baseline,112288,2,0.2508173092805031,-0.0193663547331612,-0.0018972023688397,-0.2129170018268076,0.085366051836801,0.045811934297692,0.0403664570307938,0.3028481646680275,0.3620236273891824,0.3865655044352867,0.2915709000533304,0.2528138790755007,1.7840032691383092
10m_268,baseline,112288,3,-0.0089111984823065,-0.1106947781332148,-0.0637872336844928,-0.3988428081477379,0.204099641501967,0.1109599816922428,0.0504750800007861,0.3361517734656051,0.2595951446824407,0.3260167252152566,0.2455145435726874,0.1520633636049924,1.1026402352882263
10m_268,baseline,112288,4,-0.0125749039944995,-0.043095926330335,-0.0977007092180176,-0.3935964980573541,0.1215700241848374,0.0038289830219702,0.0726584712879897,0.1081828473010949,0.2527090918885269,0.3687508315180205,0.2552454753213414,0.1580191611534379,0.7939968480770128
10m_268,baseline,112288,5,0.0666521175826381,-0.045741684229789,-0.2412227553164415,-0.1753332807545098,-0.0470937268213284,0.1298399583286427,0.014479927564762,0.2179385809503636,0.2146966476261628,0.2922149931442471,0.223905004591446,0.1078747551743625,0.7582105378405561
10m_268,baseline,16275727,1,-0.1812366809757287,-0.0162533822559988,-0.3006572327764266,-0.0948299095161353,0.2425032071309159,-0.1641819223996652,0.5069412827092679,0.2696610327803354,0.0955575185890001,-0.0934605168755318,0.074598297193218,-0.0436866936718005,0.2949549999314503
10m_268,baseline,16275727,2,0.1137437297047313,-0.0650397057194898,-0.0667680061411152,-0.0998890863533431,0.4496882250797125,-0.0442422052474637,0.4855904839986535,0.4579007764521404,0.1408886027025211,-0.2122902015604903,0.1283881685435483,-0.0217359053367221,1.2662348761226832
10m_268,baseline,16275727,3,-0.033733732699174,-0.2688246757749304,-0.1307624649602238,-0.1525621489647161,0.2720168141488857,0.001654096793401,0.4603532749499663,0.2011115736701354,0.1510852648840379,-0.3195941932149799,0.1492144860432846,-0.0400651969379727,0.289893097937714
10m_268,baseline,16275727,4,-0.0618945472312479,-0.1106291010532794,-0.3071248719433888,-0.1329784955170029,0.2810087960479314,-0.022301805819766,0.4962988209515216,0.2672550841567303,0.1400032742610355,-0.4899998355557092,0.1714134556428726,-0.000585955958628,0.23046481798106938
10m_268,baseline,16275727,5,-0.1852424099311419,-0.2227700656395075,-0.2504483424318752,0.0504812459964986,0.3664577758634751,-0.188840814389424,0.4580485820132687,0.3437202276930547,0.121061895667138,-0.2960826251975395,0.132629429749697,-0.0164638338423967,0.3125510655512474
10m_268,baseline,44576096,1,-0.0414874167360449,0.0203470557271645,-0.1902783346067723,-0.2181588358439807,0.0404515332564048,-0.0062635580777972,0.978246148675933,0.4122921462939377,-0.1256187501375915,0.3906755508320956,-0.6295094902563215,0.0787009970745036,0.709397046201531
10m_268,baseline,44576096,2,0.1273162701483795,0.1119307135639022,-0.0575707054222118,-0.406439606873901,0.0194572485275782,-0.2578569990737099,0.9752751633355424,0.6104029830686831,-0.2516658747550794,0.297244996400654,-0.4718947526889188,-0.0308959051288149,0.6653035311021036
10m_268,baseline,44576096,3,0.0328119057977538,0.0849068356023155,0.1274061490724533,-0.1855996233924849,0.1060229404867129,-0.1115907078055317,0.9972958121034856,0.5882671038341174,-0.1082270724353196,0.1278162463466798,-0.5262345164687775,0.0539713034431599,1.1868463765845647
10m_268,baseline,44576096,4,0.0918857774232743,0.1741206689781608,-0.0937944334754158,-0.3098673460720009,0.1311952920671832,-0.0735694037996621,0.9652851292039408,0.7390302790642905,-0.1101358307494015,0.3022894479258045,-0.3767667456688864,0.0973942951199751,1.5370671300172627
10m_268,baseline,44576096,5,0.0301208943755127,-0.0850757091472091,-0.04675332869909,-0.1337840765432144,0.0761770524138625,0.1025382351944379,0.9568226757962228,0.7006332503903597,-0.1349497596329389,0.2215921148628492,-0.3505449779367213,0.059182562332837,1.3959589334069082
10m_268,baseline,63218063,1,0.163563423335336,-0.0689953910650577,0.0161771198080188,0.3821566468727044,0.13501567070329,0.3577768367424745,0.5181243866897894,0.3239553372783686,0.2457143369841143,-0.022202314416317,0.0957797851703152,0.0711428936575659,2.2182087317606025
10m_268,baseline,63218063,2,-0.0482417183121092,0.2660616310260731,-0.0679313282912092,0.2333581955860497,0.1833562121090002,0.0278491815352352,0.4417227306923321,0.2801483954359063,0.3243570399612684,0.0072737840024614,0.201031549464504,0.1780520666743019,2.027037739883814
10m_268,baseline,63218063,3,0.0150275759241622,0.1360247449037173,-0.0146655114256854,0.2042727322248473,0.1263941825822319,0.0381588645849793,0.4900231987181334,0.405081978782945,0.2405034185176069,0.0433973815148394,0.1942278921748645,0.0799744476080471,1.958420906110689
10m_268,baseline,63218063,4,-0.0464430585103516,0.014380814949667,0.0546060952496343,0.336718064650813,0.2230928395955895,-0.0389474008714689,0.4750327470850983,0.4732276461548564,0.2475155040262515,0.1173786231356581,0.1287730358165905,0.1115868675635481,2.0969217788458865
10m_268,baseline,63218063,5,0.0302548758627652,0.0672818571522757,0.0367662266163662,0.188419332667955,0.2310834116350248,0.2073469659472203,0.4806284662070712,0.3110317133306282,0.283917070445179,0.0955141263587886,0.1482654826782014,0.1447359007883332,2.2252454296898088
10m_268,baseline,67342911,1,0.1783201544546395,-0.1691840884574169,-0.1065331096865388,-0.0173425280434085,0.2303834740884721,-0.130346000658301,0.2273840505923907,0.1327414391231875,0.0199661615602842,0.2599225986344968,0.1909166332436159,0.0426245747139891,0.8588533595654106
10m_268,baseline,67342911,2,0.2212548366616829,-0.2338689589290738,0.130666995252537,0.3159347140058756,-0.2507107570822238,-0.1491622873282626,0.265760242131671,0.0636221226790708,-0.058876842182062,0.2169260452107687,0.1982764589694134,-0.0173142644706721,0.7025083049187251
10m_268,baseline,67342911,3,0.2030219332570601,-0.0580856817881893,-0.0345349100396933,0.127322402557792,-0.0154364200189056,0.1504289208246921,0.130475680421109,0.2892592472096295,0.0207110640431181,-0.2172938117957578,0.2915646250697658,0.1195991934496826,1.0070322431903032
10m_268,baseline,67342911,4,0.0974377448758158,-0.1406289478525335,-0.037716869016933,0.0625942994272515,0.1121818623920702,-0.0348411884068556,0.2197404562305153,0.4768779544273201,0.0004670562777478,0.1378889920168463,0.3010452660304528,0.0741207662570926,1.2691673926587903
10m_268,baseline,67342911,5,0.035853383350022,-0.4584635331585808,0.1416911903371676,0.134207948791938,0.2510028698561135,-0.3009012477890518,0.0216073444822798,0.3442809934385243,0.0654262459060366,0.1178234953307208,0.3228433922200341,0.0939085794157768,0.7692806621809809
10m_268,baseline,67844279,1,0.286773631388578,0.1438135343965926,0.2448942357074261,-0.0370453815809131,0.3487311179929168,-0.1953838158572933,0.0935532217531981,-0.0361858597069664,-0.2992284576019594,0.2421924672350174,-0.0286364937875279,-0.3304138783201233,0.43306432161894565
10m_268,baseline,67844279,2,0.2764795284437354,0.1856980424160502,-0.0825761930492996,-0.1705363375025577,0.6053720392058485,0.0179718133019114,0.0623440904262174,0.1738719862383141,-0.2964709949963162,0.1612764036615236,0.041254051896754,-0.3471044222612294,0.6275800077809517
10m_268,baseline,67844279,3,0.1427786755322316,0.1991786420019045,0.1333540123336132,-0.1364342317131268,0.3409287744534075,0.0686714456230652,0.0653460884577463,0.1606410674451764,-0.3144314539170498,0.112083950177246,-0.0569660792701516,-0.3779656801313584,0.3371852109927042
10m_268,baseline,67844279,4,0.1097566854678704,0.0419235967401584,0.0691458665759671,-0.1536006001338394,0.1159705361011689,0.1550597094551953,0.033757799058856,0.1135288190108493,-0.3309003379484199,0.1944244001142243,0.0600495316109052,-0.3450775810503481,0.0640384250025875
10m_268,baseline,67844279,5,0.0008700304869559,0.0234407077921393,-0.0631819136277421,-0.2229134059812753,0.3956166375685881,0.3591498959283926,0.0323649464941074,0.0954640708882823,-0.3230245045138195,0.3112009603306692,-0.007499051886529,-0.3738873245019116,0.22760104897785732
10m_268,baseline,111086310,1,0.1138501444520919,-0.2857668053218867,0.3109088195205106,0.0295589584561862,-0.08116034222114,-0.072996309848255,0.1042875145923272,-0.1793908375008114,0.9543508609334856,-0.3580254413752308,0.1640755935440903,0.808164446959406,1.507856602190774
10m_268,baseline,111086310,2,0.057701621133297,-0.038452080401576,0.1052576043286177,0.0857116780757574,0.1349965736368615,-0.0336124617035509,0.5714589163244577,-0.0806874580703254,0.7854510763733128,-0.2049098928827944,-0.4429463601413697,0.5556105819961065,1.495579798668794
10m_268,baseline,111086310,3,0.1433291384707437,0.0564146636358867,0.0309638318038632,0.1382047155140463,0.0978197210658705,0.1264705192504465,0.3010788664393031,-0.2559179742283579,0.7959093311853002,-0.3549991338022072,-0.4920917981845698,0.7927967453540917,1.3799786265044167
10m_268,baseline,111086310,4,0.1412559774461935,-0.1367741265190751,0.240674305159781,-0.1904942716980247,0.2162683322847217,0.1227374257451029,0.3498928734543343,0.3078933104279822,0.9136791181451586,-0.5602046484283755,-0.054433993285385,0.6872660747548048,2.0377603774872184
10m_268,baseline,111086310,5,0.1524030474502359,-0.1584724134003315,0.2186463935101387,0.0051006659336249,0.1385157520111139,0.0671234491326796,0.4999075582113816,-0.0367741710396011,0.5840349396244807,-0.3521105030739817,-0.3283887156378558,0.6518753555959503,1.4418613583178352
10m_268,baseline,112517217,1,-0.4111513523269327,-0.0595025398624553,-0.3864595435873864,0.268450953383875,0.2845587246159168,0.0281061176947828,0.4263860306707683,0.0949972465728591,0.0124532393828616,0.3253964741698694,-0.179476484143052,0.0601409119464158,0.46389977851752234
10m_268,baseline,112517217,2,-0.2765637366053406,-0.279363847452285,-0.3177149368427986,0.2809922831781688,0.2128510852123738,-0.1856092719454049,0.4865353282859359,0.2313302118746231,0.0165069239961061,0.2946608463797912,-0.207414147322508,0.0847183087649994,0.3409290475236611
10m_268,baseline,112517217,3,-0.4528233704462728,0.0060871463792465,-0.353658687356877,0.2442351882846437,0.1998344062689267,-0.0751726799459498,0.499533011132299,0.324075374141209,0.0081775741513614,0.4180958561136146,-0.1946900644534423,0.0598138090833543,0.6835075633521133
10m_268,baseline,112517217,4,-0.4088453431146691,-0.2727621544773432,-0.2852820805983304,0.3386565262469557,0.1808733400153563,-0.3643114559297012,0.5235417954392477,0.2846897847780367,0.0556781614114963,0.4996109976368923,-0.1923231200398771,0.0983772947819531,0.45790374615001717
10m_268,baseline,112517217,5,-0.3851047751985447,-0.2621743636330504,-0.3126341026146975,0.1870196984321085,-0.1059556482898108,-0.2284882897592777,0.506641450631773,0.2591071503940069,-0.0258295598963948,0.4424508265561533,-0.234028334337351,0.0547667413890218,-0.1042292063260633
10m_268,baseline,113174215,1,-0.0752443944264492,-0.119694115893946,0.0749330561036238,-0.1140023758794198,0.0427756129848944,0.0981829563767345,-0.2287266305369381,-0.4734783626698757,0.1370395189178815,0.0052055985299648,0.7186156682377908,0.2117893533865757,0.2773958851308367
10m_268,baseline,113174215,2,-0.0260512550538677,0.1050427507201275,0.021924448414078,-0.0952304717844998,-0.00668437954123,-0.0896617484833715,-0.2358478847277569,-0.3433877058300897,0.2342701999205274,0.1508414144405024,0.7213461650134834,0.3321673280872654,0.7687288611751686
10m_268,baseline,113174215,3,-0.0666227122952314,-0.0704669828459573,-0.0419208765664072,-0.1416502724049496,-0.0933383942961601,0.2524375781399576,-0.2399751284322362,-0.4539458130918454,0.1977098014359654,0.0572699370603602,0.6838819837304508,0.2893156460964233,0.3726947665303702
10m_268,baseline,113174215,4,-0.0834990837216588,0.0602614040407063,-0.0318672113688545,0.0208633698784312,-0.164297579649909,0.0394031178319979,-0.2734987972460307,-0.4746570110641279,0.0887455448286626,0.0229402167099809,0.7189864391633228,0.1580385671914857,0.08141897659400657
10m_268,baseline,113174215,5,-0.1374672845642114,0.0258026495115071,-0.0607810705611428,-0.1756749052598074,-0.073563944259798,0.2788540519053396,-0.2358252574763522,-0.2480432372000928,0.1940670306330379,0.068804891363239,0.6992157681114798,0.2749876497158326,0.6103763419190313
10m_268,baseline,168370463,1,-0.3153086252199772,-0.2813418109339263,-0.2928639495567555,0.0065769681721086,0.0190366102218521,-0.1563938346410503,0.3082494097812395,-0.0611715012865643,-0.0284979855904776,-0.3087831292070488,-0.203279015351794,0.0564986263090835,-1.2572782373033105
10m_268,baseline,168370463,2,-0.3540996971131301,-0.3049325659801333,-0.4652242102409051,-0.0015809209539063,0.0725321086104403,-0.2204197852133939,0.3180761895984702,-0.0010904913201028,0.0276795370089188,-0.1187549657147474,-0.0536975547245179,0.1600045091134101,-0.9415078469295974
10m_268,baseline,168370463,3,-0.3303511937434914,0.0388647613568572,-0.3818678652432522,9.728193240163552e-05,-0.0440783057894323,-0.0549038972527293,0.3267222222619266,-0.087534907549346,0.0264165421630754,-0.3176644864948477,-0.1722317040862554,0.1048962829761257,-0.8916352694689678
10m_268,baseline,168370463,4,-0.3356999428080887,0.1482050916340447,-0.2436253640572425,-0.1858791462270955,0.0727783436149874,-0.0275741591541299,0.3681325492405486,0.0718508270230271,-0.0695788581590249,-0.3137685585413578,-0.1024461443157836,0.0055508841437818,-0.6120544776063332
10m_268,baseline,168370463,5,-0.1826124210687698,-0.2104021620581161,-0.2231272293443421,0.025244965633775,0.1623396222876109,-0.1319020416335369,0.3410076652796525,-0.0573386225898861,-0.0149116896423171,-0.4788355881384561,-0.0925822453583316,0.0279333208804981,-0.8351864257522192
10m_268,baseline,182136619,1,0.0372594689571177,0.1099567463984739,0.1246434120522794,-0.1547062551948904,-0.2841935998379122,-0.1488593269015321,0.0746404929367621,0.2163267582451538,-0.240282513838253,0.2892313811406926,-0.0443830210889827,-0.0065953267169737,-0.026961783848064587
10m_268,baseline,182136619,2,0.0540991846726845,0.0885168281906324,-0.0399079093449524,-0.1762446406363466,-0.2334607587721093,0.248205407734259,0.0411857418769721,0.1787883699641042,-0.1367290336956979,0.0348117302677944,-0.0800519372411253,0.0396222670983458,0.018835250114560907
10m_268,baseline,182136619,3,-0.0122094311115029,0.1397529044850105,0.0441477316691681,-0.2381652495515195,-0.2817754116958991,0.2393479072219529,0.0278927248725239,0.1361094709961062,-0.1675203244173655,0.0718575066378618,-0.0127962657131953,0.0472260736904715,-0.006132362916387399
10m_268,baseline,182136619,4,0.1269628054366468,0.1350961090654205,-0.1061038173873308,-0.1973801663245956,-0.2821207072274578,0.3152604373808514,0.0765338450648712,0.0246610466479213,-0.2196130815258355,-0.1454379041225679,-0.0799278021836678,-0.0606363596265799,-0.41270559480232405
10m_268,baseline,182136619,5,0.1429811265202309,-0.0577902241982635,0.082393263451456,-0.1407418403359267,-0.3421369105385005,-0.2103102453581609,-0.0312381266840067,0.2656933820463601,-0.1824474799332234,0.0468492986386935,-0.0665079268302525,0.0512692178543867,-0.4419864653672069
10m_268,baseline,191996808,1,0.0034466984038182,0.0487153070289205,-0.1352487352271757,0.164957180604901,-0.1545982587740992,0.2871926594724896,-0.0787663721053353,2.565218018292977e-05,-0.2514273391564761,-0.4265803427619541,-0.2807165869788825,-0.3364895805198444,-1.1594897178334551
10m_268,baseline,191996808,2,0.0654851325601931,0.1693264689901518,-0.049552732593478,0.1612819422965043,-0.0952805611049107,0.0233026131398455,-0.0729704711047935,0.0986230628425777,-0.2814805354433775,-0.3432726881654624,-0.3350486500526841,-0.3437133584872112,-1.003299777122645
10m_268,baseline,191996808,3,0.0454514799729596,0.1467504964109358,-0.1079801549706275,0.0001923285546013,-0.3952358517105594,-0.1819943158813634,-0.0903814085282579,-0.1086656482555094,-0.1972619737054473,-0.4605828739487645,-0.2317147792175332,-0.2761795801180981,-1.857602281397664
10m_268,baseline,191996808,4,-0.1519130486748889,-0.0653299350026047,-0.4490118240449339,0.0326490611907199,-0.2332392430107877,-0.4241743391167493,-0.1037279336822726,-0.0738442426758552,-0.2481417041788812,-0.33318035144031,-0.3098561319607483,-0.3487560170206702,-2.708525709617982
10m_268,baseline,191996808,5,-0.2048314275901873,-0.0297492865863833,-0.1349504202275771,0.1094075299173721,-0.2593478640739848,-0.2291769312598473,-0.0938921907686885,0.0113008928349442,-0.2738686280264951,-0.3285414748283097,-0.2880748610510838,-0.368902047977781,-2.090626709638022
10m_1000,baseline,112288,1,-0.122536681022663,-0.0543220198259908,-0.2722503573448925,-0.003252215748724,-0.1140638267494512,0.193825332096437,-0.0158959173840128,0.2916623497371233,0.2778971388446652,0.1523438554675289,0.4411824252604385,0.3418703553058009,1.1164604386362595
10m_1000,baseline,112288,2,-0.0264657950094452,0.1081519513492924,-0.1221848359723044,-0.0517657512355728,-0.2497823430132643,0.192527971182438,-0.0750007649169908,0.2810643634069741,0.374606584625449,0.2386111042758889,0.503791717764332,0.3393861643067883,1.5129403667635852
10m_1000,baseline,112288,3,-0.3202595384385232,0.1269497756270298,-0.1227442173808511,0.137785687302889,0.0435084701332494,0.6500970228493853,0.0125308092613809,0.4236925605854425,0.3078702016976673,0.4724007280603961,0.4113991013196476,0.3348870567052409,2.4781176577229544
10m_1000,baseline,112288,4,-0.0217683120367809,-0.0565800579075891,-0.1094653015768806,-0.321953877522569,-0.1703776020591154,0.2040849039885451,-0.0194371985484549,0.3494316796966284,0.2516714087176219,0.3040513473281473,0.4591489896179661,0.2992009888553001,1.168006968552819
10m_1000,baseline,112288,5,-0.2024729561121933,0.0218853417143911,-0.2897706477188524,-0.0407268490910012,-0.0318635889841245,-0.0289201630499757,-0.0550533609362521,0.5450774082611578,0.1524996540818452,0.2710410648325753,0.4998215711227141,0.1894789199038663,1.0309963940241507
10m_1000,baseline,16275727,1,0.1995566344847616,-0.2428105581757672,0.0192524989403495,-0.0039874637257012,-0.0847607416316978,-0.0006257183881633,0.3860604522856368,0.1120399571014644,0.2269428081808329,-0.1868332772401002,0.5487251540253352,-0.048447442674167,0.9251123031827836
10m_1000,baseline,16275727,2,0.0133046563086782,-0.1439247760573483,0.0449805912302352,0.1405242079344216,0.1200209205622979,0.1810091859517452,0.3272007100833751,0.2049149280233,0.1891512956997638,-0.1455408828562135,0.4355120310335688,0.0556730557098332,1.4228259236236573
10m_1000,baseline,16275727,3,-0.1658007129888451,-0.1760084260512271,-0.0462824385431733,-0.2012325498897484,0.0983471892465811,-0.0259119826134418,0.2911920080692083,0.0767418425806549,0.2908084940396815,-0.3753243462215463,0.4483128289812946,0.0701615999360581,0.2850035065454965
10m_1000,baseline,16275727,4,-0.1165919169171473,-0.2576376871857595,-0.0168564282624345,0.0743994714070922,0.0930119460342036,0.4092034950413318,0.3544360695940761,0.017643999849361,0.1861054437345942,-0.0454198697424807,0.4492164262902854,-0.0536236937139415,1.0938872561291806
10m_1000,baseline,16275727,5,-0.1641820071646553,-0.231111992477084,-0.1414811569429634,0.1197656988412808,-0.0788149156353463,-0.0063811255045554,0.4745705055023637,0.2488621519431584,0.1819182287256067,-0.1503269152477244,0.5773578945797715,0.0443057893225859,0.8744821559424382
10m_1000,baseline,44576096,1,-0.0035249409048594,-0.0921604015222168,-0.10428092729304,-0.1405934199799525,-0.2536473965342833,0.2308288742502054,0.6219221132146485,0.0347948183543416,-0.0670838022847038,0.0004452430749523,0.5641746179961825,-0.0853539826455693,0.7055207957257054
10m_1000,baseline,44576096,2,-0.1208219490781346,-0.0085795043690053,-0.009951062626327,-0.2257567305482725,-0.3209924433580109,0.2019789176046283,0.6247948509685898,0.0507596199043149,-0.133135132292276,-0.1038542706531756,0.5109181535973898,-0.1063068525650164,0.3590535965847045
10m_1000,baseline,44576096,3,-0.0675880472059844,-0.0118331521416497,-0.0458433544275952,-0.1688145000862398,-0.1033882241482117,0.2257146584051007,0.6037370123011403,0.0884694496918055,-0.2059474435958551,0.0666676059318537,0.648987337675841,-0.1712547357989297,0.8589066066012757
10m_1000,baseline,44576096,4,0.0121788893295807,-0.1092076672732148,-0.1004479935268936,-0.2267882624575705,-0.0665053420647802,0.1108027908424738,0.6078254637455837,-0.0499018330421882,-0.1284915799714889,-0.115982119961094,0.595448979434566,-0.0784661374537505,0.45046518760122334
10m_1000,baseline,44576096,5,-0.1167613078340671,-0.0587501606660654,-0.0972544315109346,-0.239426863319908,-0.123691204412731,0.1439828385265209,0.6439687086120419,-0.0186402452352972,-0.1116238716249273,-0.1117992747253353,0.6531844082774966,-0.1291303741541781,0.4340582219326154
10m_1000,baseline,63218063,1,0.2387594988611052,0.1021108549274843,-0.0176789883259744,-0.1350697148411876,-0.1074550291796622,0.0147627546711325,0.3593605929648006,0.0579919484153202,-0.1276535130964964,0.0116795142489752,0.0581558273061821,-0.2692090897122937,0.18575465623938575
10m_1000,baseline,63218063,2,0.2455986947048716,0.208007540009613,-0.1725780289152985,-0.0523650839702945,-0.057046338635976,0.0570447467498746,0.3939327139221473,0.1202832635605328,-0.1692539483741623,0.1857437274548542,0.0949223788922665,-0.1468504399763391,0.7074392254220897
10m_1000,baseline,63218063,3,-0.1697623055841924,-0.0205027314423875,-0.1453821136119129,-0.2697117761356424,-0.0565128520532356,-0.2232345434293539,0.4313421778275614,0.1377328720251448,-0.3456571150754688,0.1941972797339251,0.0522358100191111,-0.1152737372938176,-0.5305290350202686
10m_1000,baseline,63218063,4,0.0740656288983483,0.1249945799356414,-0.017576077859341,-0.4855331582212116,-0.2483893635504862,0.064365739154121,0.3832867855867329,0.1470686404147492,0.0336203749181153,0.0408453374853418,0.090115472439825,0.0941554693694074,0.30101942857124353
10m_1000,baseline,63218063,5,0.2416833053670546,-0.062911308088944,-0.0069927976978157,-0.3071683470535591,-0.3959881414974207,0.0140388865691309,0.3800301191430561,0.0673672002975744,-0.0994804029579366,-0.0655311553125947,0.2153485906954516,-0.1122149745527564,-0.13181902508875953
10m_1000,baseline,67342911,1,0.0106148095777302,-0.0868859510226728,0.1290547891861192,0.1886372891677987,0.0544265522937426,0.2050351303991952,0.0447158981415151,0.3293098588206244,-0.00114707973732,0.247118077915533,0.3797321880551428,0.0326356230946503,1.5332471858920587
10m_1000,baseline,67342911,2,0.119505168618838,0.0219871587307935,-0.0050565976268218,-0.1361764596003389,-0.1541819539434043,0.1386507352656569,-0.0173382899527147,0.329854866723357,0.2806421910967724,0.0211336435517637,0.3678925657985272,0.3021257264905795,1.2690387551530085
10m_1000,baseline,67342911,3,0.0932065726983511,-0.0242062778679501,0.1079886378882384,0.1154367350863232,0.0279288402172855,-0.0690292978906695,0.0877236493688852,0.6060733202301951,0.0902615797719286,0.050546320939964,0.5100297621417912,0.2196695287942278,1.8156293713785703
10m_1000,baseline,67342911,4,0.1804882547535554,0.1234670320245838,-0.049793864253417,0.1044519035837227,0.2124306568117628,-0.0513124678959441,0.0488301239634605,0.3939344109428495,0.0535648162338464,-0.0987782130224627,0.2870553972134163,0.0945114095461952,1.2988494599015687
10m_1000,baseline,67342911,5,0.35403611587785,0.0438829088873593,-0.1086625905145384,0.0321202198303836,-0.3930404806051924,0.1342095970240496,-0.2771579036204891,-0.0502297104984857,0.355179345727294,0.2155444943701804,0.5596274922219369,0.2004629942656716,1.0659724829660198
10m_1000,baseline,67844279,1,-0.3420920663968189,0.1511116620082659,-0.0816724596630534,-0.1929105506129194,-0.069835352159178,0.0630759951143597,0.1589111982611538,0.484361552908108,-0.2749050261294303,0.132617183163231,0.4621782231513303,-0.3342755089685516,0.156564850676497
10m_1000,baseline,67844279,2,-0.1646358673452062,0.0963754877727584,0.274907719689491,0.1907171092399337,-0.0183945926966919,-0.0126026433159885,0.2076957490813258,0.4106549986057912,-0.284813217778701,0.0788234510028262,0.4614340450998097,-0.3974445814819087,0.8427176578734394
10m_1000,baseline,67844279,3,0.0582837186877731,0.0308615215833905,-0.1242285053322469,0.0295755161681734,-0.0713554813654105,-0.0234805424890498,0.2037169989931445,0.4594975943608319,-0.1738107657129005,0.1138228238034382,0.5190599888679902,-0.2995252051448278,0.7224176624203063
10m_1000,baseline,67844279,4,-0.168029891163592,0.1190937563250204,-0.0676117923532625,0.0425843567514275,0.0215883515462948,-0.0696674700459746,0.2434634652030366,0.2974792299260438,-0.2197317968609666,0.0825991404751226,0.4253320321754394,-0.3508445623530036,0.35625481962558575
10m_1000,baseline,67844279,5,-0.0909295107104961,0.1240829913101179,-0.1459163054374533,0.0392899285017975,0.0559262589411876,-0.010918443775703,0.3761672831195963,0.4634009844301665,0.4025146489298652,0.0914860056015568,0.5681874746994784,0.3755705372968129,2.2488618529069266
10m_1000,baseline,111086310,1,-0.0333720566254177,0.4760864937919817,-0.0951924061119956,-0.2940374470376053,-0.3102261694031346,0.0212435638932157,-0.4406399302650977,-0.0792141940861723,-0.4016817293488339,-0.6063466238291295,-0.0912872124709328,-0.6826563790842263,-2.537324090577348
10m_1000,baseline,111086310,2,0.1741176041233109,-0.0874537606081687,-0.1569426978259324,-0.2576656301403111,-0.4078857621387847,0.0773045102116456,-0.5607821528083833,0.4104784641230867,-0.1685021279673562,-0.5272708255330728,0.3022081905917058,0.3363786062217959,-0.8660155817504642
10m_1000,baseline,111086310,3,-0.0241446976716113,-0.1347456266344481,0.0196703956431245,-0.3436971280383835,-0.2563861367533895,-0.0426557129700375,-0.4281411062720745,0.2764354450393283,-0.4566790484139083,-0.3257620678678383,-0.2220773879666137,-0.3495827513038872,-2.2877658232097393
10m_1000,baseline,111086310,4,-0.0758116976594699,0.1520549014898458,-0.0735147235337186,-0.117519890286921,-0.1706936875099178,-0.147594603401614,-0.5988023252150843,-0.6531079440543405,-0.3765749697156011,-0.2390568262099838,0.0670795972292027,-0.9908968516230322,-3.224439020490635
10m_1000,baseline,111086310,5,-0.2994676876758735,0.1287123745345435,-0.0902154898199764,-0.1542229414724952,-0.2770279843962956,0.0349374721115603,-0.0234067545052245,0.4154513289774366,-0.8360220063369469,-0.4673521069923927,0.1255843250363412,-0.8818561142134861,-2.3248855847528094
10m_1000,baseline,112517217,1,0.0335345604895236,0.2177346906176284,-0.3326732079008723,0.4175540703598238,0.0594817821813836,0.2518495255204413,0.6431812512886462,0.1937162201585935,-0.2782895795046706,-0.1685082292656803,0.2815958951848392,-0.3679525761042261,0.9512244030254302
10m_1000,baseline,112517217,2,0.1941187851129636,0.0925999193998899,-0.3383324138198279,0.1903919378298651,0.1170018275951713,0.0994588098312942,0.7030286718238431,0.2585919784411608,-0.2697831997266127,-0.1382388248146283,0.3301855219119835,-0.2915038332271331,0.9475191803579697
10m_1000,baseline,112517217,3,-0.0419268405372184,0.325387756871706,-0.3675584312315603,0.1551749123723809,-0.0765661541547974,0.0664978890181766,0.6294366323968458,0.2598412043668435,-0.270509242452035,-0.0862835319256885,0.3808731778160203,-0.2654322826380315,0.7089350899026421
10m_1000,baseline,112517217,4,0.0948081314982769,0.2915905299532443,-0.3453071397428405,-0.070173816297876,-0.0853510335780862,0.0783193673514794,0.6861417092078711,0.4379158729955485,-0.0442023512171673,-0.382495892526915,0.3242194546033111,-0.1985005584577105,0.7869642737891357
10m_1000,baseline,112517217,5,0.1235172144504096,0.1396224095549273,-0.302631793653767,0.1345028973411043,-0.0775501358533814,0.0491169495623153,0.5441589963364593,0.3993241013546758,0.099143158564954,0.0535570581310002,0.7405678537460596,0.2089632942784909,2.1122920038132476
10m_1000,baseline,113174215,1,0.0566942012010164,-0.2022214161880066,0.0684079076420585,0.001598271261708,0.0271398841401167,-0.110514648789455,-0.3392385466963002,-0.0825610144577813,0.0920591690512737,-0.130369317336238,0.3113943881370871,-0.0136815414666972,-0.3212926635012179
10m_1000,baseline,113174215,2,0.2505662163790185,-0.020967238701947,0.119532252784038,-0.129418989389394,-0.081460746202346,0.1811561325175545,-0.330678856729866,-0.1306909045469094,0.1417403692921372,0.0264151438335103,0.4603830998300678,0.1587527804918426,0.6453292595577065
10m_1000,baseline,113174215,3,-0.1287354714910314,-0.1151049073768216,-0.1054937755928101,0.0866235984098206,0.2845169552298292,0.0448422154959919,-0.3034096373264789,-0.2939209616243471,0.1914821630435754,-0.0603662926271722,0.3438156933953613,0.1509010727230546,0.09515065225897176
10m_1000,baseline,113174215,4,-0.1726064944299172,-0.0978157937149675,-0.0919806220510173,0.1601747044808138,0.0418827655846015,-0.0536789203305178,-0.3228670078208993,-0.1783333270031369,0.2595875429738882,0.0091470408908895,0.3661440129811363,0.1575492619770748,0.0772031635379481
10m_1000,baseline,113174215,5,-0.0139127335415247,-0.1252026046578436,-0.0394851031922103,-0.2096363817918251,-0.0788436176064789,0.194604900801752,-0.3398770480895343,-0.2050874728604595,0.2025504260060679,0.0788273054369425,0.315641771702949,0.1756875903766825,-0.04473296741548252
10m_1000,baseline,168370463,1,-0.1543411160090457,0.0947288438769537,-0.0825210423721788,0.2147006258177246,-0.329785692549707,0.5107055954177876,0.1155035659801182,-0.0371651333475049,0.2878766557899535,0.1285179025459527,0.1424000836623848,0.1931700958343107,1.0837903846467491
10m_1000,baseline,168370463,2,-0.2004091736072719,0.3347441587545525,-0.1359310431527126,0.3471751291372834,-0.4200499315856351,0.3311081039337249,0.1316766147533684,-0.016534655720379,0.2584714736915268,-0.0947888574975688,0.1324599499483415,0.1599714949210169,0.827893263576247
10m_1000,baseline,168370463,3,-0.1924352343412225,0.1941080940564491,-0.0552944969563257,0.336868804336399,-0.3866124836365955,0.253461243792897,0.2443406958158718,0.041316716830267,0.0051563553605085,-0.1672243767523881,0.1793298209322522,-0.1131849530218737,0.339830186416239
10m_1000,baseline,168370463,4,-0.084643147680438,-0.0313973848889365,-0.0941906012723569,0.4559351073943074,-0.3579159736892562,0.2229405213179242,0.1309989038381121,0.0599273089342025,0.1537550008302904,0.1223864584751314,0.1154944426073021,0.3192557691250627,1.0125464049913453
10m_1000,baseline,168370463,5,0.1343792538680915,0.0529244127645768,-0.129539231897665,0.0359453143107952,-0.3698547157029749,0.3892457266997667,0.1377469012190174,-0.0017675697651456,0.2599882746703888,-0.118867287286459,0.0524193076949478,0.2200843985284786,0.6627047851038184
10m_1000,baseline,182136619,1,0.1251721461258317,0.2957252306337238,0.0284133308002378,0.0703862437264831,-0.2504027031093547,0.2643963106103121,0.1990821996234778,0.0731849811100853,-0.6027095617361824,-0.1308052436128735,0.3834239045490215,-0.53286157577976,-0.07699473705899756
10m_1000,baseline,182136619,2,0.1383711801951292,0.1543797967943706,-0.1845402502608401,-0.0963085224327706,-0.1509844723297138,0.0127937514321268,0.2147943901105851,-0.1056448466891573,-0.5869753081357293,0.2435373772334685,0.3523042773782294,-0.5819847855673037,-0.5902574122716053
10m_1000,baseline,182136619,3,0.1853903727772702,0.1903660095284114,-0.2513664290253247,-0.0727424062029688,-0.3596056689565393,0.179288030945406,0.2550558376608383,0.0209051232440192,-0.5838255114877463,-0.1434998194947765,0.4539136179591675,-0.6922218044650226,-0.8183426475172656
10m_1000,baseline,182136619,4,-0.1088406270683089,0.0731822515430433,-0.2585951061683321,0.0425309639534786,-0.2520519431167309,0.0526299136793988,0.2602282453071239,-0.0095174329039063,-0.4947425942012711,-0.2437147431298957,0.5639858013335414,-0.5207538475051345,-0.8956591182769935
10m_1000,baseline,182136619,5,0.1614507364622368,0.2490509109304528,-0.1356690193307339,0.0500022758030158,-0.0659182141670063,-0.1326717014798499,0.239082512088021,-0.0700074956380769,-0.4272354266214724,-0.0784735629052173,0.3608694948565369,-0.5117325935365485,-0.3612520835386419
10m_1000,baseline,191996808,1,-0.0209636317629992,-0.2329843097747116,0.1699293372718607,-0.016459287836034,0.1160907106343985,-0.462476963559754,0.0757971173300653,0.0670925456084908,-0.01656123822371,-0.2605663820190824,-0.2288071642791292,0.0885689736884433,-0.7213402929221618
10m_1000,baseline,191996808,2,-0.1160255973991946,-0.1100623701584513,0.0851787501493206,-0.1692458218577492,0.2264882075618272,-0.1499592874080504,0.1159411156468696,0.1292116404270834,-0.2702488544544391,-0.3765298714756955,-0.2837414450325419,-0.1116116926402906,-1.0306052266413117
10m_1000,baseline,191996808,3,-0.1719267185201263,-0.0231825320285327,-0.0186248504583463,-0.1115073799386869,0.0268147700785309,-0.2793333553528908,0.0634328242209814,0.0478137399395217,0.0295333229886855,-0.362443830347011,-0.311544314997583,0.0881179634978254,-1.0228503609176323
10m_1000,baseline,191996808,4,-0.1843622368836297,-0.2431759079029722,0.095313101178963,-0.1739540245656953,-0.0525610640682651,-0.3067076237454176,0.0861458713458024,0.287072269981357,-0.1520649714472326,-0.3080161736004649,-0.2192096666687233,0.0567234729001258,-1.1147969534761526
10m_1000,baseline,191996808,5,0.1221040755743946,-0.2828191408016433,0.0547261962900678,-0.3360704342147022,-0.036697338549726,-0.0582545874586472,0.0536660852729127,0.3010615773140922,-0.1436945704603666,-0.3122304828504471,-0.2552546454014063,-0.0132488806332766,-0.9067121459187478
10m,baseline,112288,1,-0.3311770797768113,-0.1330821509839628,-0.2848588250078311,0.02610780166998,-0.0493122181221229,-0.280654465673341,-0.0727976912733468,0.1508890517512266,0.4555476104436518,0.3896038121920188,0.091614346771182,0.3213532426922763,0.28323343468291956
10m,baseline,112288,2,-0.2836664386896592,-0.0627201537920193,-0.2512276367373024,-0.0679388015495361,-0.1137159852553895,0.151729397005828,0.0310260855349739,0.1216035254581377,0.2132862180415768,0.4016925753891908,0.3201121246477995,0.2113429288147579,0.671523838868358
10m,baseline,112288,3,-0.1179021221636337,0.1250186711099114,-0.1074631087330817,-0.0611884171925369,-0.1318150504902795,0.0707802821046819,-0.1038179583380392,0.1202856969708953,0.2725021724359088,0.4437093178880196,0.3006202742811301,0.1280646125062516,0.9387943703792277
10m,baseline,112288,4,-0.3235887840679865,0.0251787700337847,-0.3569518400217827,-0.1493425764145391,-0.0407687366918531,0.1128212333362383,-0.0553503321980952,0.1634071007744724,0.3152667211358246,0.4390688686860525,0.3447033630707239,0.2435108512731163,0.7179546389159561
10m,baseline,112288,5,-0.1686625194407296,-0.209097514199745,-0.366202309560329,0.0031034362927282,-0.0609155243962396,-0.0083790936051894,-0.0159442584385301,0.1951527833805954,0.0463610356311235,0.3139816910971023,0.3027410616451579,0.0519606936736505,0.08409948207959503
10m,baseline,16275727,1,-0.015452841752287,-0.2360090596328615,-0.2032218274522382,-0.08750067413069,0.0036156686363905,0.0824626517450627,0.2908286284340977,-0.0710563642823374,-0.0976339570404293,-0.1941020946600537,0.4730244674380841,-0.2415699889015803,-0.2966153915988424
10m,baseline,16275727,2,-0.078795456060257,-0.0596371653537208,-0.138866137989468,0.138202190701421,0.1730390866744483,-0.0221339029156085,0.3525795265908176,-0.0805715829393326,-0.1549659976696354,-0.2319840975436183,0.3716305334860156,-0.2868597844711452,-0.018362787490083243
10m,baseline,16275727,3,-0.015452841752287,-0.2360090596328615,-0.2032218274522382,-0.08750067413069,0.0036156686363905,0.0824626517450627,0.0411357097120201,-0.1114106186153425,-0.023201904128362,-0.1222714821877508,0.3504031381133344,-0.2080254201863336,-0.5294766598790578
10m,baseline,16275727,4,0.0219439138296927,-0.1970818146261855,-0.029706276307746,-0.1669067853915436,0.0486050358773083,0.200126374411488,0.0407828147700298,-0.0632593636266537,-0.0324976768903668,-0.2293485076446964,0.3823983625014799,-0.2226571575595727,-0.24760108065676592
10m,baseline,16275727,5,-0.2438759040862888,-0.1375875801003683,-0.0485018129583543,0.011244066025205,0.0454372996010007,0.009198336428685,0.054755152228686,-0.2239643653710759,-0.068452664353093,-0.1130786851381917,0.4256976919353721,-0.2237167001968391,-0.5128451659852623
10m,baseline,44576096,1,0.0873509219367993,-0.0906589604705375,-0.0471086912632924,0.171125154438111,0.3359896531446414,-0.0842478412989843,0.5519915596334597,-0.1561870006621792,0.1515700565415067,0.1805241397748117,-0.1556966076577843,-0.0767419399606972,0.867910444155855
10m,baseline,44576096,2,0.014626493906904,0.0306215813517527,0.0023600987209065,0.2559903239630081,0.1475852204633341,-0.0022771216644351,0.6841692687140578,-0.2245446935509833,-0.1316131632158323,-0.0511058399480374,-0.1748282605740889,-0.3849109258154713,0.16607298235111484
10m,baseline,44576096,3,-0.1746900263787515,0.2035825182198935,-0.0992204303328409,0.2475941273834567,0.0559717652444451,0.0250014928159862,0.5762082601061231,0.2294973318356825,0.2143539436867995,0.1266987782907812,-0.2628640963815049,-0.0394368970216668,1.102696767468404
10m,baseline,44576096,4,-0.1404503331583854,-0.0026896918012974,-0.0106720088313863,0.1710286224116371,0.0494418746064737,0.0628612376836497,0.6751012028952186,-0.0388615691897048,0.4443997075174446,0.0339116525755336,-0.2360492434647723,-0.0359151288019048,0.9721063224425062
10m,baseline,44576096,5,0.0873509219367993,-0.0906589604705375,-0.0471086912632924,0.171125154438111,0.3359896531446414,-0.0842478412989843,0.8401377658213312,-0.2448452981772864,-0.0890693968518577,0.1756499291354202,-0.1627060278585833,-0.3501614715313712,0.5414557370243904
10m,baseline,63218063,1,0.0883151057795388,0.2159547204766572,-0.1467187992127697,-0.2341211637205396,-0.045352209527044,-0.0802201744267834,0.2708629028665223,-0.1974967300294837,0.0586775388611636,0.1291862360288751,0.4922181398038294,-0.0211393839004121,0.5301661829995539
10m,baseline,63218063,2,0.2381391984326117,0.1823567594238446,-0.2308825739643467,0.0335145039015139,-0.0536803833325706,0.1529045153303677,0.3515562771524255,-0.1282331623837433,-0.064911200236699,0.0128020652518704,0.4727199878440302,-0.2260573968296509,0.7402285905896535
10m,baseline,63218063,3,0.0607496409377439,0.1210010790003113,0.0286370640284264,-0.0948262926052784,0.109184593568616,0.0310916383764066,0.2379808529670996,-0.0196474300999086,0.1966697622651767,-0.025297480815362,0.5259976586313444,0.0643566519323354,1.2358977381869112
10m,baseline,63218063,4,0.006461631651065,0.1347216241801649,-0.1765415158994897,0.1242403107881028,0.0410043263548273,0.0905765850330572,0.2994210878312066,-0.1251018591231759,0.206098516624382,0.0304046474890489,0.4420037872748052,-0.0132037631218326,1.0600853790821616
10m,baseline,63218063,5,-0.090161262463429,0.2779847529559655,-0.2598889155376309,0.049154716714248,0.0157075905109318,0.0849034290297978,0.2151197286210162,-0.1058941633193602,0.0753767466278258,-0.0577999630704068,0.5542673761569227,-0.0541757860851171,0.7045942501407638
10m,baseline,67342911,1,0.2774253544253311,0.2148617488498085,-0.1029654653530835,0.4368545437351375,0.6365037259791679,0.5265157548378449,0.0767423852151312,0.1879583817079648,-0.1129845823541515,0.1869384127823502,0.260793289410387,0.0525783576021502,2.641221906838038
10m,baseline,67342911,2,0.0439418178215839,-0.1146089250554356,-0.169708482495091,-0.0433476754443717,-0.0553653199040201,0.021019723617997,0.2559740470408349,0.3688103600132752,0.0710596237137225,0.5012433992946619,0.0769695744242165,0.1196877763760353,1.075675919403409
10m,baseline,67342911,3,0.0313793915843769,-0.0635616763850804,-0.1203555831702486,0.1042082218571252,-0.2454273376261212,-0.2351499424666575,0.0658513586402171,0.2968204704133712,-0.0581577820554223,0.2033604375788436,0.2779101607507323,-0.0168335284903589,0.24004419063077742
10m,baseline,67342911,4,0.1035886918684046,0.0129325080646155,-0.1928886348729729,0.1773183907211347,-0.01819732534941,0.1766685000615132,0.2708348857554576,0.4728608909562706,-0.0527453873054543,0.1195617001371562,0.3763359297458195,0.0662429052507737,1.5125130550333084
10m,baseline,67342911,5,0.1942435625198729,-0.1127448103647971,-0.3893456361377631,0.2089033630143332,-0.0885458185928393,-0.1860844369950414,0.0767423852151312,0.1879583817079648,-0.1129845823541515,0.1869384127823502,0.260793289410387,0.0525783576021502,0.2784524678075972
10m,baseline,67844279,1,-0.1695951841857622,0.1748241886693683,-0.0490145378460531,0.1224981200406247,0.0805566277233181,0.1561613359652813,0.0502129116965555,0.3011594455081006,-0.1190691946205669,-0.0031064734434615,0.4791763335809437,-0.2738167609885771,0.7499868120997715
10m,baseline,67844279,2,-0.2197073101564453,0.1796172076223826,-0.0300777257371856,0.0613534584734036,0.0249079380447459,0.0267261682026318,0.1640435511965691,0.3434702567002584,-0.1449224753631302,-0.0406238090171198,0.4432114380733545,-0.2143194226769885,0.5936792753624767
10m,baseline,67844279,3,-0.0998222118229281,0.1195543312497624,-0.0907691136900365,-0.0014289303343125,0.0629129308749524,0.1556477027379139,0.1961877187118101,0.3483697230133067,-0.1618248218116589,-0.0184663909935025,0.3631189976078506,-0.331402357272946,0.5420775782702115
10m,baseline,67844279,4,0.0329270133387793,0.0076962386470237,-0.0845790131895394,0.0172722079037339,0.1332477239348532,0.1929425918213952,0.3053235700976197,0.3318429698798458,-0.3102288232430123,-0.0476179307352471,0.4157640870944759,-0.3887027207854978,0.60588791476443
10m,baseline,67844279,5,-0.1695951841857622,0.1748241886693683,-0.0490145378460531,0.1224981200406247,0.0805566277233181,0.1561613359652813,0.2887542382690477,0.3560839410834842,-0.2640336578321349,-0.0419454659455124,0.3950626973960349,-0.3013862724854645,0.747966030852232
10m,baseline,111086310,1,-0.1077989569826878,-0.1122311044450865,0.2717627330846925,-0.1232082530194316,-0.0160360303829406,0.0600374444148784,0.6996769263031065,0.3688966251387524,-0.0778206993189159,0.2664600560551555,0.0086033890261358,-0.0398944206032624,1.1984477092703965
10m,baseline,111086310,2,-0.0518935357861993,0.1574342262151567,0.2956261885217013,-0.0799217680686755,0.0755811555473542,0.2345374316795658,0.472365863762993,-0.015573282498873,0.436878195115305,0.7531582680540366,-0.2234899238277559,0.4800060682395865,2.534708886954195
10m,baseline,111086310,3,-0.0598330329101819,0.1530957342142523,0.3028090805760963,-0.01586910982904,-0.1046957917729699,0.0098881679386308,0.4422785118758305,-0.3769434159445405,0.4579164137654984,0.3499601546067006,-0.3316665611274813,0.7194630986785707,1.546403250071366
10m,baseline,111086310,4,-0.2096736991060962,0.0231570997435918,0.1968869739666671,-0.0465121004107831,0.0513158224596994,0.0978845790916576,0.4981915666208969,-0.4151585563924291,0.5000880773883076,0.5338125814389828,-0.1306857325199066,0.5842066660700933,1.6835132783506814
10m,baseline,111086310,5,0.024514771102992,0.0576634142862268,0.1615719275309096,0.0050219762414283,0.0713456389326676,0.2291954272519606,0.6996769263031065,0.3688966251387524,-0.0778206993189159,0.2664600560551555,0.0086033890261358,-0.0398944206032624,1.775235031947157
10m,baseline,112517217,1,0.097876022927126,0.0218168978956443,-0.0361795855089728,-0.2227613606583586,0.0595882164090942,0.3336750858599884,0.3513255849387167,-0.0334518681503054,0.186845807375898,0.3629868614127087,0.4240838269085791,0.3055685116037384,1.8513740010138569
10m,baseline,112517217,2,0.0419428073864494,0.0005604435793249,-0.1654381556563145,-0.0855233390040668,0.0778067055941552,0.1653288261246613,0.3081283539362308,0.0025035161208322,0.1738504341965493,0.3189118352214281,0.4620439408489568,0.1895769927710169,1.4896923611192234
10m,baseline,112517217,3,-0.0165416302936738,0.0237550658974054,-0.0825547064109137,-0.1749057807193805,0.0671103045354335,0.185452589692887,0.3249275549734954,0.1574721582963075,0.1061371912801721,0.3338899402937107,0.4938100911815818,0.1803758061035766,1.598928584830602
10m,baseline,112517217,4,-0.062761655463807,0.0448122519905247,-0.1780906063118006,-0.1075957487141358,0.0919967041287677,0.0694626180222506,0.2516321894528134,0.1497198109690732,0.1773108040198514,0.3888316517761696,0.4517509762757523,0.2775364678964147,1.554605464041874
10m,baseline,112517217,5,0.0529749910330403,0.0592408370848816,-0.1586918698592622,-0.1827855321476889,-0.008262357412082,-0.1299957347807504,0.3006296907438862,0.1121510032437472,0.1323127554660049,0.3171382691704708,0.4863433939560465,0.3138091308424931,1.294864577340787
10m,baseline,113174215,1,-0.2381946340670269,0.0924396112126489,-0.0575653470493491,-0.1002737664855907,0.100022051613672,-0.0247886182930074,-0.1356705827063835,-0.2501104043638603,-0.0810117689821543,0.0500372975291639,0.1222211419813094,-0.0370029439860945,-0.5598979635966725
10m,baseline,113174215,2,-0.4155645176778695,0.012360096866084,-0.0206174323071426,-0.0075094464768566,0.0739973190075383,0.0279642025129959,0.0463364235282567,-0.2934535049892644,-0.1653092091978265,0.0670659168582999,0.174110602473907,-0.1488704718636013,-0.6494900212654793
10m,baseline,113174215,3,-0.0714448926755242,-0.0971016383412648,-0.1496000625614301,-0.2230530941196479,0.16134609435919,0.0309424942066161,-0.060649610104429,-0.3675381583517201,0.0095275310611558,-0.0234119898712735,0.1185158686364719,-0.0499920708124639,-0.7224595285743197
10m,baseline,113174215,4,-0.2172565174524986,-0.1173131333136875,-0.064274314514895,-0.0064637463585653,0.1597597719004163,-0.0665046342460373,-0.1261218055084046,-0.3076283253686885,-0.0926472720594123,-0.0638819456716356,0.152907343537425,-0.1371937185541631,-0.8866182976101465
10m,baseline,113174215,5,-0.2387381750722886,-0.0498492939313329,0.0780897096263947,-0.0435711917125752,0.0396554034935007,0.064655386801908,-0.0480514567436861,-0.3354562909313697,-0.0645669966467188,-0.0194619978084976,0.1384278167528005,-0.1190904706363291,-0.5979575568081941
10m,baseline,168370463,1,-0.1268877778812875,-0.0096285230217272,-0.2051795127609447,0.0126601685518629,0.2437894793480858,-0.178346468966915,0.3475524652632806,-0.1359474779242656,0.3060275450370205,-0.1616709489758008,0.2053754080942066,0.3033409953063766,0.6010853520698922
10m,baseline,168370463,2,-0.0264750561220744,0.0394013115728911,-0.1727711309297097,0.2751050221362768,0.3627818152362854,0.1433387604250856,0.4159524075436083,0.0902806761143812,0.2651229902596567,-0.3808850017190579,0.1781178078266354,0.2846975933950417,1.4746671957390203
10m,baseline,168370463,3,-0.2537222565420264,0.0242537310807602,-0.0425199982548768,0.0015587260682423,0.2743692101753395,0.1539879273372838,0.602137410426794,0.0340051874616897,0.4470557430611511,-0.2478358581938844,0.0825262540878491,0.3575944353555962,1.4334105120639182
10m,baseline,168370463,4,0.1066389618457697,0.0001453545884957,-0.1107914108270783,-0.0989486636380527,0.3195874282546899,-0.1520671428782732,0.5074283110565214,-0.0239249580224433,0.467809996038264,-0.4405628066660907,0.1599076375953989,0.3009624765683715,1.0361851839155731
10m,baseline,168370463,5,0.0931574803597845,-0.0099823484165055,-0.0672795695330694,-0.0407278115455352,0.390294652279875,-0.0197448653422741,0.4066034098393092,0.1515611213034938,0.5470889949965055,-0.0673338713479521,0.2094013895364114,0.5301212025732035,2.123159784703246
10m,baseline,182136619,1,0.0656858547801254,0.0579729564363738,-0.1195212149054293,-0.2394372586817308,0.0370396396584698,-0.1466117228278525,-0.0740153710201337,-0.0398725897455462,-0.291347735945173,-0.0742352902072379,0.3217578207209899,-0.3434961914807212,-0.8460811032178656
10m,baseline,182136619,2,0.0150858194422823,0.1939684210725304,-0.3108244864664368,-0.2878036693549169,0.0100335622781023,-0.2091323467074067,-0.0934442736593925,-0.1044830634252526,-0.125072891178989,0.0625038980072569,0.3754068450503324,-0.2833193216811515,-0.7570815066230419
10m,baseline,182136619,3,-0.1793068871649474,0.2899115996555171,-0.2386663137062527,-0.2691894881131015,0.0213385336172716,-0.0627421594919339,-0.0380360431709376,-0.1376403812414432,-0.2777306754016024,-0.057837894192756,0.4389706076228876,-0.3101471993230933,-0.8210763009103916
10m,baseline,182136619,4,-0.1524660748724617,0.4199607964813969,-0.2241249958305502,-0.3427307987880363,-0.1200044855099954,-0.394027225707157,-0.0604089419595258,-0.047296320271061,-0.2085789498026604,0.0813763643494503,0.5068135268730769,-0.2788577849548816,-0.8203448899924053
10m,baseline,182136619,5,-0.1218700323057559,0.1900948216989459,-0.2895479805192766,-0.2711871014696668,0.0662558704512206,0.2870383601005115,-0.1221807154747559,-0.073944673212984,-0.2789518345151537,-0.1840689830638213,0.3465171795143379,-0.3556341426614287,-0.8074792314578271
10m,baseline,191996808,1,-0.0985975270580517,-0.0587683069906036,-0.0664351938767786,-0.2828539155503722,0.0592441284642549,-0.2177862544059948,-0.1343981527417256,-0.0975897655078353,-0.0657240542086254,-0.2951286648176036,-0.1551954318498633,-0.0099972781862373,-1.4232304167294363
10m,baseline,191996808,2,-0.2168581226522543,-0.1395055141140704,-0.1849183173833177,-0.0641980329870718,0.0010492974652304,-0.2092124570929781,-0.0920922355808168,0.1101037728020755,-0.0348308106888488,-0.3066607642475342,-0.2305104696122398,-0.0123328677033935,-1.3799665217952195
10m,baseline,191996808,3,-0.2917887752488129,-0.2747299787659898,-0.1025584384328057,-0.0133738385054376,-0.0658941889657707,-0.2553909477569296,0.0612436887991197,-0.0136296288219052,-0.1237501183736017,-0.3605093508460569,-0.1608162257600075,-0.0462211755739509,-1.6474189782521487
10m,baseline,191996808,4,-0.1568604633463508,-0.1990980244207875,0.0109801307382045,-0.1124666871454244,0.037314589936181,-0.1914546789577214,0.112597739928385,-0.2099622165277172,0.0488898995575034,-0.402445626477238,-0.1262633736860098,0.0511803884270432,-1.137588321973932
10m,baseline,191996808,5,-0.050580164201739,-0.1074149469490862,-0.1181847092920135,-0.2096410534189393,-0.156661100806729,-0.1499619547053093,-0.0078907027700123,0.2254374851595713,-0.0800065817808153,-0.3506290699541736,-0.1465937910438439,-0.1106390206433883,-1.2627656104064784
100m,baseline,112288,1,-0.1443601410751187,-0.0224985830768077,-0.2423542782321364,-0.0696526295544603,-0.2622851620794637,0.1196231373073669,-0.1059205797405964,0.2575521234424014,0.2149410874908218,0.332742102395854,0.3388992697227497,0.2359372532424788,0.6526235998430895
100m,baseline,112288,2,-0.4259518817327311,-0.1190676992678915,-0.2666348222536708,-0.1825524511742306,-0.1768113959725785,-0.0064219550966533,-0.1172370773424575,0.1681203507000717,0.1663468772154543,0.2538172812729032,0.2547429840537915,0.1691365244184134,-0.2825132651795792
100m,baseline,112288,3,-0.2163336955132818,-0.0037987401043022,-0.195766074776328,0.1018929028346354,-0.063093819215513,0.2642324592497165,-0.1059205797405964,0.2575521234424014,0.2149410874908218,0.332742102395854,0.3388992697227497,0.2359372532424788,1.1612842890286363
100m,baseline,112288,4,-0.1443601410751187,-0.0224985830768077,-0.2423542782321364,-0.0696526295544603,-0.2622851620794637,0.1196231373073669,-0.1356928423598601,0.1072358080915084,0.2177761734780362,0.3026022101788969,0.2739492462567267,0.1704712242313912,0.31481416316607946
100m,baseline,112288,5,-0.2931169743042247,0.0778725772642688,-0.2537641361702252,0.0964502430065358,-0.1347870412217502,-0.0882948335787104,-0.2183750032901537,0.1370520686800539,0.2865598057126672,0.2577180031599173,0.2651596242694192,0.2065284395426233,0.3390027730704213
100m,baseline,16275727,1,-0.0658124314094792,-0.2543400006665332,-0.0431033878862972,0.0469168018808378,0.0167838488722205,0.0124953146720793,0.3622449458502516,-0.0139454237566075,-0.0819901932409416,-0.1501577086922208,0.3887863268223645,-0.1731948923494382,0.044683200096236
100m,baseline,16275727,2,-0.0504938798384528,-0.2629813174073981,0.0188676872759068,0.0844776443574416,-0.0198769364030665,0.0565575266066221,0.2471062149446992,-0.0922574156936155,-0.0216409693378174,-0.1185329948099735,0.4606670220131462,-0.2011963016420362,0.10069628006545586
100m,baseline,16275727,3,-0.0062273934041872,-0.176891703817058,-0.0232897001356213,-0.0267065936727071,0.0466472211491963,-0.0073279962459837,0.3622449458502516,-0.0139454237566075,-0.0819901932409416,-0.1501577086922208,0.3887863268223645,-0.1731948923494382,0.137946888507047
100m,baseline,16275727,4,0.0557972152587237,-0.1169265651380574,-0.0444299033809738,0.0566479216533151,-0.0552104661506488,-0.0833838239497171,0.1767304873207137,-0.0712796773555569,-0.0818464103376174,-0.2429095086167273,0.4401043549559378,-0.250308607337712,-0.21701498307832034
100m,baseline,16275727,5,-0.0636033963024239,-0.1129577063317601,0.0385590903762957,-0.0477048336649994,-0.113419544745,-0.035914011884927,0.2110234234923242,-0.0101321293466432,-0.0323789559833772,-0.2021024219201901,0.4720518390436249,-0.2506107966618801,-0.14718944392895622
100m,baseline,44576096,1,-0.1513662715743403,0.1400840306137707,0.0613865634077762,0.0049985087102602,0.1144511315652198,0.0259267506220558,0.6302591163676362,0.1253994838048742,-0.3093556882283539,0.1527130851970423,-0.2821519670941185,-0.5993079089766257,-0.08696316558480299
100m,baseline,44576096,2,-0.1719974086451227,0.2294733195675863,0.0128547841260435,0.0571637521253033,0.2217958316654845,-0.125975303914213,0.7831855949286594,0.2492090728356635,-0.018561116766469,0.2063287950872387,-0.1647514460547085,-0.1670706630046844,1.1116552119507817
100m,baseline,44576096,3,-0.0640552383660952,0.1381884218703056,-0.0533481193961623,0.0245974010018969,0.2096694922799755,0.0583460467845137,0.6522969232014265,-0.0463378597167798,0.0058653331814522,0.187167221133121,-0.1178998855934654,-0.1980850388094155,0.7964046975707733
100m,baseline,44576096,4,-0.1258289656751416,0.0176769841468574,-0.1540750844291011,0.212107182811343,0.2953475775558847,-0.0233990128857668,0.7064551994937801,-0.2108029389358043,-0.0027424425827932,0.1605359671542832,-0.1591332050623545,-0.2343836438552314,0.4817576177359555
100m,baseline,44576096,5,-0.1513662715743403,0.1400840306137707,0.0613865634077762,0.0049985087102602,0.1144511315652198,0.0259267506220558,0.6656784724321804,-0.0163001066748782,-0.4062150928540848,0.0807082076241825,-0.254059713615529,-0.480354009089963,-0.21506152883334984
100m,baseline,63218063,1,0.0078838608734018,0.072708549937132,-0.2556220468206121,0.1693723661661568,-0.0270396606477124,0.0376178197819866,0.2683611959486767,-0.0368601604798194,0.1917359306101862,0.0062613205986911,0.4914079539762994,-0.0751754965471199,0.8506516333972669
100m,baseline,63218063,2,0.0078838608734018,0.072708549937132,-0.2556220468206121,0.1693723661661568,-0.0270396606477124,0.0376178197819866,0.2483007126900883,-0.1112151765488028,0.1370894193976929,-0.0093000802767734,0.5200413778928134,-0.1218640193347426,0.6679731231106284
100m,baseline,63218063,3,0.1745382591740481,0.1972981574457616,-0.1052711153532039,0.0436263877478402,-0.1125813586992347,0.0832326734648233,0.2667929100504834,-0.1221050951729463,0.1156659138591448,-0.0474165520645951,0.5448484343845695,-0.0160908873074522,1.0225377275292387
100m,baseline,63218063,4,0.1182075001663785,0.0837311134840886,-0.1727546291459727,0.0227373778900222,-0.0754236466571787,0.0476764868278334,0.2739993873742716,-0.1555531936610905,0.077967650377923,0.0214777860212062,0.5113419302651068,-0.1165690482765565,0.6368387146660319
100m,baseline,63218063,5,0.1430947144664036,0.0715964208530735,-0.0611584680695692,-0.1022553391273241,-0.0076853207669661,0.1063984971209854,0.3204896285801795,-0.1173253589961487,0.0447101563769491,-0.0931242849211153,0.6195587081672971,-0.0720943839498855,0.8522049697338792
100m,baseline,67342911,1,0.0778576641600452,-0.1017547446567407,-0.2473418254265333,0.0511339837774988,0.0296441144209551,-0.0424564231727953,0.1905097850773681,0.4299712816584067,0.1164160985127941,0.2117731938422174,0.1637672033718243,0.2351525737629858,1.114672905328026
100m,baseline,67342911,2,0.1348210577545301,-0.096900679135779,-0.0763479916273516,0.130347450403976,0.007342405580954,-0.2153412571904496,0.0112145684967735,0.2333777018303271,0.1717774188127238,0.225175951455666,0.2139661991070457,0.2084195284418011,0.9478523539302172
100m,baseline,67342911,3,0.1001075923659338,-0.0881154148521116,-0.0929862763836964,-0.0287720165699531,-0.0396181526416903,-0.0927467779880591,0.0550145679661029,0.3984886347807641,0.1941841786071599,0.2058477007962547,0.1395540654395199,0.1618196617078636,0.9127777632280882
100m,baseline,67342911,4,0.0410160666155654,0.0459597173523257,-0.2200099212370103,-0.0034145935910149,-0.0918332458305739,-0.2916964809965087,0.3234548446960638,0.4276649119088684,-0.012633081621645,0.1175305869487033,0.209907458052566,0.1325494275022721,0.6784956897996117
100m,baseline,67342911,5,0.1417594176146104,0.1641433315372974,-0.2374276304032664,0.1473846525413371,-0.0178302697404657,-0.1802102372903748,-0.0010064419416667,0.3762870629477019,0.1217829624049403,0.0746970051099147,0.208197543643042,0.194633802854527,0.9924111992775972
100m,baseline,67844279,1,-0.1927875240498942,0.1035144569618545,-0.1272135572017925,-0.0678299244152969,0.0365507849521225,-0.1539844557367364,0.1803411916488486,0.2483365295051872,-0.3127954316878638,0.2322127276643115,0.3564515291627163,-0.5089086732119377,-0.2061123464084808
100m,baseline,67844279,2,-0.0408423895313579,0.156886733492601,-0.0161918464756395,0.0127007261796089,-0.0211576383597647,0.1693101874400459,0.1749543684268473,0.3205569019004396,-0.2690106035618627,0.0862606775044906,0.4530706849289487,-0.4200985819554725,0.6064392199888846
100m,baseline,67844279,3,-0.1329207722791345,0.1143701344321701,-0.1674748571404939,0.1814460213012283,-0.0010179322459349,0.1856132799331694,0.1361668817346168,0.147996396857595,-0.286651542762125,0.0868949060511045,0.4952313850574721,-0.4498256457950675,0.3098282551446004
100m,baseline,67844279,4,-0.1669267886017758,0.2224843414425487,-0.2302468280146422,-0.2126284403337257,0.0292939114892623,0.2777051584090873,0.2314567151817164,0.3747725370702765,-0.3480465166080897,0.1227706320033884,0.4464352758402027,-0.4762804898157509,0.270789508062498
100m,baseline,67844279,5,-0.0392760627154028,0.0546823735830348,-0.1896481257429644,-0.1493365149153537,0.0464256851308301,-0.0255983839887741,0.2776473020233774,0.3554925192317281,-0.2998243380961276,0.1257548519518916,0.4635517388446445,-0.4284144804580759,0.19145656484880796
100m,baseline,111086310,1,0.1974613333953502,0.0399661952231415,0.184020583120734,0.0240214243466601,-0.0832836078901051,0.2072646949593078,0.23820671242994,-0.1061924017708263,0.1623048526964527,0.2689966889950884,-0.1195320744959049,-0.386808311770741,0.6264260892390972
100m,baseline,111086310,2,-0.1661025447498355,0.0915033751968389,0.181903983893406,-0.0470919392794297,0.0888120170030273,0.138964897379522,0.9236540998896968,-0.4055892163655283,0.1756318277060352,0.0843049860691635,-0.1659577400062793,0.1570349555463957,1.0570687022830128
100m,baseline,111086310,3,0.0189781989760475,-0.0043075523489637,0.1967697707024267,-0.0772735287912547,0.07119936028025,0.1275005940732686,0.0688008890775378,-0.2338772514225706,0.1347564475888141,0.8688722592703163,-0.0542886240579986,0.2581082915861137,1.3752388549339871
100m,baseline,111086310,4,-0.0428884403758496,0.0593625409101122,0.2793658437719294,-0.0125762630674296,0.0414087136558509,0.25870347954056,0.9098778061261876,0.1607752110530385,-0.3504697060494413,0.6889427634732099,-0.1456242092591606,-0.4429727370443408,1.4039050027346667
100m,baseline,111086310,5,0.0099703473468256,0.0214270467062197,0.1661780585474066,0.0375456227330427,0.0951895057758198,0.1916166972092829,0.5513663721848796,-0.3443019500703861,0.3336826571539231,0.0471324933986334,-0.079069251239839,0.356780564226652,1.3875181639724603
100m,baseline,112517217,1,-0.0138471934558314,-0.0404854216835312,-0.1927627291862191,-0.2994671504624573,0.1231874117767491,0.1520667892392368,0.3273886740098234,-0.0124964435921693,0.1642597474089971,0.4110055615786231,0.406283659039055,0.3293905772437576,1.3545234819160337
100m,baseline,112517217,2,-0.1812268760014693,0.1742170251754518,-0.0362810469848472,-0.2533324635139796,0.2134420797960444,0.0164475686086011,0.2951248234929074,0.0607697139222862,0.1661953706525231,0.5568320383832255,0.4237384108449664,0.3757897604421994,1.8117164048179093
100m,baseline,112517217,3,-0.040052437895445,0.0558395060308169,-0.0153458166317958,-0.1829098775078835,-0.0698693405348842,0.0079057211526248,0.3439245506405865,0.0409178338277699,0.10873757903724,0.497833038887885,0.3605451469614862,0.2943903398751427,1.4019162438435435
100m,baseline,112517217,4,0.0435598516070143,0.140867573069756,0.0057878092693896,-0.2333039818799866,0.0356252504668684,-0.0496782191095086,0.2594975618110256,-0.0073922596820497,0.1168814382388416,0.3584034657098098,0.4461740258617564,0.2653414658075897,1.3817639811705065
100m,baseline,112517217,5,0.0306303045877412,0.0974480201179945,-0.0090159033417954,-0.1322676989493384,0.0228392853665352,-0.0733524705268802,0.3616123015105764,0.0667436008260718,0.2307549822798953,0.4267245406068483,0.4022081121922584,0.4304599968958986,1.8547850715658059
100m,baseline,113174215,1,-0.3529419447347947,-0.2005480734015527,-0.026626544292076,-0.197850309457483,0.162312391892948,0.0479562733688378,0.0221558832058141,-0.3258401719713525,-0.0286879917460296,-0.0496716864439674,0.1482358428046468,-0.0913027981898897,-0.892809128964899
100m,baseline,113174215,2,-0.1071219351613289,-0.1956245236296808,0.0856183963175767,-0.0951992818541107,0.1085964788467335,-0.0072120605079937,-0.0045579276373815,-0.422424932127289,-0.0355377452779497,0.0236452527553473,0.1522352086369353,-0.0827825422223992,-0.5803656118615407
100m,baseline,113174215,3,-0.1815248582484417,-0.0379469019703807,0.0509823592255959,-0.0970672575913108,-0.0917098889123602,0.0421738925460371,0.002835094138673,-0.2992891259578114,-0.116927906555634,0.0257997136514134,0.2045040636588843,-0.1480788170158096,-0.6462496330311447
100m,baseline,113174215,4,-0.2128653048965986,-0.2254307773392181,-0.0029083226403309,-0.0693396806560578,0.1690585020873836,0.1939582266556228,-0.0443313880370457,-0.4014243923959088,-0.1787904734076688,-0.0253918146641238,0.1195040134563477,-0.2299003770708558,-0.9078617889084541
100m,baseline,113174215,5,-0.1659754185929906,-0.1085340225116612,-0.087670522375896,-0.2747339729165188,0.0358209279802247,0.1299633006444324,-0.0544378768912712,-0.3388623994365287,-0.0978371389945297,-0.1554633764458182,0.211602309093033,-0.1305259016045474,-1.0366540920520717
100m,baseline,168370463,1,-0.0480436843257244,-0.2146558351559465,-0.1737992530711413,0.1293882449919637,0.2685708662171246,-0.0588691690656717,0.3404006835421789,0.1382705043392562,0.26975343168594,-0.1158771209586786,0.2458261782825346,0.298097466081423,1.0790623125632586
100m,baseline,168370463,2,-0.0405794967219285,-0.1804076487228582,0.0108048528004608,-0.1112744473680161,0.132462482508601,0.1553369754776231,0.3489143195587531,0.1285084327873865,0.3042563674484983,-0.207306642725017,0.272158093780864,0.4148175456139241,1.227690834438291
100m,baseline,168370463,3,-0.0010448765390698,-0.1882160569510218,0.047894490387634,0.1271418725079231,0.2432604003237668,-0.2349069213974655,0.3526809268018865,0.1319582003944155,0.6889593501683732,-0.4119975841980934,0.2682357468575583,0.6347389022573081,1.658704450613215
100m,baseline,168370463,4,-0.0541707460892233,-0.1333717690086702,-0.1786212785531272,0.0278552661199826,0.2629155017430299,-0.1291384705093899,0.3499161913499228,0.1075447229972311,0.2895661304650948,-0.0735545669283123,0.2910168302513543,0.4012771122731216,1.1612349241110143
100m,baseline,168370463,5,-0.2547547934566646,-0.1010489751533089,-0.024843694354011,0.0844860103526414,0.0450431894270801,0.1077080187957228,0.2874829383436027,0.084241440647893,0.3995631745926949,-0.2484346840512988,0.2305237086612942,0.4620945330616461,1.072060866867292
100m,baseline,182136619,1,-0.2494677175705618,0.3013999876691096,-0.2670319266915566,-0.3546171145605716,-0.152068798919157,0.1143638141002612,-0.0060704981506763,-0.1289250438431804,-0.4149113016956109,-0.0541236964388792,0.4579566984798195,-0.5153063093961455,-1.2688019070171488
100m,baseline,182136619,2,-0.2494677175705618,0.3013999876691096,-0.2670319266915566,-0.3546171145605716,-0.152068798919157,0.1143638141002612,-0.0480425820078046,-0.1738366061757159,-0.2708747472146299,-0.1120760035830025,0.4816347931273348,-0.402676437411601,-1.1332933392378952
100m,baseline,182136619,3,-0.1204374016224925,0.3469237260256316,-0.3395099808566897,-0.3066650267105523,-0.0407338451319096,0.0033140804264379,-0.0035674670560663,0.00118900249699,-0.2422468719347743,-0.0695404458767227,0.4325970553111736,-0.3786900511109088,-0.7173672260398831
100m,baseline,182136619,4,-0.0541417875468235,0.2013564035423214,-0.3384342747194336,-0.2730681001668012,0.0405223127168281,0.2578376026214224,-0.0466364734066208,-0.1708444401809678,-0.3284467483398209,0.0547001213417565,0.5065541302680879,-0.4447234073613306,-0.5953246612313821
100m,baseline,182136619,5,-0.1650899357625894,0.1508509238945352,-0.2325699775070417,-0.2730791380169199,-0.0204904028272617,0.1612724146806209,-0.0622838095359555,-0.0762909520959483,-0.2897207546966157,-0.0621903324371814,0.4475346202852717,-0.3379064217970842,-0.7599637658161701
100m,baseline,191996808,1,-0.0736237282815769,0.039748119514247,0.2436705574077715,-0.0126772511400759,0.0355841709528446,-0.1554617898830531,-0.0287593113652821,0.1493655057638269,-0.1332008100666216,-0.3653372527029153,-0.1733957143996799,0.0463620860029294,-0.4277254181975854
100m,baseline,191996808,2,-0.0697978997477447,-0.0247161069945532,0.0651798667956984,-0.0698113137039674,0.0279997773990072,-0.3334814302585432,0.0045615505379544,-0.0073995743367139,0.0038436154062499,-0.364448988023548,-0.1842596475233219,0.0809713630826933,-0.8713587873667892
100m,baseline,191996808,3,-0.2067498213682927,0.0438580987198365,0.0016749906881924,-0.1533215866625739,0.0138051339711758,-0.0613950999142092,0.0903031367793607,-0.0329905024465545,0.0658816558667026,-0.2466309936774192,-0.1307407002145335,0.0090372221340822,-0.6072684661242327
100m,baseline,191996808,4,-0.0749669147832315,-0.14983907266623,0.0467106976963918,-0.2327510727651182,-0.0360434908027409,-0.2906829528295915,0.140804896556219,-0.0217152843452376,-0.0625638421250038,-0.2942202791378103,-0.1526602448563789,0.0179177968121643,-1.1100097632465677
100m,baseline,191996808,5,-0.0736237282815769,0.039748119514247,0.2436705574077715,-0.0126772511400759,0.0355841709528446,-0.1554617898830531,-0.0140933193731401,0.0355056220263766,-0.1973110084156531,-0.2547331815838026,-0.1464527494077465,-0.0884253348821047,-0.5882698930659132
1b,baseline,112288,1,-0.2020435064708168,0.0281750177289252,-0.3312917805391855,-0.1593369870746499,-0.1911874717361239,0.1132462643072268,-0.0557042174219161,0.2504190659206892,0.2387118628936284,0.3152835031729196,0.270070360149399,0.2118836146233952,0.4882257255534911
1b,baseline,112288,2,-0.344586502874592,-0.0174196623137026,-0.2864261962120871,-0.1170573425498243,-0.2498428165659974,0.0451645800203295,-0.0449076217214174,0.2548848589341276,0.2512349291323359,0.3176512926364045,0.2818991567706633,0.1966610943973332,0.2872557696535732
1b,baseline,112288,3,-0.2479235520232511,-0.0216713872369573,-0.2917772215261193,-0.0609614439978226,-0.1916022542862036,-0.0070370748606051,-0.0741944593329303,0.1994868740331134,0.2462559025766241,0.2979904913140469,0.2974103391213838,0.2025771402871652,0.3485533540684441
1b,baseline,112288,4,-0.2708783802151111,0.0027972643569775,-0.2560088426710468,-0.0914232447034196,-0.1671948422319403,0.1151976220780536,-0.0571312043074875,0.2004342416615178,0.2268637750238783,0.3108117829218805,0.2721584049159344,0.1950795857501752,0.480706162579412
1b,baseline,112288,5,-0.2683403911774352,-0.0475127702835349,-0.2532725295610416,-0.1831184764936316,-0.1373360983414406,0.0198521888454617,-0.041768573558524,0.186346433729567,0.2327200614058494,0.3161636427974852,0.2858295449070585,0.1774698414225399,0.28703287369235375
1b,baseline,16275727,1,-0.21874304251635,-0.2050248772525937,-0.128136882867502,0.0184026516162983,0.1340705507380207,0.0973056654126229,0.3006888959874165,-0.0202153999764956,0.0393282254823846,-0.2415958753449042,0.4231669871443171,-0.0971792110014253,0.10206768742178927
1b,baseline,16275727,2,-0.2237298360399157,-0.1485495470709684,-0.1669630965072264,0.0735659407788366,0.022926089457664,0.0199294981860661,0.2773884595169715,-0.0063622167645977,0.0275523124714556,-0.1612948722007466,0.3938499497089602,-0.1150382913243968,-0.006725609787897602
1b,baseline,16275727,3,-0.2119128493875099,-0.2401566428771969,-0.1325252584639908,0.0115258922912532,0.0257215277278838,0.1276929009045253,0.2850022893071411,0.004254670662425,0.0098239639505188,-0.1744719322859055,0.3887710431656654,-0.1290851650611557,-0.03535956006634611
1b,baseline,16275727,4,-0.2078064373567297,-0.1686254116244881,-0.1255333733023472,0.0008270160890469,0.0519297447135779,0.0181747405479925,0.2613233095735834,-0.0196678521870489,0.0348742256459879,-0.1896488819901972,0.4125202111663218,-0.1014476069494081,-0.033080315673708865
1b,baseline,16275727,5,-0.3058173687421455,-0.1959390901658605,-0.2075235085384781,-0.0183029761791168,0.1403062199398383,0.0897613719124809,0.282955081878494,-0.0237206222953901,0.0123777246378566,-0.2014284005989147,0.4387083659053973,-0.1140228602340818,-0.10264606247992046
1b,baseline,44576096,1,-0.0885066173380383,0.1114229636286976,-0.0718480648062477,0.1765092979618204,0.234580073309367,-0.0015162845757684,0.7365350677869943,-0.002571833878281,-0.0645528798448584,0.2704375028890395,-0.1981614531947201,-0.344965977262442,0.7573617946755629
1b,baseline,44576096,2,-0.1386210237076164,0.1172854999032245,0.0053704129974465,0.1060488612454559,0.2139354797616207,0.0309695659907631,0.7080007225744988,0.0146393022907433,-0.107464390149522,0.3613823947975853,-0.1926206466763519,-0.3699369782184764,0.7489892008093716
1b,baseline,44576096,3,-0.1827609310550314,0.2004119051779384,-0.015980204382687,0.1906874478197784,0.1673023078553795,-0.0324283683333835,0.7476540654042143,-0.0408535674574166,-0.0541281510949298,0.3631156305209613,-0.2500200663073437,-0.2996513380801096,0.7933487300673701
1b,baseline,44576096,4,-0.0168394635967872,0.15570535751773,-0.0881919819422431,0.1675887492221779,0.1531051265054646,0.0369539165508868,0.7365350677869943,-0.002571833878281,-0.0645528798448584,0.2704375028890395,-0.1981614531947201,-0.344965977262442,0.8050421307529614
1b,baseline,44576096,5,-0.0338939944673337,0.1564570654339042,-0.0768455924438565,0.1653908844812529,0.220798775660265,0.0933478815002798,0.7294448908988495,0.1109003911616004,-0.1228021788521587,0.3582849412231223,-0.2519250708795377,-0.3268743831413868,1.0222836105750008
1b,baseline,63218063,1,0.1083307142091191,0.1481062712475963,-0.1739602198597658,-0.0246829680676079,-0.1166711769986546,0.1840401782575887,0.2893737875884545,-0.0754596743076272,0.1871694160037143,-0.0449684443385076,0.5729562228267487,0.0369020347848222,1.0911361413458807
1b,baseline,63218063,2,0.0839189707027084,0.1561950975056284,-0.1207480925361345,-0.086364860298355,-0.108881505026215,0.0454493703500359,0.358687133068463,-0.0676823245676408,0.1760951945302734,-0.0465920616804594,0.5520685053029549,0.0272598539738556,0.9694052813251148
1b,baseline,63218063,3,0.0801927801187562,0.123655457861072,-0.1782694218212561,-0.0985876334233656,-0.0584761682479158,-0.0620334831854048,0.2893737875884545,-0.0754596743076272,0.1871694160037143,-0.0449684443385076,0.5729562228267487,0.0369020347848222,0.7724548738594909
1b,baseline,63218063,4,0.0974576544567822,0.1871008461830282,-0.2065379015637208,0.0114876032204867,-0.0702955459785084,0.1447486282283663,0.3654339631725912,-0.0949291652052362,0.1572585224476725,-0.000461006976624,0.5466892716431445,0.0422428690288467,1.180195738656829
1b,baseline,63218063,5,0.1439455218558368,0.2361450272206114,-0.1681490104363077,-0.0991049106103843,-0.0106652245866963,0.0712777979160621,0.3770997330984911,-0.0806021581293665,0.1309967213718198,-0.0287968200711084,0.5635383792634555,0.0085305590693792,1.1442156159617927
1b,baseline,67342911,1,0.2688787870365832,0.0622287519604131,-0.109396984598148,0.1037034078677986,0.0427409540130903,0.0606873702537424,0.1949021919248282,0.3771094464304521,0.0598325059117808,0.1487858271486825,0.206075988202379,0.1626346775255152,1.5781829236771174
1b,baseline,67342911,2,0.2634999774265903,0.0604929741965047,-0.217549463315057,0.1168041662580235,-0.0617323084437239,-0.3112170053192798,0.1651614316489688,0.4037313186901503,0.1229863563301831,0.1737596226047262,0.1966466216716605,0.196679379359776,1.1092630711085225
1b,baseline,67342911,3,0.2590223207255607,0.0375752856474677,-0.2217050699087933,0.1223854663923657,-0.1016444952410944,-0.241713627814694,0.218309604322149,0.4240179457105193,0.0317345703338491,0.1361850772177843,0.2525153889058103,0.1510274303162636,1.0677098966071878
1b,baseline,67342911,4,0.3163186729509932,-0.0765597096274721,-0.1200845422559089,0.0749755258752531,-0.0109203349080437,-0.0555676540294811,0.1664346606857374,0.3679460125934523,0.0879665220361434,0.2050053375985027,0.2592483648457002,0.107878918271478,1.3226417740363545
1b,baseline,67342911,5,0.3195886099354724,0.0356880103646805,-0.1870582002202167,0.0951011896415974,-0.0404676107879793,-0.0644474549557051,0.1904285923381639,0.428621882282308,0.1067990774495837,0.2372017174423832,0.1724437775629514,0.1993110199701268,1.4932106110233665
1b,baseline,67844279,1,-0.1708884711345192,0.2177774316896561,-0.2149126335501784,-0.0980157444071469,0.0219166233958421,0.1172726387384702,0.1584869059414804,0.4099455517122939,-0.3530565863677217,0.1137445947167331,0.4261537266317527,-0.4494329455459864,0.1789910918206759
1b,baseline,67844279,2,-0.1409938438284884,0.1621517321811179,-0.2385944522074384,0.1069016496590265,0.0812920750739333,0.1092654655274346,0.1584869059414804,0.4099455517122939,-0.3530565863677217,0.1137445947167331,0.4261537266317527,-0.4494329455459864,0.38586387349413737
1b,baseline,67844279,3,-0.056717552061926,0.1838441453036493,-0.1599804048653009,0.038796922360644,0.0881841708019541,0.0206494798387279,0.1429307570090433,0.3627344701210976,-0.3303919971445155,0.0540405439978767,0.4209505266060989,-0.4372452509913072,0.32779581097604227
1b,baseline,67844279,4,-0.1487239613887756,0.147359660241458,-0.2381569557114837,-0.0685951506398942,0.1230186371533849,0.1662141837554505,0.1447981282782436,0.4054774406991483,-0.3082004365564328,0.1313975621496466,0.4237822852373858,-0.4399261063700571,0.33844528684807434
1b,baseline,67844279,5,-0.1708884711345192,0.2177774316896561,-0.2149126335501784,-0.0980157444071469,0.0219166233958421,0.1172726387384702,0.223446811939376,0.3698382448974155,-0.3191209323901634,0.0566096945285303,0.4375430908197767,-0.4294801908178219,0.21198656370923713
1b,baseline,111086310,1,-0.0753144795705881,0.0050227987918915,0.1960066145585782,-0.0156473463065062,0.0361561134144291,0.1934085746735979,0.161924277568383,0.0357653566512661,0.3287472867927256,0.1202326441510508,0.0501644885163642,0.2182079566398297,1.2546742858810218
1b,baseline,111086310,2,0.018098807718908,0.0082380606478146,0.2111015563788583,-0.0307713451184744,0.0699284770519,0.2035461322835206,0.0628818544922499,-0.2084652273779955,0.4088574053165976,0.3600454900712382,0.0400936634891554,0.4424037066525195,1.585958581606292
1b,baseline,111086310,3,-0.0307947586301167,0.006107121760608,0.162315528564966,-0.0941978985532093,-0.0009591104899498,0.168460626729419,0.1962750831759865,0.0155654156096757,0.4740125699202355,0.2534758500624902,0.0661560691215454,0.3815773979983156,1.597993895269966
1b,baseline,111086310,4,-0.0350781408432715,-0.0086437840897141,0.2858483103468156,-0.0812308014053448,-0.0043327347035794,0.1874294855056186,0.2417098418163855,-0.0932635368213618,0.2691417042261024,0.4010166798323983,0.0764871820227585,0.247027230569876,1.4861114364566832
1b,baseline,111086310,5,0.0685334006789773,0.0448671104951503,0.2041580135853171,-0.0501946456253465,0.0637897847808729,0.2458190118447409,0.161924277568383,0.0357653566512661,0.3287472867927256,0.1202326441510508,0.0501644885163642,0.2182079566398297,1.4920146860793313
1b,baseline,112517217,1,0.0131860346450949,0.0877354315234879,-0.1163160091412141,-0.2221346595822069,0.0683732290662264,0.0869523640226815,0.4358598964262103,0.0289138763009489,0.1960460329781288,0.3138222279814976,0.3556472013965179,0.4037635014746876,1.6518491270920608
1b,baseline,112517217,2,0.1023142024944695,-0.0313986903108311,-0.1225423490346089,-0.2669587017260166,0.1231626635169133,0.105348908781783,0.4358598964262103,0.0289138763009489,0.1960460329781288,0.3138222279814976,0.3556472013965179,0.4037635014746876,1.6439787702797004
1b,baseline,112517217,3,-0.0740673840354142,0.1115462383000627,-0.244528930435519,-0.2148285010334379,0.1052320071915395,0.1481093354575808,0.4352489279735755,0.0424410471848918,0.2136290403412269,0.3154836708508556,0.3598598386063239,0.4177034019046861,1.6158286923063716
1b,baseline,112517217,4,-0.015055458457867,0.066525258886613,-0.0964593336811623,-0.1822059065228607,0.0573882256467173,0.1285394242870525,0.4492638626051414,0.0526962192107633,0.2611504382261896,0.3590476351767172,0.428165184986825,0.4534533177398032,1.9625088681039327
1b,baseline,112517217,5,0.0969871120493168,0.0490352721363944,-0.0774269311846658,-0.243391694378376,0.0122098348808245,-0.0180750427044541,0.4569564686944353,0.0621932890195158,0.19818444544543,0.3897295660163838,0.3348243896321605,0.4014095451740938,1.662636254781059
1b,baseline,113174215,1,-0.2197082333224901,-0.1408848362878946,-0.0521651514831843,-0.1020079042114728,0.075706351145553,-0.0177116339572944,0.0012162173958942,-0.3044913469415145,-0.0638934881670412,-0.0327076075002726,0.1692910668176584,-0.1104500542865529,-0.7978066207986118
1b,baseline,113174215,2,-0.2068763470916347,-0.0613301161439552,-0.0436514967332698,-0.054038727147877,0.085059773554971,0.0695217496962786,-0.0096751667826972,-0.3172192518007557,-0.0499517211643337,-0.0260799076315426,0.1650519592540311,-0.0944813400763104,-0.5436705920670956
1b,baseline,113174215,3,-0.2099225294411451,-0.0820707897174023,-0.099969701352613,-0.0941754669218968,0.1114039335519217,0.2268306076029697,-0.0083237625526113,-0.3300695829964402,-0.0781610680185994,-0.0432493121654562,0.1606845405928919,-0.1024500267165058,-0.5494731581348867
1b,baseline,113174215,4,-0.1623099944094235,-0.073955211208443,-0.0351999633473169,-0.1360943336040294,0.1596095314697368,0.0927282502018726,0.0012162173958942,-0.3044913469415145,-0.0638934881670412,-0.0327076075002726,0.1692910668176584,-0.1104500542865529,-0.49625693357943196
1b,baseline,113174215,5,-0.1170237327502707,-0.1825183846160731,0.0183783161760269,-0.1409128909629289,0.1032466223579141,-0.0384570154362797,-0.0101103765470086,-0.3268265238807021,-0.054044142722445,-0.0152711315232901,0.155929353686579,-0.1003706913286962,-0.7079805975471742
1b,baseline,168370463,1,-0.0684631627395646,-0.0881555183326675,-0.1083651946646763,-0.0277397632824175,0.2410429088621711,-0.0130207693395038,0.4130004762531816,0.0822751592439106,0.4271250174991469,-0.2113008950829854,0.2085291442955645,0.5167392183293954,1.371666621041555
1b,baseline,168370463,2,-0.1286279685146815,0.0060303055467335,-0.1152739283130172,-0.0336265724147596,0.2625889788112065,0.0219292525656052,0.4049949087857945,0.0402835649106565,0.4602573414196724,-0.3936803918359365,0.2175211255003721,0.4869832274535787,1.2293798439152246
1b,baseline,168370463,3,0.0022001724531549,-0.0968747464279007,-0.1313937809331421,-0.011647006737697,0.2341203227385923,0.1028653618114471,0.4130004762531816,0.0822751592439106,0.4271250174991469,-0.2113008950829854,0.2085291442955645,0.5167392183293954,1.535638443442668
1b,baseline,168370463,4,-0.1399448382042452,-0.0656237992911944,-0.1239466664411966,0.0339476639593895,0.3156223331650837,0.0460557177717229,0.3826300458340441,0.1246676019615866,0.437032726536476,-0.3154509432150347,0.2069270323409222,0.4861854724431942,1.3881023468607483
1b,baseline,168370463,5,-0.0908755720596069,-0.0289060354874538,-0.0913150818416276,-0.0650985043357358,0.2477946006189645,0.1617578131660686,0.4014325305213018,0.030730467811798,0.3968721333851128,-0.4321507594910589,0.2517419236022706,0.4673935690855615,1.249377084975595
1b,baseline,182136619,1,-0.1899908963972625,0.2445625240149641,-0.2663763771507888,-0.3506362861571787,-0.105769760567185,0.1059467185132074,0.0111158467068101,-0.0759155830446089,-0.3812526195054905,-0.096786221367831,0.4518036571629381,-0.4666695642046609,-1.1199685619970867
1b,baseline,182136619,2,-0.1068298502861762,0.2589712728257989,-0.3059532429458059,-0.2806040708323739,-0.0779111928759009,-0.0838957381521569,-0.0299133873748259,-0.0675326761103985,-0.3791922373076823,-0.1099119711013869,0.4608634030943738,-0.4523919575433641,-1.1743016486098987
1b,baseline,182136619,3,-0.1556649116751709,0.2572949283123411,-0.2942226585829259,-0.2554124972185946,-0.0552720709202457,0.0147340375260977,-0.0159042571147569,-0.0514351678021395,-0.3385518157907721,-0.0623584634125754,0.4365924027653493,-0.4843164762645454,-1.0045169501779383
1b,baseline,182136619,4,-0.135151405933535,0.2286469853223058,-0.4028851765964618,-0.3752361891464743,-0.0830946364519463,-0.0141631809572321,-0.0133560670725533,-0.0289824915741635,-0.3751043749404019,-0.009099185480526,0.4346296572007295,-0.5058680319443559,-1.2796640975746145
1b,baseline,182136619,5,-0.1899908963972625,0.2445625240149641,-0.2663763771507888,-0.3506362861571787,-0.105769760567185,0.1059467185132074,-0.0347086907554707,-0.0570553971124185,-0.3494431304201728,-0.1001470354675652,0.4670928087646361,-0.4349306703118676,-1.0714561930471023
1b,baseline,191996808,1,-0.078445813904394,-0.0166985633684832,-0.0427309232082308,-0.1091786584554764,0.0130242271829301,-0.3517276934914712,0.0275886877684229,-0.0080872111988961,-0.0335210768613677,-0.3889430356359911,-0.1379543536561147,0.087449387537134,-1.039225027291938
1b,baseline,191996808,2,-0.0940195789839038,-0.0453850315310866,0.0481848358945072,-0.1198875165567306,-0.0529750043726587,-0.2132275840635901,-0.0090212621175441,0.0292008423796448,0.0333975974553521,-0.3934210103160914,-0.1680835833511316,0.1220908920867122,-0.8631464034765205
1b,baseline,191996808,3,0.0225592386225992,-0.0396942293237664,-0.0510807815826614,-0.2171379256223932,0.0121471321424936,-0.2225925800325557,0.0296394096876257,-0.0010926959124952,0.0690300022107968,-0.4188674372722766,-0.1397552013463578,0.1437409032229238,-0.8131041652060672
1b,baseline,191996808,4,-0.0237617155110594,-0.073319110769105,0.0534469538090258,-0.1990367529925563,-0.0019496348085406,-0.3169969242181616,0.0242840936271908,0.0178076711642714,-0.0142625388052811,-0.4106733805554365,-0.1651617471595042,0.1097185466568351,-0.9999045395623216
1b,baseline,191996808,5,-0.0399039372658258,-0.00519615302901,0.0115146727274322,-0.1879656226006539,-0.0070649327128551,-0.2162722761705532,0.027592089698501,-0.0328768562910622,-0.0054113166694387,-0.3860851955984725,-0.1691414372642116,0.0784536658968168,-0.9323572992793331
3m_268,ampa,112288,1,-0.32015754111568046,-0.03700883541495431,-0.34591407735687124,-0.035552595567121904,-0.26622046806907307,0.039076966361920984,-0.20741106454397076,-0.004507871111801995,0.4558571231561414,0.25867826588146364,0.37758135286516775,0.41243557679030074,0.3268568318755207
3m_268,gaba,112288,1,0.012756093521998402,0.1473756756341249,-0.2115683440298815,-0.3200471535516873,0.5253540310511401,0.8019251241801933,0.07877772966063341,0.21353994502036677,0.5300061983994416,0.24183148663267287,0.012567876818598825,0.29842279982455594,2.3309414631621572
3m_268,ampa,112288,2,-0.3011815258767819,-0.02071336214254562,-0.345449614427187,-0.006185724877725774,-0.19993060277543667,0.09257571481660462,-0.22148834972611064,0.016301589933126543,0.4675559155385676,0.2666795587540118,0.32589127230790654,0.418106298042696,0.49216116956712547
3m_268,gaba,112288,2,-0.06480471924023022,0.1416660985134971,-0.1960094118923256,-0.3009367913180152,0.4172212906114,0.7635907629097245,0.05060918626351415,0.2040121935512987,0.617861767016081,0.24041836001803016,0.026894579980649497,0.3757182458614898,2.2762415622751133
3m_268,ampa,112288,3,-0.3115945053029928,0.019314980314500838,-0.35241177234099086,-0.02031296613186478,-0.29038602947740355,0.11845945688609387,-0.25290931785370635,-0.044040386770767326,0.4527589575973135,0.2622769793260005,0.3813543765155149,0.4043331896231673,0.3668429623848653
3m_268,gaba,112288,3,-0.04655681772639851,0.20005255569907748,-0.16826534195617915,-0.30151496046202203,0.42135748494088665,0.8327100442362716,0.06313260603708867,0.2769611033829418,0.5487991982057038,0.20794041200856728,0.04186487506821366,0.3364996977130757,2.412980857147227
3m_268,ampa,112288,4,-0.28874415535028697,-0.0759740071926404,-0.38480670045035636,0.0006919743720244749,-0.12862423593769662,0.03402112570767361,-0.22706042851445307,0.009765826820214133,0.4412045688607889,0.2603543832662109,0.3846701446793472,0.40169642933780364,0.4271949255986293
3m_268,gaba,112288,4,-0.03103145855360959,0.2146606745552565,-0.07034054127086689,-0.37013034830300473,0.3845523886255727,0.8475068078034556,0.033095789566552875,0.20336058318962566,0.5310286915473491,0.23319144065951045,0.03859667125633798,0.31905287981748714,2.333543578893667
3m_268,ampa,112288,5,-0.23056606796710233,-0.05716457901963418,-0.3618283866894728,0.011663202626886384,-0.2992592534028069,0.03235214624534395,-0.2297965380458696,0.008739069809468652,0.43209563177778526,0.26588175328820013,0.3739959426118997,0.4472500350726481,0.3933629563073463
3m_268,gaba,112288,5,-0.050626693884634304,0.1434060793683595,-0.18286929112320727,-0.3218802129877168,0.40971090564061485,0.754518859625967,0.025560795203813717,0.24889788901624463,0.5681284067352649,0.2367497314490108,0.01068961452596412,0.3401368032841378,2.1824228868538187
3m_268,ampa,16275727,1,-0.12984343345202312,-0.20668575964592914,0.030791442846172832,-0.03970300722717589,0.4312595517906354,0.03816531664833609,0.3488461160947878,-0.19897406397523978,-0.11764506390475944,-0.20202556484364523,0.3420399426915051,-0.19398756300661177,0.1022379140160529
3m_268,gaba,16275727,1,-0.128789699847789,0.23561718253435768,-0.27338084409402275,0.10744415206773894,0.5778761517859181,1.0390796113237686,0.3914252773722735,0.2249846441712153,0.11069712496178752,-0.3199004407740748,-0.23399634635451036,-0.17174662478862748,1.5593101883580354
3m_268,ampa,16275727,2,-0.15504540185941057,-0.23497284421330816,0.009713063198106728,-0.016204338827918684,0.4296762237069891,0.11272363960725795,0.3634972463590706,-0.21603525383094058,-0.07384409814679921,-0.21684616331690862,0.23630644305886894,-0.11697337610620455,0.12199513962880291
3m_268,gaba,16275727,2,-0.1675080905050387,0.24287125763242567,-0.30853451417773137,0.13364934485554408,0.545525990725399,1.0200453769808295,0.4462145895291545,0.1974831225760627,0.09635141184214209,-0.3466974678723713,-0.1975081989206767,-0.19527365987102344,1.4666191627947158
3m_268,ampa,16275727,3,-0.10941703407065753,-0.233233049299776,-0.0034912258250468977,-0.0017088410441268905,0.4369129978581646,0.09992000823371142,0.3306891992414742,-0.1936278907414685,-0.1082978317091315,-0.20610696385305946,0.28660015789957255,-0.1431222670860786,0.15511725960357745
3m_268,gaba,16275727,3,-0.08510323861007893,0.21336912259524954,-0.2746938775262761,0.09746240748171943,0.5611594448002207,0.995718550822168,0.37549636247078766,0.22654867946598642,0.1109303738079458,-0.3538130396947466,-0.23566496898139425,-0.16115872579735757,1.4702510908342235
3m_268,ampa,16275727,4,-0.17997194412313677,-0.1724589306421564,0.03873131817012675,-0.041137582861348804,0.446374690212314,0.08061011235775696,0.3990553562564232,-0.21882025368695268,-0.10661663543444631,-0.20019904568450061,0.28651221142802785,-0.13765413178151228,0.1944251642105949
3m_268,gaba,16275727,4,-0.1836319778177203,0.22787839069257454,-0.3186250370698088,0.11638896214466105,0.603521306891464,1.0258845597075288,0.381286098630222,0.22325736958464729,0.11455376193916456,-0.3227517018518042,-0.18023389258800085,-0.14743802309276532,1.5400898171701627
3m_268,ampa,16275727,5,-0.19178407746373707,-0.22671567318825603,-0.0036457784379820913,0.0063990574580221,0.384685366706243,-0.006470172899439474,0.3132797260251273,-0.21290046248573893,-0.07465453127559508,-0.1989213069577123,0.30941791817574665,-0.10983659297620056,-0.011146527319522467
3m_268,gaba,16275727,5,-0.12588249494862352,0.21810812532709323,-0.28531888090011864,0.11895941356711234,0.5395679880772632,1.0025455285914688,0.4342665168358016,0.21754565758258707,0.10326682876427262,-0.3335842506980315,-0.18070217887315976,-0.15131251737499538,1.5574597359506706
3m_268,ampa,44576096,1,-0.009386703715743698,0.20932713007674753,0.003768059960491646,0.07418455904958361,0.3211788333416438,-0.06792739114186336,0.7614442403209832,0.010161811649125357,0.059670625441772186,0.2797291295728576,0.03362485947856198,0.1147349982463929,1.7905101522805529
3m_268,gaba,44576096,1,-0.06087562674033071,0.0798160141221818,0.07388743638904921,-0.12123565094402411,0.2642365383228128,0.6522156272985112,0.818665326013686,0.543168731313176,0.3623809976435211,-0.13751127622808776,-0.2109674510890541,0.3380241348222263,2.601804800923667
3m_268,ampa,44576096,2,-0.006797024836940221,0.14038080794584654,-0.0555130703343715,0.13030076092832488,0.4282037359462202,-0.0802269298533049,0.7429270055057183,0.016439163690513625,0.06245869886221309,0.3079917253240279,0.022711280583126926,0.1589782573083789,1.8678544110697537
3m_268,gaba,44576096,2,-0.10286277761333834,0.07392850357085147,0.01639099674458544,-0.015792190439363418,0.25203557078957817,0.6145724069968179,0.8050548591710628,0.5230150208868803,0.30372243290203566,-0.15686222975696415,-0.22073026894282768,0.305600211428018,2.3980725357373363
3m_268,ampa,44576096,3,0.03823820961833187,0.11798338985378583,-0.023039591685935307,0.10590980047027072,0.3572843839339102,-0.10885202505813589,0.7828821820184947,0.02765439786171464,-0.025813908451967498,0.2716647673512115,0.014009438454499104,0.14871079893165925,1.7066318432978391
3m_268,gaba,44576096,3,-0.24267916838868392,0.12244806870791994,-0.11811217371825945,0.061995620914938945,0.2835451852895469,0.7036242470660009,0.8107921661640951,0.537629592457263,0.28083019966721695,-0.1565063977136598,-0.27058314301542935,0.29785498384636827,2.310839181277318
3m_268,ampa,44576096,4,-0.009150107097451662,0.16162538699171916,0.013185738188451307,0.0765945438160588,0.3053352424108964,-0.13583615561051204,0.7421325262398257,0.06450301544721876,0.09061439765957975,0.2906445696997027,0.04346504938283727,0.22445397682425575,1.8675681839525817
3m_268,gaba,44576096,4,-0.09267121156058232,0.07093447305232688,-0.002936452468199154,-0.002977351306323637,0.228734022226731,0.6170820778705466,0.7762311317809399,0.5397060057099604,0.2565492008698057,-0.19117415537716784,-0.2774215545379644,0.2822372552126821,2.2042934414727555
3m_268,ampa,44576096,5,0.004504525815131103,0.13118435873301598,-0.011967624177098637,0.1031217766099333,0.31154314441553727,-0.049762218921070044,0.7406285066944567,0.011609437489302562,-0.06180668840690218,0.29345320022675997,-0.001723869581697783,0.11038002271782993,1.5811645716151983
3m_268,gaba,44576096,5,-0.15265701159909692,0.09637802982409643,-0.05458040181813501,-0.0010576071135764587,0.2426353598789121,0.6976470001901955,0.8103951617809885,0.5342324097209069,0.3030394453980197,-0.1492860587670611,-0.1812344043040386,0.2762122176674003,2.4217241408586117
3m_268,ampa,63218063,1,0.3672551715988876,0.04314672377225032,0.05474234153730077,0.07528443141424923,0.33035781109240697,-0.04558052178819625,0.299353916749931,0.06946305718874607,0.33767893400773996,-0.04209829826601516,0.5803254776846313,0.11094262733719558,2.1808716723291273
3m_268,gaba,63218063,1,0.26654139170029706,0.049269507702322954,0.20089232530456844,0.3633218836487131,0.7145719020380856,0.5655193662773085,0.4167787443382114,0.26562892365774016,0.047222333687818585,-0.2132754353595979,0.0207138662941925,-0.0228443721709039,2.674340437118756
3m_268,ampa,63218063,2,0.3464116790723178,0.256345850493504,0.009760291225308679,0.04794923941234255,0.18016569690254863,-0.013128043052012746,0.3110255341330101,0.07526848601373441,0.3208660200525913,-0.03345529966555072,0.5945947707591596,0.07616130774103576,2.1719655330879895
3m_268,gaba,63218063,2,0.2801306808110983,0.11706607538381636,0.2554394767686696,0.3183357395678314,0.6213755018002193,0.5170793368880992,0.4182161920674374,0.3111120757986027,0.0861521515396233,-0.18784206049504557,0.0272652713337511,-0.04716331824011243,2.7171671232239905
3m_268,ampa,63218063,3,0.3202166516562849,0.19823230004519804,-0.005055456709466742,0.05901169328976247,0.23395841363441555,0.03780528275297194,0.3051726798762151,0.1327021847656993,0.19034988419646423,-0.036233229219589075,0.6289966691178429,0.0477728534004248,2.112929926806223
3m_268,gaba,63218063,3,0.3131078846460516,0.1700823506229078,0.3439118497884527,0.2952765890380883,0.6471402110367946,0.507994987661314,0.39930017111695815,0.26173908332964163,0.07745774127884865,-0.21352345800798087,-0.018880311464945582,-0.039294075180370557,2.7443130238657605
3m_268,ampa,63218063,4,0.30415572399362034,0.2389386823610653,-0.06513894803134904,0.04157632307968221,0.2624994783510529,0.12256326954870979,0.32612213058892076,0.09521506447406441,0.32198316340156363,-0.033536977265732924,0.6113874297066664,0.09030235722652193,2.316067697434786
3m_268,gaba,63218063,4,0.332953824670383,0.06700362184407757,0.3092161584229187,0.3264720885182092,0.7000614242221379,0.5295434412514735,0.36211898171925455,0.1703418536154794,0.008546628325361507,-0.10906938189058372,-0.07159378291062791,-0.05575642139423614,2.5698384363938476
3m_268,ampa,63218063,5,0.2823242177875255,0.1449654780084471,-0.0507956596163249,-0.0015622270539562763,0.23080073864570533,0.10561122841799209,0.3071376761850551,0.027444946690444633,0.3446188790657973,-0.032431647474798354,0.5665704625311948,0.07128103233466922,1.9959651255217519
3m_268,gaba,63218063,5,0.2743230283832306,0.03439950483984307,0.21768810282258286,0.30553478315554594,0.6593338189273295,0.5053575876207348,0.3821153974921842,0.25811601753051566,0.0523205158735399,-0.1458688657002909,0.0855662402092801,-0.11536429826647876,2.513521832888017
3m_268,ampa,67342911,1,0.017297918032433707,-0.08666290076407583,-0.22871823671273095,-0.06713727201863573,0.21891392901539872,-0.3622403002628252,0.031857228858914816,-0.02034718672279408,-0.21300070187831102,0.10145735140057295,0.42053506223521614,-0.18621378179140957,-0.3742588906082461
3m_268,gaba,67342911,1,0.26827454916481613,-0.15659775500106826,0.06677116672474981,-0.017180722827912085,0.7826587812746886,0.643780014115412,-0.08104057866535398,0.5631157079182109,-0.0790143553099444,0.004171805007767607,0.13496741434254486,-0.11074280837381893,2.019163218370092
3m_268,ampa,67342911,2,0.00250416988799804,-0.06516616980357563,-0.21628085686683013,-0.0944816706034085,0.22315499723359633,-0.3627925496253126,0.019396942881347082,0.03796553901471881,-0.199216327435358,0.09702921115910208,0.4289803156470536,-0.22282011494364418,-0.3517265134543131
3m_268,gaba,67342911,2,0.23330205574995683,-0.1229619727178898,0.04882974741688446,-0.03195372923729368,0.7471744948720782,0.6359582137883046,-0.14969838005884192,0.48735207064204705,-0.11147354582952955,0.031184730880573483,0.1742221322556842,-0.17601052130013572,1.7659252964618382
3m_268,ampa,67342911,3,-0.06092918283042598,-0.07550655230544602,-0.2978648335822495,0.0013263027375847412,0.08905712717422587,-0.2848112924079103,0.05567450559846268,-0.022607763196066184,-0.1413549406087961,0.08482822088880719,0.45315526759556485,-0.12420782211420407,-0.3232409630504529
3m_268,gaba,67342911,3,0.26163748324070746,-0.10646470893430635,0.04748014180877425,-0.046854140102579156,0.7123265155479449,0.6433969992108043,-0.11697305823849131,0.5058957306522468,-0.06207675793514767,0.024256594971219885,0.14544252353694134,-0.08826798662354228,1.9197993371345723
3m_268,ampa,67342911,4,0.09156614604465392,-0.06991224276646653,-0.25219926491672684,-0.03203640883628372,0.13808999909004108,-0.20536055795210065,0.052828635835650166,-0.05035176110497003,-0.20098579361321164,0.07899218814881835,0.4264671692534107,-0.2218472783109898,-0.24474916912817493
3m_268,gaba,67342911,4,0.24655294047126775,-0.1498979459071804,0.04118004974530435,-0.005237507297079164,0.7797213911515883,0.6360204322329122,-0.1674179216614792,0.5173497062658127,-0.05269837732473546,0.07932357027124289,0.052370226698910914,-0.07423850369889597,1.903028060947669
3m_268,ampa,67342911,5,0.08289375393387112,-0.07615340828265597,-0.29253550450536303,-0.05370945283429143,0.21644178856272486,-0.2123778820279151,0.06220552337931268,0.023336815382850335,-0.2363870128492257,0.0836021196401231,0.355580742388186,-0.22142405802611664,-0.26852657523849977
3m_268,gaba,67342911,5,0.28859049841720935,-0.1513760724486883,0.07027903632356719,-0.014310363687505828,0.7441425542254269,0.6426427253068233,-0.11028642698355318,0.5150613287324535,-0.043260991750355936,0.03523698711533756,0.10181342799131599,-0.04362021679851924,2.034912486443511
3m_268,ampa,67844279,1,-0.15312728288177724,0.26880131347582,0.00357972990310623,0.06643918932810099,0.4406190520754087,0.3320710656519315,0.28249672968804757,0.10318813169334994,0.1912486712272982,0.07811505921470317,0.4005375485601117,-0.08158483955632452,1.9323843683797761
3m_268,gaba,67844279,1,0.13501247396720972,-0.11337111007311025,0.02451057508459019,0.033544048876158694,0.8253441528574037,0.7073752918748004,0.14080772814547926,0.2550356614909386,-0.22514483378538278,0.27608273668779376,-0.21841457091870828,-0.3271642872730853,1.5136178669340876
3m_268,ampa,67844279,2,-0.06028153386326906,0.19383869968560202,0.02337678987639288,0.12463000209363467,0.3598665935992553,0.07293298511979823,0.2993997456580381,0.10824859439001543,0.18573146783205693,0.06030655053447653,0.41263465485809436,-0.02425660542835169,1.756427944355744
3m_268,gaba,67844279,2,0.07648362788444342,0.06715174066890998,0.030166107517088765,-0.013685444347378728,0.8971273235260964,0.7660202106079721,0.12108620574699645,0.23739701583832615,-0.23552635557265802,0.27744817499276403,-0.2315277493777795,-0.3318023523595446,1.6603385051252366
3m_268,ampa,67844279,3,-0.07119755951668928,0.11643196383503987,0.06447856100043177,0.02949625161562498,0.305546907731142,0.2617054098080373,0.2947403723778552,0.14695396355463766,0.14109048166374807,0.0712837687000449,0.42260944243006854,-0.12472821754792283,1.6584113456520186
3m_268,gaba,67844279,3,0.07666629604203846,0.10262868132199726,0.05344164814266393,-0.0030253310028377192,0.9021405493481953,0.6608014617511401,0.1003927947392585,0.24335934259209,-0.2365876841042057,0.29337123573813356,-0.20312363361011343,-0.34049030816504566,1.6495750527933144
3m_268,ampa,67844279,4,-0.0789120958443482,0.2845269257253186,0.015278377173073678,0.06688214925889394,0.3272293789361363,0.23663031735725393,0.31118195348530603,0.0991852121906706,0.12302647440324832,0.07436917171085258,0.42200133652714,-0.1179785056190465,1.7634206953044993
3m_268,gaba,67844279,4,0.13856168901629584,0.0930825420577106,0.029786409399267365,0.0014541798036284287,0.8901601825925843,0.7342819333678652,0.10370858354113148,0.296662603078675,-0.34648821594698126,0.39300471492166017,-0.21971884419007323,-0.4188274356375352,1.6956683420042284
3m_268,ampa,67844279,5,0.018799082663658893,0.16925011958959402,0.011673524372734724,-0.016015463007587587,0.376647269304093,0.28727031836199185,0.2746803638036403,0.13839100554504355,0.08149206717901053,0.08250254440509258,0.42751952178754987,-0.1308684999249948,1.7213418540798269
3m_268,gaba,67844279,5,0.024546421312151373,-0.001914091872402621,0.023318942278192648,-0.015516528483189133,0.9021964768320269,0.6796472544282807,0.13427312002661684,0.248719646470005,-0.26906677634503035,0.2167913857490611,-0.22680596222395213,-0.37257110363843476,1.3436187845333256
3m_268,ampa,111086310,1,-0.019644072728490947,-0.05990726314240407,0.21701149155127056,-0.0030036698338893,-0.06076287615968729,0.3022539014338828,0.4600425296047646,0.43693304659139826,0.722915481434624,0.23764621407030664,-0.8425139014037213,0.4694830184850933,1.8604538999031472
3m_268,gaba,111086310,1,-0.2607373323235097,0.09250071092273193,0.07121762987995377,0.1245113726301024,0.7584081025221235,0.5757979185124498,0.8231137118392269,0.09664584259028192,0.7414594704799201,-0.9794657797298223,-0.00920694348571501,0.748140257567777,2.78238496140552
3m_268,ampa,111086310,2,-0.001996067971993318,-0.01563557627972749,0.18514078927871905,-0.007337638785392319,-0.15528079921345544,0.18167601856205717,0.4491320823386425,0.33781780877637796,0.6105621389401165,0.2422216824990948,-0.7349572877631926,0.2835223623749587,1.3748655127562055
3m_268,gaba,111086310,2,-0.2092392867629125,0.045349304006675153,0.19698226437592137,0.16109244842184475,0.6821570649520948,0.5585862940219513,0.9096815389112228,0.15494950599512902,0.7510580930952141,-0.8827665565211683,-0.1409605157885244,0.7546649924828817,2.98155514719033
3m_268,ampa,111086310,3,0.05233450625872966,-0.049052028852282284,0.2090262064880869,-0.009162756754283893,-0.11933632824854425,0.28760782982405464,0.42747216828842155,0.39504994156193735,0.5864652877083432,0.268309062308922,-0.9214830643851483,0.18064036682264054,1.3078711910208773
3m_268,gaba,111086310,3,-0.2239061851479357,0.03565569110916741,0.08967734118814423,0.14765623460895366,0.6918511079755912,0.6201779317387901,0.8635488966433411,0.06544764448897629,0.7734691423709973,-1.249842102165173,-0.41687860047481395,0.7198092060482663,2.1166663083843047
3m_268,ampa,111086310,4,-0.0313033460747489,-0.06117902141092043,0.18040243296183772,0.0033170888203561577,-0.10388271664395256,0.2330499366407506,0.5107187091321416,0.42477445078594595,0.6760090558676667,0.27394415179219234,-0.806204276416719,0.45892957101697723,1.7585760364715273
3m_268,gaba,111086310,4,-0.2584393052994345,0.07179071150060273,0.11347449531744545,0.2165069802400629,0.7032892200729902,0.6146160674515669,0.8964511020284505,0.05599310454329313,0.7142707475737783,-0.5276189805460961,0.02926499401773734,0.744468773540238,3.374067910440635
3m_268,ampa,111086310,5,-0.038533027274402026,-0.07153315340529612,0.22380444733007854,-0.02108417638057859,-0.03487810932258708,0.2186267301478107,0.375527031442833,0.4285900300500201,0.4923996102498814,0.20679748992413013,-0.6883977066962897,0.674352740378889,1.7656719064444895
3m_268,gaba,111086310,5,-0.26439811184632717,0.06177227365699143,0.01564346731373965,0.1364941702577086,0.7282558713272385,0.6806945102417173,0.6177481440658669,0.047095615547079896,0.7737249697015199,-1.0880401164463116,-0.2290412183283365,0.7312817656496348,2.2112313411405213
3m_268,ampa,112517217,1,-0.11301308095918486,-0.13991393800189533,-0.09873728026066159,-0.1339170163735911,0.02123331009918536,0.019668040070997,0.2582570513623397,0.10109060945844572,-0.043690945246581375,0.47185989948378754,0.20213832878412,0.08763473750868715,0.6326097159256482
3m_268,gaba,112517217,1,-0.19742649271586032,-0.11865798109664624,-0.1853295238567914,0.16140370133160872,0.5424032092794443,0.608350241238175,0.5444651636844176,0.4323136110237862,-0.2563085485763895,-0.010346569967580455,-0.25666773304060453,-0.28229894556872626,0.9819001317348334
3m_268,ampa,112517217,2,-0.1550988768736003,-0.16144678113848115,-0.10546434163689544,-0.14290212256221652,0.1275184167992453,-0.0029879298776550535,0.23787012442387492,0.08141143896356369,-0.03426700829467468,0.46727787458898024,0.17730100037438745,0.08771206793161568,0.5769238626981441
3m_268,gaba,112517217,2,-0.20146574686324786,-0.03264218655993388,-0.17841621843230232,0.12882601787811032,0.5744407948421609,0.6125675817468201,0.5494403583424455,0.44186845730478314,-0.2722966180558894,-0.012131979039652777,-0.21446470954347074,-0.28474664336792826,1.1109791082518947
3m_268,ampa,112517217,3,-0.17294865162546416,-0.14355028470487066,-0.12658764924316196,-0.19942373589710308,0.06545880513064901,-0.00277093596314126,0.23365895360657155,0.07986483772487378,-0.05699600483985434,0.48083903364079017,0.19787460706625556,0.07148126291858227,0.4269002378141269
3m_268,gaba,112517217,3,-0.25341285184033197,-0.12460340338893487,-0.23247724275691173,0.14215558811514173,0.5281959962482361,0.5832610177458345,0.5333111508253044,0.4544667789246845,-0.22278670987169483,0.015889530241605606,-0.22334707389893885,-0.2575029000003223,0.9431498803436721
3m_268,ampa,112517217,4,-0.1147628152745175,-0.09863405215642645,-0.06058789529520696,-0.0868693223266798,0.032974475047148774,-0.011853618750388421,0.23098625516090454,0.0957233460243324,-0.055482428853774766,0.4560341927244907,0.1964528274978564,0.05634197118679992,0.640322934984539
3m_268,gaba,112517217,4,-0.14217654210431735,-0.06522152723120993,-0.15609045121890783,0.10636276156116815,0.6123572789852407,0.6406018440022313,0.5426668771847675,0.4921929979099395,-0.2555282595628236,0.02884377822729553,-0.22466405259541364,-0.30737704041485503,1.2719676647431148
3m_268,ampa,112517217,5,-0.1333727941451229,-0.0640691706181095,-0.11439006138758749,-0.0886026995135465,0.11737906349329486,-0.06682297007943434,0.24764700675259696,0.07581920336322164,-0.1126578048029021,0.45600657167678876,0.1855580103607053,0.02291885035839635,0.5254132054583011
3m_268,gaba,112517217,5,-0.16315965512676647,-0.02857181469452912,-0.17615765088120003,0.0571582209022767,0.7138464940329563,0.6954699804654104,0.5176094873810962,0.44508399961998973,-0.2652037952433406,-0.023862858017720173,-0.2246907721239533,-0.2952374775528291,1.2522841587613909
3m_268,ampa,113174215,1,-0.1648791395731926,-0.13639249167485964,-0.07740396298152959,-0.14793556587896706,0.21168464218663213,0.12142381636573277,-0.10108192235859374,-0.5846502373966275,-0.13533986279912383,-0.027310941263084795,0.664707450859529,0.08551448882397093,-0.2916637256901138
3m_268,gaba,113174215,1,0.056483125460198555,0.03599591359126496,0.13613636635146367,0.06801426500213498,0.5854860648712676,0.7308798541739012,-0.203272074223073,-0.4206386701156612,-0.11182578006921319,-0.32437555267348794,0.28105770708893546,0.07947145082698241,0.9134126702847135
3m_268,ampa,113174215,2,-0.18111507954273004,-0.12387812789350394,-0.0933096789759871,-0.15912482205650705,0.1445622181523372,0.16678130736468555,-0.08814835200613062,-0.5856598496801318,-0.08345802354225003,-0.03587537434489381,0.6873415159984125,0.1069310354245225,-0.24495323110217665
3m_268,gaba,113174215,2,0.09440542512104488,0.0987369836056176,0.14516879419317283,0.128395136171924,0.5639157772957729,0.7162617923637843,-0.16067228933024633,-0.33424829990672106,-0.12450279028583368,-0.4281427455492574,0.26265416247469847,0.07086232503597198,1.0328342711899283
3m_268,ampa,113174215,3,-0.12872356266940777,-0.12857116177552513,-0.05882883665993681,-0.1313214156151069,0.17343029939678326,0.14237183102016987,-0.10199063025662969,-0.5681140226999811,-0.12795335776574587,-0.013591959303752224,0.6779997105261063,0.07090405209491098,-0.19438905370811516
3m_268,gaba,113174215,3,0.06832271314027973,0.11459661033221599,0.09606381811906337,0.151841246474489,0.5323249171437702,0.8217808756062943,-0.21157859216658856,-0.3429471875067604,-0.04829018529516907,-0.2886991594833736,0.30559150279042285,0.11175679415089386,1.3107633533055374
3m_268,ampa,113174215,4,-0.14117570059853865,-0.1255024789752968,-0.03561514367725792,-0.18117355819765085,0.14257554478344456,0.16212514267588402,-0.07985476616435092,-0.5805558594182134,-0.08315409762625565,-0.028761684722748804,0.6619945654627662,0.17484322212768275,-0.11425481433053544
3m_268,gaba,113174215,4,0.12991395454464041,0.06118318145132181,0.09811118615439945,0.06541648187329135,0.49197942097092423,0.733562421625523,-0.20280225943892413,-0.35795960979377,-0.08208652459171176,-0.34883276873094476,0.2821301444434976,0.08371747964205523,0.9543331081503026
3m_268,ampa,113174215,5,-0.17404686320516471,-0.1012156691534939,-0.12201968028212196,-0.17791128649322996,0.14977684812558129,0.14522852042514828,-0.07314124630351758,-0.5817927623051325,-0.09537142080237326,-0.03564780430396872,0.7085133596135184,0.11591972779483717,-0.24170827688991758
3m_268,gaba,113174215,5,0.029027113165955073,0.08503433881027524,0.08486166696962069,0.1395082883309161,0.5069000446816295,0.7845830640811635,-0.2194289536521481,-0.4606037861964462,-0.10117188819990465,-0.4238948480119804,0.3041365082018228,0.07941688086599857,0.808368429046902
3m_268,ampa,168370463,1,-0.08908420758778567,-0.059149387209441476,-0.16463968289718223,0.0647086461304869,0.3231721956018771,-0.0515245974189868,0.2781093919114923,-0.10574612522462877,0.5185457312229428,-0.2297146206179519,0.058731118321621034,0.5605520494299322,1.1039605116623754
3m_268,gaba,168370463,1,-0.22526630257723396,-0.015383574759891014,-0.294927610540713,0.07457109315654904,-0.040353851803781454,0.38394738661723243,0.2768371927416921,-0.021077585537218068,0.14097351296578844,0.17445071813275992,-0.2608989965991258,0.3295572323469385,0.5224292141429971
3m_268,ampa,168370463,2,-0.09509009451473792,-0.10187362478535895,-0.15759235408843789,0.04393663527922383,0.3258823497368356,-0.05861190771661694,0.29051066834011957,-0.15230371894100356,0.4214462968527887,-0.2483465319492876,0.09129098723117457,0.431351008138486,0.7905997135831855
3m_268,gaba,168370463,2,-0.22766243612878284,-0.00306083106717362,-0.2843876079819129,0.07187102401804171,-0.029921081477068234,0.40202653730185434,0.2187736988341741,0.0758796312105312,0.18998640728336255,0.031779902646933735,-0.043826008307357646,0.3241004308881997,0.7255596672208021
3m_268,ampa,168370463,3,-0.010128179823989678,-0.0022624548995474215,-0.129769078363582,-0.034560341382232886,0.2931448054205562,-0.07752231144146182,0.29177131862478917,-0.18168768293912094,0.48786029910148315,-0.2606787858092061,0.06367141399947478,0.5344775544756939,0.9743165569628565
3m_268,gaba,168370463,3,-0.5965073572177707,0.1191598719950654,-0.4247008914814639,0.20091218122961893,0.15432906672380584,0.5832851644350606,0.2405741231725509,0.06847663863383234,0.12150744327552539,0.20882142165633844,-0.21820248527818098,0.28579171691803334,0.7434468940624157
3m_268,ampa,168370463,4,-0.04828359901445341,-0.15031838646847223,-0.149037473830012,0.09778405968566971,0.29192055251589977,0.08008050172701282,0.2656808327500217,-0.0757838122908958,0.39902783589984475,-0.2559638018784984,0.07924102883996888,0.4918595024288051,1.026207240364891
3m_268,gaba,168370463,4,-0.3877411052818787,-0.002273450047105108,-0.3350584628718089,0.14934266532929136,0.04768535457452479,0.44005939001032457,0.3247636652849079,0.025848771011495825,0.06964936587818392,0.2692154196085499,-0.30165344708344094,0.2629299543435469,0.5627681207565914
3m_268,ampa,168370463,5,-0.023018815010687782,-0.1461281186019405,-0.12851055871365727,0.052627411119740404,0.37737863342020317,0.054247181656770026,0.31956510428475776,-0.14609450518969516,0.38110205806864045,-0.23968480198443173,0.12370467515957384,0.46407965744635754,1.0892679216556307
3m_268,gaba,168370463,5,-0.2154710064613981,0.023744651861954742,-0.2526038258684939,0.009683765694026037,-0.006671345742320058,0.30974453374421174,0.177432966230929,0.07320407744015738,0.179578885546006,-0.005830060242648376,-0.16491759925567398,0.3313066379139638,0.45920168086071433
3m_268,ampa,182136619,1,-0.10330799235905264,0.015331912741643744,-0.25088365034983384,-0.28152532435330757,-0.2806562310621199,0.1208195192929463,0.01498006133930315,-0.076964328145386,-0.1449827014645763,-0.03228073661141325,0.4100253748638096,-0.36124914828251226,-0.9706932443904988
3m_268,gaba,182136619,1,0.05499821509553896,0.07116669984601559,0.3131942650716079,-0.21873383396455376,0.27842279243888446,0.7548172970305995,-0.0768495617315635,0.36846753176746416,-0.03537873745298906,0.009821609771209308,-0.23786088011783116,-0.053598914801763986,1.2284664829526186
3m_268,ampa,182136619,2,-0.2079306223946212,0.08653287830460389,-0.2615353812028323,-0.4098662699364512,-0.35427522514173376,-0.011343624997003901,0.016765876891168457,-0.07435011328330017,-0.08652244919250414,-0.02071335393183023,0.4320806347003236,-0.3377615901114576,-1.2289192402956386
3m_268,gaba,182136619,2,0.021020371908689803,0.08004189305867782,0.34670380299072406,-0.11942416483731123,0.27729795971061305,0.6962986894888692,-0.04896455634250838,0.2818836296144956,0.009527720040322337,-0.07781444272829686,-0.1678866392658089,-0.023691260989838054,1.2749930026486285
3m_268,ampa,182136619,3,,,,,,,,,,,,,0.0
3m_268,gaba,182136619,3,0.12094053657624686,0.053232995461369524,0.28686622164344966,-0.15273505038179805,0.4052207539271604,0.7337485667238836,-0.0637124832407563,0.2891378031090319,-0.05227988399216323,0.011853364238102904,-0.163133840819496,-0.04456905746451308,1.4245699257805182
3m_268,ampa,182136619,4,,,,,,,,,,,,,0.0
3m_268,gaba,182136619,4,0.09805307137034139,0.0571382222544642,0.26555242774920773,-0.1151117004298789,0.32504375115476697,0.7939102403343579,-0.030107165999056607,0.2549885579531754,-0.10787241606011312,-0.07657663386482018,-0.08203690379552446,-0.09674854251309016,1.2862329081538304
3m_268,ampa,182136619,5,,,,,,,,,,,,,0.0
3m_268,gaba,182136619,5,-0.021108612428418924,0.018265779971842724,0.027076745486894337,-0.03804016984617694,0.35922491958726704,0.6998753278877944,-0.07458481555458694,0.2573939402197564,-0.09580709022403373,-0.020359884052030024,-0.18366466871049347,-0.07162428671115392,0.856647185626661
3m_268,ampa,191996808,1,-0.21406548157551955,-0.07283426941339852,-0.16239166933517088,-0.19633228979198328,-0.09124764144691894,-0.239876174316986,-0.0868976931848499,-0.05854188790584647,-0.3704076073373633,-0.44092952156726684,-0.10794710652757862,-0.5043420500837777,-2.54581339248666
3m_268,gaba,191996808,1,-0.2702132519356158,-0.08759238536741619,-0.0679481640801658,0.24851906428157816,-0.0683133846103916,0.5220486810821888,-0.06548497467765889,0.3740916672402255,0.02385455026865525,-0.09734452276670552,-0.19115294272964134,-0.22610420802910317,0.09436012867594953
3m_268,ampa,191996808,2,-0.20603307312135072,-0.09036310423189,-0.1928563208957651,-0.20376044595728887,-0.10347115063338476,-0.1844374682793111,-0.08452928346880088,-0.03229009945055187,-0.37589994258072673,-0.4384516041214858,-0.12344821588205407,-0.48941912825453154,-2.5249598368771418
3m_268,gaba,191996808,2,-0.3551123680161576,-0.12093150104397812,-0.06878899157138485,0.28084343557201574,-0.03020190890896562,0.5310195501539968,-0.01566533468126558,0.3608356066098659,-0.059744063049891626,-0.1467265067733786,-0.28761259507937986,-0.29971545847235276,-0.2118001352608761
3m_268,ampa,191996808,3,,,,,,,,,,,,,0.0
3m_268,gaba,191996808,3,-0.3537181638492673,-0.09425068662123484,-0.018341684339567246,0.2588237191027406,-0.037217717109027264,0.5118675928563009,-0.020174494756357242,0.34859866622822183,0.12135970815804793,-0.12175259808497323,-0.19906135513645673,-0.22914523425890276,0.16698775218952466
3m_268,ampa,191996808,4,,,,,,,,,,,,,0.0
3m_268,gaba,191996808,4,-0.29949915830024476,-0.07319695893052512,-0.0323800747807837,0.2763570820513737,-0.05685660350148016,0.5504923399472176,0.010301566281525032,0.3625942920107464,-0.01656381713338156,-0.17607028271187639,-0.20900853792237975,-0.28039410785267144,0.05577573915751982
3m_268,ampa,191996808,5,,,,,,,,,,,,,0.0
3m_268,gaba,191996808,5,-0.3700460121647692,-0.06613848807839508,0.0035303886526296116,0.2467163587893705,-0.024126140403289434,0.517362766752063,-0.056567987387925206,0.3078350545375674,0.005246820630864443,-0.12266120427997294,-0.22958184501347587,-0.31201748407050034,-0.10044777203583308
