deltaR2_null_ampa,deltaR2_null_gaba
0.009065629571734402,0.027431085731367655
0.008366671019468974,0.00537882445051896
2.1673771680719156e-06,0.020579252389104963
0.0007740132973576008,0.029698059720119296
0.0003140281614268936,0.0025622483752424374
0.0002734192118983847,0.006007241225931659
0.0057078149968537994,0.08193729197738542
0.0004336479591937614,0.004324910179756336
0.004101611759107171,0.0010673111815041603
0.008581721484427818,0.0011769199493517624
0.005762920903350732,0.004015778324424346
0.04440054405974003,0.025128806016855743
0.0020349457953513506,0.00021011335661880182
0.0006328256982816027,0.036738417115297684
0.08478200821295967,0.05764799643047258
4.0426264137360945e-06,0.0016337359710103527
0.0004495756740745538,0.0029690080529068963
0.045948142853986296,0.013595076614251411
0.0034115989424784443,0.010338050952106381
0.02559399614153024,0.00647126600660175
0.03595105970653867,0.011267332487669424
7.709813154566092e-08,0.004645291765121851
0.012074454612652108,0.0035336109003257787
0.0003037342428597878,0.0017643106577200918
0.0070662221009349935,7.426658137354991e-07
0.02194211600501339,0.0013254476370365698
0.0021967545912171538,0.023182510472491646
0.00011508508986179944,0.011529395792702624
0.06716563405669529,0.015296309167036504
0.023377817279038204,0.031102652665404906
0.0011724013903461339,0.011733432606974459
3.00730307167818e-06,2.1095505060797493e-05
0.0013011325581999689,0.002173201006352321
0.04535366301986954,0.011327072446645214
0.010384691592881246,0.02087398892594028
0.00037452733608012156,0.0022391360593388976
0.002443686874010309,0.007432862207104485
0.00013386993988506735,0.000703120848315808
0.002937596117850605,0.0017540718247139875
0.0027549940224212977,0.00030293232293432393
0.013836773454062423,0.05187333991781273
4.781032773792937e-05,0.0034616581321003093
0.002836575974968336,0.0019863500392015565
8.151206789275278e-05,0.010236833862349859
0.06429136794375112,0.026370791079617595
0.03861010546766819,0.015289541586144928
0.007047273387329578,0.000199299453759183
0.001388714914461242,0.007568177588821334
0.016037084568431892,0.002759637008486804
0.0064026321591441615,0.06998342028183158
0.0047688078723443494,0.004738191579498285
0.0017344166197593713,0.005854826809898572
0.011338244084773907,0.0002326718933625127
0.002387764567838735,0.011726093437883334
1.467996921089565e-05,0.0029208997147068816
0.0035743053407936154,0.022059653768478737
0.0014820559844750392,0.01354763131261616
5.152623068771511e-06,0.0023077213484117287
0.021157326540698018,0.023547016571670354
8.09205842884353e-05,0.027306563897817493
0.07404604614501675,0.01323004568034536
0.009397836620194555,0.011143009207516208
0.0036496510616920164,0.004337295692346199
0.0001009401023447376,0.0016645492845540621
0.004734746229761999,0.016826278690769914
0.0005286754595752452,0.0008633502466862675
0.003537806149920497,0.015254244510946369
0.0037707510244526787,0.0002052133648069443
0.01554826511991969,0.00547661463697835
0.006076133518534199,0.0002813121671636498
0.0005695143780144463,5.9861067107980226e-05
0.0066070168070151425,0.0016981020764853527
0.01750717133104862,0.0054085915044104205
0.0052069840253254895,0.02709796993259239
0.00750727805628193,0.0002117095001422653
0.01370405107610917,0.00662230538440467
0.01555852589747242,0.003547172718856406
0.014785840084729829,0.01448549290772716
0.08625884059904754,0.01102826101333576
0.000157950155158737,0.005531390869124575
0.010060580830726695,0.002096664527380887
0.0014242611801195126,0.004726671897009038
0.013216929029265412,0.00017319915971103494
0.010921994496767562,0.0019992701646225353
0.0010086982130717015,0.005183285326724851
0.005556025115422414,0.002413827981050498
0.018946763089515928,0.016170482520945217
0.017782731668445018,0.005617606932937891
0.006360552672132647,0.02355851479086113
0.003399534470332477,1.6028592738526193e-05
0.027269909282405136,0.06806943526132792
0.0010831345475137422,0.0139405528398171
0.014916200352131925,0.00026021564821698817
9.038436510011572e-05,0.01766578169088273
0.009596928718636155,0.011782126879233967
0.018743232992469827,7.920461405408474e-06
0.005107633306269621,0.014121938502674958
0.007457271845583757,0.020152517915886237
0.005075010541074065,0.025822139837433977
0.004332140082286329,0.004161105884328942
0.003623447365634358,0.000284837212587985
0.006826813412001642,0.09035113707297304
0.0006387792921109803,0.0072340241902523195
0.005682248847752258,0.00018144761232408158
0.00032007682002954674,0.0002085365272866957
0.0025614862495701995,0.0007369051387620118
0.003189035856694278,0.014131386027690485
0.005017461931735356,0.04065759288680759
0.00476254379815555,0.0024128435663878234
0.001234637160987595,0.005430543075048422
3.038972120783523e-05,0.0005000998083596331
0.017215223234431365,3.5990483304715326e-07
0.004665787614883787,0.042350253504006896
0.019516407189446472,0.0022632910179415378
0.012504542004958985,0.010621663140101933
0.024059180842110783,0.1706596477174096
0.0033157509184643663,0.006687233650980895
0.0037174590700813637,0.00659722498861115
0.004804044720388201,0.00434503003339437
0.008633846440191717,5.7020978319055615e-05
0.004480770430102976,0.0006338937968566327
0.010550249828881642,0.0041886705551551495
0.015269659056814877,0.03192472106710775
0.006027519311719298,0.004374635421983464
0.00013043672083157265,0.01204654447268294
0.023719807931086856,0.008913420929687055
0.004137562847926213,0.0009200649646274872
0.0006967865196511047,0.048225067908924224
0.00019553995199639296,0.0013666917068168027
0.00315248386461342,0.001207750742588165
0.029778835198932763,0.004941134105728495
0.00011128455601339127,0.018110571552308108
0.00046481431182454624,0.010726902583330755
0.00045788643122723904,0.030003058629542556
0.000554871576028404,0.001175227314530236
0.0012288573005904135,4.399802813248588e-05
0.0006567198156844922,0.0005467383297128592
0.07298099603896491,0.03445821735038734
0.002406079960449947,0.0065696668650241374
0.005847502044308617,0.01268728339749936
0.00026832319422431805,0.0013734560960122488
3.7811544451038515e-07,0.004787079159679464
0.10251949951928374,0.03790494752174034
5.687943672083584e-05,0.00016211405403765422
0.0031968589909200373,0.0015833539866446644
0.05218016919172164,0.005165325081161409
0.0029975849330353688,0.012739074563637987
0.0003729250674481266,0.03967687189004676
0.03015623363990716,0.018875027302402425
0.0018395291112814904,9.882566940899729e-06
0.007752739442026035,0.043096798140419335
0.0018470432012914761,0.02765971119201338
0.0005112077514891622,0.00012397215241632953
0.031713725293090356,0.0010872604141843878
0.002482451158060228,0.005548276399853558
0.0016898511867371457,0.002906807082941665
0.033955946358140365,0.010922549411105487
0.017572786337500812,0.019855746944975605
0.0003552309241940943,0.0044895786679965966
6.8687205071471524e-06,0.020190933125024846
0.04136043684122792,0.001129940098639981
0.001874204985461203,0.018337161135170033
0.009307508310187451,0.020168226757070862
0.008502856511022117,0.0002752508880800031
0.0175920096401897,0.027185410409067745
0.005937015142850277,8.504552810373323e-05
0.0022785123526064543,0.022459807057531145
0.0009334269507178528,0.0005487051653387809
0.009511257089667269,0.011170541800240907
0.009750269449510518,0.020458218516852256
0.0005590170530349603,0.00020378655209662977
0.0002952351621090532,0.00747437326218825
0.0026298502341862706,0.0042108690597491005
0.0027785461911682408,0.008604743370685175
0.006003465325100765,0.01730422431288048
0.0005812582058504212,4.666005058107103e-06
0.03137730759940549,0.00017870217464455163
0.003318824702701284,0.0001298450695560449
0.018591371164799364,0.003782112195899412
3.436571954706924e-05,0.002322764112084985
0.015847824961710666,0.02419334210485602
0.004354329463968076,3.233947011749283e-05
0.0002582356046068046,0.0016630134568437205
0.00039174809062281213,0.009277419304734469
0.03438175190306614,0.002546219640141567
0.0013228131278407718,0.0132211799717884
0.00920951735290787,0.0037903369835092793
0.0031885595365971353,0.00860572154528616
0.007388314778269733,0.0007086970527234726
0.00019105096651050868,0.0008770165951555997
0.028244102155402073,0.0013589163309558616
0.002555029393344732,0.0017453651385708202
0.009044561208513158,0.0348874311918258
0.0014224134942458777,0.0030558237437675606
0.0007146627118430615,0.00039152494106509117
0.003327024527898903,0.009107355084923108
0.009980495667815559,0.003006681699547542
0.0035151898847006757,0.014026360277651695
0.0030237100057644017,0.0018278042230477354
0.00040986578024027054,0.0004864782774290921
0.010966109474945251,0.02323357350379618
0.0051577432781700905,0.0005119189547755365
0.0015165359297479863,0.015095490888035745
0.04633430713038855,0.016739316852474873
0.003309656995371668,0.0049594296407434735
0.0006143677660135349,0.0024480258729595583
0.002076127872883027,0.0008592745376043709
0.008802062425796064,0.012275391556690884
0.013998188105488363,0.0007238673460976397
0.013401783609850448,0.0006748950654082986
0.012971840264245249,0.00045110621600785716
0.022296216000424307,0.005278792640831309
0.0084485517827384,0.0011049639226060615
0.00017518002300132007,0.029157923901481086
0.016576640688353628,0.001985116866468628
0.0330265160600961,0.004061881001231171
0.008724709070518477,0.0012110489814558534
0.004907538568514669,0.010383392311966944
0.004199199427923017,0.0012685551529192374
0.003112712765383163,0.0376402480718907
0.015663241588106946,0.004739763306514044
0.0005621461419913487,0.0063578995769877356
0.009992762896168683,0.003239127772536543
0.0015073461240167063,0.013724330654607986
0.00785377478651339,0.04436202052420779
0.0007051381708542692,0.0008521539753196805
0.005650213420997363,0.009790857463217617
0.010232486854752754,0.019527528271622185
0.0012613177822649035,0.003510042009236658
0.008367168372407918,0.027596979619274098
0.0022902296574264236,0.006296738918792011
0.00017284787197024976,0.0101237737430101
0.003576555793750935,0.018305157656570148
0.01975629851621541,0.023611700971578276
0.05648337674678039,0.015044016058863185
0.02729086801158087,0.0015829060830474528
0.0425413793601509,0.010514963440833469
0.01701995805408052,0.0030245744585833956
0.0003689841715631692,0.005708364844929759
0.009346979335516092,0.0037981284610549837
0.00928791056045164,0.034132105011312586
0.005286625891128938,0.008053735300625697
0.0004780681388443231,0.004305090252306298
0.000527551582588881,0.00600039803888297
0.006735863393485975,0.0029667308199248232
0.03432693398518338,0.004295136022619439
0.006690467515745868,0.004167779023618423
0.007862323467437982,0.005264488039158244
0.013509332931253448,0.0003962395326986279
0.011622011576940539,0.10539709810541154
1.116255093669416e-05,0.01098495320557602
0.008069086657685687,0.007041767526002718
0.012517104455402994,0.0024413838093108042
0.0027461989399658604,0.02504193722362147
6.084448686771715e-06,0.006900672002539965
0.02182188413993469,0.00047349131711083015
0.014497601131682969,0.0004388822845953211
0.0031543721902806965,0.008399794218431289
0.02363759650662245,0.004430780160973979
0.05454582374308592,0.015440725309893155
0.0007655135622193221,0.003432141492424101
0.02465749036492415,0.004070399796387569
0.00038393103115363925,0.007026322519609995
0.023990655772007652,0.013250453473630408
0.04197833845317078,0.013348697792314512
0.001917213909423121,0.004572657903286759
0.04213655476286127,0.015358355420286185
0.022215369079851666,0.0015035223952634125
0.010723232898862234,0.002918984436895755
0.022716322538676836,0.08300606092641827
8.359873498775539e-05,0.00014451148453764606
0.06892605533006557,0.006511748461310085
0.006836587903028213,0.022285095294451218
0.004034364640333132,0.00042867123238410354
0.010231294068884567,0.03610238868489146
0.00967944744333249,0.006547377206061689
0.0023466268390318623,0.00016924548462959876
1.7599821297897833e-05,0.0145086753375675
0.005971634703675011,0.00028892986784923025
9.149011331777146e-05,0.02115066015528655
0.00021300734883178407,0.015580584408038334
0.0032202666580529726,0.02422610243479728
0.010028358522871317,0.00043501388510180927
0.0014747236841697875,0.0008936237153217563
0.005665663323103587,0.009594597634143609
0.0012577509370752527,3.258762969582385e-06
0.0014903098615558497,3.0497463178180695e-06
0.025887125280594447,0.009201571863460711
0.016519412081479556,0.008394273548097853
0.009225661314251843,2.124743720188782e-06
0.02552069180792671,0.10895945499720594
0.013955182537793154,0.011296394512730346
0.0001259786688396769,0.008186093465335165
0.0048996435276581485,0.004607984022397704
0.00016613196908110694,0.007499267604990756
0.0012757171738201345,0.030581449086245827
0.01219107069109615,0.0001819856091328509
0.005635301682309968,2.761397916994923e-07
0.03405443593816582,0.0136429191038544
0.005456348628695151,0.00045093975838716993
0.011591456605875794,3.506524501384334e-05
0.009287315077814218,0.00025442198573522035
0.020115053622051904,0.043991169614174375
0.0011992842943254756,0.003946926943378837
0.005922433572575603,0.00020830980334252125
0.026271258902913375,0.019930759154409672
0.012960664251928988,0.008931780807261314
0.035075978539361286,5.662966770614286e-05
1.4663366380895937e-05,3.9142221065935345e-05
0.02317554403873756,0.015414938231913311
0.015747672784909517,0.015288411590928419
0.00028068105922862685,0.03626104233303007
0.010880197112262069,2.6417104630471755e-06
0.011307240616430736,0.000568777724222369
0.021315698088084867,0.004816670731486283
0.0036826075897723465,0.0040809370192493866
0.004065158714711248,0.0628482873908206
0.0011678923476081682,0.03607372219345184
0.13750311405483728,0.007324101016846329
0.004779743226106858,0.026806542959476154
0.02797106652082948,0.027066898084163182
0.0011428876233305907,1.846676472183617e-05
0.00668190797598045,0.004504655245301081
0.0248742343882824,1.2588466516971764e-06
0.03352850772680416,0.06502317823952986
0.0030673591454830618,0.0022453883108899397
0.010209551491412006,0.009404218843029999
0.014491102445234438,0.00021800452767750667
1.6418639309234706e-06,0.017268729985915443
0.00850527893161046,0.005265773766275794
0.00011543313138528966,0.006982781428510276
0.07166805068359228,0.0002725306704645103
0.023415013901530557,0.011024127516693238
0.031199104973173908,0.018224541674308314
0.030213154860205815,0.025971426276275578
0.011094685336399457,0.010223717560549517
0.0002018450073569822,0.016625405709450147
0.02295010757533178,0.0056880427097559805
7.51205533333632e-08,0.009363396989148787
0.002060347135237839,0.02994277507964349
0.031809964109456135,0.007522909478802742
0.0005550121265027741,0.0128966778671189
0.006682088578817802,0.03272150603835833
0.00014264386077478264,0.01735912543692497
0.035150055067318275,0.012857713428465756
0.015471874151973375,0.0008566888049916788
0.021312299789595923,0.00837961168408241
0.0004263865051833404,0.029760960460634256
0.00042982007309966264,1.3293530154334654e-05
0.0006396772391070726,0.014857040882758854
0.024158758562542126,0.016993690386298166
0.02254634160317104,0.0010480724784959206
0.00625730495975263,0.002650054810227065
0.0006053220374432344,0.00046485518767913625
0.03168247590642437,0.002325819152037889
0.0006875558137248161,0.008730530272943127
0.004113800949217317,0.013156127850116217
0.005820753324439432,0.0017201199463359185
0.016158871526022467,0.022960360893868548
0.05602455417161456,0.037252730547621016
0.01131367842826847,0.11407879803679521
0.02861676471198127,0.0514801020293143
2.631995598467718e-06,0.04846507805361633
0.000140182603273864,0.012402549530047602
0.0038592320369758015,0.012067235049191383
0.0018646436208397121,0.00023207768065625078
0.014295596183986459,0.06387324399833438
0.0001305240779617689,0.0029009127395733803
0.011677545860258931,0.0004707526767580017
0.09412494498187407,0.06383135357574576
0.0170129592727829,0.0001567438467098281
0.00013939084322944773,0.007297873326942206
0.026980831117585646,0.001499907828505731
3.3417258823775775e-05,0.0004883265584531005
5.0236315520035824e-05,0.005918274311677019
0.023061498784382017,0.011313716077459124
0.00021864846091146362,0.02460098024584867
0.006739049012663756,0.01495475966014348
0.002204773387365133,0.015485993500012896
0.03287725438373634,1.8768349346220958e-05
0.01373745378789859,0.002015158960429475
0.0006059148966519601,0.00010546330709360063
0.006538888673302212,0.02894215603018291
0.003893406036138969,0.006490481377171675
0.00973027086867917,0.0007852833863908337
6.188334176737698e-05,0.0015123441259567993
0.01559964076670517,0.051997377487626895
0.0047464687253226945,0.0012123433955064655
0.007229574390083315,7.491971280126908e-05
0.016199829060031257,0.0011120781794233814
0.0031778601414730323,0.02256611777940809
0.0044208488121215694,0.004349991510609219
0.007228810629627991,0.01696457892132419
0.0007340266847288834,0.013996105359159738
0.002399914557597138,0.0020158091979398662
0.003691512461008517,0.01565731706065765
0.020296951043734413,0.01397826556552939
0.00010866325021763323,0.004510338555304028
0.005803009994422514,0.028770865591856487
0.023927930788753216,0.006166074275532063
0.0003232983823127089,0.013484125204911157
0.0155132325482783,0.008151926237747853
0.0012712762058350036,0.00029963011749323254
0.0019919768126640536,0.010403963997039134
0.008175892658483064,0.0011559476294928928
0.011913990879880987,0.01205807926329372
0.003542433863064298,0.0022138539416880487
0.0017770452128907932,4.405592973921735e-05
0.005194226874865371,0.0019037004721819129
0.002619842866034894,0.0004599966981788661
0.00010475726383063488,0.004349049802433669
0.020621747200051166,0.0023609761904174187
0.04919082808840969,0.027595977861731513
0.001734565569764035,0.00739408283685461
4.740263251357124e-05,0.00015127088348665385
0.0007232050275085555,0.02105061509004935
0.01738653366943943,0.001908002707112888
0.0002407037633047615,0.012335691153438022
0.0017144834505607998,0.019584939741414065
0.036882996382399336,0.0022419113905803867
0.012162826842436192,0.002935222170151075
0.0037906920163468527,0.0019527484123175176
0.011988510513986084,0.0615982263564695
0.004081701893010714,0.0003663838543622733
0.05486616995485205,0.003618905780380932
0.0010139316600022985,0.0014996677081469123
0.04088822558162941,0.00450329147763795
8.743093164675919e-06,0.00696652548401977
0.004401133082901132,0.015874884488639163
1.908469035760696e-05,0.019327052870502293
0.003555103097531487,0.00014429206708810316
4.849799068595839e-05,0.0037891034628809717
0.0031348142935410106,0.0018539584360298678
0.031913527477400394,0.00042068693199415197
2.686319592326569e-07,0.0042267018822867986
0.004949696059189823,0.0006975667205821878
0.01748667226180911,0.0013916633778849885
0.05841178482274989,0.04459210414861192
0.013391376306335245,0.00035554716739494285
0.03069801195060773,0.05258147528166057
0.0040520975889196675,0.0089925713663902
0.0043638877788961805,2.83231854680821e-06
0.0007924449367234798,0.003892210059998069
0.035822389539146515,0.015668122530545614
0.0017353728817001146,0.024014475629551724
0.008622157782394613,0.017795845238019914
0.00577938600361716,0.03880919875935529
0.00024244658698968635,0.0004021325649407048
0.0030645177976218463,0.0004897328708823867
0.0028329470860631867,0.018330952751161145
0.0009975688411942851,0.0076273776426400985
0.0020071491367104066,0.003328793414030806
0.005386773311205961,0.025165188354044465
0.002950453876495951,0.0014958234934143722
4.859517027666627e-07,0.002158298368398537
0.0246536147136992,0.0077924380348032285
0.002384140000936341,0.0026548794496505934
0.00010910218858517506,0.0037500321410798287
0.0014605182085217772,0.007149144526434892
0.005149797028227043,0.0027192626738047343
0.0022121488435395964,0.0011569115753329307
5.661849277194264e-05,0.0025976530569254974
0.009535024613006926,0.022405826149526797
0.004743564428938418,0.048302635525989346
0.00018963028761431744,0.0027417106599473273
0.003641376395073115,0.0032368837682736906
0.013088860568532534,0.00017968717050564909
2.9160192941413143e-06,7.022649997867614e-05
0.004186077122458665,0.03132586825648931
0.012956721638880397,0.0003267625014180542
0.01135151214546204,0.0011090680352469073
0.006145489402047399,0.0351117711989688
0.012495103677948927,0.01710680966870104
0.00021528745080579004,0.0006220312910936165
0.004255416866270734,0.02413375803317086
0.00016254627992806636,0.04705556257686616
0.00025183090064351266,0.008332730972992808
0.00898365870770701,0.007744862926407414
0.010657338509080017,0.019683118814775358
0.014942956738195456,0.004595980913795983
0.030032720645139843,0.04292668997932758
0.019376521254053647,0.03563371618849631
0.002133892100476542,0.00041122108476643326
0.0006318801781142191,0.004016441415433225
8.72325494267745e-05,0.0009947597952082443
0.024661118417225625,0.027760658886377687
0.009964252478097846,0.015750196306592024
0.0004987161024128106,0.010168064530404197
0.0002655564269583577,0.019875620627888613
0.008395204146343316,6.711859268371256e-08
0.00016414461228420052,0.017551312342942826
0.0010769927731566487,0.0026219998292986713
0.0005109264320771745,0.00010963076903669489
3.6210433452810165e-06,0.000218290118136788
0.0009378473904686491,0.008046110446997656
0.0012770444961964778,0.00013274613171188054
0.004250267704552613,0.0065615715229130345
0.00709162657651119,0.010577055156474668
0.030941067727755733,5.636058148750234e-05
0.01529966965769991,0.0011088449792631128
0.019398622963068823,0.00017278206975568366
0.0020758969771611513,0.001372584851359604
0.04497719493266761,0.042227808803739
0.0023147568820772735,0.015017255121323791
0.002119189923540099,0.02425289639988304
0.0022697188792308864,0.00097677960523479
0.00020690728042560558,0.0005859156242287167
0.03446197832042941,0.0019650752470224964
5.1865295320752125e-06,0.007511046311674763
1.5199570389201611e-05,9.800121413272578e-06
0.005662976671908404,0.06605549325747784
0.05517287461131293,0.004645392134818405
0.0019381350226075345,0.006853538209419252
0.016486723052284713,0.009798493921048479
0.002138969139172997,0.008154183582700703
0.028391522850930828,3.871578969205647e-05
9.998297249014243e-07,2.0196223983748318e-05
0.008059062521814209,0.011536842832377103
0.0036654414844810024,0.0038282723470201008
0.004168369322377408,0.006008386612033956
0.0389149235270585,0.00024911206425681787
0.0014080827368981863,0.003266685391343005
0.0022396402871930343,0.00033691250494261027
8.510678980444553e-07,0.0028050109525857847
0.07272177362443422,0.00015311642864446195
0.013095880908773894,0.0027148607521645385
5.593166826489693e-05,0.017211658284597475
0.009252813387652048,0.003619842545411367
0.00020518381922696172,0.03058754413553555
0.016445984870237962,0.03990739277926825
0.004645691766391957,0.0027582318376925263
0.017170025821061086,0.01973852072135196
0.00742020137712418,0.0007704607646951134
0.01716261309153555,0.010837668262803635
0.00541041995178948,0.005527982083088467
0.00018451072007907854,0.060200026936065854
0.0014750208382002805,0.002843518877999829
0.0019312445288893754,0.00041962636392212094
0.03807425872359593,0.022704281484466904
0.007193256175270446,0.013446673901471806
0.03084932111815586,0.0009937916207828357
0.0026690351885965136,0.002945625209730074
0.00039877179095804127,9.892306339220891e-05
0.08243389259762302,0.011978048680870379
7.362245856923355e-05,0.0020003671463635353
4.617074523360909e-05,0.005249139415286708
0.009964396603317605,0.005578159936973082
0.0010964666345005813,0.00013592175672416662
0.0036173309001190646,0.02515005956525551
0.0050037928592754355,0.005957928210462926
0.000600004675638921,0.0011826523736806482
0.04175653024288972,0.020506838136377437
0.001855597219630356,0.0012564446390805895
0.022814012267401873,0.0026268886203205666
0.03499362126721128,0.019584788017102173
0.00788072777038229,0.022945281386794414
0.000669070139920902,0.0002480505174400349
0.02134343108952208,0.0033801552958385717
0.029708518576196385,0.012147274163751609
0.022331786805369958,0.02958872147879077
0.014130879709808641,0.03554600500742844
0.00048659602994560736,0.006569029656446457
0.0003448029811187192,1.2500794227654488e-05
6.615176769464437e-05,0.014915839981062051
0.013663916284122779,0.00034829132607383517
0.005659945125021659,9.900715642285896e-05
0.014793991858824462,0.0005361873452495169
0.009464495087988634,0.0019032836738834824
0.0007182763767984435,0.0004923933422813498
0.00021368655801967673,0.000771409147806823
0.002262046989928934,8.268808253897308e-05
0.05903900425210229,0.0003853213671086708
8.559860790113838e-05,0.0019228359761298552
8.598460805586683e-07,0.014480253135654486
0.01986583315643664,0.0007357124547410221
0.01299140365671747,0.008514613784738168
0.00021270784984994684,0.00022102335656859484
0.00475304025715817,0.008112759597587949
0.01843023651937914,0.014749745863491093
0.03841433456047583,0.0008760792516111504
0.009729531357761001,0.02191946357771235
2.394873994226998e-06,9.698979983241429e-05
0.00023592982046227728,0.006736081178016495
0.05559308018965203,0.030686117504013732
0.004620774120413396,0.02436212681057126
0.008557356601743837,0.012176107460034391
0.024261775405181485,0.012085503743411219
0.016355193760951958,0.011041391112820431
0.0026929439669687305,0.0012704877061027187
0.00020536207979549026,0.022967738422980055
0.061835928080175906,0.057460481874386904
0.01864520628738131,0.027570193308552704
0.007836267909529293,0.010413912742611164
0.01859699176669305,0.000983692866779684
0.04232227994380311,0.04663260244928491
0.02765226782692609,0.043897285031720745
0.0011381004094052072,0.0047511694058957055
0.009413261533364747,2.315627926408048e-06
5.127747497724044e-07,0.0005975305474896775
0.020789405354811108,0.025469748351969135
0.0009169986177596234,0.000707056301639919
0.008274641831684026,0.008951977200141514
0.03430132911348427,1.330677623645471e-08
9.45807373209373e-06,0.0004829503090371112
0.027948108819889628,0.002814232042900877
0.0077055308551706725,0.019884670797872595
0.0003039462181787522,0.0007876782213181999
0.08044784285519457,0.04462958472577783
0.003658431903901027,0.0038985207840153135
0.05892635307631189,0.002540157219345418
1.286340635786587e-05,0.055999951299047446
0.001469724461380606,0.0026899205978172525
0.0004246330748617355,0.011512101907553585
0.02184642679944615,0.0003419207422546977
0.0002723963804416307,0.002535341512151179
0.010890835322913017,0.032942298731316266
0.0044534922263120835,0.007833348445045685
0.001067686151503544,0.023768510568226597
0.0033800037116911152,0.00013724173957530006
0.001902255847878842,0.01828258035636643
0.0053469431959258795,0.0032514642243747227
0.0005041067677439282,1.398255556395167e-05
8.400806755237689e-05,0.009322640728314124
0.021864267859642683,0.04958753121168158
0.012432779858890464,0.002833396162801427
0.0200548846506875,0.003662543282926478
0.025516600533039613,0.002212544076613532
0.027122252327999474,0.003297716772238113
0.002110543010702237,0.03073021572374246
1.4577132772197743e-05,0.007195398153207466
0.004041863224061748,0.0007872882430003392
0.0026216004090023892,0.004507972995049236
0.006503314888589573,0.0005777821882529954
0.0008812686094554767,0.0012779631616748333
5.645432679157736e-05,0.0028842550049309468
0.07818227149192347,0.011092842548406256
0.005913771841924986,9.948068786513886e-07
0.07424499228944303,0.04280562522581399
0.021736487062133936,0.005472863955457985
2.033422435210319e-06,0.003143580313319294
0.017965008702088725,0.023053075227370767
0.08981242003059287,0.0008049614111996783
0.008480532272295727,0.002421705280742148
0.0025043904662349625,0.016250648397376777
2.087239603376645e-09,0.0014715326547684038
0.016006682290390706,7.379098644910709e-05
8.790583897022586e-06,0.0003452338320398818
0.0338336085642863,0.013904203596104003
0.037803549541639336,0.008391562550950749
0.010048139410280266,0.0032131924083029784
0.012743528033884899,0.002651772375743544
0.009708398608922364,0.010027963737492374
0.07385252105594708,0.03835710419064087
0.08271144039102518,0.0011085151688133843
0.08213345829101781,8.869082446016918e-06
0.001704089651945906,0.015264954183338064
0.0156560627503467,0.0015774786092348503
3.765811048439538e-06,0.003608370705813102
0.01810110038159274,0.00017516887206925347
0.00010801254397085902,0.0024172562357144267
0.0011771275899413736,0.008577109331465826
0.041661357718784764,0.00790567442466572
6.196667838032077e-05,0.00951142172262942
0.003018971074615795,0.00011948172098963372
0.0164315254455355,0.0142856291141219
7.819821550347772e-05,0.020733603582615445
0.015840667282329024,0.04051975960374343
0.005227153104983562,0.012244956938753715
0.0012792292000670669,0.004542708249800742
0.002693004941687893,0.01870190026889973
0.026949232084205188,0.0034894895968573536
0.017830953819935158,0.004051215428184096
0.0030413323973945694,0.017660806884046365
0.0019373190565350473,0.0005227178259997745
0.01003964071153518,0.012079275358693908
0.0652717346049082,0.09700139665106577
0.001548657407390408,0.00720293776133929
0.016739832198687687,0.004638067899642384
0.01577657445530778,1.0687452293933752e-05
0.00016928699200691177,0.027449917456100037
0.002240522806512768,0.010546647294552236
0.010951244929005344,0.05991831285389193
0.00014062645174506283,0.01669400545287658
1.200039088100624e-07,0.00022148989285142306
0.008215167245762656,0.003767261107437303
0.01170035418701032,0.009913675656803567
0.05533774693266569,0.00485753133116773
0.0037887592539385118,0.009984896832789247
0.0007011501495028938,0.0013828203167165487
0.0007275738280299038,0.0012306266982199388
0.007574715393376841,0.0007861387407596121
0.013281136284396533,0.004855352401125557
0.0022261861936189176,0.0013094843972832892
0.013651778280282856,0.005456029709646426
0.00914516466049542,0.049755652344010914
0.010510142162827751,0.0002816827259238819
0.021186997300930988,0.000528222010301227
0.05910214295896976,0.010306819274234824
0.013405356775608168,0.00031861963479473676
0.0033682235735694732,0.025542935082195628
0.0035167312600458134,0.004289028847187959
0.010711163286983516,0.010774229580055694
0.010111574594111383,0.0026459367757397656
0.018509670567429803,0.004988000313909335
0.0038119052255286556,0.027647027047494666
0.00041350012773899714,0.008051885681139015
0.020161416856021908,0.0007845738487779474
0.003692883941600278,0.00015207297305364076
0.002292472382256383,0.004645372389169067
0.009476999939702413,0.006526332747518349
0.0013020864632448115,0.02275948450984311
0.014221738775282433,0.0032210416915345874
0.09367590438298756,0.01775458126871421
2.245402072353908e-05,0.019700184287000044
0.00034231345546753555,0.000930541122255546
0.011689941266145976,0.008894108077188823
0.005689555729539775,0.0056104594044970035
0.003981286396430805,0.004674134825816134
0.002269685878819372,0.0022758235123387927
6.681685641440893e-07,0.020267257759533974
0.013794638005719229,0.0010064093648435302
0.010989370699762246,0.043725829749264644
0.00022835616108174417,0.001011247167153173
0.05634804076566202,0.007326331331794389
0.009183826439142506,0.026331354241706073
0.006853507963307859,0.0005552175284446736
0.06983635006763922,0.000528543449237584
0.00036094884794435345,0.007023672239885426
0.02483916212421844,0.005499420199789551
0.041382523143820626,0.011945588541611873
0.0015243845750391172,0.001622783530931593
5.107432920370414e-06,0.0006506673370281213
0.0006334242900132292,0.018039054233052187
0.003494972621131187,0.003184112433955999
9.22582201223765e-06,0.011578720294654454
8.3565947014419e-06,0.02888609840315204
0.0001234272682915094,0.00016888420932381631
0.0003639971201239156,0.008904448146212052
0.032422099165114626,0.0029489463750895784
0.003307542458535706,0.0009587044718740723
0.0017639986801306629,0.003919957626450032
0.013023277526163834,0.0006393717133027499
0.00753837134591373,0.001184686059759299
8.925536792747657e-05,0.00034287021135837037
0.020542893509082116,0.0011544522043640537
0.014683854556651,9.131173766652179e-05
0.05339190057533272,0.0042025256769399055
0.0010688721365927911,0.00044549276833871776
3.795443227483375e-07,0.011564474416142057
0.0003484520081296072,0.0003303970446549842
0.0013593327590867288,0.021173320340784674
0.00025969679992587924,0.004048577932403763
0.0019602075808322628,0.0002687335286447601
0.035106698927102276,0.03718332807864366
0.007584786547781719,0.00046804209663797725
0.0012158984757137947,0.00044005948945624596
0.04274540189536202,0.09309578458091505
0.07123283286435966,0.031964935183517174
0.02022585582437464,0.005445537277010026
0.01814223871374998,0.0027486589381029436
0.00841728479631254,0.002261282401017306
0.03892663189386569,0.0038523890262550653
2.826307643477577e-07,0.00474051593925251
0.002418919807921527,0.007606805746814382
0.042480853750968106,0.0105570383753677
0.0008299098598044674,0.005815060073598
0.014339721608146339,0.05196067876022403
0.0012978237352455624,0.04541871252913077
0.02386494255260385,0.0066493167437911005
0.02475382340119614,0.006086486111212985
0.060606913148343655,0.07712855513053707
0.00043800218261680346,0.001981501729553581
0.005083530332261055,0.014161794033991204
0.013922332084622457,0.0026860670021184863
0.015998791670931656,0.014498052693837526
0.022259015058932907,0.0020024727184458913
0.028200851978382735,0.009591230279741292
0.04072647188754497,0.001192248912828986
0.014161474303571286,0.004768827970853318
0.0015367775514560922,0.0015412799954873657
0.03423602644305279,0.0321152937447482
0.006106946816094805,0.007038488892882611
0.007075851014109902,0.0041631270053552605
0.0037541659599872323,0.002729920438457989
0.0006511902067022346,0.0001592036265254393
0.004604068461906419,0.0016741274682898766
0.004292838048696623,0.001717420565874872
0.014665228141147124,0.008801098996069956
0.038332268788889956,0.0006356320571744289
1.0459334468748693e-05,0.018418980476223368
1.0527239846291891e-05,0.0035673902626777165
0.0016835183506753726,1.0866517809238196e-05
0.0008942826106842494,0.03206669297963105
0.00026199468518306457,0.0052261111685619754
0.02698420584106853,0.01814645221301725
0.0022582662019488,0.030811189944386808
0.001278606055763798,0.004518147211197587
0.001696465074922604,0.01005342678084209
0.019287558948869576,0.03459413049966387
0.013598035353451499,0.010680542330236409
0.001983164059344955,0.0003223523734311451
0.00433396058616331,9.634370808075943e-05
0.006097714043815428,0.002557296869394432
0.028872711468673873,0.018879705704713423
0.031708357215301075,0.0006181978429093959
0.00018791805763007652,0.020704156397314377
0.01792693126976863,0.008132916948195734
0.006490839000482418,0.003933296483479731
0.00011761911732333097,0.0033357390994949165
0.0026539053234091448,0.02171220572280741
0.00010293732691368795,0.006390189115993317
0.00041180077264069137,0.00583503491262416
0.0008245742761032737,0.0038655413391105453
0.018049133837413578,0.05762076085893986
0.000524358342951392,0.008743113951080406
7.592503758224733e-05,0.002262374530270117
0.0037275547212416438,0.00397603624528875
4.5545812017988574e-05,0.029752370563514763
1.789071526103747e-05,0.08013446450953321
0.03256971280027998,0.03328274223217387
0.00021233862139646842,0.004851889709852508
0.008162346814812982,0.004654638817287338
0.035593958788393776,0.019921888838271062
0.00043737345911454284,0.01034801735423363
0.014951477169550698,0.029668174276583748
0.005554990940933258,0.009191121211487463
0.02210095797294509,0.0013529035985179183
0.0026464019551295515,0.015178507642949257
0.00048563394473744026,0.0018578716449858534
0.0028542077015002443,0.0026544269227232187
0.00814157586319264,0.0032485153174084402
0.003251092540661138,0.0017657919550423395
0.0012089073900600766,0.02141789708895392
0.011970760955797077,0.009073832677116145
0.00021519207934417306,0.006167742055055547
2.093428558658239e-05,1.7068657297114598e-05
0.0009367741576773447,0.00046712556973427244
5.268410927439238e-05,0.00023558737666762308
0.006711039277374264,0.0016176788428599043
0.014347957741380868,0.000127192451297109
0.003306147806830473,0.001736457171156558
0.002422602829076359,1.7728540633199508e-05
0.0037056093195654283,0.003440410457847043
0.0023469594012345274,0.0033938988204191833
0.006485725739684756,0.03505159666938451
0.004382647679479601,0.020929599492722217
0.00012069424154881325,0.02619452883673412
0.0006623665462204276,0.0012767912101665502
0.009982440934420023,0.0007437174233244637
0.0009605621039501244,0.014991009944914535
0.0021886394525545416,0.0018239501556237547
0.0038304939351661016,0.006143379191759668
2.7369343713612437e-06,0.00470084141178384
1.7860817521087036e-05,0.02512580504600448
0.020109880121647605,0.002881444652614973
0.003032612309252225,0.0032916427965190564
0.012130057745739609,0.01373919949938307
0.005789767230755083,0.020089213427557984
0.008347015596381402,0.008570093917144694
0.04339897888040578,0.033862193843278265
1.5781020891170172e-06,0.005596323870480702
0.007487442784718357,0.00011915832243603042
0.00015653210718669097,1.639104716510964e-05
0.009749394033349512,0.00021362481734066296
0.03270098027081603,0.0008268564085042174
0.00010794262731517179,0.001526543872691799
0.05704523155540464,0.010258294549504332
6.7395714353768454e-06,0.007624101089589663
0.000284576912851664,0.007092248472154727
0.005175929137981261,0.04065172723195909
0.08178620321250585,0.01591397727235977
0.004905238009398127,0.00013762476437073623
0.008041594269519003,0.011310865867819486
0.0019862935854665364,0.0007129986106811925
0.0018612461946664327,0.002267494417510507
0.0128222686000381,0.0005697877248364014
0.00024327886613040306,0.01066813106641007
0.014465931439111346,0.0073982931010428965
0.0007043637467923913,0.010796807708442158
0.03538445746671082,0.01603408902488823
0.00828653117102729,0.000400988657811574
0.016620765215694,0.03044540486306846
0.0002290948404841675,0.01761190145323921
0.0025550230685962294,0.008041976652647609
0.020920892739070274,0.030054951225933046
0.0007619228850607174,0.0029383588425018203
1.2801895453939949e-05,0.00276547851336284
0.02038112090265065,0.00023114578051264267
9.996758320029997e-07,0.002529082128150839
0.0004907015531813164,0.0002091406865400991
0.016081609474550507,0.029519113667186958
0.00883468411497823,0.0183390664371873
1.5318231487260192e-05,0.01368754987374765
6.292600108315227e-06,1.091439505140901e-05
0.014113169369614043,0.006670397126666061
0.0007597564958095049,0.01929080599901578
0.009422071659834441,0.00012585329309733329
0.018504374615473274,6.913142631337355e-05
0.00013400381971750974,0.0024963861893472217
0.0035165640695378197,0.0046031189969717445
0.0063415012756328215,0.00028219749847802067
0.0003645137483005989,0.02243349668968264
9.121702882586291e-05,0.00285571987863964
0.003237311236323981,0.0008008729209195709
0.014004514880198271,0.02568445499988059
0.0015039286280585928,0.006093323410474305
0.004110845047382794,0.02911647635728898
0.034097964947621184,0.010546227298981137
0.002604137364092818,0.007056878951377632
0.010018895271493133,0.0013724958430048062
0.00089363400053033,0.000395461428006616
0.0002124104049551212,0.012331937554667105
0.0007397923107088644,0.014468286307137923
0.00018799586896811604,0.037035561520859184
0.04500379540001809,0.0065159305770329246
0.00789399945476188,0.009472770443019196
0.008875547103968429,0.008488875835773957
0.00013548548290709395,0.017861733724172435
0.002692183518530844,0.01396930261956697
0.00722162956485406,0.03478835256849955
0.0038053421245548558,0.01015096235121371
0.05078832884397322,0.05183560224624528
0.007513927369597773,0.0022889766898829267
0.008210841430424942,0.04125736543741143
0.000554230010030965,0.0041420893345538445
0.0012955243638348435,0.0010107613811443095
0.0007632584174765977,0.02446447307717392
0.0005524570122493744,0.0010343273147997989
0.018814954899928682,0.027491811445003123
0.0004125247324446857,0.003219047982468304
0.0004175344093717559,0.009507238047519073
0.0007911773444223558,0.009615969922986856
0.012557046314706666,0.00015182698038240794
0.0013889705506374694,0.0011245915893384195
0.002556264117760887,0.010023668174775069
0.0035754169346481346,0.010451464755235063
0.0004747121648889241,0.007739832415085912
0.013596757678921989,0.004821434199783425
0.0012251597238329692,0.0020895737892875355
0.009696562580261858,0.0009313079226253018
1.5385242246979125e-05,0.0015614426770037548
0.004781008542167009,0.003775751217925727
0.006000037613986708,0.009511726615852867
5.149672561988172e-05,0.0007839337700916715
0.0017510628095781522,0.002762376866460081
0.0011292545924467268,0.0010490953900444966
0.005354082649849379,0.07782032947044071
0.03295959328667497,0.00716901218874566
0.000598857832208588,0.0007696583186457273
0.01911768164653571,0.007796942306970478
0.004089529412746318,0.0015925420487933328
0.0006895958812572767,3.830376150493198e-05
5.764463927016017e-05,0.0047651014325813534
0.016630997855748175,0.027946130351714227
0.005458503012072069,0.003810195307924258
0.018594465739869337,0.05639226395966368
0.00023510481857236254,0.0004913246142576044
0.00016606301699151338,0.004898553950334006
0.0063372083775131705,0.015600726959569045
0.005480397644889612,0.0022869602392007193
0.007843687580544545,0.016781902520725978
0.002663190932098991,0.0023472903249184274
0.050115851284152746,0.03558166277179253
0.00213172372574999,0.0019370823291759987
0.06904890293154631,0.010627524949046396
1.5014392516388142e-05,0.0013257076068758922
0.003465514433001138,0.000962817259336779
0.019414617492507946,0.0034321293982350065
0.019523025639338165,0.013428472797604396
0.00035881475515398,0.005834556559449644
0.0012521562876901537,0.014866745311140406
0.03327213036358112,0.035121769553048354
0.0009363124818687618,0.011201702650976086
0.013887421762823426,0.0005810864380847436
0.0006329219040986933,0.0006926265867678305
0.00025350589416162084,0.0025773945108805707
0.009226823251850202,0.011297507194453327
0.001405846372083186,0.02391752089708543
0.00024362663495336445,0.0035872877078203524
0.007113537544500059,0.0004365796519359977
4.051060211829327e-05,0.10725118654045751
0.004223190522986253,0.00019518408206908866
0.0002234923839976588,0.0211560287344722
0.09978820600272864,0.009449508863696332
0.0011286226522932985,0.003433861062327015
0.002629725321793619,0.010195276502346418
0.09315118084744223,0.0026834614259881873
0.03733350944417513,0.009467162539963159
0.004764009304051298,0.007175293781451986
3.7804100418759035e-05,0.04726820130180509
0.007103721845221345,0.003459917237196075
0.0009785295885319512,0.05468359204356443
0.00065029089905011,0.00017800838646009343
0.0006813166020217531,0.003438608814520294
0.004309483073722586,0.02285594833295479
0.016347234785619502,0.0047025446340654975
0.004126499288232943,0.010979808368319466
9.200483624760558e-05,0.021661639454731096
0.012018831750498005,0.0001777011228488723
0.009940035405604508,0.00033418024703368854
0.0018871961398327919,0.002180370624918382
0.003236702243929357,0.013024628058609489
0.006128840894687904,0.017293375768089314
0.0193755178790046,0.003156790614032623
0.028522140807738627,0.00010575323224115696
0.0011741850134274756,0.00046623212651608625
1.583937326243845e-05,0.0006412510159712337
0.0066628511064048546,0.014397579929472215
0.0014013182125003354,0.004092959765676585
0.0002017529899144277,0.00042832881630017194
0.0028507750028489154,0.00961189377994609
0.00680671367937602,0.038781540583678775
0.0011298368684657945,7.609063633651214e-05
0.004456757109931431,0.00033679117238916145
0.006426436026067961,0.0008774976567732518
0.004300472163717983,0.025034824949696666
0.00536036801584816,0.00535469256942267
0.01426869559032884,0.012870161315389872
0.04079872461144096,0.0015560765330421278
0.03446106014550432,0.0007447358186981612
0.012324491312767583,1.9357002206787932e-05
0.003301883198501332,0.006858254190088564
0.009014192058960258,0.013825917948807831
0.0012786351347322533,0.010212279818523684
1.924013756893217e-05,0.006448966686513624
0.0005650312257833301,0.007972863008539943
0.007914089494545973,0.012379211600643258
0.00647520805187618,0.022058182778100344
0.0031918469215032053,0.0007870474462453592
0.04825877466206263,0.022966939421548593
0.028630395754442817,0.00025101958733564356
0.049559092304754304,0.03200298099889609
0.00028687496582324723,0.0026749309012444877
0.0018737678852981388,0.002389554612445166
0.05518618100001438,0.0035872703962165353
0.0004578315320948878,3.894647833435627e-05
0.0005666912520803091,0.03025336988787164
0.012339209625337522,0.001181953508289646
0.027305012799550332,0.0004937883375708552
0.0025319433284121118,0.0009975256039090885
0.007250845818445595,0.0009865921702160163
0.07122700005494964,0.009502216899859972
0.005728438502156208,0.0005931884808010324
0.042468087304721513,0.01618464202594161
0.0031682606836761495,0.00019054649308192229
0.004680622918766253,0.002033719466367767
0.0006196617592486575,7.163318995728751e-05
0.015477290299858448,0.0031174032856812195
0.017429844442170106,0.00011030469868555937
0.03235006454811551,0.0012073740880745865
0.010743073921688384,0.0002790664564560341
0.000708552388204664,0.01894646941964695
0.04042652626880883,0.0072521613671368
0.0025882685660145732,8.078791410293107e-07
0.00974780987736179,0.009285650390306044
0.010902999522079293,0.00039230659671307677
0.017674332127242454,0.06536400851230084
0.016218586936269985,0.05789365878009545
0.018115385767260128,0.02736847617015392
0.02193761687191631,0.005108961134333345
0.00709504793447413,0.013876424097966522
0.060038476406877095,0.0241882599973694
0.05976053511080215,0.00876244778078028
0.006383799268452783,0.01299789084899483
0.045384138959367215,0.028218132084408598
0.00018699734997373874,0.005917045519763908
0.00029313443442591236,2.6586645107684603e-09
0.009699852706415046,0.03419850229877752
0.00046917538769031264,2.5879666424866166e-05
6.63176396935583e-05,0.0015301956369094816
0.00540987057977016,0.0002822087420254471
0.0067764059402207755,0.006630140100985837
0.013988821439417931,0.00861468585252878
0.0058731653673732565,0.005233514391983274
0.0018501362241233332,0.03471565900118101
0.006153406045834475,0.012811191007420342
0.002274019889439316,0.011740723698975941
0.006385974894756563,0.0009484694829225981
0.00033512397845303354,0.0018577543937882135
0.014735478710141692,0.018416910969164646
0.0022138747838313932,0.02347653967195673
0.0001681634003158905,0.01129089932049021
0.020168089529294386,0.0050869784602074475
0.008605478365543373,0.0004665272728074932
0.0009242181662454385,0.008271146028850596
0.0004587242213567322,0.0015128376136643862
0.014930797842361954,0.0034618055577307905
0.0015057884103075736,0.045527689947852834
0.0006993061792643918,0.022916841640476915
0.014082851679254937,0.052171404268717914
0.000505789765756548,0.020456340274657703
0.07252080008432926,0.0006803161846076211
0.0029390341115683727,0.005976655380173002
0.011881164765892183,0.0005118211348051904
0.006690092343661802,0.003420152121485831
0.0006450306329932598,0.0013405179075532958
0.021915530978550257,0.00035206005676380325
0.047800021017575856,0.03817814277951748
0.020391703780979986,0.027255667600350253
0.015640470176762178,0.004397345327556645
0.0006791598749382732,0.013137618282761832
0.014902217572202892,0.004816544227569941
0.014490919734124419,0.0021364684892295482
7.48308863962599e-05,0.0001717685095133925
0.0032661745943378673,0.014400864476425745
0.026821971692099322,0.00048302070492800553
0.00356432195127776,0.02609822461475575
0.03938976500563052,0.0022592885147045827
0.0768571995002455,0.045450385218492206
0.0023034833660343645,0.004968225450020625
0.0006125204571733045,0.00037549205059506097
0.0019945186938554738,0.015106665309168488
1.240497403864893e-05,0.009002839985355227
0.006926329308331369,0.028182345144223908
0.0025916098375816654,0.001517969926715601
0.00043603530256153267,0.015058169343013184
0.04580571133900191,0.00018965080832367143
0.03030507999743781,0.01709105231696839
0.0021551120643081845,0.0032502407354376706
0.017060198901728052,0.005454518112330997
0.003939645348799092,0.011894041733706007
0.008535665044143492,0.009482694648587309
0.045574856080800474,0.02186909390403835
0.005240593434348351,0.01981012615047839
0.04748785483050533,0.000567319041665626
0.001319300318069594,0.031205400773072323
0.0011262777509655209,7.836282416773255e-05
0.0037478551621440426,0.005333559128841148
0.024874663939742248,7.382202048689113e-05
0.011369000539725338,0.01815601295892022
0.0223548994194972,0.031056629306146832
0.033083832028362514,0.002312661874783406
0.00034811632216913413,0.0009272238993125459
0.009558629336635982,5.535887936514161e-05
0.0018788795222998145,0.007059722447476435
7.490567325862951e-05,0.003602102197424961
0.007412835419454256,0.009289611699244138
0.002874985092928828,0.001616961286851959
0.0181665841677503,3.39547541166052e-05
8.26704670958689e-05,0.012334795993430459
0.02522326217981341,0.0013866701530251824
0.006561571978270897,0.004488286615309645
0.0005034857528990466,0.0032828666040065624
0.057191318522596846,0.017197419229662003
0.0014926093875478053,0.00046511454371789274
0.01453536751593032,0.0011106862929090022
0.016853597995873826,0.000384374329537307
0.0208689619633895,0.011712780334202089
0.008699977729975439,0.016468521161662086
0.01725752214519638,0.037172623951367556
0.0011055056503574967,0.006899106723038284
0.0021506002000879487,0.0060197414025613405
0.0014754227804349984,3.1121994087390803e-06
0.006290431132966012,0.0029133735787270076
0.008094086540667234,0.021642016926610608
0.040921685586218226,0.0003379159789665964
0.016394239058719506,0.0010066604422885872
0.00894656436955954,0.01016448836992001
0.00066730763061007,0.0006174924023331085
0.0007082944915985934,0.0031840139832213232
0.016206667071991254,0.01834186234826074
8.172016902174839e-06,0.01321698330531429
0.026695509115999383,0.004618339222765888
0.021057255356534132,7.679522121295523e-05
0.051497915495795854,0.0021622121305822084
0.001529250144301053,0.006585664257646617
0.002246522983395338,0.0015292558726697214
0.006258219120327757,0.0054708278246554665
0.05927593680185972,0.00038281063892031675
0.037911706801034395,0.024110842623402795
0.0016228189552103256,0.009002130619484183
0.0061726988129670035,0.010127119448392619
0.002663859585850137,0.018110234548682103
0.00517399412877273,0.0004890411302369557
0.015090195154233488,0.01884426591888355
0.002328135732395653,0.010256561866740954
0.005170042907569172,7.60428586652484e-05
0.019744078889364025,0.0015309030715882077
0.022084617321607825,0.007771355108259992
0.06490839272963134,0.0011708875055280732
0.005481775517838905,0.04140945020862585
0.009748185887458072,0.011808157387985796
0.0318158571053474,0.011268014266960669
0.0034479622278819066,0.001681021757786949
0.00779182336756723,0.00034580256081129246
0.00048404857352002395,0.0060286378430151055
0.003476677493737035,0.0058584668063879075
0.001260128488794754,0.0022137660955222627
0.007932973941734534,0.0049907713994594705
0.0004470679891367402,0.0059359663193444545
0.005261004721271001,0.0023364415836066854
0.012586115294840994,0.04106057643762462
0.0033011457852094583,0.0037349049171770954
0.005590973580922087,0.012563387217682576
0.02741732706805433,3.0724168568974086e-05
5.314351144702911e-07,5.852097193315142e-05
0.0009652056995611558,0.0014319141976770755
0.006332375951581315,0.0058037409539811735
0.03313811853405635,4.49652120116939e-05
0.0037236590728906283,0.025218111684569777
0.004902561825786966,0.027892991833909808
0.006487733456770894,0.0005658153622465356
0.006306798006848746,0.02209832469788109
0.005310400951256011,0.025674559633312555
0.01173388485923299,0.016397538202425288
0.021036133976235383,0.024525774580788973
0.006517955683276178,0.018850366274584696
0.027684001975689543,0.007962173407111028
0.0030340656469864946,0.026469788642285663
0.0002527440360351463,0.010222473153534306
0.04551426756427002,0.0032668707853460432
0.029793813730985885,0.037527308000070314
0.0006362848348933081,0.027211913085875228
0.06441105550823922,0.11564891402629884
0.0015699582262784784,3.71081983017163e-05
0.015389531140879598,0.002686702368466798
0.0020686591356414707,1.1162707583944886e-05
0.026940155763611973,0.007259668103624328
0.0008130360399527525,5.9410294052542056e-05
0.0031699392318095265,0.00459317575314333
0.02579999739979022,0.0008057729993661278
0.003869829310274242,0.020490890466833833
0.003620149678762008,0.01622496682017427
0.001016621240665705,2.0823959223648103e-09
0.09201519478122,0.10482777307511493
0.0050458262676215115,0.0004940783070644938
0.0004201519350977012,0.0019059898227478111
0.002937192854027715,0.010885915005951596
0.0012955529716575098,0.0002898161596925908
0.0006443438163200588,0.00880679510284832
0.001403865893007783,0.018150607446662304
0.010337115449332024,0.0009451864954872491
0.02546276506422629,0.059518340407480386
0.0034608318014205386,0.0007272025896278844
0.007039601256120687,0.0005528068538925845
0.0008015739926336973,0.0048403414059098315
0.0120153425476075,0.003172527794741531
0.009160616860350745,0.0020213315512244145
0.0004742918312418132,0.015868863961469915
0.007978519297053288,0.004903060005830295
0.0007518102407745308,0.008372643051119621
0.018410357690534007,0.01045181009424656
0.002616006176982877,0.02689139156551057
3.706059676988893e-05,0.046198770996176974
0.024443391152060512,0.012139010744107948
0.0009757385191208057,0.03765251173222195
0.03569269187392987,0.010926446589841099
0.01624700848180738,0.0020231867382252133
0.0009206958092120576,0.00032191399649506014
0.0012599828204313823,0.0011518174520901425
0.006402681955570366,0.028993487148265107
0.019981591039253788,0.025885289640497633
0.005688348597716497,0.008023844991786766
0.03409827870423687,0.012377186956849417
0.005180595905209695,0.003644397524859011
0.0002628075175743483,0.00555806965538852
0.008094599125874513,0.00710853260327915
0.020687776624295662,0.0521852360629782
0.01447212602625092,0.001497096362689132
0.0015187352193967163,0.013189041404835233
0.021506643068126996,0.008698546754250192
0.011053824813896496,0.008882047304766383
0.003683200635746675,5.063829662677044e-05
0.010080377685300124,0.005879199809012969
0.001199244081377171,0.0005037301828222374
0.008290785990183958,0.00974768769267842
0.012046682807709819,4.6536397673380137e-05
0.001435219113018138,0.0027210790429450515
0.026720840023421566,0.0169880735104746
0.025626523197633366,0.03470704834552951
0.016475334520438034,0.006525577412770378
1.2969318435640531e-05,0.00029822793343059484
0.011396564600357872,0.0032920760837537033
0.013740529343668428,0.0020913251335658023
0.10746148137450484,0.031046324668080993
2.809775592527153e-06,5.418409762458776e-05
0.010075790772447357,0.009102954443395372
0.0003869451069165031,8.239648421493051e-05
0.0035231761981663334,0.005867922465316422
0.008968420567891489,0.010222496852353657
0.025735206072134753,2.6389058067621818e-05
0.0025894810280413516,0.007792902761960097
0.0028049790015933773,0.029427664918154184
3.553206681639054e-05,3.710391768396715e-05
0.00016099196774388425,0.026019558775941753
0.0010508977946522835,0.00707128033800386
0.0010134377299904074,0.023397355280347032
0.02071057688773692,0.001983461756845384
0.010698491107183683,0.036710107810678294
0.002263450704696246,0.012454202141412574
0.006565245346992543,0.013919969247549568
0.0003135056945893222,0.002819147978360692
0.011037343994145465,0.018922632937842132
0.007019592462235713,0.0009406604506773109
0.0020198375785690503,2.602784668903624e-07
0.022495626003174007,6.417176428985538e-05
0.024107303253219414,0.04032274555559057
0.025358147468164338,0.01344287565208202
0.008512791154038357,0.009119034115169677
0.0008576688549744027,0.0010958358298923665
0.07308036167258358,0.030905764674483915
0.0055799966023913905,0.0002744297969472509
0.022534124973105252,0.03589571065681274
0.0005212541401004023,0.00025407043564229514
0.008811670916558323,0.03210650492682887
0.03152599720567861,0.00021962986285117836
0.0018281790472781667,0.008197411104266417
0.004784781784991976,0.0031251894619968024
0.005315790596455816,0.020768746548404216
0.0001889240192837205,0.00019608474598287184
0.0037719751041218608,0.0036872910953136273
0.020773934664023108,0.02143625962812057
0.0016452133901435628,0.004328357739966093
0.0007036251614823685,1.5962508578937218e-05
0.02379717449062624,0.0014230998093277547
0.01716133087138605,0.016653084801668272
0.0033213297552114884,0.004976171358232917
0.00183815725350156,0.0016998228313915842
0.011239092831789033,0.0008591679767724347
0.0193546048429436,0.012936113885710254
0.001450579159997245,2.48252630201673e-05
0.000372364978792894,0.001759451812800794
0.020932985647376112,0.0006593252982144415
0.030298500831080766,0.02464313183836675
0.0014984051067701287,0.0017744919564431916
0.027880475124256843,0.0006165008993979093
0.0264143847731223,0.008172775384848951
0.016552866063782257,3.7114861199949445e-05
0.0009965103224452987,0.002130434542070292
0.002311282795767977,0.01645063419385928
0.07258077259683682,0.05192053480961678
0.004077658384346927,0.0002129025289101527
0.026015540356269407,0.006851356089731642
0.0006321897875117832,0.002646328778729945
0.03443651938943204,0.0032886028930737554
0.01465300829977112,0.01191166063986493
0.0759942981673708,0.008489454165935384
0.018661471746805436,0.010378535441485703
0.0012412719016065,0.0035026620189367863
0.0006281750801014896,0.010518698790552117
0.019210236358306987,0.00016038034572385396
0.006955776369667932,0.007279002463035478
0.0023166582122857715,0.0006458546342399396
0.013016323389899997,0.00017012823399287225
0.007816647727299508,0.04073549272720034
0.0012912395587006964,0.001951370781865469
0.01196522182187909,0.02812661067740241
0.006049936984148019,0.0019366515169607634
0.029117600236496677,0.06324217479829808
0.0002579652103932295,0.00018420150672615598
0.00047832858907403963,0.005553531688239577
0.013491254457871027,0.013267695399036383
0.005611404975544354,0.002095589877551318
0.00370879008237468,0.013660282115312006
0.01625699675601322,0.012508904511278729
0.02514222414317746,0.01074895792842756
0.01865440161263132,0.05357785610336696
0.0018988927602512362,9.064895303534382e-05
0.0057873491112108155,0.08467401356980375
0.041503336326844886,6.13361002285151e-05
0.0598570697667995,0.00022767701656378758
0.010886207038017792,0.021516175815491367
0.006868647518757154,0.031369281122358594
0.019816767327868745,0.004911681441106541
0.0005104742415361629,0.055631865592239205
0.0006905637442311541,0.0002627457200844452
0.010381736833192101,0.0380806903363311
0.0009934928126528186,0.00175075549662973
0.012513980657238188,0.0019364435903189703
0.004249023753371883,0.015812199697330498
0.0026334453602644414,0.036007843774418236
0.02132762121115994,0.009698137115658256
0.006073389543980401,0.0017078986719919476
0.0028141113001606266,0.03803869631953083
3.7039249712877975e-06,0.006995973641674369
0.0021004779025933784,0.004087887718249639
0.026410744956297028,0.007395251867621466
0.005986923802603683,0.0022979202524822107
0.011232130260287132,0.00041901760163032264
0.0009957198217531715,0.01147357507750102
0.00023762203978672236,0.0011037805904119402
0.0036635816037265956,0.008549525136599234
0.01594717221099584,0.0070031817850505496
0.007750961976561999,0.009426911151586226
0.00010047787122291485,0.007869590651148228
0.024565668026528265,0.009754298589181976
0.002183930864120831,0.005049588103526292
0.0031031207347869127,0.037034776441433825
0.01508857343651171,0.01749749321713434
0.03845769533653587,0.04683625518049417
0.002702577336232692,0.0028053503161140636
0.003711156559218609,0.0029894644313930296
0.015961121227407782,0.00608706044327012
0.028338131416674295,0.028019527356927587
0.021328278663923284,0.010745577143995377
0.0009972500433865772,0.0007911068779297148
0.026125844944244858,3.798863109616413e-05
0.0037962199675010133,0.0011031998039168212
0.1027208884956412,0.0033954281300044853
4.117553324967105e-07,3.452196090181214e-05
0.011185050528941809,0.00030349032213261573
0.014416645645807247,0.030261388500266828
3.81584900414067e-05,0.0008204462485600361
0.00020970552344645732,0.0027472990121618635
0.0031051265447791243,0.005807674589098699
0.05269783673129402,0.0012611395061311592
0.010369004894541178,0.01327165508825412
0.005068587814121672,0.03918385929330748
0.0015944128924264556,0.022977007421906448
0.00015903328297006691,0.013443700858217333
0.004518183691862965,2.929329563361449e-06
9.146605276511011e-07,0.013472346190617768
0.00018193088688467363,0.0009076218189747465
0.0031655128127006105,0.005967837086882644
0.007951924092340246,0.004873653489441132
0.009501037313848437,0.0019824799879175625
0.03557951820346972,0.016042260631690786
0.021484677472810354,0.033370809589578165
0.011858225503713182,0.03676262887808057
0.002519789114953541,0.0008344915050133572
0.005597036826801349,0.048180591474985546
0.0009512804317323154,0.0003016422857988754
0.00016239762671865776,0.02257991025512618
0.0002648590178084831,0.003269568544071899
0.0003358724898688825,0.0003937173157666507
0.004850304179327969,0.0005673069218310456
0.002948969260609724,0.0031329904700962974
0.011386006664627302,0.01584462590670188
0.03057461492180058,3.570250433460043e-05
0.013948873434880493,0.02560461612282383
0.0002509167711020055,0.0018436169142177494
0.02970961114409243,0.029131634685636953
0.0012505617287292825,0.006835146208834408
0.0001081902918628197,0.0003375534541477654
7.389118125811223e-05,0.0019691439557828483
0.036764932823021956,0.0008922904440938906
0.008566501903144563,0.00016876668866372402
0.010875282674535747,0.019298204119720275
0.0023507953633860046,0.022208709841445518
0.013660207266312785,0.001004226865597313
0.010428248045886046,0.007495634192988709
0.0035801200968437197,0.034435072242621434
0.015177691415615424,0.001380221428913031
2.6166433389818167e-05,0.00017981133466615784
0.02388147753546699,8.544704754442911e-05
0.02874051395628907,0.014611671655420322
0.0008102470256546868,0.005005098769368388
0.03947604773975877,1.6976854918304696e-05
0.002442146592745442,0.005269825353078739
0.012878063918251637,0.021019911635376864
0.006287894986560794,0.000548612614762356
0.03525075869507821,0.0009776554114040437
0.00867725628881999,0.01222319285507334
0.0019136248905131659,0.010032778366515505
0.05002196237789902,0.0031940370635573645
0.0003624112961075898,0.0002474464707102886
0.008502705281755008,2.7425238680822694e-05
0.00040346284361303386,2.343074271937695e-06
0.02003083926222249,0.0002391645983530477
0.007050445518922754,0.010176746882706644
0.003549356585525798,0.014278628988092401
0.03539498531088214,0.009542285831960817
0.00036512287208023686,0.00046046626852658257
0.010235969440626547,0.0033055686248134597
0.005488560991028568,0.0026523421418308546
0.008162429694042128,0.009569957932635709
0.05587190432916045,0.03863670974386979
0.00572235731370041,0.004295042710021124
0.014566948626491771,0.04821507612627396
0.004583988903345881,0.004726427194654659
0.018085879418453965,0.00039278393975683557
0.036627378724346515,0.0013400855946268386
0.0006095057793583658,0.005054888411711422
0.0033055414435887442,0.0013099865492341989
0.058549756652283125,0.007173803543403134
0.0041611363171689675,0.01121824776332514
0.005503909155439413,0.0013951940093569482
0.008842674155405406,0.006227627203396424
0.04900232131225224,3.2477822597964945e-07
0.0008215847346727534,0.008148410989247346
0.005106389358296992,0.001974635088152099
0.003938860422531887,0.010579130879726506
3.2035962823750985e-05,0.00035507383917177116
0.00010861536032791275,0.001203265437797807
0.016111833589508184,0.001820474228597102
0.02718859545677732,0.06600640481612985
0.0001402082352216505,0.0016226380365951254
0.05015483850792524,0.015581980074904411
0.02039794097699965,0.006833386959689269
0.00020459521916771362,0.005317619149225461
0.0035199981408752246,0.019110332328739932
0.028457874197179933,0.08150796511573233
8.12389213111775e-06,0.00014099606703266154
0.002030093307065828,0.021537608785260676
0.006615173750593617,0.0005421236512624938
0.009236472249641303,0.0006844323508257144
0.04257279421218174,0.004186486721432625
0.02298064642522768,0.0235685432610494
0.014569987868969014,0.053533076360467224
1.4947089942207725e-05,0.00010345527028055024
0.014516429419887178,0.007134350511810439
0.01563935690848639,0.034086679934873576
0.0001055738604555101,1.2014695011108856e-05
0.031770902846676496,0.03789045520969203
0.02159853522514421,0.03988037196466976
0.018473035568214224,4.1353848581060504e-05
0.034357213929412156,0.021273829487785667
6.07350108244864e-05,0.005360733476953317
0.013516391805502681,0.00326848930686785
0.012388383723115348,0.0003108133746480002
0.002666611594742574,0.0024940502708139523
0.00046742819607847874,0.00041702219675665564
0.006488610008760776,0.01245640314634111
0.00016150224048461226,0.013018982241989718
0.0007539617245181374,0.014039555235624057
0.026000170266230804,0.0214328008383895
0.010933786563298797,0.0027519720875894826
0.005658521432735264,0.004809915311131174
0.0005938948663151145,0.07669777881214812
0.030969106037131322,0.0007227947939189017
0.028446685773169222,0.004319788663370683
0.0009234783339285846,0.015431657346067107
0.014520988032809434,0.016390317836102786
0.00018159306363940697,0.001731019066556705
0.007376787947798058,8.098502985998124e-07
0.0011942590155845645,7.397005436549087e-05
0.01283122693189942,2.401444160249344e-05
0.0005778976144411585,0.01977703024253752
0.0007093797897654852,4.296783189361442e-06
0.008896637286453957,0.007204735037529719
0.0038834781196505075,0.012286682101021795
0.01298765531224122,0.016547718238966835
0.0016957536210692181,0.006973275925838518
0.0580885306100295,0.0029942104232584255
8.198777701196036e-07,0.0009291370391080189
0.014827387823558968,2.687788612221187e-05
0.006667863131651464,0.010099970512691403
0.010018425414814569,0.016587525976872963
0.033827859955569695,0.0077028201032312005
0.00014100209332801317,0.000426330716899348
0.01096183352038338,0.00033959270167893685
0.002503753944845588,0.009287576815534382
0.00368894121079133,0.014310031927092792
0.04859550695402226,0.024217769328587768
0.005035151710839014,9.711700349468444e-06
0.009579811939889993,2.7189290051632398e-06
0.0056913676983094685,0.002355429078092941
0.036625766186592856,0.010898643043037337
0.0014207069967753228,9.660383036513842e-06
0.0007969229369211295,0.023243873409982907
0.01473641619673205,0.024710113693712232
0.0021310892897157263,0.001111037807342452
0.013640009041731793,0.01074412285096571
0.042348801206206765,0.001441675973462897
0.0005884857464276694,0.010384185249749156
0.06326392830523142,0.011940233990592297
0.007381272479869527,0.0015702508507752233
0.002921565897273326,0.008996882460514666
0.0021388208657229235,0.015574778847311732
0.03821882570109292,0.003920671880572324
0.00595458924024761,0.01214558986588865
0.017112454559472412,0.0006484645816605683
0.0044570606637149845,0.07134452026377425
0.015992621433296605,0.0065835585983945455
0.008166413052608679,0.006723373953718581
0.001176099199776126,0.017510623352788413
0.004457694677711732,0.04109678938144834
0.0025709892653018596,0.015218555107316956
0.02833737191448127,0.02566246076068124
0.02286381388463965,0.0027958954464532004
0.003409164519939667,5.405531665469976e-05
0.003804700498514002,0.021772506786787882
0.003916402784910122,0.0038678277536483563
0.001526185247167633,0.0012077595383509498
0.00734639427623851,0.0004907773048110631
0.005310362052413864,0.0026199328213799555
0.025299926372339354,0.04577564135719103
0.008902335873696932,3.679216844865163e-05
0.00513735819442529,0.0001850001622866193
0.04160540673382729,0.010422196442523401
0.044885113122332454,0.028217715738527493
0.012711550520845605,0.01766192370908204
5.775352778047971e-05,0.00026297935656827143
0.00021044593094854402,0.0018383939378290304
0.006397793764948867,0.001012549915910932
0.002625207177963218,0.0018341914081130284
0.0033925645782967306,0.0024879353056638243
0.028565798614701765,0.00010922492396348016
0.0018314166324138181,0.010222382408726971
0.003456876537032194,0.002532717055485967
1.3770615516106588e-05,0.004718399309558641
0.008475397763704318,0.00023292815750586282
0.0021532515193734003,0.03061752417360597
0.006974025258927097,0.004501487454284692
0.002632242073416835,0.025866327599587624
0.01668471363373758,0.0023637157165713463
0.007508286745453119,0.0019417482635833982
0.001473161082207075,2.0568928545183773e-05
0.0017858614701899977,0.030666558789032683
8.55618390205315e-06,0.004989340031565481
0.017852613599090406,0.005103657427543595
0.006082959824306955,1.767449000134036e-05
0.0351706418759723,0.06664520165130372
0.0006445384629789608,0.03538084731050606
0.027682086812107598,0.0028039167839187806
0.036402427981133356,5.1490368189077707e-05
0.003665165152079264,2.484806978719778e-05
2.7425702540773145e-05,0.03098410055958778
0.011255950752811938,0.002440320872129309
0.00649952932918052,0.00011774291368515932
0.002445523485969381,0.0009157678770271849
1.9053492729126376e-06,0.012433306659470067
0.005775274271735742,0.02296663396019505
0.0014093594544106747,0.01829831677567706
0.011077968448933495,0.0036536290066242483
0.04374605997514647,0.005653972062688695
0.013751706398313246,5.167833331376492e-06
0.018093458211451696,0.006752582494381709
0.0026133387888747084,0.05183887060430392
0.003761095958529137,0.003785880393508023
0.00089319483972361,0.0030087188243281826
0.006023652437374127,0.0010354247872573774
0.006474877237597765,0.00015686405695691796
0.039087274519244763,0.0003771201599367391
0.013007169826663056,0.016647531235915003
0.006555516158778141,0.03275837801012993
0.019471675158692636,0.0010242004803903137
0.016585466648960878,5.5274959078754904e-05
0.04297346680206571,0.006188451524930305
0.02195082664950232,5.633532292681487e-05
0.008724931222465648,0.008881699575847946
0.0011190529156867024,0.013350242944271118
0.0003689143965619479,0.014541595986165334
0.047953637773518354,0.0003206601992957747
0.028593683598865605,0.022785353117936835
0.0014304056033170864,0.022929410505121317
0.0003157252310709291,0.012188744537920848
0.0012094888006300986,0.009896132721501028
0.0004961781517285324,0.00650606116783603
0.014401635422678027,0.011656880790523516
0.004959376531239901,0.011283859596561086
0.006018385507161161,0.0036735848630927714
0.026961883152211152,0.03308433955547674
0.025333722311649765,0.007390591556341142
0.0014687366417985848,0.007166730787454778
0.00023073798718842298,1.0335255826388057e-05
0.008561413458439637,0.036206280192507156
0.0021046368422162898,0.0055187238204005284
0.003202944277747588,0.00054294153881429
0.003025123227070936,0.002626662766968546
0.0020797935065169915,0.0019297835509405337
6.513294413390547e-05,0.0030799663619407447
0.01841140369973049,0.011066266099662214
0.0011685002752900298,0.005402164393752962
0.008032231564352732,0.02568490561408132
0.000631805077673242,0.010928136853967318
5.804073988535663e-06,0.01655021206049556
0.06414361644854338,0.00012406993784097597
0.0005778187107816635,0.009644219658730413
0.02510655534659678,1.694340509783565e-06
0.0039276490996205116,0.009796875670963545
0.00032002195771752007,0.0002650398485392058
0.00017182605843002463,0.02738383840305303
0.005696587284971688,0.058835800449862696
0.0005348479140779849,0.014251087366775828
0.00016685542614514048,5.390329658150339e-05
0.0032355241050926464,0.07436903376211046
0.05805838586513645,0.0018175823544290814
0.011852872880263265,0.047678645941443776
1.2119533570831287e-05,0.006083898940501764
0.008443730975380648,0.0051479790436186335
0.0579159832825249,0.009140111636140924
0.004357899579867208,0.019122660844893224
1.080902180061738e-05,0.004501481598915391
0.014039715798982222,0.00020940318858575502
0.02544724013280819,0.034070006439833156
0.006478677860737081,0.0005465392555439319
0.0058964526591905875,0.004250314212618012
0.0006922187765197041,0.0022965013236564413
0.007227507924561949,0.0032721529030483865
0.0016441218908734845,0.0007859477972500528
5.3857236627208316e-05,0.0009760767272235515
6.893029102350567e-05,0.05667350065501653
0.0004462901015034326,0.0006095543003844517
0.039462791579499834,0.004144031677411841
0.019034911442064373,0.0001933791929293882
0.009629835707244405,0.017741882070492987
0.004957094772815807,0.0029081327078671615
0.0015986985032653278,5.113331265493848e-05
0.016282599020038147,0.000522420404597379
0.0034450388022380096,0.0334488116713223
0.05799868360554872,0.014016756568991706
0.01874009553267031,9.995058967471326e-05
0.01368363329110689,0.008523782987694406
0.001667405136426492,0.04171292328321419
0.04515325493169353,4.7339932851553357e-07
0.0012979265495438597,0.017841127430725745
0.008102012584939922,0.01248531649640039
0.012602959441236572,5.314284642821132e-05
0.061296341801062915,0.01444582145096962
0.003291688773840118,0.000394015488965227
0.035430269720647445,0.015599126223702298
0.030248459389696225,0.04160826617272595
0.009845572934203961,0.008006733450284909
0.0237466035408187,0.018046463661384182
0.010646553857414642,0.0042919338022415765
2.992740178675568e-06,0.0026001403662021527
0.00032268235439369963,0.033179962195688306
0.010999746985120629,0.007227094917395593
0.00022991125672289225,0.006033378372875875
0.02695172987336769,0.012148966736266975
0.0022794964977954635,0.002864105339374756
0.0001842120367213651,0.009365670951716254
0.04121427492895824,0.004495911752513404
0.009216324173854096,0.0449518554700673
0.022691261680612418,0.000614968969515628
0.0004748433482337777,0.021564742675930004
0.005141462833960331,0.00822100669598158
0.09170054155109175,0.08177853385138012
0.0005659045382847561,0.00011025949840348659
0.030051233540273503,0.002456847319027733
0.023499045630856807,0.003559552440314917
0.000787158807782129,0.03544541341145402
0.027458920926808017,0.0013443200717191406
4.156350248307739e-06,0.006987555241215304
0.0001342173405203262,0.0011037102645354846
0.019302020205763548,6.0663995576026863e-05
0.09843052668915642,0.008367004300786074
0.0059481791408765305,0.008166220546427683
0.0014044814311832132,0.008083935646037599
0.004829170551539086,0.010265400956718573
0.001566340091066154,4.31105686892197e-05
0.016864273082164538,0.0018170125288287098
0.00855477155029205,0.017261447674925212
0.0080356791779147,0.0036560921299273463
0.035480061569493127,0.008516192571693115
0.030170898727442275,0.0032600997191929437
0.0057020586130275275,1.4313784723940515e-05
1.156303640392764e-06,0.01504751390012038
0.00015822689871547446,0.008083491392329
0.020610190810534834,0.004853201896214965
0.0015191089423732818,3.4587266596664e-05
0.00041241441337791507,0.002193343828714389
0.004108625480919836,0.0007675015056355372
0.08437888104541724,0.023755131694499276
0.03871852444394841,0.009375959855116633
0.01037181425543432,0.0019026133971644654
0.009966125340171827,0.012875073349867705
3.5441733390317864e-05,0.000333612781656778
0.006793929773018514,0.004234111101787064
0.011606747004506368,0.0002649021153016129
0.05116019828849028,0.0009963532227144078
0.026799917669915185,0.014955064561529396
0.00842104662404608,0.017655271534114392
0.03139335170377833,0.003749861999999715
0.028600890330408357,0.0007161011902767633
0.025677859966688366,0.054090082695342656
0.002185377441897507,0.040979136577369735
0.012122707731413218,0.018462923594124825
0.0018047818787323422,0.018104393875868152
0.005389129162278294,0.01427661580766626
0.04978494085431551,0.002185387873546163
0.0003568991484762529,0.027580928020563222
0.007065758206298178,0.01088634300047231
0.004937119930431,0.02276690416423577
0.054027844947723946,0.03499275610661834
0.00500292968907845,0.0488558633078493
0.09799952401042378,0.01491508484264592
0.009380041908778725,0.0032864099757349274
0.00046087987430964983,0.003249065171406773
0.0021549179248395722,0.0014156826146627388
0.004371615342039004,0.007108814393057439
4.819976150427507e-07,5.77835423903883e-05
0.00446394805414807,0.024039551335691578
0.025283339526259718,0.024314267297095404
0.04194145246961012,0.00027923277203156793
0.005298467868770862,0.0006750963859227799
0.03669839423181587,0.013261449991886276
3.9493373406029875e-06,0.026137854164222873
0.005052540715845932,0.0011448607040793757
0.009268897055777936,0.00013975446146563542
0.014175484960982865,0.012676625438341249
0.011253163167647018,1.143874468378936e-05
0.00022465319348252688,0.010059439021738448
0.0013301428617564781,0.011629575574000017
0.0016739437175889993,0.0005740357761807591
0.004459901792323695,0.0022158205419723354
0.00048517261575209414,0.013659770600228605
0.006064099964235403,0.0017028828905890636
1.9636904009745493e-05,0.013736958078248596
0.0311307784934014,0.001201398378043561
0.005134430445554616,0.031414918542349346
0.018974870365513152,0.014092217558068332
0.031556532167621665,0.0010577410854738512
0.00011283974507414474,0.017072762983222467
0.009947629125041879,0.005558923907908353
0.025526646632674788,0.0106741949397271
0.022616950782910483,0.036308091607212156
0.0007527370720387117,0.0167961677401961
0.005709662403309168,0.0002752229089453273
0.0004425270976192719,0.004266656150179737
0.004315835142346458,0.012125204839680048
0.0011399004773432475,0.0025512129044092946
0.008367077290700409,0.0018552700938316846
0.00291918730260754,0.008182510102580198
0.01839412473292079,0.00985586858681653
0.000960300417427451,0.0024769794079768648
0.016425289208627847,0.023426615477105228
0.020948025123812664,1.0298986090617746e-06
0.001698487472899357,0.015989646210317288
0.009707562476986786,0.02773751901718635
0.01679805837401227,0.003317078736177037
0.009496793076559262,0.00623468784272907
0.0027576399213520286,0.00150306425004465
0.0121159855719436,0.0016122072538543586
0.007095093483206361,0.009377752596725686
0.034535247830055016,0.05598986895216296
0.004926724704512608,0.005167014987829344
0.00015939336708092888,0.01856154052572412
0.0028309093939131724,0.05620496448009793
1.251621760500754e-05,0.003251987104996079
0.005497275980779981,0.037548322419300395
0.0006185785314583025,0.0007054924847931243
0.026626872648300104,0.011285504185394535
0.016116883454109998,0.02494788709997031
0.00016145698178227086,0.005250834941577631
0.044185880920761145,0.003580227156689264
0.038077423640953456,0.00021389306062946645
0.0023142194015375317,0.009305736964694722
0.00037231785605307266,0.000577881331440766
0.023349129479039665,0.006422853253633898
0.0194518184242769,0.012351801587258793
0.001584838975612568,0.00022249425392761868
0.02965303969305888,0.03861830373134889
0.00126789061734367,0.031022289308212603
2.451615128129525e-06,0.020493173878975757
0.0001819191161426259,0.002365618629885713
0.0007959130980638163,0.008797981945012356
0.006337999175560549,0.01144726434837795
0.04302915039162325,0.003059183606223259
0.008464730223658345,0.002589607395002913
0.0005133065224122157,0.029421725583791303
0.002875614683506278,0.03955260981970654
5.851438206194715e-07,0.00013120535177524317
0.010344151442665761,0.00916509495080764
0.029426025437432335,0.04631733953411166
0.0008457088891066222,0.006256683810580643
0.002103768823291996,0.026238770766303876
0.009390081611024725,0.007009027780424115
0.004273852360644148,4.3877274367498664e-05
0.011250396331661028,0.0028157606764083187
0.00538955603464486,0.007950360635779252
0.0016001140660104607,0.0007928959199345886
0.005806135582495098,0.01796350968672633
0.00021435041144346467,0.055859159977042494
0.002297386679142255,0.0007066047256475416
0.06748631698296403,0.10000819179558085
0.051822122952367655,8.575732342586129e-05
0.025072213859370196,0.0003889927214183464
0.04473003769552264,0.00584341146922962
9.878270984375881e-05,0.0013306656450113863
0.008192648665719338,4.698792616053549e-05
0.0011303854957602777,0.0006974217376886083
0.04163927144016677,0.0028949880852603416
0.0053591381658327775,0.007943306711713727
0.036330783745614936,0.004159375835768864
0.01956149911491678,0.004923447906024725
0.0007838104603652418,0.024906064799377514
0.011544100712281069,0.008508750397668075
0.00402870543987488,0.00016754005860275534
0.0006989612030434689,0.0024005225481058545
0.02155610664032559,0.003124990613671441
0.01665815823891692,0.016931871188050396
0.012679614760949698,0.00087643349058808
0.00019651041238921696,0.0039511613524402245
0.0001298489710342965,0.025082212480491917
0.004775334772530004,0.0070487063460741295
0.007603344620268904,0.0024195609825441444
0.004418708204432242,1.734883745996285e-05
0.001053038186356825,0.0021608881705684757
0.006888717889633411,0.00339027088933741
0.002048436687946298,4.8874383599906146e-05
0.0007567464181431616,0.0017595956576360594
0.03407093808224548,0.08068283644356444
0.05756335727622597,0.016710248006652884
0.01322522482963473,0.010671899166639243
2.5943280964724202e-05,0.009045936931731835
0.0011464200973272387,0.019073388281155235
0.029028486498864803,0.011591287252517124
0.005941669760392676,0.0009148739490506541
0.007440205709091208,0.03182731048742915
0.006732528383425862,0.00037072668427651223
0.07529683525472053,0.0023546514684169573
0.0059966406384517335,0.0018503254817704429
0.003104913024538636,0.041822233245364715
0.004742459450874481,0.03427677826243303
0.01239617013708827,0.004486323041329787
0.010079949428026702,0.0009676205164965701
0.024192038094172585,0.0018057660488512983
0.00018500451452219124,0.034142347165834974
0.00151797873401327,0.0018423606205412169
0.0001234494642952111,0.0004216574611077828
0.010674433222900515,0.0014569022945141175
0.00849953815612059,0.001107262924361696
4.99946171359511e-05,0.0004251778652962779
0.0005905187848499471,0.0006645196501390283
0.005837903653251431,0.022278591746541232
0.014598068714724799,0.0022410724643341373
0.05869561649089872,0.02731093236352211
0.00029940749202828076,0.018675870114188142
0.004790352143124621,0.0026784880555609236
0.01721560178631254,0.000540177269450326
0.017670010558149984,0.08593885828873526
3.257650389587585e-05,0.025617786044138224
0.020587164828486326,0.0005103682622498162
0.0019056109233266394,0.04370973213486162
0.00012515258268763763,0.000922237033756157
0.0004364061685933063,0.0012368908973935389
0.026254047560184013,0.00913815791274597
5.236077600667688e-05,0.0003905467814204755
0.0029379026110132322,0.00016002990231289704
0.0018910055701336637,0.007423638911427499
0.014639686760442694,0.00019566824484928969
0.009080123946319074,0.012805296479252992
0.0009300261847916547,0.0002849850054689185
0.06748417532151807,0.0014431935458201206
0.007850608143351812,0.00822767099541255
0.00923682322077679,0.012020198037134389
0.03262658569938437,0.007938895444261629
0.0006630610450085728,0.013981659659234147
0.0005874139362360697,0.030341629740907705
0.004194079782732896,0.0016044771859976548
0.010636470536290354,0.0023681452152205518
0.0021720228319560553,0.008964482957758313
0.006529694873024905,0.009170116962849306
0.007160087607832599,0.00015088058005252591
0.0004483566637110137,0.0029493750171135646
0.002573902314551124,0.031204615514966783
0.017864626901930913,0.000277817400313185
0.0021328301234464497,0.03794300480804458
0.005692078562544167,0.01504962385698938
0.0015384174353784141,0.002316654270789198
0.0036481803357651943,0.0022455627960870084
0.018735240178172075,0.013679095799590701
0.0356366259126073,0.0033323781773987315
0.0006546179882123138,0.0001773411009050596
0.03625495966019776,0.10717711483128878
0.0010275063693000464,0.0031046685925130157
0.0020677907807338247,0.0025769291259271077
0.001423923223781709,0.008155396420860272
0.006759656597214669,0.03293505572861133
0.014127723644517864,0.0008611567555414368
0.001760650892843052,0.03917310943322705
0.04531690606313399,0.010691719190217164
0.02999050438359141,0.04555584014005987
0.00012367448546546367,0.005064314166390194
0.002084125536355952,0.006672759409199758
0.0024760091663369455,0.017061611526241194
0.005556386670910629,0.012250061711717608
0.0026277450051844786,0.002138745346538462
0.01019909039813749,0.014797549282492772
0.006330928102112554,1.7112402660779402e-05
0.00013587988696261988,0.009716904751761346
0.002637460757305532,0.0004486885771926019
0.00018058073104443295,0.011963903071916637
9.698192569351782e-05,0.001046233122255713
0.0032243162348002397,0.024288470453525668
0.026111475849674104,0.0011065559778558054
0.008383251981387563,0.00013557429901955853
0.012241826082372453,0.05849324697658054
0.011334692973441807,0.0055891993479159074
0.0026919264045848212,0.00038630491768898434
0.07787843620699197,0.09604660393019404
0.04302632863383005,0.02628251413557181
0.0022497513356557475,0.00101580365208509
0.003566084938120717,0.008488760313819177
1.0073810147614992e-05,0.000301450115378632
0.00014118547065777864,0.00028978508203281184
0.02370717521334642,0.009252235130122077
0.008580271795722072,0.010600862241263442
0.003314131252202923,0.0013659913691193015
0.000668050791421293,0.0018581096798074848
0.006221191801838111,0.018237433898091737
0.026751505364826622,0.000977440113319572
0.014320629894095105,0.015194828000967275
0.012137197968185687,0.0016228311649493232
0.020424738669487907,0.014470084945139017
0.004950875851207126,0.009099632724420603
0.040556356194304644,0.13106967555199978
0.027796219811951905,0.018515660896418096
0.00024554008241928216,7.675661951001e-05
0.0036745145148038283,0.0022738726353994654
0.00013131685020351114,0.017952113721798058
0.037927774161316874,0.002188632291940107
0.0004710595648583782,4.941873311803402e-05
0.041408406461131975,0.008262735302409174
0.011259685903398764,0.017277431699034174
0.004390740674886984,0.006614128240815864
0.02558363661015861,0.0005817542103653262
0.0004847515004299252,0.00010083754552403512
0.008021064029971825,0.014033649689631611
0.00010601924127884299,0.021953076717331932
5.923787320560869e-05,6.547981532278868e-05
0.0017692244607561136,3.455363350002294e-06
0.021669676718225728,0.00022348695968965604
0.029944472368148234,0.00646142542340622
0.01899487971502012,0.003219058672178643
0.008702262752249057,0.006852744214156936
4.197328524968569e-06,0.0027205244171776277
0.000483566188080653,0.018702850273975336
0.018698325418417427,0.009802948867298933
0.007443285722862902,0.0003320410540152974
0.01810711162906442,0.00260407445773847
0.006098051541500782,0.001954120371205126
0.05922000025700358,0.0010041773409160681
5.627378636618996e-05,0.0034996232395504423
0.034558136223060365,0.0024902593834912334
0.0005974060950704185,0.00015844040385826208
0.011330016964791523,0.00014053369826505513
0.032737629664300605,0.06351681763565875
0.0027479936220226042,0.026008691422738095
0.004634572511239998,0.0010531482419461335
0.009569990459116107,0.004607215888768668
0.018218500276905747,0.00032724027638142417
0.012433140324358716,0.0002464645351076822
0.0005930841791500496,0.011561222464447907
0.011759203479133506,0.0737875866441321
0.009002010995081244,0.01177999265566343
0.005205542315717349,0.0038974090208501178
0.006898058295101039,0.004032627373185993
0.019373930349434354,0.0006879656732512451
0.00016705573882669356,0.001562516559033278
0.0004066442119606828,0.0004848580513771017
0.0014249192947282108,8.681341770677697e-05
0.010959663056875124,0.020289202175654997
0.0017835075100113285,0.00013090112899516448
8.289045850851107e-05,0.006699346412679108
0.00013905204647346459,0.00011383436614742504
0.00016654617959221962,0.0012949900877698983
0.0009656558360028322,0.003821849024682522
0.004684597591440687,0.015061049773560375
0.005692526745500581,0.0006191026199841021
1.5621165970758355e-05,9.385668784389622e-07
0.01209320807191705,1.6864498686430807e-10
0.009142739436616698,0.027604348959710534
0.02164058256386092,0.011522837450183787
0.00035950870437750915,0.004623562798880099
0.01128665850328836,0.0048589067886632975
0.09345358831484218,0.087993687052493
0.014587843857210014,0.006945129063402722
0.005015545164310242,0.0038714132916821686
0.021912171694983162,0.03313309960186184
0.026115165706640187,0.00021977581235121946
0.001925308881362553,0.06804726629749269
0.005859614638027977,0.0013028218947757075
0.004260487458425333,0.0006379908211465724
0.012362174539441773,0.0004449717780444784
0.0005095785667202923,0.000967815298482666
0.0187120212399271,0.03786927886967628
0.0017198736734767017,0.006330955298245677
0.0071538992904675025,0.0040572588417372435
0.005058029822654575,0.0207236933828
0.00012688648494718624,0.04023876385845926
0.005752833233904298,0.01069716687933231
0.04812174591367824,0.015036042446668563
0.008654708054239735,0.052945176404287864
0.0005050370437281737,0.01765995545485799
0.01525964690531667,0.010436155479672582
0.0068463968691697685,0.0009650532417442292
0.010630012594176175,0.0018706438032770611
0.021181985026190175,0.051916099460424414
0.027184723021296153,0.00039148470039951366
0.0374851754342741,0.0035753714481886467
0.03735797255826334,0.012356996426978739
0.0008888930909953796,0.0010358260704107503
0.005631992657902152,0.001284064476058
0.019516680771249573,0.028385896289801815
0.0220904854347177,0.004023600132190941
0.0028463152280794324,0.0035604791674832548
0.039943538126809064,0.000778355373823203
1.0040335843841675e-06,0.007614721483616749
0.005727176249283983,0.005362481027473165
0.0009714714989156326,0.008313136301831281
0.002985706498901397,0.001242369079631267
0.07938851097791344,0.03409343411088028
0.0011834551691046746,0.0010624001155339347
0.0008276142697782873,0.003215746518755336
0.020915195695996647,0.048239815342317804
0.009685766573572119,0.021537247367446666
0.008935199648432812,0.02559474026840003
0.01601461773935553,0.0018584823200775702
0.1454049746741315,0.03403442868685269
0.004326726690661142,0.020316192845395653
0.0036938658819144488,0.010472472240406039
0.028052539409136656,0.014882047191416392
0.020353810924688243,0.01345503560310013
0.0009374005566791244,0.0037597140979727106
2.471495868405782e-06,0.0064376940579350395
0.013863348160450761,0.03455875772093775
0.0530750709067459,0.010260440480420852
0.0034330569139630063,0.0009502934685668984
7.185281895749629e-05,6.4072941633464e-06
0.04427073054695885,0.005751753409053095
0.0035307897125216314,7.682957598231788e-05
0.0630330771431904,0.03512479858567763
0.00024453029360460565,0.006618268993249465
0.03993812975423494,7.860323187891538e-07
0.00475564830896924,0.001886997044981964
9.458411289409163e-05,5.10042609809247e-05
0.018509619404420752,0.005164388159894728
0.00010712971689108564,0.06625792473304937
0.008184770992737067,0.001310641721534056
0.0013864395667514406,9.624369033844893e-06
0.0015754135545851256,0.003310178405285358
0.002027071334908981,0.04408824727551319
0.0059851137153112965,0.0076721619666475505
0.001981626112957824,5.5365834565113126e-05
0.028899861987668585,0.00020427384884980082
0.00029133271808745587,0.006858037829437391
0.003528116432249151,0.00112987245531182
0.014512569602705083,0.0034716555071104827
0.0014706931993083705,0.06583796034081724
0.017971160803646247,0.0006729728145049574
0.000354226547379044,0.0008428951626883174
0.0001471134634782878,0.004228923957188657
0.0002487743406491827,0.0008738564537178473
0.005526302528591875,0.0018089045220226474
0.03741952151891448,0.02169202728823072
0.023411609799381172,0.0663528669876371
0.006647220827859623,3.561514287453438e-05
0.006819443909618306,0.06337891096195059
0.024350259232448934,0.008190507883011011
0.004535230133761559,0.0008358080251431588
0.01286025455276485,0.0022128380035942863
0.00017590160258862397,0.00500419774806371
0.013564884425718904,0.01824143008063106
0.0039093769743450135,0.025840151584921256
1.0701077381103374e-05,0.00035329155828900394
0.003395835676682446,0.00029185654307162245
0.00026925692229162745,0.0039955460721143865
0.04195525692012536,0.022245036998084
2.713956387512262e-06,0.00552718261380547
0.017715036584806665,0.013741601308577045
2.1216959056324924e-07,0.012710184875236674
5.778080927454354e-05,0.02393832246483496
0.00019806713815817556,1.5240208240618891e-05
0.027965902855525027,0.03706851293339253
0.020809467595033437,0.029227667369104093
0.007221335039010346,0.008161311681279204
0.009588098500841524,0.00352798366303253
0.022589234605521202,0.020952026875932228
0.0007918803980505595,0.00018359440610116184
0.007491036801141493,0.03019196778872979
6.240969040871569e-05,0.0004259096150470709
0.006384382618590756,0.001606229930766534
0.02331616182679319,0.14367953052842886
0.011167160557885247,0.0021831845917101855
0.014482259921320795,0.003164912519364127
0.024490497754098506,0.01783647880473216
0.005633563144024412,0.05580315147162673
0.0022469966968401422,0.0025088703944892154
9.539524563617618e-07,0.0013955077378754455
0.0022516103345833205,0.009403865720326476
0.009640671302346915,0.013547504092562557
0.014511987612941368,0.02550179817531606
0.0037651484657696965,0.0004723914624916725
0.028819040054277822,0.00462874229874044
0.015052139739513914,0.0006318057142709055
0.02290815702328075,0.0006697594370081994
0.002073405962075281,0.00016491166632337517
0.005043723244363307,0.00943496259115828
0.0028113242156336815,0.00483192289684109
0.00788647767847872,0.0009163185902721915
0.05192866610941416,0.007345789659754409
1.2489471730714463e-05,0.009144572999459255
0.0010991656879393297,0.013394960691217705
0.0003168698525134461,1.4463355371918674e-05
0.0040134015429732495,0.02583058991780285
0.022308410226379305,0.012836173915706572
0.014669699189745589,2.993429936049008e-05
0.005637124248857539,0.009635013081637167
0.0018418949352122516,0.001564515065204941
0.0008434653642263035,0.008642774089277494
0.0271154632804379,0.10184618101130805
0.016783942254567585,0.003357354321587014
0.000239461219825432,0.0086458148597508
0.00046608554115401546,0.01165009916967652
0.006534552763027279,7.376595150265786e-05
0.008888926191206847,0.013724165525995202
0.007582789827135228,0.04690574491361299
0.04135471378350919,0.02978737424740341
0.005039304820435131,0.0031409567750944056
0.002215936832937193,0.0005782516244394742
0.004578686744864169,0.0022268325741501283
0.001219697336312997,0.004059772930825267
0.01400484679845071,0.0017013002303873925
0.010830192635246982,0.008068712617212759
0.007036431717999281,0.02676086262319466
0.010181568788439788,0.01127374757049493
0.05304081087826307,0.004438008540122107
0.0015355726012693527,0.0001514154356547781
0.002886877864087256,0.01640840609951877
0.01603733598767121,0.00816934024292404
0.033842197337260016,0.006323969078086966
0.004725850775061935,0.002209505112020338
0.0393248430052795,7.08600759382616e-05
0.001115462957232194,0.0036049894421600337
0.05452919362106856,0.004015957034860462
3.8341998971569424e-05,0.003629919562738504
0.0009649767768502571,0.0004514564243897068
0.0018737298918537482,0.0018591038250136416
0.015495014093103388,0.01731348465405802
0.024441628251859138,0.01736476378324414
0.004112018599990552,0.01624210853849406
0.0009427013460348022,0.04273652869909861
0.0003192911362027706,0.026674612031396427
0.004777947756252288,0.0040919129870022886
0.001389367282501719,0.012401467608123218
0.009828540632931815,0.0065009267939557525
0.01139370522700034,0.005165002564064491
0.00041597905570966986,3.6148750018227815e-05
0.0008337115326115807,0.0003207393806594627
0.00665691154100112,0.011727151638184385
0.0004900172285368098,0.015678499237910648
0.0004520789568289718,1.7081951213415714e-05
0.007369762814535941,0.027850435768454473
4.102072944323076e-06,0.0001044970256204314
0.004543042543660447,0.021538109135830208
0.005212088794333658,0.006770965856149891
0.009365526495765164,8.795268458139383e-05
3.682575487740092e-05,0.033534128119606654
0.00860056956635924,0.01931771410913319
0.0024338437136058877,0.012722583647207242
4.73678016883472e-05,0.01886726387285853
0.013072428562550975,0.018998684089206685
0.013802225836682558,0.0028373904493097513
0.011007625544364963,0.0013692981558000028
0.001864179535166599,0.021076903565376948
0.01882401389594368,0.005363205937520599
0.002665537879262936,0.014156768605247505
0.018160838879511254,0.0018479975224574563
0.006400013488852219,0.0005714543831454311
0.0007106150236759756,0.01238945362583066
0.0012545870958323713,0.0023406645566890205
0.008571783097103491,0.09752989927426481
0.001998255153532691,0.0019500473391204087
0.0003084210196678816,0.0014523147757530275
0.015757702144199137,0.04655489130715362
0.012389579644276116,0.007894240622798865
0.03150768130996473,0.00036419829636191725
0.004277012429442784,0.01785555904607672
0.00370909460770652,0.018373064237736436
0.007340220957682608,0.00043335198067229186
0.011013992951481755,0.02181828511691908
0.016873574945381997,0.0012425443976219475
0.0019004063156470297,0.00014912890731277884
0.006357626882791956,0.056695291107388246
6.777873817220836e-05,0.017319993370835896
0.005370934549859929,0.03605734343599509
1.5069128690980982e-05,1.8666176565096393e-05
0.0011953278935945555,0.0028384386460543753
0.0011361455052986136,0.015807121052412332
0.012362564201401915,0.009965690775695424
0.02927667644713472,0.0020620761030966106
0.002220578341677104,0.0036025454646084754
2.5567627720546326e-06,0.0167133369693937
0.025141128315771866,1.3890525488946537e-05
0.01593700142215182,3.327628615246159e-05
0.0037466340680913923,0.0007006881348462501
0.02017184404149175,0.013124293190057701
0.005944499393558678,0.001329494988018931
0.01686850597801748,0.0007606052883752934
0.0082127022393913,0.0021977078237434
0.00012007663187751927,2.6849396889017108e-05
1.1238992477791143e-06,0.005308690771978375
0.003998257836099972,0.0025312583380073805
0.002597416725515167,0.025128602719113213
0.0034688306416849057,0.0006981412902662409
0.01101421853393414,0.01595185563429491
0.044277860532186075,0.0513693123021608
0.0010706419754622498,0.018461295768636976
0.005050175280299607,0.022752112633039667
0.018937633147717348,0.032063084112880835
0.04153921919418746,0.02273605978013049
0.04048217567556023,0.017802703152290156
0.000490403693050756,0.004745085157306872
0.017367430244515925,0.001199985919695501
0.002093492706669031,0.015051155544868022
0.0001241979159654072,0.06026140655219814
0.008458662713227594,2.9813529915045933e-05
0.000840250941654852,0.0015355881767338264
0.028915120534846128,0.014734936044146218
0.0025727946144474823,0.0028170651131254054
0.015230174043346478,5.087010166238137e-05
0.010896367759990366,0.0014011332307508617
0.008497483340423329,0.00033386427797132967
0.01412661314724406,0.005031878980070403
0.037635157377844286,0.023302818512412116
0.030829831765223914,0.02644181437601767
0.0003680197211013425,0.002456372100836046
0.02490416038926002,0.0011563908197197437
0.0011897025433921238,0.05905767215443247
0.019063222573487693,0.00014308334899348907
0.002603392482033673,0.007503248351723557
0.0002278174320171633,0.008109653851190668
0.1063382169372552,0.02995030658408737
0.0006322595747330073,0.004942864517157197
0.017241726570774274,0.004652114504952842
0.0018085162050455184,0.004727187556191836
0.02286544598339535,0.003338046458782773
0.007194122613990328,0.014309336664899308
0.008947549744143468,0.00546234870804696
0.05292604204828155,0.0021508972174567598
0.01656828554405687,1.848040282081964e-05
0.0030216387686995416,0.006508479168125247
1.4677972127508099e-05,0.0007362504395793668
0.004172380392187591,0.020410875753650526
0.0016681225283704526,0.04632578291836287
0.009268480261065637,0.016398391294961012
0.005662092726460899,0.0007151754331913285
0.009438924702658391,0.00020625637692028853
0.046899336389425006,0.0007767272941396897
0.002943559044455313,0.013069486487167103
0.05410156145272782,0.011091690057883352
0.018959939454343266,0.024515578872737365
0.00011828202283359346,0.00977824019752438
0.004842640087305616,0.0010424496045634557
0.00011122730612778131,0.001268259997560861
0.0005980957394694508,0.021244155207721382
0.025187608234874315,0.004142490630560713
0.018889768904796767,0.0023338505840102552
0.0025875692507708603,0.007644751963275076
0.010753813187105221,0.015690342181134298
0.015322661655795211,0.0007673044816050023
0.00018826332159826986,0.0012517127381016513
0.0013667316812870922,0.0018790767188490154
0.0005189018953064561,0.000424445785273897
0.003862357890760615,0.01039353645919805
0.005875090699339114,0.0008332636882418809
0.04459812691647913,0.026463482772498326
0.06364720821458514,0.0026366088304934365
0.0016525489767779122,0.009055895895166644
0.006245988340651043,0.00045612688845775295
0.030841449841154334,0.00025671950854144754
0.00500102582907147,0.00023504774267879558
0.002738100838990065,0.004770048755556977
0.004711269327447587,0.00016267448355766767
0.011322057966373977,0.0007993559411028084
0.011080112022995081,0.005792406834833286
0.0007298756159880293,0.004880403942962408
0.0012998850041361365,0.0026530181465322933
0.0031519213844493077,0.002400642354916105
2.6925197099680886e-06,0.02422797265136467
0.009106210919320956,0.0021880191882499567
0.0009046542706215854,0.008882225696987489
0.0023979869192310987,0.0039296760504268224
0.011642847547294055,0.0007136127006883708
0.014523778634864426,0.0014183423223316227
0.0012439058213031817,0.009675866110899545
0.004277183714503474,0.03661343863219779
0.0003637317761215897,0.004313172198898152
0.0012975404772532784,0.026165286305131708
0.000267578662343948,0.0006757943359011476
0.007846947397110782,0.0032094866865057803
0.03339343942583595,0.016302337856710647
0.00200863638454174,0.017930818592511222
0.051633848076265254,0.01231718076339694
0.04263636749896238,0.0007971224422642642
0.0022338736880138654,0.00046134503632644375
0.0004985487174586911,0.0013016121225229993
0.002951324811437006,0.007317075753254354
0.019234553243415498,0.0029392740311737775
0.004668899500346879,7.98024120748364e-05
0.0004301368420353002,0.0035500302202952083
1.5332651762678395e-06,0.003957368057693533
0.0009276530814271711,2.6695713280955324e-05
0.012563316368426891,0.04907340801129756
8.88487456961462e-05,0.05752918896403736
0.010021223387764011,0.040072560086932496
0.002428332658230725,0.06480322881237022
0.003044573346802193,0.0053324154110048205
0.026927431194741613,0.038653306460627146
0.0007639402170754872,0.039343471090651505
0.003757348478203304,0.02621199808331942
0.018865218997341948,0.004421904489371853
0.000773780923124634,0.0035049514822793615
0.0013077667193304165,0.00044515869072581093
0.001172565607942766,0.002010139032931013
0.000518798842381929,0.04044519220921261
0.0009188122379806263,0.01185165852524761
0.006529788384586621,0.06217521007871796
0.035145315777550534,0.0012447735752066924
0.00326352594498458,0.0020789298151666635
1.2228561739546784e-05,0.00021935246278959042
0.006700839721606733,0.00035762211045742287
0.018052232076713137,0.00030463757601051356
0.001144418799728264,0.001799970718035615
0.0006710343252750439,0.0023256551420243188
0.041127627754933505,0.07737003540940157
0.013542174127622264,0.015377790629458099
0.03969394367157886,0.016118170382526165
0.029217830731066208,0.001201108479026547
0.005678421493435226,0.0014038985763821232
3.460951249012467e-05,0.001431585023433879
0.011493293831327356,0.03131491765848016
0.0015267235526044143,0.020829897869586556
0.007111701808197202,0.0011109789055256947
0.023008125762294496,0.0023736303692065697
6.706936949707476e-06,0.0002070659801993724
0.0047943973341264545,0.04830814908664349
0.023305249467889366,0.021859539378434323
0.019214736625779993,0.00016772767881467754
0.005626972178473522,0.0010164215210911598
0.006192512505086567,0.0008082753205939097
0.006814717682384286,0.0046869019924615785
0.0005300966951427011,0.002703976177584222
0.0029130046251920616,0.0020003411530394866
0.011645404339576837,2.3638343917609106e-05
0.03397953268485154,0.008586824083091638
0.010806006146292235,0.006879429232530598
6.341839067669497e-06,0.0071159329991528075
0.017762886289007573,0.00039697339609878757
0.010309417227148066,0.017502550353416857
0.02052561763595051,0.0006753462192761184
0.01868842361398504,0.003994079829570452
0.02094859814882233,0.0015716736513303742
0.011884025995096303,0.004785369249127092
0.0003377789036097534,0.005098251716563751
0.009713436777816664,0.001207086928435852
0.008269707817923022,0.002690302643859277
0.0015023034577033023,0.027832141108987685
0.00972671325440988,0.002255187986778706
0.00026255611576198046,0.02975016523887375
0.11163406278505539,0.009400159644525563
0.0012876667149747112,0.01584331589732857
0.005813772264661399,4.012867239577833e-05
0.015434668348432101,0.010173795495628912
0.020284178758565474,0.004241674039768939
0.0009298208739842995,0.010772912499403375
1.9127735355062292e-05,0.007054018851009869
0.0005077004554934206,0.014229026485492624
0.01322445889389956,0.03612543901915688
0.005786762665695222,0.00049878020880878
0.02258218103608145,0.005520385459540145
0.017195607704911797,0.0006377773040036061
0.0016075389725118683,0.01273325211252263
0.018306592407180355,0.00089011308785647
0.04617376800236406,0.012460722652681278
3.088303515919044e-06,0.014060470025306415
0.028643929211824792,0.0013888424469097327
0.02358581356397227,0.0004074338816073553
0.016474875890489238,0.005044859323243611
0.015704067512986697,0.0014785122780259785
0.03312055823114024,0.0022129922788338696
0.06020808233308772,0.0028754965071797756
0.021349253495739018,0.0010229190171505698
0.0006288902248546835,0.008733542590152688
0.08533880068433208,0.038001026836546825
0.0030347690909867664,1.4033703861993096e-05
0.00975902892126257,0.04966604896988791
0.004803895977348316,0.0009157249582133486
0.03569806789133423,0.015175970552866347
0.01137406581097855,0.030087301967597346
0.0369532260606773,0.001452435200068991
0.02190100679051743,0.0006410981355492451
0.009739037337799461,0.00452899970190257
0.0038079853141469444,0.004766073143124716
0.0015228217139092726,0.006199864523406262
0.02701738750701055,0.012898927391190362
0.011015112067947697,0.0005915166638705838
0.025502204474792012,0.0014313906167784385
0.030997896022493476,0.0002618663336214633
0.0011715585752731794,0.016009764366207158
0.005236008964313532,0.023767319689713906
0.031548545206063205,0.07179646117919691
0.0011493838399576628,0.0064330962497375355
0.005963687552539287,0.010765365920972436
0.013919117807808745,0.03268513858551736
3.8280546604041454e-05,0.0009076743852084457
0.001410188068998508,0.08674528206717858
0.001781713299813359,0.0008172078336101674
0.011006889933541708,0.007951847662485245
0.007187307863075865,0.0057624814673898905
0.0012398491850313942,0.0021776166749629677
0.001088133593674434,0.008039371098175208
0.0050942967079274926,0.0038214216155197933
0.009189342497039399,0.007115073136222727
5.139713153945458e-05,0.04499226244781285
0.0019185050230211553,0.00319170061271723
0.020025222995890046,0.0010717487616184185
0.001485941412685099,0.009052289804826863
0.003908132202560366,0.01538087609427441
0.008441101611935231,0.0013756322107681962
0.0006157623395223188,0.0163884751866763
0.04938143192980993,0.007676611794844912
0.02499739513427368,0.011584189392463307
9.312596703714426e-05,0.017794415616143255
0.005235426646391095,0.003093858214646361
0.016113686338473765,0.011947830525606995
0.0019113629437532698,7.621334995289164e-05
0.03248667123174731,0.0003775079414360949
0.0029542100215368405,0.00346064548303171
0.0062930906607701065,0.008489454342889391
0.006021867469565012,0.03121722986351827
0.02089517145400388,0.001635184298864889
0.0027063997966166875,0.0174224969929494
0.012801727975147559,0.006585448848987374
0.00021901446663474822,0.0004098055358126018
0.02099373859787501,0.015714107798962096
0.03611005416511581,0.0032746415967676024
0.019037823823554567,0.0020811797958903977
0.0014967996772894399,0.0005071193308524569
0.005852701124933191,0.0006112086146143891
0.0008019868948099251,0.06898994026805483
0.005349872005685152,0.0012830266885536235
0.0012156056508989543,0.007624987982728704
0.047694200750475035,0.009882415407048484
0.004336820629856408,0.003904807416030165
2.321400977889354e-06,0.00012536936139717625
0.02536895435231823,0.003451746717584303
0.025909002589232344,0.009457532849847738
0.0332050755694373,0.017990114302101956
0.00656270267744552,0.05797980216831011
0.004559921850086468,0.0019274264943670572
0.011211253838489643,0.00015361854484507997
0.005831166258150056,0.007208207273831091
0.09318854857945402,0.011618670695003552
0.00021161652988210822,0.0011966196787742689
1.3319796681732221e-05,0.021218673634594065
0.022545014256791673,0.0013833970082873792
0.03608995115484548,0.0029258166103595107
0.0003100217489315771,0.02629167148571887
0.0018456468022598482,0.0004734985929957247
0.0036684282557827297,0.0016626495226901294
0.024209284035093148,0.020243600043393428
0.010543939457438478,0.0004920341137467643
0.020748999085342,0.010553350201037759
0.047325553935592235,0.010419397440016076
0.00040088560622830727,0.011030967516270973
6.957963298748204e-05,0.013184809971768519
0.00018947321158890862,0.01567588626997729
0.0006024867783799293,0.014471063472973333
0.005619263338320413,0.011794514523510102
0.0006541457050966981,0.00012501488536431626
0.010251742560836163,0.006101258041140034
0.04463435506405744,0.02659403548779804
0.008780934453578415,0.0014693184940680615
0.016577797806574646,0.014784227620973978
0.00036866923530043394,0.013378795043315073
0.01454960495859281,0.002406353520151727
0.04225255702887698,0.019464134268917355
0.0010956878593542108,0.0304846685175314
0.005882383567530458,0.006456911029789958
0.011240347256165184,0.0018265609256136184
0.046709979379216615,0.03168376061791378
0.0006443066823941246,0.0011739810378120774
0.018529243218124103,0.003781988670707004
0.03618582369393342,0.08164308999570258
0.058835417254324396,0.006892443506430035
0.0065686873534799295,0.0009002140080274224
0.00570192546082704,3.0049610330262766e-05
0.011873844285765878,0.00021956553476887297
0.02526175587642354,0.005988517141366501
0.0006081177439966057,0.0008267979902614186
0.004713822876636575,0.00639749961887448
0.03270808819484383,0.008923533106036441
2.1785745851765626e-07,0.0004958087820640111
0.011447414779124254,0.004939482223494385
0.03632786997639692,0.02242598387354644
0.01986850631378101,0.024692399988194835
0.0032486791092642964,0.0012960735959536285
0.017953202325886708,0.017170294814490616
0.021081824941090677,0.006942724136731693
0.0012779535445427426,0.014144163597863413
0.00018116511364085763,0.00015033526851793155
0.02530785444202499,0.006791217073494171
0.00047048112717007484,0.0007334357357909882
6.12408468162462e-05,0.0015347817240745076
0.014218734503462782,0.006694713766578486
5.762674842357818e-05,0.00636042188602115
0.008844927147600656,0.011112017519726458
0.014791626482004938,0.0004372701440022997
0.0034078930917395,0.013770895817919793
6.5490669252099565e-06,0.007356377881396203
0.00648689083004772,0.021024564027248394
0.03151940017619126,0.0005017524506291116
0.0003455412318171813,0.005262786404691133
0.010037812887392583,0.005060846443353473
0.03575550091697055,0.0027637883203274205
0.014078940477129875,0.002440745669037958
0.00506659483970584,0.001365025691699162
7.677247971926704e-05,0.013811742473629374
0.005034527320079585,0.0018979247286514678
0.025935664577649176,2.103223044058744e-06
0.030260390113044155,0.021396869434913035
0.022125800421171626,0.05420662769487328
0.003221888876028922,0.0040423946310210734
0.00043232184586150524,0.0012056365530761504
0.0028096357695965857,0.0014814374614426917
0.012448222279929588,0.011173431112652565
0.04093960900510096,4.270368983572137e-05
0.012365888067073061,0.0010100693664593097
4.5256430280304905e-05,0.03079453406121513
0.01231443294852319,0.0016742015038303526
0.00434795425029455,0.0007299801252365068
0.044338305692541935,0.08172087465861544
0.005605724474755713,0.005727575823838982
0.001969542303382532,0.0006310411205457944
4.260926421750799e-05,0.0006593524440893228
0.009436111155524896,0.005282708600154895
0.007421428675848829,0.0038143957710092824
0.010618717682874923,0.001537732454776508
0.0017458562217127493,2.3743354045202558e-05
0.0020939554257045634,0.023602635440176045
5.244387515079829e-05,0.007995857668522066
8.773914885917833e-05,0.06419581290795928
0.038641619006059225,0.062232297728031405
0.028198185338126236,0.0100080122041879
0.016341646158292034,0.008381814347658056
0.0041000833369423395,0.002551830177487724
0.015770711327748654,0.10749389137516407
0.0285033316157437,0.0025168231178355205
0.022786600408313706,0.0568180923241014
0.010000230257876663,0.033670903646968675
0.012387140109902717,0.0026060500778855022
0.0040628646243403566,0.004763879706496943
6.982238575936606e-05,0.0017456965391955404
0.00022660491453729836,0.0008457984765568582
0.00107772159962638,0.0003818376800058809
0.0005722143044416539,0.003361320462543227
0.022615764455092058,0.02383875527705759
0.0008550936004486642,0.007578938614185127
0.021989170023987592,0.021640809061593935
0.003244784122862887,4.110987430272495e-05
2.259754775857381e-06,1.6564677710606546e-06
0.014195564392054605,0.011575091208996136
0.0016674472029155618,0.025646656710127336
0.05469784314149129,0.006101415283603195
0.004193743806491512,0.0005483106449001296
0.024158129729537237,0.007215275539797172
0.0011023781690857604,0.009314836892979739
0.0006184591975093578,0.016925934314484192
0.003987838362551677,0.0006812020111243156
0.04482146199633741,0.05941938275447045
0.02143211773241438,0.001812674929474234
0.0047205895296560385,0.016317814159752086
0.005847734023887274,0.0062674319105658904
0.000540928875503166,0.00289053191098243
0.0034168999408433764,0.000925753499422477
5.8503290070510694e-05,0.006751378201939273
0.007982929903291192,0.02830704827311359
0.0016562815828727873,0.0019966208196224855
0.00010365398886336141,0.01529859727023175
0.0012821466931824954,0.008383343221506134
5.315341812450747e-05,4.533993007671544e-05
0.0027536891250196094,0.0039551452458783665
0.002842684287380992,0.015977225574106524
0.007816340026173707,0.0007893677910195684
0.026320000729084914,0.0007654841036111026
2.8018743587487904e-06,0.04301608646375599
0.010852678954207828,0.01075461754030771
0.001346722258360078,0.011510960021298922
0.0019539646626517415,0.0005368811370854987
0.006161645224974754,0.05618139676996692
0.012627502466102558,0.011010881208549428
7.035095158081095e-05,0.0016618617302119887
0.0103916992587465,0.0014374253027245043
0.0010191290023863209,5.517751854156039e-05
0.009633358105315515,0.0003081811761093123
0.003984221028633161,0.010674740519156622
1.549583852011871e-06,9.413177166894826e-05
0.03061426225252628,0.003203215016375216
0.0003654194236966113,0.0012429688836163022
8.931571607906363e-05,0.02083595607059796
0.0030214162920820797,0.000226594346458886
8.649535810734132e-05,0.0072616219904040324
0.013266754908034084,0.002177163365455481
0.05412913691234955,0.020248439590546008
0.0010471401743966657,0.0007940139829990533
0.0025826164733521173,0.0038639601646118793
0.021067025573727416,7.166325585949984e-05
0.0022102063295265095,0.0012925459722796795
0.0018794548431660951,0.018025881940396893
0.0022521678959255276,0.08166872795628977
0.0073790831393054646,0.01494635591811877
0.0046504603289813096,0.025178492064648506
0.0012461071772615906,0.0008848183019606326
0.00037130220807846115,0.01033174567773587
0.023158285485442076,0.006513884391992075
0.03753674504178739,0.001414849085149772
0.000534734109692514,3.228973716096206e-05
0.011459077805416995,0.004085096956530365
0.010511654949485805,3.5053047260369397e-05
0.01195589460421842,0.000639105501649806
0.008497549312601715,0.006577055292962042
0.015194516448065465,0.0030758700222455193
0.010950977827992592,0.0006831903134714157
0.0013567065141092405,0.0037576937989317605
0.003364715451536382,0.06505977924795414
0.020314929901557366,0.006552113728057085
0.021903547994585493,0.008931662777649119
0.005626206316913462,0.006997119633911142
0.0006797369433435563,0.0016948105825348447
0.021660585459158388,0.05694343755098641
0.011431897803184987,0.00028973879508531475
0.02584017746038536,0.03308646172186103
1.3585133766480517e-05,0.0029430173432165585
0.0211887912693014,0.07295390430002291
0.011346444392370869,0.004270128388183192
0.007882632665737632,0.00048278503486298696
0.002954857950328016,7.172046448711278e-05
0.03819567114268907,0.028787715247980072
0.06142830576201819,0.08637555884736281
0.018591496849819866,0.04385712645151074
0.010574175641820838,0.0033069175623915426
4.934843795090238e-05,0.005077111885388064
0.008054632944173301,0.046814863758707026
0.0017026654759729754,0.0028309569549771485
4.7404004312245895e-05,3.951320046324813e-05
0.06753860018878433,0.0038432183089898153
0.000561004401440024,0.007772302037880596
0.0005906037435482459,2.5991027643335052e-05
0.0018105732335212954,0.018463264250815348
0.002959131441109042,0.0006334406873728105
6.846445370511933e-05,0.013356681454029351
0.0024369796261827226,0.00597411005036852
0.01461434304392173,0.006609098354510734
0.023666009159632462,0.0002451321845676757
0.0006800080764560734,0.003364343259673497
0.0008698002623841461,2.0061785894753825e-06
0.0022945690819562437,0.0009534167590550258
0.0004520054974550547,3.2004054027257034e-05
0.031220385246212623,0.05832421497110807
0.0007696843470715864,0.029841375258636282
0.002719417351653819,0.008828190270791847
0.012104361739170955,0.028248077916490644
0.04463753894514855,0.004256917303170571
0.014684288824652891,0.032595099687445006
0.010851985237260497,0.003306349042070389
6.894612089280994e-05,0.022865746204809412
0.0563959114909941,0.0026079533242222563
0.0020099933334456477,0.00017352639703427375
0.0929675874839826,0.07869106966417672
2.0197887631523415e-05,0.002741451051900712
0.04097166661384122,0.04764922417556583
0.01631548012695172,0.0007529422065882807
0.011827995884960307,0.03538449343062133
0.0024405441863328825,0.023154685218282567
0.004685893535536834,0.0001655670197807657
1.9571790103700692e-05,0.025545784087053325
4.571323355140322e-05,0.0009259178134600754
0.018993931680094334,0.00011425950111276784
0.01004131466104774,0.0047591662720720684
0.00022041861206933966,0.017767686010067285
0.02575531371494011,0.05947437619092921
0.005562939500248998,0.0030164476641160176
0.016959962467270495,0.004852835331868088
0.0039461471853620145,0.030206628980347094
0.017976858886356917,0.007541256790989159
0.00617409026101301,0.005146105876131513
0.02242426336729675,0.009168078295582527
0.0027849955964369677,0.007172749336265216
0.006601184107059566,0.00039545637481230855
0.03219885865378502,0.0001771964997324682
0.003521446625852298,0.03878206631225012
0.013147212775816985,0.007621659006058601
3.528346995684828e-07,0.001657727290499511
0.013526094068446848,0.01229420007961779
0.0037758246148529295,0.003881260141249121
0.019254028695558034,0.003165829260134867
0.07265927475715028,0.010614779963782128
0.007779527832629918,0.0175982153958798
0.02311155606419124,0.00040377529870039286
0.003058183263757508,0.014128568317211876
0.0022646199752743845,0.0005444335752012863
0.012090470887646587,0.02569650445066818
0.06506152402921628,0.00814825267467878
0.0039248783584950875,0.0021055521647190822
0.03504703992016189,0.01952118789409274
0.013610469946561121,0.013890074111248873
2.7565335028900684e-05,0.002229523902103625
0.006723369583033101,0.0012791297430609916
0.00038333207554630544,0.001143334645452021
0.010068250937824375,0.0013442222112065583
1.9727188997009648e-05,0.0004143099384407156
0.0006636199785656771,0.017418065942223948
0.0027543027689952426,0.0005623144795935398
0.0006569168920588231,0.00026150037053829234
0.013788841982683042,0.006624504391221087
0.0396310226602381,0.007160435025283629
0.01590133923144421,0.0014023157137954545
0.00045338667665895116,0.0026425907305359653
0.005701282949130415,0.02427067297189811
8.476521716493934e-05,0.00029127790548122423
0.05016067350014186,0.00843069961860976
0.003228750642073175,0.06569867869871926
0.019717223129983585,0.01704926418898134
0.0013045671698174166,0.0014090426277705292
0.021393629404614645,0.0011766258915224537
0.009736762252808617,0.004371245917270006
0.001010489130368053,0.003268793873755449
0.0036796951161851554,0.011657811610074842
0.006909021998676268,0.00782900967456679
0.0008975460014017944,0.034076122636199746
0.002216135614953263,0.003716824451503453
0.026644663940251778,0.00031784762654174514
0.028963243642524894,4.619424275320583e-05
0.004377206066081385,0.008683967585615515
0.004834759123086618,0.009747671394226276
0.0012762711948131056,0.007420328702441359
0.0407841831232183,0.016249611515337548
0.0013731756394526062,0.020117544059437664
0.005606598092379178,0.014797475133898175
7.631589302703468e-05,0.005879024531504018
0.016132103937761655,0.0010145525382259102
0.04333899369687677,0.002412875132585146
0.006579997961790318,0.03524766132284651
0.012703661784490672,0.016746637084862126
6.170037406660889e-06,0.00019339321317746183
0.0009636251071831747,0.005891179702987026
0.0015805659590109045,0.0036689953753583637
0.00036351463605777123,0.07359821672750877
0.03052267506270978,0.015436923328150498
0.0885105196331154,0.01931602296894608
0.004138993139628844,0.006759219372724279
0.005994183240039863,0.03506388003424177
0.003382361857802274,0.0026021198621798414
0.014164399293393748,0.0001360064059242605
0.0007474769251082369,0.004544083789679854
0.00967778458423163,0.026613365660237753
0.04386116618455915,0.017791539838135195
0.007933023805070771,1.4076165127829832e-05
0.013104568478455536,0.00020184415429680413
0.014716238695897665,0.007913201754375598
0.08173665501795868,0.0757977614165044
0.019510401264727584,0.03126292361908689
3.650732952298341e-05,0.044154046522918544
0.0023303052065201113,0.013889254433172016
7.786704862655647e-05,0.0006481481482185636
0.01434558760261695,0.00042540394477896815
0.018819447126557587,0.005316564224686182
0.03685474875159922,0.00258259953167006
1.431617858438372e-05,0.018103337163487887
0.007487183447683066,0.032392856922069724
0.007823949592469792,0.0066160036441375025
0.0008385388692678797,0.007385814220055131
5.314430411185178e-05,0.0002474568016646028
0.016106457256772067,0.0038932662877482205
0.08763856397232139,0.020484189170292266
0.005658413527708794,0.012981783751512599
0.00036679123748084574,0.008150981778684119
0.043842601791212577,0.026356661867421805
0.06370615424322901,0.007773400937116648
0.0007679867976664312,0.0017198969690834787
0.0015489142527965738,0.007445437352383788
0.012277084786492476,0.008094450840638756
0.0009161440630928164,0.0037425882328562254
0.0005282005646164434,0.006816492687582554
0.002542787623961984,0.0005111562260002867
0.006044739834230817,0.009430653285986357
0.00012636273296595668,0.042775614112078975
0.00041116356058257253,0.0014925710786812818
0.012945595757161588,0.0008415751229412516
2.767660706604058e-05,0.002820486581347814
0.022156289046824318,0.02402320595733498
0.013159675118719516,0.028438990977432077
0.035676047944732225,0.012415912913172455
0.0033610685993055167,0.012074094457495521
0.010786120244574482,0.0075072434563671075
0.002656677456019829,0.004809462329173453
0.0006497057706834619,0.020392458939925473
0.019299244693617212,0.0022821886930184387
0.009959581889672053,0.10244314806973309
6.325886917324386e-05,0.011450149857204384
0.01760488303904595,2.501163912704829e-05
0.011776215929382827,0.00889254905702297
0.003933470310791831,0.005203300809563216
0.00023625803354265784,0.00014086812073632604
2.660260793752034e-05,0.013206676277945695
0.00174195830261481,0.00015918291901539927
0.020625352823515963,0.007959452218147867
0.010032361510307064,0.023519335005269704
0.0005412082551351505,0.015157176890142399
0.003482845760803155,0.006643884565185165
0.004604435291529652,0.00015189359031764216
0.005130658152353251,0.00023575805956432827
0.0010961445858908014,0.003206976364896641
0.00940276365894499,0.011410416826217906
0.006095043590942484,0.004622967405141565
0.0004093272085113897,0.0008287005659179947
0.0004150206388827682,0.006943345890587205
0.0018768796553354505,0.01433409380550954
0.00955747044437294,0.0003857352665358471
0.0024943330717808188,0.016159042383333322
0.004585451465790147,0.016807028736539498
0.0019477782461188031,1.4858336342404854e-06
7.823016664731952e-05,0.004461595273588692
0.002182245984428177,0.0021392267042673607
0.00917942403759886,0.06345668363499779
0.010236431679136127,0.0018056297156198164
0.00036479543303125084,2.0573473754170735e-05
0.0178528971148042,0.009108856562294765
0.011292503272658516,6.89828793976055e-07
0.07688328088145957,0.023739982830588646
0.0010361041209240307,0.012176335283261452
0.04081100641399704,0.019609715004819117
0.058461362943078465,0.004282166630412365
0.008907883378707182,0.010110799136085258
0.059058221743532924,0.00025330746879170807
0.011796561166706243,0.0006993680726949947
0.002353658998807018,0.005863716204934422
4.535759896717728e-05,0.00709232633679624
1.6279466556357036e-05,0.0003671176649719943
0.006749052496349384,2.4988255511448898e-05
0.010035972974039353,0.0017683819801942446
0.0011603072052962515,0.023275014479340328
0.0014950836803128142,0.00037310652919786413
0.012246134469924841,3.4053413212831174e-05
0.0008762671881994422,0.015534975352327396
0.0008545168838804962,0.03234613324013058
0.011814455464742912,0.03313528182495995
2.815809917633416e-05,0.00030444524134987105
0.07852343434008346,0.019236169882307808
0.015613422494714757,0.002129533036029585
0.0021718430326278515,0.001475582588959079
0.007372645810408529,0.045140576592618165
0.0004992812569002414,0.04163533255203966
0.003488373956840096,0.00018805171732072523
0.03534360207875842,0.015180706820761003
0.0005562941080862194,0.02098014831445172
0.0054279321644361556,0.023941263991551054
0.0023904688806068997,0.0007976957242017413
0.013924337944897891,0.003189037327497757
0.001831381545478239,0.0005457899500221908
0.0021078790520209223,0.004048379127279622
0.0007062205000442079,0.0008407012400517555
0.0001751089496226932,0.006436786515837123
0.006050187842537191,0.0025617891749369903
0.0033009422270275923,0.005578429553882214
0.004125543274745569,0.007771086520179327
0.0013366288290072026,0.002095532857590232
0.01855569123704104,2.9785870037657425e-05
0.019756577230479078,0.005995698436497721
0.0001238415598127096,0.0036396851399066454
0.0005315978932906029,0.0006352658749859685
0.011802465893095526,0.006371474979955716
0.01998276080254724,0.002688444531159573
0.010720712763805262,9.567080550121343e-05
8.197064853132652e-05,0.010804088189862782
0.023395092223524427,0.0016975927180046257
0.030129208350584635,0.0010438875202062325
0.053893057457336746,0.003766316564166705
0.005032067966819098,7.525331799451696e-05
0.009855302087285245,0.007726462922190924
0.005895561666016902,0.002583486528967782
0.014374497614082271,0.00980569782906171
0.0010786244878094875,0.003541955530176333
0.020400170762116088,0.0067474916480727565
0.0005271739608060377,0.012820091296118497
0.005160722053434652,0.025043293720246385
0.01127102152898829,0.0062112789074336705
0.008599625713906378,8.748946937242597e-05
0.008026363804428338,0.002413861765880876
0.07299010402815587,1.2080317047025169e-05
0.006510201947124816,0.010896286262604193
0.003557940359171785,0.019914153772078058
0.003308729247993414,0.028030406982501255
0.09998784620412826,4.370865347569364e-05
0.004891232561440195,0.005507269297505335
0.0013078420704845106,0.00023207859340490522
0.00016318283657956734,0.037660783403346776
0.000507612214920683,0.021037931464464088
0.003046775028793247,0.0016447916996934486
0.004529630262198658,0.012409533457882427
0.011351056448802965,0.0006592338162604294
0.0013587980354654583,0.03356476410459419
0.0009401200289940181,0.0032618035673449564
0.0008718876998163871,1.8564547327182268e-06
0.01677058897475714,0.00012543136000109367
0.02120845034161345,0.00880840695372287
0.0005073783098795692,0.010593530954235542
0.00044037362719240303,0.0008507390168952522
0.0021724273616315903,0.02834297749762782
0.01787688431831569,0.04022299260089235
0.034603151776459895,0.013399303316250277
0.014481203938202625,0.0005386536731967206
0.0075299728662773235,0.02627791117284861
0.011316805468494784,0.005278297875877747
0.005910615389505991,0.004108688001930982
0.011269190870465962,0.0010045536031944025
0.05924504067167857,0.04183969446173563
0.006930093518494718,0.005173269430103211
0.05041297550289081,0.004732714334138466
0.014243365162591393,0.0531883659726029
0.001611493643645323,0.004508240847587275
0.0002718228879819984,0.017244564938385998
0.06250148362321173,0.023824652663234858
0.02594618365186141,3.3836844482992845e-06
0.016689927065779764,0.0021099320735478155
0.0040924570071841915,0.014403844891470285
0.0027551021561407207,0.005414850359202861
0.0024693773513512207,0.011876877111126172
0.0016011665512247752,0.024855548680882467
2.103429269317836e-06,0.0026339769102516897
3.768522074787395e-05,0.0007716081997550805
0.04849010944815424,0.027601429146149825
0.016264020357136477,0.049402557559415694
0.000744659207743803,0.014140946312194091
0.005494934185486966,0.013635930271672647
0.009402710904147349,0.0036535261346785086
0.0012756081264451158,0.020043409012902247
0.0006919712112345433,0.002229208798943949
0.001486226658768297,0.002659691463788305
0.005549922640132765,0.0015933965932118932
0.00041053106564614694,0.01945495191360902
0.005479729675124667,0.00340611375716926
0.011612852946301544,0.04250825612179443
0.011216472764247643,0.0006794455837646485
0.00017054838339325418,0.00019038499395329644
0.0011746738281851465,0.0032930770068181348
0.006334594771136848,5.380781851749283e-06
0.0501480932829933,0.0010666736695518209
0.0011793354132303424,0.0007198285720593223
0.012552618179736963,0.032862890731841454
0.009210713491211164,0.0019009051440330715
0.0002095335971952217,0.008425810510302778
0.00628749083536595,0.008450710702989861
0.00027642488617374283,0.0005366134145958767
0.05153991180536355,0.0037666601788235443
0.00037817909856918686,0.0028400002832098536
0.01921458862216585,0.0009744043035627703
0.04881300180136472,0.01718969468720799
0.017091188229782617,0.0039927294337122055
0.0058774636243609235,0.0008439699432181147
0.007946055930638352,0.023854938394115677
8.271760166145281e-05,0.001260330836877599
0.0076785497242709555,5.88049943538449e-05
0.01100917712842997,0.007473220350184495
0.016469232956959345,0.003041857800751391
0.03781545783995943,0.00028674135727002614
0.006932894374576781,0.05122914853906513
0.0019419152818388463,2.043757674086155e-05
0.02266561393919908,0.05264079030011337
0.038626120378176476,0.0074505948560117385
0.07220755635740528,0.002363428231852205
0.00790197277745952,4.956099803887781e-07
0.009897515020663716,0.005154334542515904
0.012009967605347893,0.00012392525804627574
0.011483519251168084,0.0076224677227446636
0.0168784518971401,0.0022448146699519667
0.019383260877851916,0.003513898524628356
0.014945910268180596,0.0017081589006620046
0.00031765454928722736,0.0019819963687927045
4.3654944219206904e-05,0.0020877990137796454
0.01139626503953206,0.002263860543105456
0.01961095785234046,0.0004140249131540097
0.004519249141185733,0.004289144073063356
0.004598771366200904,0.003495598791437904
0.007680541450850398,0.0019275063479011756
0.023421763879336477,0.002867653917113522
0.028517816476579916,0.017124576896929367
0.0010104031507649491,0.0016394955088466778
0.012463689304770598,0.0018023344031667943
0.004046196512097255,0.01843773373290236
0.0002097349921990066,0.0006831801728360842
0.02400652950740012,0.03337915318364415
0.0006582301158496451,0.0013701108609113222
0.018218824227692165,0.0005940637466129717
0.013778247690733991,0.015154849079089483
0.0009994332990388433,0.002951971452832436
0.0042708485277939134,0.028997050634283594
0.022880046877556404,0.0028537814808571316
0.00915195547650216,0.004895155324078582
0.00031104839589291,0.008137999885018288
0.002112965684024193,0.0003100800549242777
0.0027293284088538705,0.006566087523325992
0.052145579995922176,0.00020919708472266763
0.005849511117936523,0.014890659812182627
0.021216434331950085,4.7554741385624766e-05
0.03038881391580539,0.00021082553961715433
0.00889866798429595,0.024179963047348485
0.00039271544231234135,0.002724152068264929
0.010227934570147923,0.010031562149536266
0.00018157868270529676,0.008757805534892138
0.0418454067778129,0.0017139706251436682
0.018316788755841862,0.0134977212850933
0.01818085303206196,0.001621516838827275
0.00834223839381032,0.01195726519478213
9.929794289920135e-05,0.00771406871994329
0.0018146204269128274,0.03859857119961163
0.0708733296916273,0.11229995512953772
0.00888819395524576,0.004097214204537125
0.002926174980466989,0.0002064975795675883
0.0038906805365388486,0.0027226346695815584
4.245209784481396e-06,0.00025358145911569263
0.008140899641842059,0.04469298730998572
6.756122407558518e-05,0.014984190201281167
0.05057618033611344,0.022905403892010012
4.073586376773797e-05,0.012470565845991821
0.006789022393826394,0.005843246092332333
0.0003048531658901288,0.0008546864826495248
0.0026691102669123,0.003961085746907678
0.02283829410603322,0.040018851731839944
0.020918912551789015,0.045809095229439434
0.0011663890476658612,0.024386114105925394
7.641098481392383e-06,0.0011627750900709
0.025942032052269415,0.04185860123916063
0.0045214154628866465,0.02347953269456704
0.015611532763400326,0.0031363305021476773
0.001637521750544324,0.0004521321412547241
0.014125792645794055,0.06898256092447408
0.036423460291474474,0.0014198041277008189
0.030405400866465038,0.012819435509196841
0.010557100835688171,0.002097416847037792
0.0003755610353138872,0.003957068496695415
0.018211935901754628,0.0015905779807210418
0.022551945239652316,0.0007678514157988259
0.0007603984625355054,0.0009704940216289648
0.015432803296039244,0.00485144588572084
4.55719897645146e-05,0.00029601866367645613
0.0015093347011128078,0.0013937922520845802
0.004454708724282996,5.1761664891514236e-05
0.004071349287702031,0.04655363732314821
0.00014718295880367105,0.009678344648097914
0.002563049406124951,3.90260846854229e-05
0.002115495449593663,0.0001867805210075124
0.000797638908956233,0.0055751006866116
0.009690838443064287,0.0019327503621502373
0.013380802464100339,0.029809215238362108
0.0008079512510154041,0.00046197789217450325
0.027302167816673162,0.01750104098149252
0.0003317150520925072,0.002831706545124435
0.01371613124548443,0.002107755790962784
0.0020064897048099883,0.00030772661183564587
0.0019097181365343996,0.05036307438560428
0.0011054358398717712,2.1903318533134097e-05
0.006014842429124423,0.016191956457726864
0.055240918679099194,0.0001624035543386082
0.049092237766575564,0.00017071645485433606
0.0006872239576481975,0.0018507725360320526
0.00028832700965653046,0.059214619372816024
0.019742814806037012,0.04564661783754087
0.008089787000846727,0.004299119896329695
8.118641730003873e-07,0.001499638549938509
0.0033485494380255387,0.0029128540087947075
0.002120379066898548,0.004015164706332897
0.006417923411171311,0.00045499159275608214
0.005254889573913291,0.003923608009004598
0.05215997063537692,0.03342373698071177
9.208765400892105e-06,0.004277268931367373
0.01458893438792408,0.0011597970552645886
0.00018465496920250235,0.001482118153349754
4.756873534439432e-05,0.0005397356985250568
0.0022844630161760193,0.0025535605589702692
0.0023315796154158575,0.0038658211542749177
0.00637327633063467,0.0003120267905911689
0.006142097876361441,0.0021948892806398224
0.025958911641379645,0.00027489726278095983
0.009256356926464315,2.469046233755101e-05
7.437183979730477e-05,0.004311611558280748
0.011207580372784465,0.015827923599961324
0.003886028151554588,0.024260030486714435
0.0005502249220966648,8.690490542595519e-05
0.006027624396505726,0.0132725968405899
0.06435307239267818,0.001445414141524548
0.0314922648321615,1.1409774420823027e-05
0.03140437224478787,0.001602220470913518
0.00570561812789383,0.011356460175851124
0.009893014907010778,0.011032658606887069
0.017724015275493943,0.009445289545008007
0.02683095698236726,0.0016912038108994887
0.00022166538780266087,0.002072998407271376
0.037600519735679905,3.236865257794097e-05
0.027737511496140788,0.008720123269190028
0.0117893255013799,0.04850726712813713
0.008180943593189438,0.06684448518326414
0.001066361206873756,0.002622022648766542
0.012657271584987084,0.0005750514305378207
0.0031320095941804738,0.009650234106197697
0.03357568666533872,0.0258245738942825
0.012582175060956824,0.03172795871396383
0.0057812502432190715,0.049084999242320126
0.020928213149880914,0.0014069719030974648
0.0003044282451184488,0.02730669824854437
0.022905898721427786,0.04604655843717009
0.00374973309706339,0.040853879387683145
0.0534052472427462,0.032093267731261865
0.005985905572157835,0.0339725449743421
0.007461485190484507,0.04122733378139232
0.0006587468877965463,0.00020224564981663473
0.02542082822052072,0.0340713539931935
5.318860224556854e-05,0.002608406901469129
0.0014565075887306156,8.637258664745406e-05
0.011019227479709293,0.00024162493865953483
0.005713246094698143,0.00738311554290505
0.028519287762507117,1.9573059800714887e-06
0.0019261290229974914,0.0006196818868884346
0.0038306936983981688,0.0005347621294528038
0.0005278347686974438,0.07141414837701676
0.0054362128088135675,0.0020022786544253712
0.05277175166356096,0.08200990032449629
0.012886261757073969,0.023549185990226484
0.0021386682296845594,0.014444052456308198
0.0009802983961524347,3.876753400489097e-05
0.013010888330269865,0.005476486291267735
0.035588020942397325,0.02630750466551579
0.004723043001523153,0.0003725630760084142
0.004869750206629275,0.0009302326999613975
3.192314991240508e-07,0.0002405442654116463
0.01686792200964804,0.020616611459873035
0.0004485776435593225,0.008248260576349642
0.005185345016549658,0.0016903337647744543
0.004614215073678873,0.015134261476636213
0.034778386347670276,0.06058916532287195
0.00674575867960292,0.0033756839231674496
0.0016301863209908785,0.04629208621173653
0.001481726446444509,0.030725648584222554
0.006594167043843635,0.010071392258430678
0.0018723838364408385,0.005921562243173195
0.05516679520657375,0.03720466676527112
0.02205715674669384,0.04144549313309853
0.08738571061283229,0.008941083163072072
0.0018150641098299003,9.286311085099364e-06
0.0022296660984750805,0.0029000298634976884
8.430129416125975e-05,0.0013065076623087757
0.022670873078961984,0.01420096082694966
0.00023307769670011247,0.002303843122081095
0.008322921707915265,0.033207015601712575
0.0008941955479613295,0.0030438633066257603
0.0013713872586954556,1.0672011186763086e-05
0.015692249864670882,0.027274947716356635
0.0005041899334095046,0.002778599386131786
0.013453210105384472,0.0008050286419463148
0.06181998135928535,0.001000581827351077
0.00023301202559977696,0.004178749992881703
0.0007161254011777141,0.015078347488656108
0.001648048788457035,0.0017274694457011242
0.0019574428705601,0.037189373916868496
0.0030022049036065868,9.363253381855507e-06
0.002326243516042825,0.0079613527056831
0.0038168928415475145,0.0014501593385366496
0.001357714724127712,0.0012163098274812212
0.008207023648227452,0.00018194405484894816
0.003036358834244246,0.017658998327170883
0.005486593695350761,0.011919284343849035
0.001966387506427414,0.0008793964126223575
0.00015981061862058166,0.0014527767872837272
0.019562270053515074,0.0022333171263742013
0.0028240534235492998,0.016930715703943222
0.0029310890387153066,0.01133065436293268
0.00040447943871635417,0.007028912409922872
0.00014227028297497668,0.0020207892283164997
0.0002074600424841755,0.025056631768654247
0.0002833471397694076,0.0012944846735166715
0.004899563560269993,2.4192338634598798e-06
0.0031790117157697306,0.0003256820072682354
0.0047971282418756145,0.037426413689548466
0.005592327924986984,6.810177447258425e-05
0.006241978770882173,0.0029144544200936373
0.00017474224901481428,0.0020653535503184495
0.05413880294343143,0.0043339174902243816
0.0024463937867930108,0.0018607350470107864
0.003635583436694567,0.002864899028109935
0.008453023987951336,0.028907280445844452
0.00750718151494334,0.0016477311864351307
0.01842511929469648,0.0012586727335872627
0.0014724920315626333,0.04811779840890029
0.012205796937971303,0.03504418365553119
0.0005404561348186787,0.0018170012403222469
0.004004352062715544,0.0027828335214616917
0.00957873574165291,3.800691188682315e-05
0.00018035133659688452,0.002215628715807272
0.00020673243385860296,0.010636531723989484
0.0002888692674769544,0.012328017557359239
0.0008141595323918338,0.012371499072416747
0.01429297226958215,0.00023804322890852436
0.006290325384106787,0.0001902208553771212
0.001162702518573866,0.02413319429246985
0.03873093521554627,0.018366353054374063
0.0036606122633087157,0.00022492604566892727
0.00015799448841680164,0.01724718350848653
0.0022008825009611765,0.0001439219468239994
0.004154520204459944,0.0033186263359344936
0.002553803400514032,0.001887100762462901
0.011653049757582079,0.00948024560415417
0.056423001104393355,0.01944855553487701
0.002238338563464004,4.9863770436808785e-05
0.020125196246020938,0.0005242102719971165
0.005494336439258896,2.610923364132489e-05
0.007975325500690467,0.008223439240694241
0.0010547789413125619,0.04901824428877133
0.01812228008430994,0.0016907835950698002
2.350450290522499e-05,0.08863935730188988
0.005482885430902584,0.002277874726289597
0.0060213022687433115,3.8820597514366284e-08
0.0374333689915074,0.01564291440440635
5.329210880178348e-05,0.0006677268635895128
0.005852662261367159,0.040413925845150134
0.0012564137085695481,0.003815417753012418
9.66644059340327e-05,0.014286648042806438
0.020029605815419793,0.0026190133405774585
0.051304176590686645,0.032094037489586835
0.004677104415738875,0.013861640267291309
0.0007454163197421204,0.002322169578643174
0.012362358184990652,0.006268340243777426
0.0169922986782437,0.009451846266059438
0.0040002116533424115,0.0037563619294610495
7.397107348372511e-05,1.93418939556933e-05
0.005097157851090439,0.0013585735936190169
0.002002749021583261,0.00023645106197445198
0.012755984356985883,9.831817868288795e-06
0.0009369741449680724,0.012172262390762523
0.008513137461958808,0.007140436020639962
0.00612000429325632,0.0006788362885874477
0.06115779241527142,0.0018450180563198693
3.613360786935971e-05,0.0003277688200692408
0.0006148922488753428,0.013050402928110105
0.0012091321626485074,0.010392163340161353
8.265895448533733e-05,0.0005190897360644042
3.59683766514296e-05,0.005579316984269278
0.009821391139896773,0.0009143859290703382
0.06957740575871862,0.10969294450039613
0.0032891426405731172,0.007985783151189918
4.941562008731193e-05,0.029012388867177274
0.003585521443535744,0.0027055486239733195
6.23952821299234e-06,0.009879220749424933
0.01778089434142449,0.007733963338812377
0.014113007769023467,0.011838688514736684
0.0037372991132332833,0.0016737820225339872
0.00044622649455539065,0.000368462278578896
0.0008822833859724044,0.01886915257748445
0.017886568287178495,8.99859542655701e-05
0.0025385580416835696,0.00862354621754513
0.013536893492577251,0.00020988256340703781
0.007514298794845442,0.007135752522610117
0.005113196285916111,0.03510606564437346
0.04004238215105793,0.01182709822769279
0.01745893791951436,0.0002879523119847516
0.0003308015457283986,0.008852191560020595
0.008129587259152693,0.049567039540897695
0.005283020572592334,0.0054688417893928865
0.08937024853568765,0.0006582249474769153
0.016552324962499143,0.00027726088481949684
0.028337045611948164,0.06418424758417696
0.003929265346351629,0.02336102328374612
0.0026781313120652905,0.0073919861099374096
0.002440553900361908,0.02083825618341484
1.5821107945956925e-07,0.03693458737879052
0.03469825785930325,0.014573215156241326
0.004189166790241949,0.0998469978505927
9.463146605681594e-05,0.005258579538071961
0.006320173348875802,0.041327243250447676
0.01292896111767805,0.0022736052217918745
0.003861195532170014,0.0137351250398704
0.0032787666426843387,0.00795371091752095
0.013365829198244694,0.034778138247908985
0.010017021312071939,0.004561468596484097
0.001332881400271324,0.0026562845668283153
0.013934152090624319,0.0017185275474217443
0.04650851601830586,0.017933718278658528
0.016929714063887102,0.0003634117321142938
0.029352505098741433,0.0009543307540553769
0.0002363431781505776,0.018296271433741573
0.004420268237396496,0.00280667754189301
3.7481772182657025e-06,0.005376487333116353
0.004047007199275754,0.006039230772951654
0.0016528117935175057,0.0007422643324586087
0.00904759121080767,0.005342880359647584
0.004489421814692696,0.02468371052387519
0.0035200869665267254,0.0009845191543544907
0.01461905215560333,0.07247583537116775
0.0013863103818734235,0.00031096211384218364
0.008077358488457809,0.012343327721211161
0.0005228105435968189,0.06857548962537774
0.0006742310417204855,0.0185965019294132
0.0007816538006185647,0.000661903583757284
0.0032197040852405268,0.01045436167245295
0.024110197018626933,0.022419662417762942
0.016949218805963562,0.042749234835814276
0.012496516281867764,6.935156782128526e-05
0.023205188535457832,0.00041967846266510733
0.004524926203484658,0.009822361665596024
0.021056317024602644,0.012434522960544592
0.023759296937752472,0.02017104948025561
0.018466484906626168,0.0018310809492168012
0.0019492066576107803,0.0010418067896221794
0.009607664831647766,0.01556212371199961
0.06322431110735294,0.0015078927580929324
1.363214574001681e-05,0.002124497965356853
0.0025250099215564648,0.02549495244727229
0.0029529330906664653,0.015521841797961677
4.5036885960580975e-06,0.006020768169651358
0.04630361521783055,0.00765621375022163
0.0077087471696350995,0.00016730430838984844
0.0011217734295412285,0.03093438080739308
0.025395303967738037,0.0006643952381032436
0.021378876867053642,0.053226779335272534
0.011781626509115406,0.005716874727038412
0.0028698364867355552,5.748941391892082e-05
0.013584001493578746,0.0002897960545527045
0.06663499814689322,0.009189847308530674
0.001687548329631361,0.002661572591904804
0.0004860759214524446,0.012315961525005359
0.011890413455246884,0.029167934041167243
0.021469775799316082,0.0017183717733533221
0.007212678916526216,0.024909499782681643
0.0034711281868652355,0.0010224701649924617
0.025481778400451294,0.02240651726660392
0.015257526835091295,0.013828573796031085
0.018509320588722122,0.02383310460894128
0.008380825516701051,0.0025616003042909785
0.011978438237681188,0.008201582697143217
0.01593828034085376,0.017123717606749245
0.03717202314458279,0.0008846257582352246
0.009314790061565437,0.0011777846011243875
0.021654794353584528,0.002680621787091386
0.006242580373804318,0.004760678629283088
0.002095445757779979,0.0069992852237962255
1.8785222984263328e-05,0.0189409971599086
0.0017195736628894398,0.0026755411698217157
0.001774960525430358,0.0030158470240519986
0.01462380934028873,0.08272023909954451
0.008184224330317846,0.005865523749007395
0.0048056096593674935,0.0037385534127155617
0.004095781824181466,0.0013659891653202694
0.005666581487372313,0.00030982186117634036
0.004493475830746885,0.00015244184584783937
0.00013226642883812367,0.0015334545973856306
0.0009268071189011406,0.001250562188647386
0.0010194699638823579,0.0009162825185490275
0.001634199452551388,0.010331977744608256
0.011390445980779207,0.00531984078901393
0.00029830366399141717,0.04469631238644123
0.0011196436721648828,0.015587185244470225
0.0014957340356304138,0.003668178477800099
0.0031925947536536325,0.011896777639340939
0.02418462239281849,0.01313255669951241
0.00011304573735837486,0.0011163920930300497
0.00020181545337771833,0.019605235681034894
2.9466999864169452e-05,3.0209465183839157e-06
0.02090131480702162,0.012732691699597565
0.028252159490371187,0.0026317325563441907
0.0038485987559537804,0.007704393426032019
0.009294484419410054,0.0014736183149323123
0.0010013530532015924,0.01415876559465401
0.001774623692343269,0.03250675164593686
4.184532686946074e-05,0.0001307120562168418
0.021437259252775287,0.01470680619602327
0.006537968107880099,0.0004567422413783717
0.001385492068309957,0.009694497638337962
4.168014004635179e-05,0.031268717754294406
0.02988288789413096,0.0005851809314102452
0.0022902714204935393,6.933062526826017e-05
0.0015496444604168325,0.01832601682994528
0.009454640365384237,0.019197186505980457
0.0527983926673814,0.018213581899831688
0.02860456193894767,0.00022107165302498455
0.01059909854559915,0.006065824963210842
0.011037839037300934,0.00955213731187865
0.058249007951050036,0.024957324767345024
0.0027429562163520105,7.712279090299479e-05
0.0037125043100425525,0.0014164690304876437
0.001799452628937659,0.0019497011477146442
0.00034216563269096056,0.0007326312751066988
0.015214481241714317,0.0003023341217924802
2.1625028808425206e-05,0.009856235627183962
1.609937183566501e-09,0.022478934751823387
0.00756746681238285,0.010831568697632354
9.681636361502655e-05,0.00015628868959838282
0.0020718415693852243,0.0003534530456064111
0.003084383282538239,0.005318263320672756
0.004025734633492761,0.006713413492174691
0.0005384478788802438,0.01141830291855972
2.3613773362463064e-05,0.005920140591733403
0.005318813804117251,0.009708329068099486
0.03822254501253486,0.011732338622842176
0.001069307473754777,0.036873312618326826
0.00013723717868530105,0.01033978141627756
7.444046664251136e-05,2.1524374824277714e-05
0.028515788632655692,0.06462294037757754
0.0030060299899320464,0.0018921225067046743
0.0036099353357859076,0.0029326299142191647
0.007889762616863027,0.014651932977805537
0.010097110836406187,0.008119323380775034
6.846116301018057e-05,0.014580635344192738
0.01580790693126699,0.015904536593401408
0.12072017151209924,0.1385059410986006
5.7106113708904616e-06,1.1297602076076885e-07
7.277606012034976e-05,1.2395594915615149e-05
0.005490743026783762,0.012221233130223497
0.02161112513489072,0.0021666237291383394
0.020086741511033623,0.0014680308821458654
0.021303416628283056,0.07902886920693564
0.00014122707488961606,0.012316584239943307
0.00022018593570716227,0.004808243223487607
0.0005508170473836893,0.007654039454190187
0.007368202125098922,1.180549390356056e-06
0.01210710426767736,0.01584077388141114
0.01025658134448204,0.00978590446337091
0.01363921953530045,6.924863966617512e-05
0.01388199964085568,0.0005799233586614161
0.004202003052729886,0.021086656610361243
0.027875614911868074,0.0011028538192426884
0.0005226747057130998,0.00505999788750533
0.005830355740198301,0.010274616568002881
0.001382231153575053,0.00011190500840341233
0.003871288028065356,0.011141595984923036
0.013523831470747094,0.014498675892940405
0.0050873432158452525,0.0012675897823632987
0.0120597837212858,9.067448472321882e-05
0.0642441938929198,0.0014525628296662152
0.05457957436173888,0.0016371898572086208
0.006838864703261449,0.00551390633110338
0.0016757321769304,0.0007848237825287541
0.0014336968527901561,0.0022961531781375832
0.000291900559383218,0.0007821450844200939
3.748782192491973e-05,3.167904280465539e-05
0.033615539141993334,0.004983833264340487
0.04114552500064639,0.0316648576543167
0.0004846103999306406,0.0008938728495707648
0.008487609719002087,0.0022850529010000065
0.007194165197065394,0.01809123449281158
8.979962746069603e-05,7.14647623056841e-06
0.009907325317938476,0.0023624857886708206
0.0015478823077564874,0.0005608592012582569
0.004368391672807004,0.0027051663265036385
0.0028509280744807297,0.023935352176882918
0.0027681921390848574,0.01427722904812967
0.004163367564124498,0.006892900286991965
0.000759325083056761,0.018248668556795966
0.0007619913084233598,0.003496638405588004
1.0440377792297895e-05,6.012743150773936e-05
0.0013683979416196923,0.07069423316916201
7.877361009656081e-05,0.009968626690424198
0.031872597752611975,0.003888950681028347
0.04546639456725765,0.013715878743206678
0.013470783701088118,0.00020200317501251064
0.03949915586670305,0.015327068280754697
0.0024056158022791596,0.003087529620163343
0.008998520150660938,0.0007130889534325835
0.0004567705443274672,0.0002114472629443087
0.01757617099468045,0.010190440116994104
0.0014428842457892,0.00018602539615852898
0.00668055838475945,0.0014696050302624997
2.370091389858331e-05,0.0005866909246288188
0.01290902502187874,0.005703961640811772
0.007889647886460294,0.0013741746184080528
0.004742389291486848,0.0008105105917661781
0.0067403918510898775,1.7315061631162365e-06
0.002414937271361439,0.02701259623887342
0.0036107016402832093,0.0020307658520333227
0.0005187145613787525,0.005916075049723246
0.0025247376256155585,0.018301840259328794
0.0007547490759152176,0.012153157862744846
0.016240476446201635,0.04516790051874264
0.028686137820119306,0.01774741209199382
0.0009588132804722038,0.0046146684467534005
0.01075147098865803,0.006655366564968346
0.004837185123109378,4.749268005976859e-06
0.0023545817999767182,0.0002819439338134222
8.65765063692292e-05,0.014737275340905964
0.016497290341266457,0.017079749258934185
0.014589845504165977,0.05005797360686248
0.0015068442054682052,0.057348017011426444
0.008754383013471534,0.02709691950003479
0.00041313217223792886,0.0062938468420991045
0.002302740889659316,0.032275754905849774
0.004352787763698185,0.041135972203982685
0.00018943089210576858,0.02452545995618083
0.02346451792697657,8.564050379966659e-07
0.027763257898564264,0.04028930799578556
0.00116685343200984,0.041876767101459156
0.00022169914401592994,0.014833427640221664
0.003926866181570676,0.0024762218479553733
0.003644397304521041,0.01017878555985019
0.0031581402160574257,1.8330962146650975e-05
0.00355287760931855,0.007306742572645408
0.006845047369460899,9.891347608759204e-07
0.0003551654858914288,0.008113458117468886
0.04899232058855718,0.0005584006275276554
0.003997817321871766,0.0009114120510884671
0.001670659075878711,0.018181043220975357
0.0005276150590064477,0.0008613825859847823
0.014590150800860902,0.029428602833858286
0.005205945075010154,4.985484241770699e-05
0.012644909937516213,0.0001666915549337622
0.002031215128166286,0.0012818868906817604
0.0060893327847469925,0.13904814398229004
2.6477525196577645e-05,0.0023655244964091438
0.002281810090895786,0.001659943626392657
0.001685874668538645,0.007580163241898141
0.01128784232796376,0.017139624423437194
0.05425537002383829,0.00038588009492723785
0.0276610055871791,0.013972125537253355
0.008771075897482605,0.005703451478203836
0.0010181295753681763,5.4742975526544946e-05
0.007462427510010028,0.0008591236867211416
0.0038077659151659615,0.0019701616023352075
0.006107144879013204,0.005095289903528477
0.026884389420942956,0.011685599838410221
0.008102438958702884,0.0011070922524141213
0.013976673495072589,0.04619913350533311
0.0006186055482915176,0.0013755425188566317
2.6817387929534142e-05,0.00019210835193173015
0.00783865935420669,0.001203060644751952
0.001146936919299013,2.040571742800701e-06
0.02120151864009756,0.003323420039266667
0.018226570419126786,0.0007452786126022071
0.0014322406730993276,0.0008346237568914727
0.01886509895533539,0.017276972002474134
8.020368074457274e-06,0.00027296821529820825
3.932454542010522e-05,0.0033072858128627702
0.010522962836360783,0.013849238677585474
0.0015220824559718515,0.010848321712039088
0.0011700823755400602,0.019521592029907553
0.04060267746396162,0.018353505352133093
0.025998664495202273,0.006841938657831337
0.00020954619305657562,0.05154629068092165
0.0007153438473801454,0.007575076326400199
0.002724433799437098,0.010011606866471512
0.07858867851303453,0.00328073066034007
0.00447761314209838,0.014882426754989186
0.0027370208657019335,4.625689723025683e-05
0.04184795091328353,0.016974999925838286
0.013393202472153476,0.009053578882913027
0.0026320531266047498,0.0004876419836470358
0.004181626907449276,0.001826412836077762
0.02520792855827081,0.011743217900008318
0.008523499345569951,0.01420685742417771
0.011537280762921043,0.0003329675512955266
1.793240103398208e-05,0.014617960043978973
0.0003103668700834561,0.001964711776088812
0.005641934491281586,0.000276536593774912
0.015304386140649773,0.0968819027568949
0.039783786010228805,0.02150228325702963
0.029132012579382027,0.00017968903851317553
0.044277069766777255,0.0009838778787900626
0.007291991771844919,0.02092483717957838
0.009312131509244814,0.001217372697208008
0.008782385884065547,0.009399224257091054
0.006713801411355358,0.0013432092399124906
0.007059828918384081,0.0009705445172687455
0.0025879437522847715,0.0016385837146881688
0.0013209641849549758,1.1164738229929583e-05
0.00262855421333974,0.00020496783764556437
0.033280286908699,0.010165738440278349
0.001957564149227875,0.010426475839682148
0.004488541133066959,7.716693589676638e-07
0.000622123829058685,0.04384586295283377
0.006201248093544165,0.0007002031440465073
0.0006371678284353699,0.003809738340814217
0.006612941572651354,0.0006435766446032387
1.469587567304309e-06,0.010419578266707252
0.019780509315740047,0.0007890623140857089
0.00011373456142149685,0.006022321437216482
0.02906739275675041,0.0007618482332403254
0.028339145007890032,0.01169254559007693
0.008500983273189155,0.009328385352138313
0.0015670644825017677,0.03119057231585609
0.0023567583703898443,0.006735874003221842
0.014580873692438878,0.0003681081029355271
0.05824580673519408,0.007947578200652394
0.0009460276871634532,0.007611070705178746
0.004426991723409657,0.07845027371096935
0.00011959980619202781,0.017278837251390677
0.0054935833770581866,0.0017054486325475127
0.01254038142416547,0.017666906999845633
0.001787837457950081,0.007025496190690705
0.007016357231413917,0.00322579261355338
0.01142832012197792,0.028594590056399527
0.0018265601016129729,0.005032484332368026
0.008449363585085412,0.031683828026143
0.026081783747544773,0.000303727515358565
0.043004530858483325,0.006037754889065328
0.004205770609757908,0.0598684054140477
0.008612505405135473,0.0001399450334584884
0.00013512832261253216,0.0067125532791181275
0.019321701036258743,0.001909954473759412
0.00037049023038782103,0.0024972630260622353
0.016045432575313767,0.014125447061566598
0.017852115273857105,0.017706971992562215
0.01171578758834757,0.005681564727760935
0.003326744683685545,0.006760671028687493
0.03125597351014853,1.1573461657921058e-06
0.004255690198392337,0.024278162866711916
0.0014757083568416318,0.0010769062770983329
0.00019548790735202104,0.003591009582088578
0.030669303080417487,0.0004124814677984867
0.011632798242400155,0.014574988918158338
0.016456050251522636,0.0002566396651560998
0.0011925293452120789,0.0030001023496625256
0.012133120161373467,0.002384520637640719
0.05861477672893167,0.06608775745728757
0.0018698279696329756,0.01635772848615602
0.00516871684682596,0.0031359444266836345
0.010751870631790394,0.016612522643144945
0.004545054818048899,0.0037042976012767737
0.013962486655892614,0.008445661915666314
0.017156957401000317,0.0032359713780101274
0.005435755235530304,0.002426522835332623
0.001315611366904168,0.027199949111632038
0.029251956774463794,0.0017726492192974286
0.0016811722993376188,0.0008118515409688554
0.0031821130410867315,0.01666055723928861
0.007445171339051537,0.03974853948220314
0.004253520228866936,0.04247490426246703
0.000767176980818518,0.004749842950024119
0.00036012647991889857,0.005371226628600123
2.08787242272912e-07,0.011259306951466375
8.685334475933004e-05,0.000373509338858824
0.002118294233788953,0.005862531753474953
2.8880217883830994e-08,0.014852828587028744
0.026162813902605664,0.020425307659130976
0.00926023769021922,0.0022577430859267444
0.0016061902419919338,0.01322327352630115
4.641872689759019e-05,0.004244443647400842
0.03763512519319112,0.0020904062562052683
0.0032958646491353383,0.020252460992490007
0.0638894392048438,0.0035042660918653823
3.681103281150122e-05,0.0010018557096680425
0.00482615993587332,0.0034506895043615593
0.0026337528652160547,0.0004172661310674064
0.005241913614706606,0.010505980391481984
0.007434259169845969,0.0004385514389021461
6.103568537185744e-05,0.0003626134964297423
0.007465964146212922,0.005323719114284975
0.0048048558117481655,0.01712583109110455
0.012664066190052892,1.5947663894011477e-05
0.008096723603393974,0.0004670665223237558
0.004854286737937863,0.08658750432576245
0.01625958877157474,0.000955284693366365
0.018508700599949468,0.07511029940780767
0.003142898379504211,0.0013942412068362886
0.009224181054338865,0.0014111399591094642
0.03501448551010544,0.004068156506892184
0.009901807684141839,0.018173920164809898
0.017351937336821388,0.013124172864548811
0.004977186277392964,0.05316473121994758
0.05195330959676547,0.058298962420895495
0.015705377156371436,1.7472037701193877e-05
0.022362427142858077,0.00423530541087247
0.0021029480319505467,0.005641353397896731
0.009949229032404028,0.025247236618738178
0.008564652149663066,0.002720316126389788
0.052893383708859654,0.004553717253523826
0.00016478984544754383,0.01591522070325746
0.012006085323405413,0.02397529217783545
6.290270515907359e-06,0.012343781821775535
0.024842353097760617,0.06664872280092415
4.676868182362792e-05,0.0121118632064523
0.011084663322339261,0.017393111151258744
0.00012366086573356583,0.0003050955144803247
0.017483890697183813,0.10576452369802314
0.0017569999255335755,0.02012529547993913
0.001362568661384178,0.00026641972955621096
0.056127056663286545,0.00010549946705795676
0.0029604448911143555,0.023236023876247458
5.586674140256598e-05,0.006388309364126932
0.04397937409257224,0.011056349144747735
0.00020163639428572022,0.001694803557506841
0.013199043913436181,0.021130532393448642
0.0015646312317680877,0.05812706990376204
0.0018459352248726413,0.00012707644493958892
0.0020367140364732084,0.017984509210081212
0.0013328527959266534,0.00011362112631674304
0.0025263559582581196,0.011163609764616056
0.08935991892946182,0.08473470398258753
0.0037041551790633065,0.028693726941748654
0.03783681525883653,0.009517244274185321
0.0013126556524244437,0.0127310972425132
0.005489174255086882,0.0013246288651173055
0.027851780511890967,0.004441043703740322
0.012733029035888355,6.638134792313899e-05
0.07875017881274182,0.0236914867651411
0.01631235530607722,0.00857608191526138
0.03590053905949664,0.015925834705125097
0.010834236699461708,8.704308894880164e-06
1.9679824582619077e-05,0.038354984521505875
0.012084069387657048,1.4374892192803301e-05
0.019445756192241537,0.005669305228193533
0.026900595673856942,0.0005641310595876359
0.0036981467986052508,0.002310700716198988
0.010729296274901934,0.0007596181061167995
0.00015337426970529755,0.0005399414713715966
0.009272274561601623,4.64224234275612e-07
0.0008325558693561552,0.00019859667579802398
0.001693660461342228,2.82968267752981e-05
0.0007963702716207166,0.0008601401400984976
0.005862797600801994,0.005506318663103138
0.0041731189740695784,0.0009193527437303395
0.004168846973100715,0.004772094783396463
0.016152983636095408,0.003644935565253693
0.0010863165818981724,0.0025266880847220063
0.00841548156680183,0.004317503909944342
0.0025859442119837706,0.003730455584808001
0.0009679493861018962,0.0012167990497260472
0.08680908266023513,0.009349043045597027
0.0028632665962075032,0.023109182969321074
0.00286935211644479,0.006832412293809043
0.004255225105920468,0.014341340299177663
0.005801529543481343,0.0011755542200747593
0.0044245648011428385,0.013974580530485947
0.01010730591104092,0.009125690485597304
0.03060943723467946,0.029832355736518656
9.037102488340665e-06,0.00011021240704178759
0.014461832269749286,0.0018394914990274014
0.002617767142832683,0.009811321176487864
0.010941026951181931,0.012508071366872708
0.025087591439231782,0.03507221474183775
0.0016700774907068006,0.04956169143483513
0.012280628924947523,0.01163110697169234
0.035424108500308416,0.010987405985181886
0.012052029216132687,0.03876745672204007
0.008438960483873714,0.003253433939320871
0.012225681173492209,0.012162536198387697
0.0006764609532307064,0.01921920986777015
0.0024697589014697208,0.01623799613561472
0.05531446815126584,0.0018522085184542458
0.0019226319160204897,0.007284186406684046
0.0015927029699710493,0.008832890999093235
0.01814858867783653,0.020579094483788474
0.02812745961947294,0.010899973800640561
8.985694540220024e-05,0.0014340234733049018
0.008469376901554915,0.015633085836815885
0.013322004914623431,0.0015742235022986328
0.0011807551839382313,0.01681732309091677
0.000754280777896077,0.016198421377963013
1.8473232620275226e-06,0.0008943933611248456
0.01579725941836585,0.020671652982779287
0.0012508585750984347,0.0068304253777417
0.002362448652143301,0.00035390200449270104
0.024218853439923693,6.272211091395974e-06
0.0007868702030887631,0.003990816579786283
0.00875407283884111,0.027632607108492135
0.0006324750117220335,8.889288451130462e-05
0.01907799654047304,0.00030376277738120017
0.01588252924914546,0.005380727835654242
0.01179901635451197,0.02174649005720719
0.0016970323255165454,0.0003105080408445371
0.004642230041608131,6.213039168578849e-05
0.001062117584220812,4.313436769021184e-05
5.144956330005446e-05,0.007551227600009147
0.025317738741512552,0.0018170654042091172
0.0005812156217214204,0.0005268837824113914
0.05066776568050646,0.009159121981445417
0.016397742155418782,0.022852371780827663
0.0012914326394822817,0.0011422827039375694
0.001533616177325725,0.025447298865719392
0.015172964997913652,0.009381654939808137
0.004984000354482876,0.005022759318872305
0.0004522825157747823,0.020799524479396925
0.07141558551977423,0.0062543874338136796
0.00036500798660632494,0.028696626199289033
0.036738954911342714,0.030425197496453338
1.2864113193788995e-05,0.000642431663156473
4.510298500426391e-05,0.011182680694523328
0.036465171849287326,0.05115487076392167
0.012022905924580662,0.0049921900044729295
0.0007247594635781951,0.02478635913999716
0.004686167802094188,0.0012153144563014084
0.007378235148577605,0.00305759479398926
0.006229617822440137,0.0424006174983651
0.009821942920993476,0.0003963879585604513
0.0038649129273664595,0.01891221182343361
0.009816416930221838,0.03082682991334429
0.00016855051733166704,0.0015142240596068834
8.041830343452627e-05,0.03122305105997092
0.00676593073696008,0.001465783006285526
0.018058239921323826,0.0019962263207562447
0.0029303001203497825,0.014544185866837145
0.002277720803072647,0.01657035683674901
0.0026712568726146024,0.014888316211409292
0.0011849862817325807,0.012551935652413304
0.0014981097353312656,6.418268053698384e-07
0.006596255429523468,0.001486825350082377
0.003013405664509028,0.01406450447167995
0.011348074495328153,0.009130819673914381
0.00816839882693865,0.016225788429722776
0.015322986478477296,0.003918797437338917
0.032204498424273975,0.01552858479321384
0.001687577488406089,0.028513951925391523
0.02689076586796546,0.026587616570842965
0.002379322982524412,0.002982423959721592
0.0759707339741369,0.017960118334497177
0.0006725365156061702,0.00033072694204483444
0.015033574012115913,0.0068394028257906525
0.005312805982569224,0.054049067535844375
0.0004004296254377371,0.00691939891761395
0.005011966345049634,0.01300402002879908
0.012234441856276868,1.1046496103950254e-05
0.001638089960153799,0.0020792922156345206
0.010165780933361401,0.02026383839950563
1.911697078760266e-05,0.017254659346558454
0.10828740119759428,0.0022065314935701963
0.004764427711545727,0.0017002664555638702
0.011237769062401926,0.0010085462615807561
2.247695429180574e-05,0.0016217651304125669
0.0001759060157343617,0.0039374918237431444
0.03719763317913183,0.0013625730595233643
0.0008153021569100583,0.008006543491572593
0.013289439347459409,0.027443838466718384
0.016290349817557614,8.17390603302659e-06
0.0023847046885121514,0.0018763916174300288
0.011017658834084676,0.002741967534409695
0.0006452899322026973,0.0042845718418134116
0.006701233399463047,5.806454183021614e-07
0.0037335413397125983,0.021619583040983215
0.015105643346669861,0.000683169055004651
0.012085279323873599,0.00045581537012384654
0.004276332250627735,0.0025060300597353757
0.007321638957008991,0.0004613934250872198
0.009886272217217607,6.573743252191733e-06
0.0005493059654388954,9.58921411982061e-05
0.0242721615365189,0.0015385117163351225
0.03770466456530219,0.004871341873429302
0.014735585535432971,0.008323270773229585
0.0007694164781950619,0.008401208319143927
3.828252612536609e-05,0.00026778403407135
0.004370297211152452,0.0034264643274984907
0.0067122498803796615,0.014788448892764872
0.017789533033507277,0.00047726564086425505
0.006367215466703491,0.013946965474092021
0.0008057896959710042,0.041448706140895575
8.597190977455149e-06,0.0035637937281048915
0.00047428441880881245,0.020546186200185113
0.00036829640059976576,0.006091941967619308
0.015244740554698932,0.0016791412694029395
0.013178638958083355,0.0023767259297506893
0.0007472914504169648,0.03194104780744944
0.0010193578166456385,0.04258959513126748
0.001672419307248374,3.7350469127339636e-05
0.0028279521814312814,0.0036794523080573294
0.045619487946652826,0.03857187755763403
0.009990596964744913,0.011552534910522327
0.0007336148764307548,0.03327317956139908
0.00038256486905230425,0.006288441726191918
0.0035948794807348916,0.011810358931090836
0.04367217977749638,1.5395467645173966e-07
0.016253303003565867,0.0644960727175653
0.08212212314463896,0.01126042345130851
0.0037957375144062055,0.002882267361362212
0.011728528249704828,0.027518583378429606
0.009377572626213415,0.00037453736924786263
0.007032617073263081,0.0008213806943837554
0.006029586409486365,0.0014492545107008814
8.899104931403556e-06,1.4384507071030228e-06
0.01877225085896783,0.028500648411459606
0.004980628499006046,0.021123570570370065
0.016457599383511545,0.020820078686573873
0.008603190234991231,0.0036560622016842403
0.006147282411432586,0.0314611611773602
0.02849495313423067,0.006550233991013177
0.01731876957564482,0.002376290357738675
0.003797256126245707,0.028154654556787673
0.03092750061227567,0.009305716245161078
0.013654043966107032,0.0005021818112469489
0.0025580322266346434,0.003968487191017278
0.004712621609593626,0.017986390258630802
7.132302803980473e-05,0.0179465277077685
0.004233340700498411,0.01610274435502801
0.003884490056548673,0.003393944471929422
0.006891427436521491,0.021841655228257317
0.08413340665471858,0.06204917254072018
4.9652343657502485e-05,0.0020985310500337695
0.0006333881008206976,0.003370445588869453
0.0005615136317551617,0.0269593438380068
0.03129042991284625,0.007840207995084003
0.0007434127713907834,0.00012029672083013754
0.000538104268277495,0.031348841267709204
0.004283548279017779,0.010504654484124298
0.004387903561110629,0.00519705500446499
0.0165476645256718,0.004956130897288968
0.012613216065379462,0.018098417218623042
0.0018225724025398016,0.005907931115378906
0.0033030855141846782,0.02159363240244383
0.002094871995547143,0.000813952380258387
0.008131781045689457,0.024302648168125218
0.021056873701454704,0.019742296530743664
0.011854112952424445,0.007698334121971295
0.01854776328641705,0.0015678675589871904
0.0009932005238523223,0.017398213303119192
0.00583240655913031,0.0036620297175012917
0.0032653939553756173,0.021193374415171995
0.009716648788383742,0.029811904134760647
0.021215790559884096,0.03007476226164507
0.0007250333818217269,0.031116082730372807
0.0028864463239479665,0.0008418973812895914
0.005592777569564555,0.002656731327295825
0.004899101294675412,0.005418051872608132
2.9041413800112714e-05,0.000830500661916922
0.0039275917775078995,0.0017497431828941146
0.008174862873588484,0.00036506927107216036
0.000343341587143442,0.0044965389204632
0.001320755942743057,0.005108337028217447
1.2104201818630145e-07,0.007752164697358954
0.005227093036892394,0.015206311561978936
5.925901622472196e-05,0.0016899186692783674
0.0005818103375967443,0.0010137779246218726
0.011939679453565666,0.025829798787404767
0.04590312353099946,0.003305715427489364
0.0005071023326688184,0.0023901886946759987
0.00217073709101423,8.471620369177035e-05
0.04653510360568813,0.010436853871166663
0.005553033158857024,0.001790908251308898
0.0016807047088518434,0.0024659247279233965
0.06904217014154879,0.0017102302149543114
0.004079639863733164,0.0002474018926663657
0.03875350160060986,0.00674871167164337
0.02007295437844525,0.009442967958323334
0.03188075104773613,0.02310426130313259
0.0004180856094617713,0.002841716155844498
0.001272841871416075,0.03350692338312644
0.004233404355168613,0.007463431581151925
3.177922587305204e-07,0.0013885762391180334
0.0016852498113487657,0.0009342027255592189
0.009343802827581627,0.0004462286058750653
0.008235907325096825,0.0009631638173555057
0.009612788012452689,0.00034692989833173815
0.03757481834017218,0.0008636639327883611
0.007132754059273716,0.001116811143691776
0.04457778333690998,0.013307219265489834
0.0044978586375473695,0.003015224836641739
0.06071986003303187,0.0016093340993376115
0.0058272245354609176,0.0020134807409276645
0.0015674951983898344,0.0016554915280732052
0.005441551912872988,0.00045633803987188415
0.018948302507641457,7.087714859443928e-05
0.01363367578933361,0.0784852750606091
0.01287766550104541,0.0005836970964386845
0.058134299750012386,0.006012541849635955
4.4932451025769815e-05,0.0016565503058438846
0.009278893957285206,0.011398144669261479
0.011429633150354834,0.0012169949950008307
2.8216110448120446e-08,0.016763525150993552
0.0017555416118522071,0.028579550755364336
0.015616146508093398,0.009630011247250936
0.0005112846439514485,0.004995247225623278
0.03225856639977509,0.0007709473848801496
0.014986544874137087,0.0091277545133015
0.0009473216298457876,0.000767801113484512
0.00045148814605178167,0.00010772096753342009
0.004033313265072613,0.019442527156992018
1.3242517630240869e-06,8.052968798011317e-05
0.007678930496715863,0.0006845320349928574
0.031134547700966908,0.00792045963110255
0.006171241081561196,5.7778471952651955e-05
0.0116123887822831,0.023327697264269975
0.021688567443855722,0.05952708445994437
0.023863909647326875,0.008740086698144744
0.00092828002841161,0.014578657754399371
0.007845783140988605,0.0001857040706151336
0.00012807161220995678,0.00020880379808896343
0.0008697558628630864,0.0006374824131036849
0.013558711001988355,0.004830665428441461
0.01691967414716411,0.08442790730328498
0.00473051101189681,0.005646360872908929
0.019752824765137178,0.026095381824475683
0.0005112484117864025,0.01680422255110503
1.6249300811232992e-05,0.000554410971013608
0.01531976453258177,0.004503961565765713
0.006904867620234345,0.007586174190963857
0.019679747588460805,0.011102313356471938
0.010664304667070246,0.002316297420068225
0.0029207521852162577,0.0362747482278879
0.011063956514501316,0.000984104275706832
0.027361331863674954,0.009554532688680673
0.0170019741789188,0.008916671922145292
0.0002466277108541526,0.0056441262680265725
0.04046505200607364,7.354664718139947e-05
0.0024395680340980608,0.009505192295190645
0.01167247452174569,0.026724576686323553
0.0025606807838395307,0.025862585956714423
0.0015811312964850721,0.02316219660451746
0.10156122939149503,0.027570914325015572
0.04955827167751459,0.017099911770065868
5.483469961053977e-05,0.010714288538374195
0.020785305260158315,0.02076920227701462
0.019438866137311717,0.07705937780727479
0.016453186043345558,0.0014697998482882113
0.0006587283654692078,0.00035523279708071787
0.0063214164331995,0.0026235103754111977
0.004403285142396518,0.021687854284593966
0.00019485292358301098,0.0035475459279390442
0.005439145225463737,0.00421726000229472
0.0029001852618597557,0.002544625049994531
0.0009970733466045933,0.01674383888299713
0.046301011871920594,0.007490087182438265
0.003584353330131518,0.00036059307433544685
0.0020036579259625764,0.0013925000002461552
0.014891805789783108,0.02023790875047171
0.032351220555345894,0.01193101180559275
0.0044310577758478464,0.00014127337786695726
0.0005388160222661309,0.0033343466975747083
0.0015741790314125481,0.00038481284890223844
0.037982921914948675,0.01670327258922344
0.007254940778943952,0.01401044276458785
0.012093986768857867,0.00017377400663498577
0.00046793405267675503,0.001801047599376826
0.012863320860946437,0.0004779632559623881
0.011012966402091595,0.001724127462733649
0.020461230718647805,0.00034643801892042525
0.011158818953979854,0.014482655421909074
0.0001300481364227002,0.004334299640830097
0.015125816384452206,0.0025554955259999845
0.004555857263916274,0.013543453678224182
0.008692169322168986,0.061447261142322906
0.01562674766544303,0.004290054062043525
0.004072577431652458,0.017467750482218825
0.001317202853797439,0.0007620137943308292
0.0007643033575603919,0.005957257735662802
0.005650616642852935,0.021313473154026652
0.0027708576263451024,0.009592999768524013
0.014632043081211799,0.013874944607447648
0.0004435824449827708,0.0011849555567496894
0.00058752440944565,0.00028374385651819267
0.00044316672322708417,0.015073096111525741
0.0005142835658104028,0.055606918365567415
0.0009235128657347769,0.0006214355596667609
0.04371872296405421,0.05395547354945229
0.03688500939848083,0.005267041306402542
0.008455329267246903,0.0042244942109559425
0.0008764990580644172,0.005547694218337007
1.978871990271358e-05,0.01754998169172839
0.0027971141101610364,0.023745634620655154
0.00061886424279467,2.7951859756458752e-05
0.003711600304212581,0.0012894779924267352
0.0020357229394835086,0.0012303463081518862
0.038265626578118606,0.052275280232232046
0.0005667570997116567,0.006786473084752553
0.001050842736242008,0.0005819951443495341
0.006917233202154982,0.0014974596675860763
0.009387326522069861,0.009360492165052747
0.011829977661121038,0.020692467256788305
0.003146104190855148,0.018592720266623286
0.001170918917486885,0.05700281071208613
0.0025581016374426335,0.029203199670719382
0.0006511289564411493,0.00013062671346186772
2.6738984911789387e-06,0.04151356018604735
6.020501100378883e-05,0.004128682715708654
0.01659948031258207,0.04060419586053721
0.004022429594557009,0.022580006360384375
0.041667017393084094,0.00010890392598517096
0.06644748809293743,0.013160117449437347
0.010450140145631281,0.0032349011924023285
0.013735990979586887,0.03232260444649293
0.008114429437774073,0.0011524004049170422
0.003872744305358,0.011786262349222087
0.006194548405645706,0.05291042099157406
0.06659124641115477,0.04072305751912619
0.01785260446317216,0.030534951152563217
4.892495964403665e-05,0.0016251013282759796
0.00023043266161604237,0.0017295410911858378
0.00011119341195475752,0.0013655741065835558
0.001823666375179167,0.026434335318250568
0.0010801580838670777,0.004027881207149697
0.0043659429481676115,0.002126081861972051
0.005112077589204844,0.001487361836655432
0.0032940824526265233,0.0006243076780226842
0.00032141606944879886,0.013677405582132929
0.0019654653655091225,0.00069113508718599
3.278143124207933e-05,0.0266705085898733
0.020030424815033254,0.0028746903053367134
0.0032671350800709265,0.036293033276888154
0.02351271644024655,0.007887055407425514
0.015866381263830553,0.017948131041706672
8.911546982681706e-05,0.0009891108420541084
0.010983264287956707,6.807164509070596e-06
0.011034611518715765,0.019636579866541215
6.279075319060023e-05,0.020886630599301625
0.0029221941899499893,0.028136507249199805
0.008754169522980026,0.011906526984734711
0.0032651197581032854,0.0003999233479705655
0.007983597467783654,0.005788280566664139
0.023741915790829737,0.0012578148663145994
0.00012494029944498664,0.004455380375239737
0.013786591699522899,0.03296719553748362
0.009096611390868148,0.005085290115409813
0.005269024499219954,0.02315061949471431
0.031716732412764626,0.009117078531407419
0.007150060491634247,0.03318933671276991
0.000591299280299995,0.028136384303994122
0.0003324304932524891,0.00035846147296014763
5.450895394953914e-05,0.0022956578662952642
0.0009702045195458808,0.0006327025749279791
0.012113633131162427,0.004959538946197828
0.0010420366231257416,0.0008391059762494768
0.024143895725346254,0.027702875948649952
4.101989031246589e-05,0.002524272017818907
0.0070181510575736405,0.0082219511280881
0.03098464206668916,9.921189673622877e-05
4.121021979219819e-08,0.024357291558146588
0.000915912246012951,0.00011540191227465968
0.002609937004855567,0.044328280262678876
0.005202806894831213,0.017736304237746303
0.010413830015603032,0.01377255218613227
0.0036908805857432947,0.00015832842102581068
0.07153120722103357,0.043391428183065295
0.024416449261514317,0.01143923212198561
0.026062601964560228,0.034672814489647874
0.0111747194029993,0.030965240104448677
1.1068719638629432e-06,0.008369564430165344
0.005835739029851017,0.019130290013896878
0.008607358094829709,0.00015611011292737675
0.0055408229927691455,0.00029102050225293663
0.0052342500664041,2.276066768391871e-08
0.017300715210213813,0.0026605132061217063
0.0352887372927857,0.0650656513866339
0.007938793875258643,0.01769424496884453
0.004198380375249333,0.011428597013164898
0.0027592665813084283,0.00702180169531641
2.807620315126158e-05,0.00018493960432308665
0.00024532598203075295,0.02614502706599342
0.0128449743596879,0.007321863795769157
0.0016418940907060309,0.012662820294900401
0.0038873945499349194,0.002023426024071573
0.0005587551822379133,0.0352368587515538
0.022115377345404363,2.0074461805075217e-06
0.0032491323152559204,0.010141796227167044
0.011073906177877624,0.0033583989669031533
0.01624742595323181,0.009719401672105277
0.011405490223904913,0.0011666977148547808
0.00045270555929133316,0.0030345154495150517
5.162615714604524e-05,0.0011121648207323975
0.050523184171820334,0.009244693041001284
0.0006505216233680944,5.075908711238419e-06
0.005083533726873757,0.006259769085331213
0.008485896792526981,0.005027016018676389
0.025817525200664715,0.021897467875335086
0.0017790330902940354,0.00021325309261022163
0.05943198490166457,0.00907690686682805
0.0005688952603827291,0.029704338863047686
1.8667022710694425e-05,0.021523780351694444
0.01513715089907497,0.0037200607111679274
0.008181492370640808,0.00024354589250608072
0.08948250887966369,0.002946428886322572
0.02221260977462336,0.011518059502281575
0.0009692683002826552,0.0025818608670218346
0.0008262797783770148,0.0002565619650213291
0.0003852763466916098,0.0008156565231727253
0.009025784827210948,0.00020458796560118842
0.0291048432088985,0.0027739922641352166
2.9533711155771414e-05,0.001265861855962891
0.004982093368587237,0.0007800137589768497
0.024292025655788696,0.009786052851077476
0.0011346351431269497,0.0013706622505686994
2.4258333142235244e-05,0.010065233119478156
0.002295285733407204,9.418192341570375e-07
0.04181819920715113,0.0014812768935507092
0.007025498914871475,0.003798094850654965
0.0005331126487005955,0.012991426902648762
0.000602166399573667,0.000506002983300502
0.005621269729170986,0.021675233686647588
0.011126836959546527,0.023674212392279514
0.02408996309852307,0.04964601946942426
0.0029608572456197857,0.00283586212519904
0.010810873827750478,0.008946438557476899
0.015349109548087103,0.011971901066652468
0.03370390824123115,0.0034958824460039617
0.001792872929567646,0.001993341977086671
0.0011432434626841292,0.0002534305062654729
0.0021388560532920042,0.0018435854171048316
0.00034160187408682763,0.002573055627130061
0.00013120030459734533,3.823304540528927e-05
0.026439707930741796,0.06472838068089737
0.012280697151052178,0.006684098243669334
0.0200760295653577,0.0019915587356906794
0.04156963546830972,0.007794159902530184
0.00043332818484353997,0.0002820631722141309
0.007523447971596431,0.008795794070160956
8.207115775316076e-05,0.020728232707344363
0.000709642738847438,0.034423004054375705
1.803421006796313e-05,0.0015649278612290818
0.0005866790619302176,0.0006213918577038235
0.002070117281990136,0.001120117588210845
0.001986824364135553,0.03719275852271864
0.017693376018529827,0.019060706717223486
0.0015702744936947344,0.011924689704181035
0.003998372083304447,0.0006137172127447243
0.006753064741755854,0.0011042377723583519
0.0036157992505349013,0.005486573571889197
0.03704425772937314,0.019700938488376618
0.013286976337773981,0.055989008125617135
0.0007650944787044311,0.0016458416477364013
0.0009073158516943458,0.007872624536303774
3.670723136406373e-05,0.008367900049478183
0.016162577298028835,0.027578098345394042
0.023606018332590795,0.0040995160551329235
0.0071929045233550815,0.004728406863979462
0.0010165633214254122,0.0020981831870023893
0.0020078715783627965,0.0001969386482072455
0.0019421938306185549,0.04454533723815379
0.016362782403098297,0.004228636349011272
0.0005505637159973764,5.531024981242361e-06
0.020800533010552957,0.0036445338347508294
0.004071049365420798,0.0068211379064710975
0.03348604670444466,0.010870959858615525
0.00016734362147075021,0.020152186007728057
0.008605721404928102,0.005602632041277644
0.01856604950342733,0.018953894690022954
0.018123963987453973,0.007953918426760631
0.0018112987241737377,0.008169793736989006
0.0048983888444413815,0.026058214201877372
0.0042034125788525945,0.009288928136226504
0.0016683601412637028,0.007938460982511941
0.0021601813043604645,0.004359094190534263
0.016978679452234857,0.002555120955071266
0.0062228527935229705,0.0036282592875688247
0.005353996396627481,0.02554453557537195
0.003925725154439785,0.032591172944854474
0.00012046711637903051,0.015076894908484517
0.013395052227575088,0.0015060900888079765
0.015859997536864734,0.03421163989178555
0.013545095636909199,0.010130066526771841
0.01328078783805986,0.016872743136658652
1.5388701770424618e-05,0.022118163514895817
0.00019293772046458102,0.00047264436726901504
0.0019395453368593607,0.005026213924632428
0.0429858641824995,0.03641683121199879
0.006257443785559258,0.0005880258034599573
0.020001457076785245,0.0048315808298471374
0.006956792497994524,0.0010874006966880012
0.0032516739654024907,0.001710740532858579
0.023442063749689157,0.009757136103182185
0.014043445544747124,0.00027536082219448144
0.01749609385747264,0.0031038463678790817
0.003722912787542887,0.009434391417530996
0.006690704213267562,0.009611318971548877
0.007163962302152771,0.018882970323764958
0.035220573063977745,6.17401357219105e-05
0.01405039058336821,0.0019717606214691985
0.011204907712513812,0.0010698388405806503
1.6086448256791286e-06,0.0026402723950268436
0.01861854944835717,0.014273739724279366
0.00924771005091063,0.01784270217543127
0.01793067346261701,3.393849124666559e-05
0.0019126767060611005,0.0017223761420742667
0.0014311948376996009,0.01866528095264275
0.004493099813606127,0.014949677199704525
0.016611120435971682,0.00012446799901744132
0.033160622681321916,0.003564805036707086
0.0005862692467855091,0.0006237027405238127
0.0015255378388047136,0.004922601906545476
0.02964222966367891,0.012519316398731606
0.0008566252761587068,0.0064150292567616285
0.022989685143199767,0.016776758491522936
0.006195882869108216,0.007991962305565647
0.006009458486236241,0.003358889670005638
0.0011682370232430905,0.03411792656042589
0.018460662157904206,0.014532536392189543
0.002013787644016496,0.0022763014339249876
0.013161315709439902,0.02378618792283782
0.004434862475879764,0.005860425247344536
0.015837376182102125,0.01901083242324142
0.0014097388540588174,0.0013847746170201347
0.0026566330232568047,0.004647859221437622
0.04151108282884941,0.05598893697627827
0.006195971866397865,0.05263529819920587
5.678072658243938e-05,1.1140654953223361e-05
0.0010902820472764585,0.006918263048423801
0.008141264142622062,0.016678931949705045
0.0489795496431048,0.02712371739352759
0.0010458134407538289,0.001821079626755151
0.027018765396774058,0.0008230085579105095
0.09163362103448702,0.009805086808501784
0.0051712604458801215,0.005407782803800942
0.0049819430490373184,0.007932311564097905
0.019568154988594655,0.042523511906744194
0.011408156191558994,0.005180007834897915
0.008599465861248157,0.007142785873203383
0.0004536206154286404,0.0021989480610612455
0.004961005687460163,0.01857984776882471
7.962713192721793e-05,0.0021571880678151745
0.010757930688599315,0.014407572371125221
0.009555213369231597,0.008793634130705663
0.04241618454141194,0.0014608808164837672
0.01206686524698486,0.0012449763392698987
0.015789519610342806,0.0330279721642498
4.531190589496248e-05,0.021548242751123436
0.01155347585996025,0.0046722630383440045
0.01852597540721379,0.044640259531049
0.004971683177844355,0.005321924766611641
3.380967963984016e-05,3.7294332133619434e-07
0.0017729499104126578,0.031958002962256815
0.0011032930096206428,0.007455523251639895
9.832579000146335e-05,0.03587633318682215
0.019074756210718746,0.006410327163317353
0.006017540780341779,0.008644641608172465
0.011114264604511481,0.00996488290633124
0.006207313006994064,0.023539142103639166
0.030525117903890897,0.09391242190234628
0.03517731842280358,0.00024541877500938725
0.0009898792128051337,0.015667499101747362
0.0006991552538194723,0.00527555076539965
0.00042210300293721303,0.0011243842817829641
0.023100961981225576,0.013175093662308512
0.007205555987527368,0.021427600654969625
0.003640209691638474,0.032445463719489864
0.00019704029646228083,0.0009465979787084411
0.0022529604240987267,0.0008830149667857778
0.022110274205361047,0.0004047908731441563
0.001730880267528434,0.0007657777458869308
0.0030713817014295097,8.119241045823067e-06
0.005784733787166374,0.00021859989952921488
0.00613527242445322,0.07340211719504253
6.976131433378274e-05,0.0036767776724738743
0.07930052807565158,0.0002307801789371844
0.0001791912458032341,0.02342039226616477
0.0019565299873506303,0.0028814345449299505
0.014579559826937816,0.008845228208960165
2.767853732466019e-05,0.01086499741786684
0.0063968995717045285,0.024929724710735957
0.0003415848926312526,0.00020939952915211002
0.020478988336942505,0.01557295759443278
0.0010226771856021166,0.0007776367204614942
0.006141181361676407,0.006668271523101121
0.014705452578164024,0.017963770436079107
0.023113851147884334,4.3312623352109725e-05
0.00044700245408890726,0.01856572018324698
0.016124119196104347,0.039409486131210536
0.010845164248737604,0.0008191933189812817
0.0013628286638088793,0.0006297756425223122
0.004098154947732913,2.8788901740961492e-05
0.039023907241529265,0.02970148374089432
0.009998616012824812,2.276846177928782e-06
0.0018961930625047696,0.011905653866640664
0.005456000289541407,0.012794193529229614
3.237244968201658e-05,0.003654365228130896
0.021409394546101912,0.004749239434915564
0.0016836485155959924,0.032251795530668814
5.8175711021846155e-05,0.029867546439630188
0.005628032040767117,0.0025287899206017928
0.005103576512041297,0.00010088002724173428
0.03558656976212482,0.010803922369816532
0.0006052916067261771,0.008453353487676951
0.025120506532369746,0.01218356766919415
0.014521272788207806,0.0008557080108854143
2.2836257648317648e-05,0.005026072089793443
0.020291032701705847,0.025762337031109306
0.00185774957247542,0.010448317057373258
0.011493987678037776,0.04933144452013072
0.027365077207862964,0.06159845002185638
2.3885960353076108e-05,0.0001860549972875214
2.87628997897027e-06,0.014423994678171792
0.023719788039016754,0.07354049605553303
0.0060294453492750755,0.01194469681786936
0.014490354290272234,0.03369075605252447
0.00040849755365690577,0.0003087107738583006
0.013316171623366624,0.011624036307364305
0.0013307392606646262,0.0023778493149287927
0.00138814542921617,0.00740245503835224
0.0082331487906383,0.03288739384544992
0.0045482690376804635,0.019469711399137557
0.00017733606405834212,0.0020339836334262174
0.0023622671054851496,0.007521549750616807
3.727912324502647e-06,0.0017335294936220436
0.001747933629231313,0.002669873563701519
0.040364011833184166,0.0019631321116168055
3.365135081290216e-05,0.0044013457796415745
0.0018150338598034166,0.006318382957568813
0.0015136572591764041,5.104468551342389e-05
0.012702411986926898,0.014012819922411213
0.012849946271215162,0.05140021654894267
3.397636131041715e-05,0.014282562152321931
0.0133368167501825,0.04993705508989643
0.006892580001787385,0.002335799278892714
0.009497118601379917,0.01479083585065799
0.021541113405229018,0.0008584774151969565
0.013908887768635747,0.009858446519907194
0.012136613168598376,7.759557095887715e-05
0.003812768622117435,0.0007351225847507248
0.017000555629570813,0.010887659664354343
0.013856437159010526,0.024020116135813674
0.008731450100777138,0.008337123459725815
0.02140040467097415,0.0147070140446669
0.00427275340413813,5.862113221843934e-05
0.00010757899516078417,0.005815754141818341
0.02721296455557809,0.024701550399791272
0.05896789104958278,0.038954714405988966
0.001776934338108549,0.017519469600144166
0.05234283505227488,0.008334763227519137
0.014396574535272322,0.007573788665817371
0.00027075087728345437,0.007932678312981167
0.0036871591346983035,0.009623206717188859
0.0002320569130606076,0.08723011443588724
0.002517608723887621,0.006223003581186659
0.07603405386993356,7.088775926256119e-06
0.01464789426681945,0.007942641691356944
0.01651376412625305,0.04344488109426137
0.007201503979540447,0.008727023138809464
0.006170296953995069,0.0010212986786691802
0.023985857350273698,0.016868653250892263
0.004335888335077365,0.004084531573002592
0.02988795400138844,0.0004247815413161993
0.0035894679867298773,0.005457400931928591
0.010241205160611666,0.00011039025377479472
0.02555980050240536,0.011701688343738637
0.009654912550267847,0.019796673837238155
0.0027613493448861437,0.0034008559288303264
0.006098419918587172,0.014988804775923126
0.0010516155360561497,0.0001316199676375529
0.07236702473004353,0.0016706809648030507
0.0015276922524225522,0.0012839603084425777
0.0006020330705099886,0.002997688513447061
3.4154292710697476e-05,0.00015155710784531262
0.00011528290892770521,0.004353265637751513
4.469168056675521e-05,0.0015101348077614096
0.01954396087238708,0.00848934220559161
0.004550333863198697,0.01042682715562615
0.007695182822868407,0.00028185341200936964
0.07160232997101112,0.01695912772474728
0.0007558258853019861,0.00010799066891831188
0.013788630416338599,0.004573035499765066
2.96939652552064e-05,0.007151697411707847
0.006960711980101064,0.0019792809401533162
0.001693197212451092,0.006838331682647247
0.0004114485527159095,0.0018978176915825928
0.001360090865569541,0.0005142974459002581
0.0014370627880960773,0.004522431001016791
0.02190418082234591,0.010337046052978582
2.237950980088499e-07,0.023678354009172176
0.017174493518574252,0.00017930187207648718
0.001418476508306954,0.0385981930410898
0.00017750282394823902,0.0017881279128850736
0.0020320165577640825,0.04914626849220061
0.022001773810305547,0.03240605605438862
0.014951337192310232,0.007932097446001207
0.06112876020610736,4.577514780146341e-05
0.0007061013663942628,0.0001900876683842423
0.02548677203092664,0.015967819846023468
0.00648735045142157,0.014446933741018464
0.03914844967068354,0.0069876950053315845
0.001896945267620187,0.0007595148329483381
0.004029235108837015,0.0007985691443470611
0.05237779454807101,2.1017112438292962e-05
0.0019679100168493724,0.034336264483507906
0.005194048561902975,0.009068240714620313
0.0020098759206849115,0.046011646246232996
0.00344307581165626,0.0005119741845023285
0.005003868764823727,0.003976557835480454
0.004581508381430344,0.01707728631085692
0.013843938749884432,0.0011829497759601182
0.02440109835055182,0.0010032993109655441
0.010792754005091165,0.0043180529513106025
0.005921804990225654,5.132374244043447e-06
0.0027744418116689706,0.01031741825995558
0.0011845401119365828,6.952381537161934e-05
0.021004903471387504,0.049160121133118406
0.0662360968737008,0.11073288530233039
0.008899412432159859,0.0021802863972247843
9.006430699720624e-05,0.006190849317008085
5.243983424574328e-05,0.02658691801229962
0.00011013017491101618,0.020444471073071013
0.024484015205312515,0.004023001445433438
0.010656237283769965,0.006174930170612658
0.015092236618033938,0.0003411998811164718
0.003503175235606615,0.00013293729155228196
0.0009010953962436119,0.003994966404319511
0.004278807868212553,0.0028442833999162698
0.009435950501027413,5.16060115418604e-07
0.0037962191499938402,0.01472292256219343
0.052308006550635056,0.02569820947304935
0.0003438210589596924,3.41019835778944e-05
0.010042881804610992,0.004122021744559445
0.0008209260070204394,0.00953547987658021
0.0014368676357549015,0.0002491121198789914
0.009130965952012904,0.023445061938178746
0.014288788867024671,0.01617794918004478
0.0023100569669222137,0.011846080882015775
0.0027094842878180314,0.010445793235811851
0.0031873053588850064,0.01560908772364289
0.004548726353604815,0.04109408518175539
0.00015649771445103156,0.01640979980357471
0.000560209146402868,0.005257007562284199
0.019237555700486908,0.0007049138495416329
0.0013420741355653076,0.000773532558680623
7.877580744830581e-06,0.042950602158683626
0.006197268070452289,0.033330835120854885
0.0008250777223630656,0.043712271040717954
0.005403150034029358,0.005576687289951643
0.02148856906810981,0.02480148902858914
0.008508524407102702,0.026498958403527895
0.021793544309529622,0.00045721063548742613
0.013118409723500202,0.04159565145011079
0.050887000951010286,0.026885217261778283
0.026681569880395495,0.0032237092694222813
0.004472186680491652,0.012432473538785072
0.00027166727121541445,0.004486585119828801
0.016043463490232224,0.016336879674429317
0.00773336568376104,0.034512221778094876
0.00036662233423434554,0.021019680614831282
0.0009509913664422776,0.000987593393228181
0.031358684940714476,0.004434103616018148
0.00426124603440492,1.8666694579727583e-05
0.0016914737834068383,0.053603354734015896
0.011630495949833342,0.02117808828151313
0.0024399892809132684,0.015459030102372706
0.0033498214908422863,0.00019966328297249536
0.06529808152579908,0.010630505182722683
0.0032734588488428917,2.319135554096352e-05
0.07212936510142309,0.03624807635207461
0.02105059993550451,0.015550524862455894
0.0013835318435225785,0.0023011920886352177
0.031984319848346376,0.012606599528786178
0.009635254389714132,0.00016162113732376415
0.007088596082503673,0.01113993602427521
0.001182492064522811,0.0009799589488225235
0.01127762903032592,0.004550685618068262
0.03099122580904745,0.005410890212879993
0.08316129639785563,0.0005390061491036269
0.01594307461298361,0.007247934515309584
0.001233715224966625,0.00540090091318024
0.006041888154851516,0.011791638012878414
0.010779762436437634,1.798849852507889e-05
0.010984730162346468,0.0015258818364781712
0.0006379216885620265,0.006099304989053533
0.0011696363021245215,0.005496028671876152
0.0004869216950680322,0.0009613355567078541
0.0003124647411234527,0.016980398715145895
0.001577553577223445,0.003366273729806024
0.00013559379403427219,0.02898299955990058
0.005322931293677002,0.02713607272686913
0.02733903860558684,0.007306495248051159
0.00414605463372586,0.007998451075957203
0.03097527783844589,0.003046855852477104
0.032171427675268816,0.028368632978935437
0.004378274032747376,0.00858703560523133
0.007158634085204452,0.003847717113460769
0.0011933817349381037,0.009578459691431562
0.0023075170918057664,0.014724508262491054
0.014642114636792991,0.00021032719775870845
0.005779705754402231,0.0085679823485455
0.006294617841654526,0.003858743993631175
0.025047117927778362,0.006065536461334009
0.00372807378665041,0.037776757768273383
0.009746086992725833,0.006327110174429884
0.008979052626035267,0.003368057612824771
0.031098866876511755,0.032803384095239196
0.00011121332587982202,0.006975934099150871
0.00021499841756644766,0.00012028267594199615
0.02204064254369653,3.7704452413578338e-06
0.011190699407659932,0.0007320855895565082
0.006014800454541058,0.005850219146984359
0.04379955210092723,0.02435173726502493
0.025630774804608736,0.00033264158237023
0.011379808601634567,0.0208700899009302
0.0021919766768568882,0.007263852316745201
0.019403018974569197,0.0075260963454966134
0.0038968201075624265,4.905698742196929e-05
0.05322523043699012,0.024778646283625805
0.0065900708838243505,0.0010654589123839653
0.01878910893153618,0.01968268743267243
0.0007372016639158874,0.015428206353229168
0.017048067679178547,0.00047857673548645785
0.03255362117746641,0.004754449304465225
0.06441764706552355,0.006672843308622389
9.8905191059373e-07,0.027677589980100725
0.00979191176161509,0.10599488518699296
0.00043194236318144785,0.001698921662302455
0.0019247916162808965,0.000727487776509772
0.006932132159010007,0.00014391430427063145
0.030842085015456933,8.329264536310887e-06
0.04567861003856333,1.1607448349160165e-05
0.033243008320650635,0.00405936051357747
0.05296900491283185,0.0009844445288476056
0.019147575379045434,0.013511075454798016
0.024346545986271617,0.0011616884118564874
0.013344023012365258,0.02777915701428324
0.0460343583518491,0.010734167777971093
0.0034213896236168218,0.03207179560104323
0.009918742491338173,0.05891216413720357
0.024732058183749017,0.029908858943032413
0.0007535529911779637,0.003445555345430229
0.01109180226164419,0.0020138746312717837
0.05158549595769368,0.0026000812937795326
0.002555011666393936,0.005235270545794757
8.829917892438921e-05,0.024040400085009517
0.0023713985081582623,0.0009078416365053688
0.004070518262283884,0.011054663241556462
0.054283258741617546,0.00019078429125829466
0.006438190639721286,0.005020250218995326
0.01062434436501114,0.0003310084283623116
0.0001101998230941259,0.0013323450481628196
0.005960974130732821,0.008236116523789638
0.009205412605088115,0.010695961448250024
0.008812994578870748,0.001680392672737674
0.0009313725769942716,0.010363257820479865
0.009319008073595203,0.02624464199489862
0.009683418486427398,0.02033915441177936
0.04082201582456402,0.03577062843962786
0.006855704106320526,0.0011847294783889906
0.0011593148283284282,0.029687600553969906
0.001065445462340886,0.016085004931176372
0.0022358468484851013,0.023889753397640878
0.019429277091467245,0.00128881424703009
0.025051033809809442,0.00010534257518313161
6.727698703690166e-06,0.0005620219095404666
0.0016788751226973764,0.004794232816231925
0.0007215371020902195,0.01440304455177932
0.0011705526858701853,0.00027119467527381147
0.021079547088332706,0.0011235849008914833
0.006130429159869388,3.7197600919469664e-06
3.719455951012307e-07,0.014842105150004614
0.0015250150305156085,0.0002659669524439634
0.011127059993348176,0.003481165590943469
0.0011148764472871386,0.024808468314410193
0.001650970021722209,0.012879774777889375
0.0009315390020411263,7.752547704675816e-05
0.0016036311857881014,0.010406455307929496
0.017793826614111108,0.00015241942163812805
0.02782970124486117,0.042877667915164897
0.027562115257747988,0.011282525798822829
0.008244401701337667,0.004672433695631417
0.007406986750610134,0.00010045332039354538
0.0005565151875202012,0.01243364464646679
0.00045541764613599156,0.00384137743220081
0.005638498743619991,0.025034574711490842
0.022684295227297535,9.48961210071042e-05
0.04462207039372279,0.00044246814711712545
0.032453330897849075,0.03169801644629955
0.009188669079256861,0.001156883920562235
0.010892183841922032,8.989544789461679e-05
0.005035697056897992,0.0032519641621975293
0.006341954963005048,0.051105844409403356
0.010184259318673283,3.614434498111496e-05
0.003663544550403297,0.0008267022738669416
0.003737642197383151,0.019852149558093224
0.02288450405736453,0.0004266066120109935
0.03898794768726421,0.0005053692912860841
0.008991974993076912,0.011169368810876046
0.02812087014824083,0.034735398458472955
2.676957140845815e-06,0.03999986855012494
0.009332391306661525,0.009948785391904691
0.0011012626574730122,0.018071391636139134
0.03237510425313339,0.02873606918146543
0.0035944144878305995,0.02192478190153324
0.008163396453675809,9.23939939474483e-05
0.00019514203658343998,0.026236253891489314
0.017221722260596373,0.00022115607588502062
0.003215979451919204,0.0431118451914253
0.04070787879302684,0.03997767943274344
0.0050678580000891316,0.01658638229040521
0.00010464871993598468,6.952367006207716e-05
0.0019143485684635086,0.0093999305255823
0.027310063930307327,0.015631765814782428
0.014535994158145105,0.04994995949225445
0.02347992793747944,0.0006931181221496718
0.002572483198975739,0.06458783876821439
0.012612591267854967,0.01044618302846334
0.00037002208672898274,0.01339595912734437
0.0045112261365584105,0.004255406134036077
0.00014861740403893098,0.004568982963983226
0.010249680809539474,0.0022261834386970714
0.007870341404698111,0.022803989218396215
0.00012347754472319394,0.006930966754111978
0.0012639141044781255,0.005866431755298218
0.009659136810951763,0.00761315632875037
0.009896094585339799,0.06140585287744149
0.005589260049121858,0.002566484517457557
0.012925135333214044,0.0035046182565054984
0.005114630450180346,0.002767014861896233
0.04243697550871495,0.0015470852069479069
0.007715634549467221,0.01486769982117686
0.028256868667939417,0.0037945739876408258
0.0049597686190224755,0.02484105393757008
0.004579919474945848,0.00010848061438861745
0.010011278906765897,0.005089263903499619
0.004247032124469974,0.007806358087192544
5.024050111157585e-06,0.0059924273870770595
0.00187971917381613,0.038918218790494175
0.00032589850458042413,0.0021292853906591525
0.03676615840316866,0.02377497494450498
0.004604948146359367,0.0019262999363197642
0.0008362613371818428,0.009341228680966651
0.02028557499189354,0.010461884700165958
0.03353162337068549,0.0011039307519564723
0.0012474785283892453,0.009962739898671136
0.005677324664030481,0.0028950794949070824
0.0004892748830707117,0.008927658001498195
0.007424698514636008,3.951438436788912e-06
0.013544164776566947,0.003907726243625231
6.925657118217465e-05,0.00574491357398399
1.2971445777498758e-06,0.0027285245703219108
0.009897618922831919,0.013463106871030694
0.002622326316442103,0.0029343651199261744
0.012832736159029356,0.00017771359788654184
0.0026265590176255404,0.015973600387282794
0.0002706853565321854,0.0003578938097922313
0.0057639095921466765,0.026696225239631777
0.009738957775160206,0.007543138735740973
0.014681917108614995,0.005855977396992618
0.000654890640032435,0.011367455375510427
0.01601664496955879,0.032916913101654344
0.008043289874086534,0.019364282480019424
0.016631319697248514,0.05787026090732095
0.0007349220468558793,0.028497476131573718
0.004267483540661421,0.009519519674881516
0.003977945226757207,0.004599645498133409
0.007317686462556261,0.006178354523376783
0.002211556221003219,0.0008264273712882408
0.00043644679417931265,8.783192707395582e-05
4.8175782961124014e-05,0.0004133648141144697
8.976953928818698e-05,0.001818074521374169
0.02612943017440228,0.05911295890650603
0.012761305806852308,0.03772055488440984
0.0023522880221391596,0.00696559841406974
0.0026673159977328442,0.0009225144277283936
0.000157976167579843,0.018095979750309854
0.056179753854161074,0.0019679705800366154
0.016689582599598185,0.00575055227726462
0.0016103547983108424,0.011554018791556153
0.038863500758493874,0.0004227050820967415
0.0011669331968220398,0.06009388038902441
0.00803519756357629,5.137951368250349e-06
0.0015985716619989487,0.0001680354456893296
1.7639123650603494e-07,0.0013612858834802788
0.011790647420470202,0.005130641842322814
0.020709914318574052,0.035803818116006525
0.00016424948435533882,0.00277591949060374
0.00020448215421242644,0.05647963538342726
0.021557570711926655,0.003808692147426296
0.00853068357235609,0.011606192955394778
0.002409430979125826,0.0064460644638795195
0.00524302198159865,0.010177059831566915
0.012250562666687004,0.01651607016466139
0.005834625271063265,0.007840590651091328
0.012525342928677019,0.0012329986773206292
0.06865753397043073,0.0021962931389371
0.002441469794639106,0.013791360342425119
0.005900166740381074,0.00016314172451659115
0.009460568979609008,0.0082084303022385
0.0002811381252422196,0.0013164654879634918
0.01419534190867322,0.0012452379628025145
0.00016427758387704827,0.0022054022607306267
0.035214788195985114,0.011719232493559995
0.00428257034127677,0.021456219711473046
0.0018048271688910766,0.00395576615789528
0.0032422730299132008,0.0016039714184457043
0.014509360374425073,0.0010597386869580783
0.031450042357311414,0.04252592095490726
0.0030645838859590935,0.0009753590029691894
0.0004139722547321645,0.09477873941345782
0.0012758140393537287,0.00464866988918311
0.0018811397481111047,0.007555129576078179
0.03054969095476967,0.04039858441424915
0.0117285555836103,0.002731441392308631
0.0003473580922174202,0.007067891684427785
0.008103273830745938,0.00612228615490773
0.0019956922196044946,0.00856502706864648
0.003076477976540315,0.004419617702325573
0.0060076592439828325,0.0024916762664698444
0.001646697931365959,0.000773733550932465
0.0046925813718964315,0.01641362139778446
0.011557388932970092,0.027909473527386264
0.002918139507426365,0.025355593683927147
0.015532564381724456,0.00011378182005972182
0.02233590877250846,0.022604395418855394
0.013601020699035682,0.02384868575093191
0.0031189927602164325,0.01371689688546529
0.0006806727331960527,0.0017352167938816665
0.0006114859062461564,0.0015195788050570425
0.0001548300527994817,0.003442188807067925
0.002486045266176684,0.007929734698839952
0.013329436512857784,3.1114793693443055e-05
0.093516098114798,0.03570977298768552
0.008092922483453058,0.000376606003765656
0.01619146438877661,0.010013762565124429
0.020626541535502252,0.0019998896988407955
0.015865971206691643,0.015265195950716182
0.012367064156182606,0.0025655876441379455
0.0028279418446848226,0.019473739632970943
0.004350973580492745,0.0038111843314257987
0.013915850829315457,0.006380859124029192
0.010191125378852361,0.004866226185021416
1.7939671186906203e-05,0.00947312688218993
0.009039802348257853,0.017160577560766832
0.01128327863915879,0.0035647815596376864
0.0032349705927252614,0.008837632201085799
0.0002486242227076607,0.006235167687656751
0.010477408967339175,0.005774478015207696
0.005144598802595324,0.0022255949946452525
0.0001738682653505963,0.021790586324451966
0.000752249245421277,0.00012222940973605212
0.0007818849008082163,0.007698245760045741
0.023935449692178867,0.1117559883492607
0.0009058248584729034,0.006290431994643408
0.012941457260860378,0.035822908156870614
0.003070725072550351,0.0007791194095585485
0.00044405096244226616,0.0014526697942368605
0.00018575758442829216,0.017097342920431746
0.04403499071688677,0.0010059555261056063
0.009335876343964489,0.01801310476732798
0.00882276548245331,0.005611486924006925
0.00179129742630324,0.0036515137369099726
0.009889124085915468,0.013461997546612148
0.004253854511431676,0.002336838170755806
0.0006173801050849415,0.004840422459523541
0.0026822205458022497,0.002565504459430157
0.02201209177936858,0.0015118133576351722
0.00023585893625910348,0.03769237706005013
6.222368409092294e-05,0.0018620857933219215
0.01517272435333683,2.7924823722380587e-05
0.0016809108467049638,0.029244564028675257
0.018627718756879186,0.02083710181321241
0.005663422857690725,1.0373459236823201e-05
0.006894828433267275,0.006277698833527023
0.0033666103497992372,5.831915075438232e-05
0.0018265878286842785,0.0007495989952656101
2.3831724066503135e-05,0.00030389328222169
0.03357307037077284,0.003308916499522807
0.002747966161691373,0.013555024766146007
0.07043949356706347,0.009749481464737086
0.000127103322034805,4.707655056068738e-05
0.010810505195406717,0.018538431456636806
0.022583574424890562,0.09635685269915562
9.542440893972604e-05,0.002950529081909292
0.002408463044878739,0.0037204384404294633
0.02192976260662982,0.0010071677912010246
0.010373418782232413,0.04134304561008917
0.0011659361717943906,0.0007780144737172812
0.004091486885838713,1.8431445518607426e-05
0.013983058837074291,0.012206425896712725
0.00016152526259316513,0.010972292240646886
0.012806826354013867,0.014158627153810555
0.015572090376344438,0.001348062868169575
9.837775330534537e-05,5.271858205946334e-05
0.005916073656330623,0.0019991614441745575
0.044130947956106614,0.005205138656119601
0.02574059321736144,0.030728612509527076
0.004685895319433975,0.002709004442365215
0.01687623396679061,0.0012124192953331114
0.02202903844017101,0.0014569724858870536
2.2607624867720943e-06,0.006523329673722822
0.001403363042329464,0.0014719555447755273
0.023194836893342563,0.10396594657862257
0.012915112057017453,0.0035304742377765264
0.054128692930572875,0.054624836737231175
0.002136791767172852,0.00039232764350605187
0.003501212476616944,0.003576240917653961
0.0035583577579109127,0.0019799232372692543
0.016390565304192584,0.00036024867734285593
5.061924906346604e-06,0.0042713439901423955
0.003868204346674009,0.007453627625654602
0.03727143578314973,0.013193170148362632
0.005718857287512313,0.005894415286408883
0.005714690631003605,0.004769880557163542
0.00043775076956920067,0.002437913325786134
0.00496413083221825,0.0030905015533523317
0.0461477464613147,0.0035899479058058015
0.006347370996481194,0.138642114561907
0.0025529817105575114,0.0015227470559807665
0.006130610905261569,0.05725150600600093
0.004671874300813839,0.004052653784450966
0.0004768019578424987,0.01311420987521239
0.010708731443157538,0.00028302669760715826
0.01983984602630051,0.027288336381145584
0.0015531711187223296,1.2343536591741255e-05
0.0005088859961533965,0.010993471506541064
0.018944711051577467,0.0003408066166677992
0.001532101320181667,0.00044605722711577034
0.022432911327107008,0.008453467024011063
0.0003028476610325015,0.018958970509712625
6.715732343953729e-05,1.2832866729817205e-05
0.0009156084735859604,0.09329467290829918
0.03183902574539477,0.03860582352915998
0.0005671015196984097,0.0009098695600713302
0.01695682868557047,0.0006099693911445492
0.04443455638372373,0.043834780437900456
0.0010449907284473259,0.004908371616434093
0.0027041306673338816,0.022476835868687317
0.006849295382404419,0.0018915898874398707
0.003561325811285432,0.033912764367745596
0.08028906549298465,0.10456488387162322
0.003714343019706412,0.005467812009275819
0.00963015218184704,0.02114963889564625
0.002723289386573069,0.027961580182555124
0.007692372462179686,3.6244341086622e-05
0.0036720349054339962,0.00011001737274951573
0.04202188295263676,0.007604934993605261
0.022690179417400036,0.001110477801504306
0.007348130695289057,9.221921892899054e-06
0.07549907980021608,0.054368897173009856
0.050872379044684446,0.0012883877536327137
0.006039929620107021,0.00271035650749496
0.0015478645673565605,0.0007983778737217229
5.77445445126834e-07,0.03524936613987173
0.004916426216842074,0.018901263467680396
6.79388975419748e-05,0.006337405573803356
0.007714551423714355,0.0002175898865605097
0.005679965965773692,0.010522382911532402
0.002444868797723432,0.02590189911032581
0.007359811574021213,0.011533087105760731
0.010642114739776387,0.000215859460642287
0.0002911824792715123,3.370977756655957e-05
0.04003969150430464,0.05481905981864443
0.00882612651134429,0.019453726325607934
0.0008148634675254618,0.013570266916149154
0.0025057136019879245,0.0001350681574363577
0.007932641490678183,0.008647488567921524
5.822148130274485e-08,0.013641271729653348
0.01103605251335349,3.8136048088999175e-05
