AMPA,GABA,I_ext,Mean_firing_rate,Mean_Coherence,Region_1_Coherence,Region_2_Coherence,Region_3_Coherence,Region_4_Coherence,Region_5_Coherence,Region_6_Coherence,Region_7_Coherence,Region_8_Coherence,Region_9_Coherence,Region_10_Coherence,Region_11_Coherence,Region_12_Coherence,Region_13_Coherence,Region_14_Coherence,Region_15_Coherence,Region_16_Coherence,Region_17_Coherence,Region_18_Coherence,Region_19_Coherence,Region_20_Coherence,Region_21_Coherence,Region_22_Coherence,Region_23_Coherence,Region_24_Coherence,Region_25_Coherence,Region_26_Coherence,Region_27_Coherence,Region_28_Coherence,Region_29_Coherence,Region_30_Coherence,Region_31_Coherence,Region_32_Coherence,Region_33_Coherence,Region_34_Coherence,Region_35_Coherence,Region_36_Coherence,Region_37_Coherence,Region_38_Coherence,Region_39_Coherence,Region_40_Coherence,Region_41_Coherence,Region_42_Coherence,Region_43_Coherence,Region_44_Coherence,Region_45_Coherence,Region_46_Coherence,Region_47_Coherence,Region_48_Coherence,Region_49_Coherence,Region_50_Coherence,Region_51_Coherence,Region_52_Coherence,Region_53_Coherence,Region_54_Coherence,Region_55_Coherence,Region_56_Coherence,Region_57_Coherence,Region_58_Coherence,Region_59_Coherence,Region_60_Coherence,Region_61_Coherence,Region_62_Coherence,Region_63_Coherence,Region_64_Coherence,Region_65_Coherence,Region_66_Coherence,Region_67_Coherence,Region_68_Coherence,Region_69_Coherence,Region_70_Coherence,Region_71_Coherence,Region_72_Coherence,Region_73_Coherence,Region_74_Coherence,Region_75_Coherence,Region_76_Coherence,Region_77_Coherence,Region_78_Coherence,Region_79_Coherence,Region_80_Coherence,Region_81_Coherence,Region_82_Coherence,Region_83_Coherence,Region_84_Coherence,Region_85_Coherence,Region_86_Coherence,Region_87_Coherence,Region_88_Coherence,Region_89_Coherence,Region_90_Coherence,Region_91_Coherence,Region_92_Coherence,Region_93_Coherence,Region_94_Coherence,Region_95_Coherence,Region_96_Coherence,Region_97_Coherence,Region_98_Coherence,Region_99_Coherence,Region_100_Coherence,Region_101_Coherence,Region_102_Coherence,Region_103_Coherence,Region_104_Coherence,Region_105_Coherence,Region_106_Coherence,Region_107_Coherence,Region_108_Coherence,Region_109_Coherence,Region_110_Coherence,Region_111_Coherence,Region_112_Coherence,Region_113_Coherence,Region_114_Coherence,Region_115_Coherence,Region_116_Coherence,Region_117_Coherence,Region_118_Coherence,Region_119_Coherence,Region_120_Coherence,Region_121_Coherence,Region_122_Coherence,Region_123_Coherence,Region_124_Coherence,Region_125_Coherence,Region_126_Coherence,Region_127_Coherence,Region_128_Coherence,Region_129_Coherence,Region_130_Coherence,Region_131_Coherence,Region_132_Coherence,Region_133_Coherence,Region_134_Coherence,Region_135_Coherence,Region_136_Coherence,Region_137_Coherence,Region_138_Coherence,Region_139_Coherence,Region_140_Coherence,Region_141_Coherence,Region_142_Coherence,Region_143_Coherence,Region_144_Coherence,Region_145_Coherence,Region_146_Coherence,Region_147_Coherence,Region_148_Coherence,Region_149_Coherence,Region_150_Coherence,Region_151_Coherence,Region_152_Coherence,Region_153_Coherence,Region_154_Coherence,Region_155_Coherence,Region_156_Coherence,Region_157_Coherence,Region_158_Coherence,Region_159_Coherence,Region_160_Coherence,Region_161_Coherence,Region_162_Coherence,Region_163_Coherence,Region_164_Coherence,Region_165_Coherence,Region_166_Coherence,Region_167_Coherence,Region_168_Coherence,Region_169_Coherence,Region_170_Coherence,Region_171_Coherence,Region_172_Coherence,Region_173_Coherence,Region_174_Coherence,Region_175_Coherence,Region_176_Coherence,Region_177_Coherence,Region_178_Coherence,Region_179_Coherence,Region_180_Coherence,Region_181_Coherence,Region_182_Coherence,Region_183_Coherence,Region_184_Coherence,Region_185_Coherence,Region_186_Coherence,Region_187_Coherence,Region_188_Coherence,Region_189_Coherence,Region_190_Coherence,Region_191_Coherence,Region_192_Coherence,Region_193_Coherence,Region_194_Coherence,Region_195_Coherence,Region_196_Coherence,Region_197_Coherence,Region_198_Coherence,Region_199_Coherence,Region_200_Coherence,Region_201_Coherence,Region_202_Coherence,Region_203_Coherence,Region_204_Coherence,Region_205_Coherence,Region_206_Coherence,Region_207_Coherence,Region_208_Coherence,Region_209_Coherence,Region_210_Coherence,Region_211_Coherence,Region_212_Coherence,Region_213_Coherence,Region_214_Coherence,Region_215_Coherence,Region_216_Coherence,Region_217_Coherence
0.0036,0.003,0.0,13.351883384684086,0.71312916,0.71278095,0.71478677,0.7145938,0.72002274,0.71455437,0.72163093,0.71018475,0.7138292,0.71578145,0.71719754,0.69996375,0.7127522,0.7217578,0.7154627,0.70759314,0.71067166,0.70427257,0.72271425,0.70190734,0.7054195,0.71652097,0.71387494,0.7034335,0.6961133,0.7089143,0.70803136,0.7264218,0.7167435,0.7068008,0.71004,0.7248761,0.7114787,0.7169036,0.71832234,0.7097329,0.71430343,0.71061397,0.7142129,0.7091804,0.71381515,0.704524,0.7268655,0.7077296,0.7112101,0.71268666,0.7093805,0.71659845,0.7107739,0.7078158,0.7122403,0.7232821,0.7158545,0.71401536,0.7089745,0.7118462,0.72227585,0.7086716,0.71268845,0.71714854,0.70736766,0.7092036,0.7136009,0.7114597,0.73166484,0.71282613,0.71468145,0.7220513,0.7148423,0.7124055,0.70433,0.722665,0.71491516,0.71724707,0.69289356,0.7161987,0.6999622,0.7090154,0.7209539,0.7214566,0.7073398,0.7167967,0.7003454,0.71180344,0.7148341,0.7110314,0.72423995,0.7135368,0.724801,0.7152895,0.70835674,0.71417403,0.7163577,0.722903,0.7107694,0.7141513,0.70276254,0.71149385,0.7150327,0.71710014,0.6970136,0.7116392,0.7122073,0.7093262,0.7093602,0.7236014,0.72338504,0.71623385,0.70043975,0.71249264,0.7226623,0.72045004,0.7106016,0.7219079,0.7126252,0.72306025,0.7275286,0.7179246,0.7033506,0.71819776,0.71652365,0.712175,0.7083835,0.707228,0.7148617,0.70508295,0.71235645,0.70976585,0.7041358,0.7013127,0.7075058,0.6974529,0.7169526,0.7010286,0.7227829,0.7124463,0.7166427,0.71195954,0.72001505,0.7221396,0.69741505,0.71922785,0.70744735,0.7097165,0.7133949,0.7110883,0.7082849,0.7177125,0.7059048,0.7124192,0.72638565,0.7048775,0.71521425,0.7144323,0.7258047,0.72386295,0.7162617,0.71578866,0.7098556,0.7147946,0.7248291,0.7121212,0.704745,0.71904224,0.70745164,0.69834095,0.72327954,0.7161162,0.71090996,0.7098266,0.708469,0.7165836,0.72581285,0.7135764,0.72482294,0.7035444,0.7190632,0.7071991,0.7025478,0.70007604,0.71100366,0.7193926,0.71009356,0.71343744,0.7073261,0.70737034,0.7170067,0.7143211,0.72202206,0.7067912,0.7210675,0.71876484,0.7065655,0.7202921,0.71469134,0.71176004,0.7219218,0.71496826,0.7097402,0.71024865,0.7049838,0.70119643,0.70528126,0.7055654,0.7129594,0.71695596,0.71530735,0.7115969,0.7090824,0.710805,0.71958256,0.7101666,0.7201206,0.7184735,0.71574426,0.7202042,0.7232486,0.71029496
0.0036,0.0015,0.0,28.832772808495115,0.56359136,0.5577982,0.5663713,0.55143803,0.5700161,0.5630986,0.5704188,0.56697196,0.55778223,0.55232704,0.56168896,0.56496817,0.5614473,0.56395847,0.561034,0.5630139,0.550186,0.56893957,0.5572075,0.5653024,0.57176167,0.5664968,0.5664832,0.5607869,0.55914426,0.56014806,0.5577862,0.5669691,0.57046866,0.5725039,0.56224644,0.5596883,0.56127536,0.56723475,0.5675337,0.5582179,0.5575316,0.55922145,0.55536234,0.5685875,0.5600071,0.55340517,0.561444,0.55894285,0.5579234,0.56541896,0.55101055,0.55098534,0.56228834,0.56506747,0.56051034,0.5634788,0.563514,0.5690942,0.5674017,0.55698144,0.57470006,0.55823123,0.55240655,0.563058,0.57715106,0.5777887,0.565277,0.57070833,0.5687628,0.5852046,0.55870706,0.5667769,0.5819757,0.56614196,0.55282617,0.5646617,0.5748915,0.56076694,0.5692788,0.5494931,0.57573164,0.5603099,0.565908,0.5516794,0.5646428,0.55874753,0.5684434,0.5574264,0.56114715,0.5534676,0.5598262,0.5586961,0.56286955,0.5737081,0.55773926,0.56085074,0.56189907,0.57548565,0.574219,0.5749472,0.5492025,0.56466526,0.57110053,0.5672886,0.5549704,0.5577391,0.56343853,0.5665522,0.5637352,0.5514481,0.57108307,0.5531006,0.56198317,0.568731,0.5670746,0.54993916,0.56414676,0.5593224,0.57096857,0.55060077,0.56580865,0.5605469,0.56687295,0.5632581,0.5659507,0.5649686,0.56846124,0.5628301,0.57224244,0.5535414,0.5660869,0.5502035,0.56123614,0.56416094,0.5753336,0.5548108,0.5748727,0.5592475,0.5646431,0.57158244,0.573485,0.5606875,0.5669714,0.5630503,0.5755346,0.56303984,0.56318766,0.56715196,0.5623579,0.5641888,0.56346077,0.5643995,0.5590772,0.5592838,0.5718766,0.55393314,0.5696817,0.56406724,0.5730933,0.55638397,0.5617595,0.55939054,0.570961,0.57467645,0.56488127,0.5700545,0.5639483,0.5663263,0.5604508,0.5533264,0.55485576,0.5756554,0.57244843,0.5588759,0.568434,0.5560817,0.5615549,0.5639112,0.5722817,0.5604956,0.55414635,0.56235087,0.55318505,0.55357456,0.5796311,0.5557924,0.56019694,0.5796645,0.5642858,0.56824386,0.5601816,0.5624559,0.5667451,0.55467176,0.5589696,0.56917644,0.55753684,0.56556815,0.56793827,0.56234676,0.5539423,0.57194567,0.56528926,0.5631634,0.5538504,0.5544902,0.57319725,0.5680231,0.5710084,0.5619629,0.5675844,0.5630325,0.5595902,0.5635201,0.5700222,0.56521475,0.5726174,0.5551139,0.56652075,0.56440896,0.5690179,0.5626797
0.0016,0.004,0.0,1.1844971204672552,0.06506244,0.06722738,0.06557608,0.065333925,0.064919606,0.07076861,0.06398264,0.0668918,0.065698266,0.06367981,0.06509926,0.064295635,0.0651624,0.062877834,0.066249005,0.0658087,0.06575747,0.06753896,0.06355146,0.06372051,0.06702842,0.0681054,0.065976925,0.060351916,0.06567114,0.063190125,0.06392059,0.06684313,0.064797714,0.06796504,0.06714048,0.067619644,0.06427149,0.061295405,0.06262981,0.06857906,0.062322076,0.06288073,0.06480924,0.06232801,0.06694149,0.06284678,0.06279277,0.06314072,0.06511321,0.06598011,0.06719229,0.064262785,0.061551612,0.06370211,0.06432285,0.06394576,0.06686207,0.06641145,0.067211695,0.06617156,0.06706364,0.06725714,0.06272565,0.06749753,0.06568371,0.06517466,0.0653486,0.066602215,0.06387202,0.065381505,0.06061228,0.05974199,0.062234882,0.06584742,0.063651145,0.06380827,0.064849205,0.06360265,0.06622784,0.06363784,0.06406461,0.06448667,0.060918234,0.0636379,0.06102727,0.061974663,0.06801367,0.066103056,0.06633197,0.05917181,0.061522953,0.06915773,0.06533385,0.061927937,0.06934621,0.06481393,0.06513502,0.06770514,0.06574459,0.06415784,0.057569485,0.067466825,0.06615427,0.06747703,0.06642593,0.066062346,0.062576026,0.06510348,0.06774291,0.06529442,0.06831973,0.06376955,0.06434294,0.0654299,0.062440258,0.06514528,0.0640594,0.06456225,0.06534067,0.067767024,0.0615257,0.06388036,0.06655157,0.0666751,0.06390681,0.067004316,0.06798005,0.06552395,0.06854192,0.066771105,0.067191646,0.06726053,0.062404644,0.06873923,0.06221583,0.06458492,0.061052818,0.06625744,0.062194932,0.06677956,0.06671739,0.060156282,0.06540472,0.06712053,0.066493995,0.06626191,0.06157021,0.0642459,0.062530816,0.063577816,0.06674971,0.07002373,0.06843404,0.065587014,0.0676173,0.06667072,0.06481991,0.07374942,0.06660927,0.063653715,0.064665355,0.065353155,0.06867403,0.06810773,0.06441289,0.06132825,0.0654574,0.068052106,0.0626495,0.06636939,0.06738187,0.06434961,0.062375505,0.06507914,0.06648432,0.061557863,0.06602471,0.06547318,0.06289876,0.06394277,0.0663684,0.064130634,0.06138249,0.06365114,0.06418111,0.06507727,0.062510915,0.06472407,0.060882077,0.06459383,0.06348156,0.065160625,0.06321853,0.06290462,0.065234,0.065197565,0.06122303,0.06123859,0.06495903,0.067047544,0.06491269,0.06600427,0.06355128,0.06633157,0.06273395,0.056508973,0.0675432,0.07058123,0.063344084,0.06689046,0.06712434,0.067626335,0.065744415,0.062548816,0.07127583,0.06652729,0.06291581,0.07267309,0.06552834,0.0673087,0.06381054,0.0694625
0.0012,0.0025,0.0,1.3689456471899648,0.06387706,0.06628628,0.064740606,0.062478688,0.06296355,0.06454597,0.06270235,0.0682862,0.06493647,0.065808766,0.063674666,0.06541665,0.06183596,0.06125488,0.06336782,0.062251404,0.06640442,0.06564066,0.061434947,0.05994652,0.06295646,0.06602559,0.06317451,0.06344197,0.06576851,0.06382479,0.062145505,0.06143225,0.06018765,0.063563466,0.066990584,0.0657806,0.06299217,0.065164834,0.06611228,0.062452123,0.063788705,0.064786196,0.06546059,0.062896885,0.06485031,0.06592215,0.06348983,0.06560775,0.061717447,0.06524885,0.06414604,0.06403487,0.06365354,0.06392802,0.062693246,0.065378055,0.06256877,0.06552808,0.060372457,0.06605825,0.06615956,0.060209185,0.061705127,0.06513029,0.06629169,0.06611297,0.06374811,0.06035099,0.06264494,0.06313752,0.062330034,0.060876567,0.066674426,0.06465956,0.065160714,0.06353872,0.061574716,0.06531979,0.06325331,0.06707645,0.062419012,0.06756008,0.0653219,0.06182239,0.06143387,0.06621937,0.059959922,0.06316312,0.06463793,0.06607618,0.063052095,0.06804623,0.063639365,0.06178129,0.06496312,0.060595304,0.06289474,0.06301013,0.061205648,0.06558065,0.062120397,0.06837756,0.06329524,0.06600977,0.06546551,0.06557146,0.062276375,0.06531004,0.06402759,0.06717857,0.06289989,0.06466667,0.06365395,0.06526692,0.06553192,0.06212034,0.06456221,0.06309733,0.06491249,0.06706464,0.06462724,0.066461205,0.066973254,0.06303177,0.064931184,0.060351223,0.063018255,0.0662311,0.063163936,0.06482211,0.05968034,0.060715057,0.06322013,0.06745281,0.06255,0.06188782,0.06159766,0.06542452,0.065826766,0.06645842,0.066348776,0.060619313,0.06344924,0.061525315,0.0671532,0.0637675,0.06123237,0.062213857,0.06402259,0.06768848,0.06294626,0.06433676,0.06629509,0.06716577,0.06200957,0.06445978,0.06033332,0.06269759,0.062180873,0.06343807,0.061567083,0.06297465,0.06502957,0.06287363,0.06368823,0.06270124,0.065135896,0.06413828,0.06120848,0.06420536,0.066880114,0.05885188,0.064723454,0.06085019,0.06240457,0.0666955,0.060524672,0.06551426,0.064179644,0.06060875,0.06558502,0.064615406,0.06576754,0.06650118,0.06376712,0.063116245,0.062119607,0.060462747,0.061756898,0.06374252,0.06414363,0.05874074,0.06271786,0.06492103,0.062358618,0.06230313,0.06290016,0.06292828,0.063562974,0.066903904,0.064820915,0.061438862,0.065755695,0.06780493,0.0627298,0.06558946,0.06218597,0.06393837,0.062075403,0.0629316,0.06655975,0.064047374,0.066883825,0.06125826,0.0654924,0.060532257,0.064869486,0.0655544,0.06301602,0.06620097,0.06538592,0.065405846
0.004,0.002,0.0,26.24968702683418,0.6333123,0.6276043,0.6378707,0.62858045,0.6299093,0.62621427,0.6238347,0.64710534,0.634052,0.6321249,0.6387652,0.6304337,0.64402896,0.630586,0.62068623,0.6348534,0.6429935,0.63684446,0.6416229,0.62302905,0.64629364,0.6356075,0.6384118,0.6347596,0.63715166,0.63572824,0.64577687,0.64536566,0.64048356,0.6281888,0.6378986,0.6395004,0.63436854,0.6190209,0.6301615,0.6397206,0.6218695,0.6244235,0.6478863,0.6291431,0.62879026,0.6342185,0.6218061,0.64511716,0.62295026,0.6407189,0.63251024,0.6422495,0.6268442,0.6463552,0.64360374,0.6419281,0.6343456,0.63600224,0.6246345,0.63477397,0.6325123,0.6372573,0.6340236,0.6258406,0.6447717,0.6386232,0.6427179,0.6297166,0.6319756,0.6356778,0.61624235,0.6388171,0.6264309,0.6284686,0.64028513,0.6351005,0.63320285,0.64306504,0.6356658,0.64816236,0.64025736,0.6263084,0.6294536,0.64954346,0.62925756,0.62519115,0.63198775,0.6347256,0.6428143,0.6384458,0.6437196,0.6350499,0.6395805,0.62802273,0.63174576,0.6233831,0.63491184,0.63429487,0.63776433,0.644385,0.6202046,0.6330117,0.6329314,0.6277895,0.634255,0.63193053,0.61964923,0.6298943,0.63979924,0.6357422,0.62580043,0.6377035,0.64476746,0.63764423,0.6414392,0.6261811,0.6295753,0.63216585,0.6451077,0.6369518,0.64696074,0.6268835,0.632791,0.6332014,0.63475597,0.63381255,0.62241465,0.6322596,0.6239975,0.63766384,0.6333445,0.6357269,0.6264644,0.64422745,0.63093346,0.63459355,0.63770753,0.6319733,0.6314025,0.63934976,0.63819295,0.61693597,0.62920725,0.6332114,0.62258506,0.6205963,0.6406805,0.6266899,0.6283928,0.6239805,0.6205976,0.6224344,0.6314048,0.62213206,0.63834286,0.6276144,0.6329429,0.6270864,0.63820916,0.6339424,0.6388333,0.6322065,0.6292092,0.6298898,0.64817995,0.62345755,0.63448447,0.640184,0.6391306,0.6297814,0.644104,0.62325454,0.64085215,0.6302878,0.6185686,0.63843423,0.6334858,0.6315261,0.6249478,0.6381005,0.63889194,0.6260014,0.64844596,0.6250729,0.6287614,0.63491005,0.63422674,0.6485266,0.6383619,0.61699164,0.63756114,0.62866384,0.6377036,0.63430566,0.6348093,0.6201751,0.63203716,0.64,0.63241035,0.6350239,0.61468554,0.62921846,0.63228005,0.63254774,0.63408095,0.636031,0.6319845,0.6396629,0.6281865,0.6254606,0.6342482,0.6243938,0.6275129,0.6327911,0.64203477,0.6331727,0.63309777,0.6204703,0.63590753,0.63376826,0.6347447,0.62336993
0.0032,0.001,0.0,80.01843484331017,0.06340128,0.06482328,0.06361799,0.06312514,0.06394678,0.06267519,0.06449251,0.063838825,0.06299558,0.06276081,0.062192496,0.06350073,0.06262779,0.06348662,0.063792326,0.06358119,0.06465944,0.062859364,0.06378479,0.063741975,0.06253136,0.06424653,0.0626739,0.06286888,0.06280851,0.06345034,0.06328945,0.063447185,0.0616108,0.06279736,0.063345194,0.063159235,0.06332923,0.063871205,0.06527791,0.06088924,0.06422083,0.063965425,0.06384679,0.0637702,0.06284724,0.06421869,0.06341916,0.06439461,0.06414674,0.06420615,0.06348755,0.062994674,0.06426578,0.06328851,0.063891634,0.0632956,0.06293266,0.06390878,0.06373547,0.064666875,0.062485024,0.06351165,0.062465586,0.06502142,0.061940517,0.062952526,0.063685015,0.06491945,0.06363071,0.06391203,0.06282923,0.06284605,0.06295681,0.064296536,0.06473053,0.062408093,0.06373494,0.064220466,0.061682317,0.06293158,0.06321885,0.06378763,0.06260032,0.06428917,0.06284409,0.063273214,0.06234227,0.06342307,0.06303604,0.06379237,0.06381127,0.063727625,0.06327435,0.06421266,0.06406762,0.062939525,0.06282019,0.063578986,0.062849216,0.063999824,0.063503705,0.06281062,0.06220336,0.06651308,0.06356048,0.06541378,0.06105402,0.06276163,0.06338956,0.06292431,0.0636085,0.06339152,0.06380063,0.06499591,0.06333753,0.061766442,0.063430935,0.06267179,0.061954994,0.06358806,0.06343126,0.063915215,0.06321048,0.062578015,0.06266125,0.06400614,0.063043594,0.06348494,0.063258216,0.06409814,0.06352545,0.06335148,0.06425284,0.06361017,0.062516406,0.06306374,0.062441774,0.06378056,0.06452249,0.06342467,0.06410861,0.06424887,0.06379317,0.06367122,0.064459346,0.06286697,0.06290014,0.06274274,0.06335734,0.06307172,0.06391807,0.06373867,0.0635371,0.062733166,0.06254182,0.062004417,0.064550295,0.06467515,0.06269444,0.06198692,0.06338975,0.06338922,0.062861934,0.06378174,0.06379541,0.06438422,0.06179425,0.06288818,0.06476785,0.060843084,0.06500622,0.061661094,0.06406829,0.06378493,0.06289519,0.06262927,0.06283011,0.063993104,0.06282937,0.06196417,0.06347559,0.06280195,0.06247909,0.06370393,0.0637306,0.06417417,0.06285618,0.062443983,0.06325859,0.06241694,0.0653114,0.06339321,0.063437365,0.06387787,0.06327703,0.062604755,0.06307847,0.063790075,0.06319202,0.06515792,0.062422782,0.065508135,0.06349485,0.063782096,0.06373457,0.06316354,0.06428262,0.06376831,0.06262436,0.06293692,0.063368276,0.06290778,0.0635289,0.06377835,0.06452654,0.06356183,0.062210824,0.06211735,0.06359553,0.06438241,0.06387101,0.063384205
0.0004,0.0025,0.0,1.1231004127557869,0.06406061,0.06469515,0.06530841,0.063942336,0.06209132,0.062804274,0.064639516,0.06465595,0.061610073,0.065553844,0.06366404,0.06520086,0.06387367,0.06322412,0.06405077,0.060982473,0.065250665,0.06514198,0.06404391,0.06661535,0.06816674,0.06132375,0.06479211,0.06327821,0.06256248,0.06639526,0.06535476,0.06476044,0.06615862,0.061645206,0.06813959,0.06448535,0.06784156,0.065111615,0.065481514,0.06260553,0.060233966,0.06480359,0.06392245,0.06435996,0.065710515,0.066792265,0.06446875,0.06805874,0.06388793,0.0654474,0.06260343,0.060111307,0.0641102,0.0658526,0.06523553,0.06642384,0.061827023,0.06376161,0.0657782,0.06339799,0.06759519,0.061600007,0.06358295,0.06312861,0.06584604,0.06456798,0.06459899,0.06626531,0.0632185,0.06533637,0.061784253,0.06474194,0.065538965,0.06363708,0.060437635,0.06361577,0.06439964,0.06432866,0.06737554,0.066654,0.061010905,0.061755482,0.064885356,0.061977692,0.065187365,0.063773334,0.060097244,0.06670087,0.06248854,0.060498293,0.06496303,0.06367013,0.06379386,0.06553249,0.06213198,0.06274896,0.06364166,0.06647322,0.06404697,0.06134653,0.06632338,0.06562762,0.06643054,0.066172495,0.06248089,0.062403828,0.06708055,0.0665904,0.062319275,0.062796324,0.06466188,0.06739356,0.06610358,0.068482906,0.06315409,0.06301469,0.06484293,0.06593474,0.06107038,0.06651464,0.062131774,0.06102872,0.06887903,0.060600355,0.061908204,0.06489322,0.067333706,0.06590839,0.06325084,0.06757382,0.06712278,0.06025139,0.062855124,0.06744887,0.06405439,0.06249793,0.06655748,0.06546641,0.06234201,0.06482619,0.060734898,0.06360254,0.065488234,0.06270378,0.06190316,0.064314485,0.06407518,0.06465942,0.060389895,0.06245139,0.06497502,0.06403196,0.06474091,0.06252831,0.060810298,0.06441864,0.06405546,0.067051016,0.06391416,0.06862548,0.06232929,0.061929785,0.06448942,0.063390166,0.06386981,0.05949497,0.062331107,0.06335777,0.06550271,0.061797876,0.062493257,0.06357009,0.067202024,0.061480965,0.062173497,0.06591098,0.06470017,0.058398794,0.0601631,0.0647242,0.06190119,0.06368309,0.065299794,0.065270014,0.06557847,0.06575566,0.062540755,0.061599936,0.062312376,0.062861115,0.06432943,0.060095,0.05811729,0.0668953,0.06635284,0.071240194,0.065216504,0.06304591,0.061197255,0.068390265,0.06310997,0.062656015,0.06357267,0.06457355,0.06364776,0.062423382,0.06545826,0.06430818,0.06100805,0.063483685,0.060631353,0.06424216,0.06513449,0.06444778,0.06404903,0.064603284,0.060273297,0.06464717,0.06388509,0.06628991,0.062887445,0.06580912
0.0024,0.0035,0.0,1.6959164808078657,0.06502735,0.0590675,0.06345015,0.064205416,0.06482862,0.06688421,0.06418542,0.06627818,0.06598254,0.06872529,0.06818184,0.06144686,0.064817175,0.06575829,0.062011305,0.06672458,0.06318681,0.06445159,0.06798871,0.06315606,0.06884915,0.062408697,0.063238434,0.067602225,0.06432469,0.060564183,0.0671469,0.06567109,0.065796055,0.06529916,0.069220945,0.06549275,0.06706582,0.06426508,0.064880274,0.06436237,0.06702184,0.064978406,0.06313981,0.06620854,0.06619757,0.059169717,0.07005243,0.06219103,0.06389364,0.06489439,0.0690117,0.06545624,0.06672981,0.064138874,0.06725091,0.06333732,0.06822865,0.064467266,0.059950054,0.06278336,0.064477935,0.06239974,0.06649019,0.06641335,0.062106486,0.06279038,0.066073604,0.0673321,0.06663098,0.06552024,0.06730612,0.0663042,0.061302435,0.06739123,0.065716825,0.06340693,0.06187709,0.065559946,0.06488473,0.06414323,0.063958876,0.06328176,0.068115495,0.062293097,0.066155925,0.065739565,0.06344892,0.06373051,0.061558835,0.06322226,0.062661685,0.07309138,0.062426277,0.06454524,0.06300371,0.061501075,0.06536927,0.064787485,0.0650301,0.065789305,0.064671606,0.0630773,0.06488721,0.07428867,0.06283947,0.0691002,0.06659479,0.065071985,0.06620271,0.06541998,0.06890087,0.06570434,0.065501414,0.0668972,0.06351122,0.06749172,0.06728694,0.065537855,0.06581709,0.06360904,0.06425695,0.064854406,0.068528794,0.06738613,0.06635463,0.06385752,0.068625376,0.06185739,0.06038303,0.06722041,0.06752405,0.06199865,0.06698308,0.06347994,0.063480385,0.06363262,0.06864772,0.06750236,0.06302622,0.062392272,0.066417456,0.066332616,0.061554145,0.066736124,0.07258026,0.061994493,0.06481042,0.06641463,0.06889282,0.063638374,0.06932439,0.06457286,0.060008764,0.064995736,0.0644633,0.06641441,0.0634807,0.065798946,0.064274676,0.0671339,0.064917065,0.06316188,0.06597789,0.06343948,0.06368705,0.062335305,0.065597765,0.06488876,0.061507612,0.06492604,0.06767206,0.06269674,0.065001525,0.06816258,0.06035257,0.06410166,0.06274451,0.06277265,0.07059538,0.05994869,0.06345893,0.062431168,0.063073955,0.06097338,0.06776785,0.065035805,0.066199556,0.06407878,0.06420869,0.06688981,0.066621885,0.061849926,0.070137076,0.063488126,0.07021264,0.06935026,0.06472247,0.06529575,0.0644671,0.066172555,0.066697404,0.060096506,0.066003405,0.061994202,0.062264077,0.06764323,0.063313894,0.06906733,0.06589577,0.061915416,0.06388557,0.061761744,0.064053595,0.06387853,0.06997297,0.06586199,0.06797822,0.06840638,0.06072905,0.06291937,0.06512091,0.06185071
0.0024,0.0015,0.0,11.005598150777738,0.5135029,0.5026344,0.50523967,0.5104691,0.50612897,0.50540525,0.5176751,0.51816976,0.51853424,0.4996739,0.5169749,0.5147615,0.50230765,0.5128329,0.52284604,0.5127414,0.51014256,0.51840925,0.5207898,0.51434916,0.5257019,0.5141921,0.524285,0.5143802,0.51309717,0.5218711,0.5202641,0.5175622,0.5121449,0.5151619,0.51568,0.5079608,0.5218453,0.5197169,0.51228195,0.5056486,0.5141192,0.5051554,0.5250685,0.508161,0.5156907,0.49794188,0.50668114,0.51795846,0.5212868,0.5194633,0.5018588,0.50885534,0.5094424,0.50470865,0.5201767,0.5142329,0.5068882,0.5114051,0.5088325,0.51665336,0.51158035,0.5204241,0.5046494,0.50337523,0.5060727,0.52519435,0.52395195,0.51417047,0.50313693,0.5192663,0.52173465,0.5246389,0.5195731,0.52079916,0.5170348,0.52349716,0.5213682,0.5163197,0.5271016,0.50552887,0.5109332,0.5098988,0.5240182,0.5187146,0.49782813,0.515206,0.52037287,0.5119018,0.52277935,0.51334757,0.51932764,0.5130713,0.5124361,0.520769,0.5066379,0.51303697,0.50364333,0.50313824,0.5118469,0.52268195,0.510845,0.5118101,0.5049586,0.50657624,0.5307733,0.52039367,0.5173232,0.5048219,0.4981724,0.5188784,0.5127468,0.5102625,0.51553804,0.50645053,0.51173055,0.51686084,0.5018606,0.51720685,0.510034,0.5332025,0.50102466,0.5095845,0.5132662,0.5162557,0.5166356,0.51198745,0.50831777,0.5023904,0.5260488,0.50951624,0.515467,0.5090335,0.5028213,0.52755415,0.5239146,0.50984603,0.51517075,0.52538306,0.4966777,0.5221429,0.5165302,0.5051854,0.5216322,0.5137387,0.51436377,0.5164187,0.51888,0.51078093,0.5280808,0.5276764,0.49825978,0.52103436,0.51230896,0.5205463,0.51239467,0.51224434,0.5194256,0.5054742,0.51397,0.49215528,0.510963,0.5139996,0.49756616,0.5141087,0.5246866,0.51876867,0.5148629,0.5089859,0.52201384,0.5195981,0.5168999,0.50870854,0.50178117,0.52032155,0.50380105,0.5134398,0.516545,0.5126873,0.51977307,0.5124137,0.5272854,0.5003259,0.5217541,0.5152415,0.51119995,0.50956696,0.52002096,0.5078641,0.5188376,0.5097492,0.50665283,0.5113127,0.5179785,0.5046027,0.50870657,0.5111918,0.52106726,0.5020302,0.52147514,0.5156209,0.5130837,0.5059453,0.51638484,0.50032276,0.50798327,0.51246077,0.50570554,0.52783334,0.5208322,0.512345,0.5089621,0.5133741,0.5150322,0.5038126,0.52243567,0.5179647,0.5117837,0.5090448,0.50888157,0.5157267,0.50708276,0.50666636
0.0032,0.002,0.0,16.157196159870832,0.6324043,0.6314969,0.626036,0.64078903,0.6230506,0.6392636,0.63231885,0.6292943,0.6275653,0.62488854,0.6376354,0.62685174,0.63271904,0.63303214,0.63390595,0.6313379,0.6234233,0.6326314,0.62723446,0.6332582,0.65336126,0.6202419,0.63526183,0.6216594,0.6355508,0.628731,0.61497086,0.62313175,0.6360799,0.64098716,0.6354978,0.63242036,0.6334639,0.6309069,0.63580877,0.63379234,0.6358283,0.6357254,0.6306314,0.6319646,0.62713975,0.630355,0.63454777,0.63181233,0.64136285,0.61986977,0.63664234,0.64404273,0.629837,0.6287376,0.63062084,0.6327721,0.6408793,0.6253655,0.6342454,0.640712,0.6377608,0.63785756,0.6280749,0.62739116,0.6292262,0.6251781,0.6202198,0.64162225,0.63972753,0.61346126,0.62465024,0.63149935,0.64024186,0.6397888,0.6277408,0.63741404,0.6402237,0.62464255,0.6528204,0.6260207,0.62439924,0.62776935,0.63587,0.63256246,0.6262624,0.62530375,0.6373598,0.6304816,0.62786585,0.61971617,0.63095665,0.6296814,0.6424108,0.63591653,0.6381835,0.62270516,0.62849057,0.62844825,0.64107335,0.6356176,0.6160843,0.6288582,0.6190502,0.61875993,0.62905896,0.6324721,0.6443445,0.61239976,0.6388989,0.63348055,0.6274878,0.6318169,0.63860106,0.6440376,0.63248724,0.6453017,0.63468266,0.6388117,0.62746817,0.6287551,0.6320922,0.63874817,0.6309496,0.62599397,0.6315016,0.64082754,0.63955975,0.6399806,0.6300553,0.63763076,0.6241456,0.6456853,0.62814546,0.6426138,0.6253039,0.63706225,0.62591505,0.6361148,0.6333935,0.63224757,0.62304395,0.6160512,0.643661,0.6409409,0.63686866,0.6465396,0.63851607,0.62403125,0.6266445,0.6255359,0.6280944,0.6235319,0.62501186,0.63530535,0.6292299,0.63953376,0.6266464,0.64189297,0.6239053,0.634695,0.6309954,0.6299763,0.6470431,0.63214713,0.6444894,0.621975,0.6243994,0.6385318,0.6468157,0.6253723,0.62755805,0.63615805,0.6472319,0.6265355,0.6261652,0.6247304,0.62867147,0.6418748,0.6288491,0.62719846,0.6268806,0.6372971,0.63344485,0.6439864,0.63791084,0.6283159,0.6345038,0.62303907,0.6401472,0.6380455,0.62935966,0.6180352,0.63371944,0.621575,0.6352636,0.62921685,0.64205426,0.6353357,0.648198,0.6376899,0.63691545,0.63396895,0.6296151,0.6321589,0.636807,0.65150696,0.62792206,0.6337863,0.63746583,0.6362621,0.6290228,0.6300646,0.6294288,0.6302254,0.6356872,0.6318657,0.62937754,0.6353392,0.62594604,0.63586444,0.637018,0.63591385
0.0032,0.004,0.0,8.119009596842991,0.7303037,0.7326557,0.7299462,0.7280936,0.7236978,0.73954266,0.7249255,0.7386647,0.73612505,0.72434604,0.7200097,0.73002577,0.737996,0.72661304,0.7408026,0.739581,0.73617923,0.7322141,0.7206273,0.73611677,0.7321729,0.73201084,0.7311078,0.7308749,0.7268452,0.7426035,0.7365287,0.73586375,0.71949834,0.7283288,0.7305592,0.73047036,0.7255202,0.7321595,0.7492111,0.73107177,0.7252612,0.7208516,0.7295987,0.7398219,0.7274477,0.72708803,0.7355635,0.7230484,0.73808724,0.7275628,0.7378705,0.7318073,0.7270178,0.73045856,0.73864317,0.71219766,0.73929566,0.7313742,0.75356436,0.73089445,0.7130322,0.73290986,0.73183346,0.727718,0.7245975,0.7221604,0.7295312,0.73396516,0.7161314,0.7329036,0.7230235,0.73039114,0.7264737,0.742616,0.7292802,0.7369446,0.7362803,0.7288518,0.712903,0.7332134,0.73200446,0.73034364,0.72915846,0.7312573,0.73567855,0.738995,0.7183364,0.7222054,0.7259523,0.73093224,0.72741395,0.73990965,0.7296925,0.72967243,0.74052924,0.7367406,0.73422486,0.7294278,0.7142433,0.7251863,0.7368256,0.72539085,0.7353215,0.72229624,0.7318661,0.7289008,0.7260527,0.7245427,0.7328684,0.7340472,0.7242268,0.74327517,0.72678167,0.7156035,0.73107743,0.73339844,0.7156812,0.7243265,0.7176542,0.71893793,0.7386832,0.72723883,0.73274803,0.72512984,0.7342032,0.7350966,0.7314962,0.7231109,0.7315908,0.7283746,0.72971517,0.7239116,0.73964804,0.73045385,0.7343192,0.7383273,0.7224377,0.7187983,0.7173778,0.72498846,0.71226287,0.734908,0.729145,0.74562055,0.72280365,0.73039734,0.73682916,0.7222691,0.7228657,0.72034013,0.74548686,0.7339332,0.72494173,0.7284375,0.7295172,0.72661346,0.7413034,0.739734,0.73266375,0.7353406,0.72363275,0.72870153,0.7346746,0.73722976,0.72901815,0.74072826,0.7309532,0.72206527,0.72097415,0.7459178,0.7297411,0.732191,0.72432864,0.7286821,0.7367191,0.7458428,0.7371428,0.7097757,0.7198648,0.737928,0.73603266,0.72199196,0.74085104,0.729821,0.73831993,0.72970116,0.7329753,0.7271074,0.7245198,0.73826104,0.727426,0.7303051,0.747143,0.74184835,0.7230809,0.7439045,0.7336152,0.731484,0.73334974,0.72991186,0.72889656,0.7315459,0.7189576,0.72706985,0.71307456,0.72364223,0.75447106,0.7374982,0.7285626,0.71572423,0.7217935,0.7257741,0.7410796,0.7200593,0.72455233,0.73257774,0.7225014,0.7297442,0.7438029,0.7330113,0.7337156,0.7308418
0.0016,0.001,0.0,3.111220366825038,0.063233696,0.06237403,0.06419215,0.061986394,0.061945714,0.065027244,0.06381198,0.060649868,0.062564716,0.061508592,0.06454258,0.060247328,0.063761964,0.06306375,0.066171914,0.06545427,0.062119838,0.06317334,0.062447734,0.064656615,0.06159386,0.06370555,0.063228,0.061491895,0.0645772,0.060685214,0.061898254,0.06277894,0.06433948,0.06094238,0.06551639,0.06469626,0.066501595,0.06316931,0.062318116,0.06325162,0.061348066,0.065958075,0.06183804,0.06271207,0.06369445,0.06177985,0.060891543,0.062632434,0.06034408,0.06478557,0.06347962,0.06815984,0.06064582,0.06284824,0.06254334,0.06471172,0.062347043,0.06574971,0.066137485,0.062373403,0.065226145,0.061905593,0.060970593,0.061757553,0.059646666,0.061901964,0.06475631,0.062087473,0.06449833,0.060482923,0.06411872,0.063946865,0.06547748,0.061619267,0.0661164,0.0628325,0.06397749,0.06157681,0.063294254,0.062758654,0.06492098,0.06577366,0.06496178,0.06628642,0.062619336,0.0625966,0.061775308,0.06099542,0.064426705,0.0635101,0.06385714,0.0642796,0.06349227,0.06539326,0.06394315,0.06153921,0.06693358,0.062096193,0.06404839,0.061283335,0.062248014,0.0629814,0.060880445,0.06146182,0.06427603,0.060804658,0.06338108,0.063713476,0.06169485,0.06309185,0.064773895,0.06360741,0.062791415,0.062661536,0.063118026,0.06141192,0.06316893,0.06449195,0.064761445,0.06275216,0.063409865,0.06537128,0.06155194,0.064465545,0.063958846,0.061798766,0.061380424,0.062787525,0.06090498,0.06348512,0.06326858,0.06323472,0.061346076,0.06473423,0.063063525,0.062062,0.06643444,0.06214204,0.06346575,0.06272843,0.063877635,0.06595421,0.06342638,0.06197764,0.064237386,0.064063504,0.06382982,0.0654772,0.06201574,0.06114074,0.06414883,0.062143784,0.061423138,0.067183375,0.06392855,0.06222416,0.06516493,0.06265401,0.0624713,0.06472687,0.067821965,0.061479524,0.06291957,0.06340715,0.06373525,0.062263843,0.060352582,0.06316232,0.06461006,0.06640806,0.0644084,0.06628912,0.06455581,0.06592294,0.06298158,0.061666414,0.06532277,0.06370537,0.061763763,0.061865173,0.064602815,0.065221265,0.064756714,0.061169088,0.062647186,0.067036055,0.063542984,0.06232505,0.06147236,0.064034544,0.061494634,0.06653203,0.06349394,0.06064328,0.06529383,0.06545963,0.06585301,0.06177337,0.06575976,0.061091784,0.0620034,0.060201645,0.06009249,0.061810203,0.061938155,0.061196882,0.05998939,0.06539548,0.06263463,0.05914916,0.06470681,0.060628675,0.062207133,0.064446665,0.06263659,0.062217217,0.062458053,0.061643593,0.06300844,0.06270595,0.06575711,0.065245196
0.0028,0.001,0.0,25.233519445782772,0.4636105,0.45663965,0.4700869,0.45940274,0.4569659,0.4697654,0.46030736,0.46805543,0.45746693,0.45688686,0.46852553,0.46382698,0.46305993,0.46219233,0.4678078,0.4665665,0.4630351,0.45970607,0.45782983,0.45280743,0.46350104,0.46705556,0.45990825,0.46334925,0.46606714,0.4640723,0.4549814,0.4647001,0.4676218,0.4570125,0.4599541,0.46050793,0.4655572,0.4656213,0.46462134,0.4641037,0.46062163,0.46161407,0.46550816,0.46241313,0.4539244,0.46145728,0.46445248,0.46080634,0.4669298,0.471848,0.46741596,0.47476387,0.4655534,0.46921727,0.46048117,0.4649027,0.46547833,0.46994197,0.4620918,0.46229663,0.45780447,0.4591173,0.4593863,0.46260265,0.4553982,0.46280855,0.459844,0.46330124,0.45155817,0.46257704,0.4615928,0.45954457,0.47260907,0.4671217,0.46161714,0.46367583,0.46492952,0.4642212,0.46196303,0.4649812,0.46779785,0.4619509,0.46333793,0.45645344,0.46177632,0.45775568,0.4527817,0.4718644,0.4664387,0.4664406,0.4559791,0.4617208,0.45757625,0.48226655,0.4651292,0.45621356,0.46839318,0.47060645,0.4631121,0.46710572,0.47027153,0.46777445,0.4744288,0.46005696,0.46226713,0.46005318,0.46288455,0.46347836,0.4635282,0.462469,0.46541038,0.4681348,0.45632085,0.46807396,0.45940772,0.46412274,0.4726453,0.47197312,0.46485814,0.4615685,0.46281692,0.47287455,0.4628631,0.4668557,0.4635891,0.46095565,0.46946672,0.46648484,0.46092197,0.45714286,0.46639264,0.46415848,0.4632391,0.45914558,0.4617081,0.4622162,0.46400642,0.463091,0.4675605,0.46721604,0.46233803,0.46748033,0.45790264,0.46001488,0.4677786,0.46119365,0.46572006,0.46093225,0.4672942,0.4641167,0.45783147,0.4627955,0.46860576,0.452898,0.46824262,0.45713302,0.45421964,0.46031284,0.45978844,0.45634893,0.47068167,0.45873204,0.46481654,0.4603263,0.4623827,0.46580535,0.45840606,0.4564563,0.45887873,0.47174287,0.46251515,0.47069845,0.4699083,0.47063735,0.4600564,0.4689602,0.46684077,0.45817626,0.46547815,0.4651989,0.46326047,0.45716977,0.46030802,0.47195765,0.4665292,0.46230686,0.46206287,0.4593599,0.48224035,0.46335623,0.45979127,0.4631465,0.46446505,0.4587871,0.47333437,0.45641217,0.47073582,0.4648053,0.4715316,0.46121302,0.4552209,0.454647,0.46589673,0.4521526,0.4585451,0.46700624,0.45806903,0.47667632,0.46749127,0.4699262,0.4699897,0.47654662,0.46017617,0.4606745,0.4693716,0.4757023,0.4605228,0.4764064,0.46229687,0.46034417,0.45621705,0.46210438
0.0024,0.004,0.0,1.5196395995414387,0.065247886,0.06583403,0.06464712,0.069228485,0.06733713,0.06644231,0.066918954,0.0680261,0.06769825,0.062026322,0.06769642,0.068002865,0.06333883,0.067058995,0.074000105,0.06263554,0.06707697,0.06653186,0.063063495,0.062413946,0.06782123,0.062697284,0.06582073,0.06760982,0.06575563,0.06297489,0.061408166,0.06423708,0.067609705,0.06672479,0.0629574,0.06575569,0.063581824,0.061688002,0.06548968,0.06466568,0.06650656,0.06374056,0.06340327,0.069353625,0.061318982,0.066783816,0.06031676,0.065774255,0.064018235,0.06497529,0.06527367,0.06540544,0.064230084,0.06415071,0.06467876,0.06590168,0.05980668,0.065924235,0.066407405,0.06612122,0.064597785,0.06404817,0.06512202,0.062753886,0.06450095,0.067588754,0.062860265,0.06610736,0.06233403,0.061283827,0.06412111,0.064027004,0.066794224,0.06480595,0.06151211,0.06643007,0.06249161,0.064220436,0.06342941,0.06450003,0.06260835,0.06512021,0.0696257,0.067260206,0.061914694,0.068326384,0.06532387,0.0659765,0.067068145,0.06388523,0.06602907,0.07310495,0.06852183,0.062295437,0.06625914,0.06327387,0.06585269,0.060326643,0.06410123,0.063734904,0.060361527,0.06593455,0.06529343,0.07344752,0.06302784,0.06671998,0.06746774,0.06598565,0.06884575,0.059894387,0.06579283,0.064160995,0.061727818,0.05991753,0.0629506,0.06445183,0.06249957,0.07098167,0.06813174,0.06966425,0.06445737,0.06176781,0.06689628,0.06611611,0.067658424,0.063766986,0.06696961,0.061930057,0.06580172,0.06139144,0.06728826,0.060982365,0.06453198,0.063846536,0.066056184,0.06382993,0.06519754,0.063821904,0.064279005,0.063344456,0.06443127,0.06396208,0.066290006,0.06453365,0.06596658,0.062250733,0.06318161,0.067673646,0.0633327,0.06405644,0.062489744,0.06728395,0.0680952,0.067365676,0.063854694,0.06586818,0.06390682,0.06428577,0.06562362,0.06286884,0.06472323,0.06797414,0.06680194,0.06491938,0.063546576,0.06471242,0.064881034,0.06469095,0.059583537,0.06304842,0.06659128,0.0670657,0.06448066,0.06353402,0.061378933,0.06768245,0.0644786,0.07029126,0.06309496,0.06546213,0.06089205,0.06285998,0.06671891,0.07064539,0.06622797,0.06485873,0.06754997,0.06598778,0.065609425,0.06573505,0.06685042,0.065962814,0.062362187,0.06501139,0.064550795,0.077222526,0.070427656,0.06632102,0.06504457,0.066151604,0.06379232,0.068465486,0.06616476,0.06734958,0.06619162,0.06430739,0.06747,0.0757002,0.06430487,0.063667774,0.06667901,0.06529337,0.064807504,0.066146776,0.068242095,0.058412723,0.06785144,0.06463567,0.06159951,0.06873565,0.06550919,0.06801525
0.004,0.001,0.0,118.70194432261799,0.06320498,0.0631777,0.059163176,0.06574761,0.06336833,0.06084,0.06418628,0.06050093,0.06266655,0.060968485,0.06660456,0.061477512,0.061542135,0.065275975,0.061695367,0.06094955,0.060797524,0.060926463,0.06354279,0.06726247,0.06573632,0.06423949,0.0628586,0.059868958,0.067094155,0.06070039,0.06449532,0.06109515,0.06371767,0.06384085,0.062693544,0.06503204,0.06326198,0.06549071,0.07054311,0.06249065,0.06081923,0.059673455,0.0631448,0.063346945,0.06493117,0.061666775,0.063476846,0.06487079,0.064189814,0.0627795,0.064533375,0.063349366,0.06298749,0.062351488,0.06282477,0.062371016,0.06470615,0.061531752,0.063147366,0.062665105,0.06370148,0.06444656,0.06370737,0.061807685,0.061363272,0.061571307,0.063391715,0.06185021,0.06338212,0.06302045,0.060889028,0.061157703,0.06624517,0.0612974,0.064260155,0.06300866,0.06561963,0.065172456,0.062145684,0.06256335,0.06164826,0.06416079,0.06713573,0.0609584,0.06341376,0.062735364,0.06098039,0.062587656,0.07216198,0.064858146,0.062351037,0.063703746,0.059615247,0.062373582,0.0613751,0.064623736,0.061118547,0.0626929,0.063523896,0.072515,0.061771423,0.06705985,0.062123552,0.06451229,0.060128134,0.063124925,0.063912936,0.061297882,0.06186111,0.063732065,0.062938854,0.06493445,0.063140616,0.06826533,0.063306235,0.0632948,0.06154719,0.06361178,0.06522466,0.06165417,0.0628698,0.06466076,0.06076032,0.06339287,0.06308417,0.065500155,0.06470446,0.061522745,0.06272351,0.061643343,0.065005474,0.06201688,0.064185,0.06312093,0.06632262,0.06473854,0.0603251,0.0617711,0.06261721,0.06492246,0.06430262,0.063892126,0.06652988,0.06496605,0.064842716,0.06310892,0.06388369,0.0649463,0.06405485,0.06464385,0.064535506,0.064167626,0.06354605,0.06357019,0.06282651,0.06476462,0.06466223,0.06349002,0.062348206,0.06337871,0.06378299,0.06282434,0.06105238,0.059162643,0.05996114,0.062128816,0.0623553,0.06436294,0.06687541,0.06231107,0.062036686,0.062037285,0.06231519,0.064561024,0.06368968,0.060955483,0.062744424,0.060820293,0.05909935,0.06505601,0.061676867,0.062478177,0.0660164,0.062252745,0.06308412,0.06484898,0.062460806,0.061592083,0.061843213,0.06396836,0.062790796,0.060297303,0.06373059,0.05953989,0.0596642,0.06314258,0.06357977,0.062076055,0.0650372,0.0672062,0.0627983,0.06600767,0.06603086,0.06132315,0.063587666,0.06419463,0.06411333,0.06519371,0.064201474,0.06280154,0.06325101,0.0620614,0.06361305,0.060113046,0.061738268,0.06271573,0.061884865,0.0631229,0.060724035,0.0648983,0.059814807,0.061727837
0.004,0.0005,0.0,138.81190710265972,0.0653974,0.06653655,0.07256497,0.0656529,0.058870923,0.07785208,0.061141968,0.06366435,0.07364456,0.064532824,0.05727853,0.07652026,0.08510748,0.07297143,0.058375366,0.067008756,0.06854101,0.06412163,0.059257656,0.055390924,0.067796774,0.06295458,0.07249924,0.064051755,0.06308654,0.07197962,0.060650054,0.07586748,0.06407441,0.07335251,0.06864502,0.06506897,0.06725346,0.071500525,0.06385486,0.06334688,0.060038514,0.059604302,0.07045615,0.06612614,0.057317365,0.06587858,0.07367093,0.062840596,0.0636015,0.06489423,0.06878858,0.062976316,0.06541784,0.057010237,0.06273769,0.06650901,0.058883294,0.06365514,0.060348574,0.066025615,0.07178347,0.056090556,0.07021346,0.05835219,0.06909367,0.057249222,0.060568668,0.069836795,0.0633421,0.06828014,0.06200303,0.06009925,0.061545752,0.06821449,0.06808865,0.06934233,0.06530965,0.0643519,0.06603439,0.06547139,0.063968986,0.06937725,0.052472394,0.062102593,0.059529316,0.06316816,0.07722907,0.07546317,0.056647312,0.07827867,0.059852388,0.05947208,0.05845169,0.06500288,0.06496693,0.06368548,0.062178597,0.060801715,0.06264632,0.065929405,0.05814685,0.06800268,0.07061591,0.064125,0.064306885,0.058450177,0.062096473,0.057546947,0.05801056,0.060975734,0.063766666,0.05777144,0.069531664,0.06050764,0.07323307,0.06945403,0.06829428,0.06294107,0.0750265,0.06438382,0.05267883,0.06301393,0.061476488,0.058156114,0.06028046,0.07160341,0.06344617,0.0704143,0.06470225,0.0613551,0.064991534,0.059941124,0.06773988,0.068005964,0.0703441,0.06186457,0.06511825,0.06463098,0.07491922,0.06512063,0.06383653,0.080783084,0.06434371,0.057370644,0.059917852,0.07133585,0.05866021,0.0658994,0.060968902,0.06496447,0.061349664,0.06708576,0.06846644,0.060292095,0.0689786,0.084273085,0.06926462,0.07278428,0.07053767,0.061713822,0.07241531,0.06590229,0.07167643,0.065335326,0.066210076,0.06131107,0.06091384,0.056463435,0.06692222,0.06666323,0.08009355,0.07511317,0.062760055,0.060691565,0.059206374,0.06589288,0.06530346,0.060770646,0.05767027,0.058204647,0.05956118,0.058626726,0.06328683,0.057602957,0.06698871,0.067345284,0.074951716,0.069137946,0.06652803,0.060281813,0.05847354,0.061549265,0.06502354,0.068193056,0.06682168,0.062099636,0.060749717,0.08358183,0.061224606,0.07646823,0.06295649,0.07184597,0.058483448,0.0619807,0.092388995,0.061076105,0.07534154,0.06617986,0.06265165,0.06894367,0.070599034,0.06890913,0.060284693,0.06522087,0.064505085,0.07846034,0.0643982,0.057405885,0.061956473,0.076306164,0.061101988,0.06411351
0.0012,0.0005,0.0,3.4159957126371965,0.06317586,0.06573767,0.0626404,0.06381954,0.062096603,0.061162762,0.061972786,0.061815802,0.062261038,0.06483457,0.06423321,0.062499974,0.064259015,0.063243985,0.06507428,0.060406838,0.06371775,0.061334804,0.060806233,0.06358241,0.063151516,0.06272602,0.06877364,0.0638203,0.058929864,0.06290869,0.062198415,0.06409762,0.06550889,0.06530778,0.06266423,0.06454252,0.0635011,0.06371947,0.062767975,0.0648164,0.0660462,0.061963513,0.06424304,0.06254112,0.06280351,0.061981514,0.06084753,0.06160576,0.06192017,0.061485883,0.062390264,0.06300995,0.06336791,0.06290602,0.06342269,0.06314373,0.06740058,0.062362585,0.06307609,0.062317487,0.06280615,0.06360858,0.060937755,0.06678731,0.067453556,0.06414744,0.06282019,0.061427508,0.061538197,0.05986471,0.06296674,0.061449967,0.06269557,0.060809717,0.06181256,0.06431071,0.06419619,0.064233646,0.06414288,0.063734606,0.06268205,0.06413634,0.06443224,0.061663244,0.06517884,0.064345874,0.06230679,0.06123213,0.06373004,0.06207109,0.067483105,0.06337211,0.063191295,0.0610763,0.062199824,0.06312838,0.06869795,0.06414158,0.061407197,0.06661576,0.06498349,0.06366307,0.06398221,0.06255856,0.06113341,0.063433975,0.06453297,0.061794892,0.06627986,0.06319815,0.064445086,0.06283652,0.063944645,0.06250729,0.065692715,0.06593025,0.06286749,0.061057054,0.06281938,0.065202326,0.060726944,0.06358841,0.062400702,0.06519095,0.063941315,0.062870555,0.060595114,0.061116703,0.061249137,0.063987434,0.06375271,0.061128505,0.06022383,0.061502825,0.06490953,0.063126534,0.061329674,0.06346819,0.06103854,0.06474267,0.062180344,0.06342447,0.06742484,0.06494985,0.060030002,0.06276507,0.059884388,0.062256843,0.06236207,0.06352195,0.06581524,0.066481575,0.06281945,0.06331796,0.06469078,0.062683664,0.06356446,0.06626666,0.0628528,0.06309652,0.0632852,0.062450673,0.06509167,0.061594516,0.064274766,0.06245794,0.0640397,0.06390663,0.06497032,0.063689314,0.06373804,0.066933125,0.061565623,0.06392585,0.060759626,0.064170405,0.06403191,0.061276663,0.062223963,0.06320399,0.061899595,0.060092214,0.062193632,0.062888056,0.06478287,0.06255669,0.06293756,0.06544688,0.06433067,0.06262673,0.06320989,0.06460461,0.059659734,0.06474801,0.062150914,0.062323518,0.064011924,0.06272233,0.059450142,0.0648325,0.063399605,0.062268794,0.060474332,0.061449654,0.059633836,0.062316056,0.06673166,0.064601034,0.06574891,0.064890645,0.06397877,0.06207076,0.06220869,0.060720965,0.062519036,0.063489616,0.06157858,0.06258122,0.062331498,0.06487676,0.06144066,0.062043298
0.0004,0.0005,0.0,1.937342592651135,0.06312238,0.06396533,0.06266393,0.06356696,0.062357925,0.064746946,0.06237807,0.06113554,0.06447049,0.06720124,0.06413487,0.06259582,0.0659494,0.06422687,0.06422005,0.064844884,0.06248963,0.064822055,0.0630156,0.061984096,0.062731154,0.06438136,0.062498182,0.062524326,0.06684055,0.062649146,0.062951736,0.062063325,0.062682465,0.062658094,0.0624342,0.06572243,0.06370029,0.063642904,0.066408284,0.061334055,0.06600248,0.06441915,0.061177522,0.06476144,0.065554924,0.06297723,0.058625493,0.06512193,0.061590068,0.062931046,0.06397076,0.06402807,0.06426948,0.06297191,0.062261127,0.061859146,0.06422961,0.06401693,0.063846864,0.0639257,0.06336471,0.06420959,0.062610544,0.06441821,0.061972383,0.064923465,0.06023129,0.06273508,0.062001348,0.06397124,0.06360988,0.06543955,0.06242551,0.06303045,0.062530905,0.06637146,0.06272144,0.06508389,0.06409215,0.06668744,0.06224754,0.061928507,0.06162431,0.06406724,0.06317599,0.0632321,0.05921699,0.06284936,0.059532963,0.05996133,0.059898958,0.06229592,0.06094323,0.061386608,0.05865735,0.06505938,0.063346885,0.0604464,0.06289897,0.061300255,0.05900147,0.06392924,0.06537643,0.0623519,0.062605366,0.060032208,0.06268846,0.060443215,0.062322076,0.062205393,0.06381581,0.06258804,0.058304053,0.064917095,0.061578874,0.06395525,0.06648664,0.06461051,0.06408709,0.06353418,0.061394304,0.06353293,0.06058179,0.06570837,0.06294646,0.0630506,0.06313564,0.065451115,0.068079665,0.06293385,0.059586205,0.061048802,0.06235926,0.061598986,0.0642916,0.06548306,0.06377202,0.061642032,0.06455169,0.06531829,0.06554863,0.06885154,0.060153514,0.06192494,0.06419703,0.065695226,0.062407,0.06350851,0.06541307,0.06332582,0.059555534,0.06346075,0.060244754,0.065309316,0.05991149,0.0600541,0.064793326,0.0611945,0.060912464,0.060423966,0.06345032,0.064109094,0.063310206,0.062470973,0.066188805,0.06196453,0.06551576,0.06811393,0.060020257,0.060475644,0.06059082,0.06509765,0.063781805,0.06218637,0.06697611,0.06385159,0.066389345,0.064568505,0.06332451,0.063379206,0.062401995,0.06112056,0.0652889,0.06667672,0.06679355,0.062282555,0.060579207,0.06379836,0.06255449,0.063324854,0.06045161,0.06115445,0.06489674,0.0615577,0.062073924,0.062094834,0.0652506,0.061366435,0.068095654,0.064174846,0.05927644,0.06171018,0.0649852,0.06244462,0.056792445,0.06413494,0.06499928,0.06134634,0.060554527,0.06357912,0.06333961,0.06421857,0.060180575,0.0643862,0.06460809,0.06316054,0.06469696,0.058711607,0.06477999,0.06281414,0.06421856,0.06169569
0.0028,0.003,0.0,7.754290934863732,0.66481376,0.6695981,0.6478832,0.67571837,0.6520578,0.6680696,0.66934997,0.65876216,0.66337174,0.65284383,0.6617522,0.6680918,0.6651265,0.66335964,0.65814567,0.6665599,0.67327327,0.66927797,0.6743219,0.6752597,0.67114383,0.6538515,0.6547285,0.6711599,0.6564573,0.67484653,0.6627793,0.65987885,0.6628696,0.650213,0.6696606,0.67102885,0.669664,0.6472403,0.6657465,0.65616417,0.6598841,0.65940845,0.66662693,0.6531054,0.65643996,0.67369366,0.659335,0.66121846,0.6638539,0.6589633,0.65660006,0.6857369,0.66942436,0.6702408,0.6693913,0.6777284,0.6671601,0.65871626,0.66271716,0.6591863,0.66316277,0.6525067,0.6751484,0.6672426,0.6629255,0.68089956,0.6635659,0.6533471,0.656283,0.6796656,0.67909706,0.652637,0.64099276,0.6716662,0.64811194,0.66563946,0.66362625,0.67652714,0.64312726,0.6683812,0.6592296,0.6627821,0.68177706,0.6614149,0.6585906,0.64123845,0.67427707,0.67019004,0.67137766,0.66176385,0.66312414,0.6718206,0.65903395,0.66129255,0.67264766,0.68745625,0.6738316,0.6657884,0.67088825,0.66861504,0.67042136,0.662988,0.66732657,0.6641963,0.6691761,0.6741696,0.6727537,0.6506218,0.66219467,0.66513723,0.6532828,0.6619593,0.6557296,0.6647351,0.66691417,0.67436725,0.66426367,0.6597538,0.66447246,0.66438437,0.65604085,0.6651305,0.67353666,0.6589824,0.65221983,0.6553875,0.6678289,0.6578939,0.6631027,0.6793566,0.6761765,0.68545854,0.6629492,0.67204225,0.66161686,0.6673903,0.665418,0.6666655,0.66043353,0.683146,0.6652378,0.6679915,0.66106653,0.644497,0.66003704,0.65541863,0.6640116,0.6773722,0.67297006,0.66680616,0.6729004,0.66317993,0.6766058,0.6563783,0.6807841,0.67294246,0.6713042,0.6654396,0.6716959,0.65320134,0.6683216,0.65247655,0.6610945,0.6648535,0.66815895,0.6589259,0.67192954,0.67194766,0.6561872,0.6693781,0.66851777,0.66288435,0.6716598,0.6594492,0.65631294,0.6575994,0.66134393,0.6532995,0.6485161,0.6533994,0.6766799,0.67487013,0.6635787,0.6701879,0.6695835,0.66994226,0.66356874,0.6769149,0.6612058,0.6700748,0.65907365,0.6754672,0.66324705,0.66119766,0.6601123,0.6674771,0.65882766,0.6677463,0.6590364,0.65308803,0.64507335,0.6644769,0.65634173,0.67212313,0.6867926,0.6650344,0.66505986,0.6750325,0.6755718,0.6620304,0.6652966,0.6521086,0.66725105,0.6557611,0.6654569,0.658041,0.6704664,0.6585321,0.65783995,0.6733833,0.68053526,0.67338705
0.0012,0.003,0.0,1.2456449124603022,0.06421269,0.06233595,0.061469626,0.063465,0.06427465,0.061675966,0.068304,0.06313454,0.06727723,0.060790885,0.06581776,0.06756938,0.06384936,0.058422342,0.062268086,0.06166235,0.06079027,0.06679761,0.062968716,0.0629035,0.063239545,0.064752616,0.06220826,0.06447852,0.06461781,0.06634932,0.067981705,0.059373964,0.062677495,0.061991718,0.06643349,0.062098864,0.06606604,0.0641203,0.05991811,0.06416057,0.06574973,0.06384892,0.06335654,0.064698756,0.06477938,0.061481807,0.064810686,0.06301064,0.064066805,0.064970404,0.06864067,0.0679615,0.06642817,0.06122787,0.06496146,0.062339175,0.067328095,0.061987545,0.06223099,0.06366669,0.06544862,0.060659796,0.06310159,0.0657523,0.064844966,0.066621974,0.060463924,0.06740617,0.06804152,0.062420085,0.060848974,0.06312176,0.06384935,0.06237847,0.06145585,0.0651605,0.0647776,0.064466834,0.06339099,0.064422905,0.0613086,0.060486406,0.06099403,0.063708074,0.06633544,0.06485451,0.06341369,0.06447439,0.06245616,0.065608226,0.065082,0.06731396,0.06079984,0.06288082,0.06540697,0.06351037,0.06239364,0.065965414,0.061496723,0.061444324,0.06623174,0.06394082,0.06093522,0.07309796,0.06368894,0.06818433,0.063195534,0.06590072,0.06671463,0.06241227,0.060648248,0.06506119,0.067649424,0.06700076,0.062671185,0.061889954,0.060914107,0.068406664,0.06025549,0.065536276,0.06083795,0.06565062,0.067567214,0.065484315,0.064448595,0.06342514,0.05911311,0.06443355,0.06876602,0.064335346,0.060743082,0.06432406,0.06309604,0.06561779,0.06392306,0.06702527,0.067443594,0.06058272,0.063755736,0.06209151,0.06342359,0.06381443,0.06306258,0.06085807,0.065477185,0.06618281,0.066974424,0.06585487,0.068824284,0.06797923,0.06299414,0.060369294,0.063934326,0.0618456,0.06576782,0.06901838,0.064404495,0.06420059,0.06490662,0.06339285,0.06389284,0.06085858,0.06665193,0.06336841,0.065917544,0.06792939,0.06552634,0.062436033,0.06075257,0.068036914,0.07026521,0.06586483,0.06527862,0.06397959,0.062451676,0.06577508,0.0638471,0.062225785,0.062234774,0.060085163,0.062385082,0.06413553,0.06668293,0.0661105,0.06320621,0.0656438,0.067470446,0.06540965,0.064589106,0.06384993,0.06481863,0.06602533,0.06588296,0.06822402,0.063987955,0.067458965,0.059480667,0.06566658,0.061356455,0.07386174,0.06268502,0.061825495,0.063623436,0.06311899,0.061614767,0.06611129,0.064637765,0.060627457,0.06274911,0.06398962,0.06345486,0.066083126,0.0680647,0.065082595,0.06168617,0.0642924,0.063967474,0.06465507,0.06493131,0.06322937,0.069375105,0.06207859
0.0016,0.002,0.0,1.8105761963205276,0.06351859,0.059129823,0.06488364,0.06313449,0.06468517,0.06299952,0.06531852,0.059481043,0.06341697,0.06468196,0.0637823,0.0626935,0.065118484,0.0623153,0.06178059,0.06368983,0.061347663,0.06465949,0.062857985,0.065244354,0.06012967,0.06444051,0.06365883,0.06758215,0.06532827,0.06782023,0.06263974,0.06521505,0.06289769,0.06338006,0.06550639,0.061197784,0.062786244,0.06262717,0.06272607,0.064271405,0.06342504,0.06481305,0.06110292,0.06628856,0.063085385,0.06320921,0.0566107,0.06418378,0.06330091,0.061489265,0.06519122,0.06163692,0.06343999,0.06258383,0.06263259,0.067192666,0.059426177,0.06340543,0.06278297,0.061089545,0.064325854,0.06435674,0.062119436,0.06508341,0.06368892,0.060884453,0.06534385,0.06518552,0.05936391,0.06269232,0.062413294,0.063449815,0.067473724,0.062857226,0.063661866,0.061665017,0.061600853,0.061371136,0.06549908,0.061155867,0.06530667,0.059662584,0.062412072,0.06320938,0.06290506,0.058503423,0.0649334,0.06764577,0.065042734,0.06307528,0.066730306,0.06781748,0.06337965,0.062920675,0.06486531,0.064604804,0.06370925,0.065119445,0.06276799,0.06392912,0.06415397,0.060736712,0.063448586,0.066939056,0.06452581,0.0667202,0.062783934,0.06369431,0.063038215,0.062284082,0.06580976,0.06628709,0.06382593,0.06129304,0.06433066,0.0602866,0.06573213,0.06273597,0.061670016,0.060201745,0.06583163,0.06378224,0.06469487,0.065173194,0.06508211,0.061917666,0.06444817,0.06245203,0.06428576,0.06188342,0.065285236,0.061659712,0.064913936,0.06609132,0.06665431,0.066560276,0.0620859,0.06736921,0.06462894,0.060895078,0.06691868,0.06537899,0.061599366,0.06521887,0.060569637,0.06528244,0.06482867,0.0676086,0.06298438,0.06441764,0.061161555,0.06618994,0.06004262,0.064225465,0.060042977,0.06105467,0.062343244,0.06309932,0.061056025,0.06383419,0.06706346,0.0648954,0.06249632,0.06511954,0.06081966,0.06653564,0.06382469,0.06460615,0.067430235,0.060092617,0.06232262,0.06339151,0.06261979,0.06353233,0.06441293,0.064753704,0.061845984,0.06321679,0.0634754,0.05963524,0.063634865,0.06288184,0.063818455,0.06407799,0.06171357,0.06190888,0.06510061,0.06030668,0.06531148,0.06089238,0.06392254,0.0653286,0.067017555,0.06242334,0.06460481,0.060004193,0.059975687,0.06250296,0.061066084,0.06776555,0.061473943,0.06471901,0.06355634,0.06323101,0.06348381,0.063365035,0.062341116,0.06879031,0.06498536,0.06571935,0.06573248,0.061621394,0.06444518,0.063790135,0.06364605,0.06309904,0.06074922,0.0625015,0.05998961,0.06511065,0.06277195,0.06496292
0.0012,0.0035,0.0,1.1525420013660506,0.064592704,0.06106278,0.065748654,0.06373271,0.06780871,0.06800574,0.06799359,0.06269167,0.06678409,0.06569459,0.06676711,0.059664592,0.06286902,0.062433407,0.062773965,0.06562873,0.06373585,0.06715112,0.0629202,0.06302885,0.06563358,0.0629679,0.066069886,0.06145443,0.062189158,0.06545033,0.06535671,0.062793784,0.065955035,0.063511066,0.06544435,0.066233635,0.06601047,0.06411844,0.067140415,0.06207524,0.06567217,0.058916993,0.064424194,0.06557494,0.065434344,0.063280486,0.06455842,0.06417777,0.06621456,0.06049951,0.059553824,0.06641169,0.06681378,0.06343549,0.060865846,0.063051976,0.06547657,0.06323777,0.06677165,0.064585425,0.06460039,0.06527919,0.066914156,0.062429793,0.06292117,0.06520862,0.062232323,0.061376836,0.064893596,0.06373981,0.06593056,0.06259554,0.06702058,0.066104345,0.06421553,0.06255028,0.06276185,0.064506315,0.06642221,0.06581721,0.06379395,0.067590035,0.06458049,0.061715275,0.06199333,0.06272474,0.06453281,0.06470807,0.06173535,0.06250999,0.06470206,0.0650276,0.06352898,0.062155064,0.061512463,0.06368646,0.06459059,0.06559798,0.063550815,0.06236469,0.06057585,0.06312854,0.059839994,0.0686561,0.067694314,0.07015606,0.063006505,0.06502575,0.06448025,0.06338298,0.0659032,0.064111836,0.066412225,0.06339129,0.06750907,0.063885234,0.06621082,0.06543881,0.065075345,0.06071747,0.06279197,0.064323865,0.06506101,0.060448207,0.06263359,0.065062754,0.06598604,0.06370122,0.061370358,0.06698518,0.064289235,0.066926554,0.064033546,0.06431086,0.06436179,0.06549333,0.06337675,0.06326225,0.06679079,0.064184144,0.07147437,0.06280814,0.060817327,0.06454928,0.06881884,0.06519278,0.067665845,0.06182657,0.06683931,0.06624366,0.064605355,0.062316835,0.06759418,0.0654437,0.060591444,0.068176426,0.065273136,0.06697957,0.058713708,0.065492526,0.066429555,0.06643912,0.06330856,0.06682957,0.06539678,0.058747973,0.06180888,0.06657457,0.06616028,0.06339636,0.06835019,0.060823724,0.06071776,0.06091474,0.062466875,0.06553871,0.06727388,0.062419277,0.06706664,0.063976586,0.06325979,0.066219926,0.06861283,0.063243695,0.06307244,0.059679396,0.06850447,0.062112052,0.06747917,0.0645342,0.06517791,0.07142201,0.0678316,0.06693556,0.06444179,0.06834462,0.060230523,0.065640636,0.066494636,0.06765565,0.06397027,0.06868421,0.066997394,0.06606273,0.06487474,0.06873314,0.06636271,0.06841106,0.06536045,0.06804151,0.067601636,0.059489463,0.06342417,0.061568275,0.066893674,0.06610534,0.06351427,0.06684932,0.06896759,0.06266196,0.0643288,0.06278518
0.0008,0.0005,0.0,2.41045160157228,0.06292922,0.065332524,0.062480535,0.06572804,0.06103342,0.061839286,0.06053787,0.066201665,0.060546275,0.06422466,0.064820886,0.0623006,0.06055596,0.06671934,0.06234095,0.06267667,0.063611865,0.05998295,0.062373985,0.062936015,0.06211694,0.06539759,0.062752165,0.05995072,0.065278955,0.06445553,0.06527367,0.06215814,0.06251508,0.06244511,0.064352244,0.06402924,0.05999558,0.061990626,0.06287891,0.065425955,0.062193412,0.060489167,0.06253546,0.0676064,0.066980265,0.063528374,0.059393913,0.06163047,0.062883906,0.060866278,0.065082036,0.062112454,0.059957344,0.062997095,0.059629966,0.064491734,0.06574426,0.06151056,0.062476464,0.060954846,0.0631685,0.061837822,0.06238681,0.06297033,0.062160898,0.06476773,0.06480515,0.063573904,0.06326717,0.06775693,0.06317957,0.062371235,0.061923437,0.0646159,0.06272555,0.065101,0.06277011,0.063829325,0.06063365,0.06462708,0.06375695,0.058456298,0.063015714,0.062276244,0.06320923,0.059139274,0.061407693,0.057586137,0.06380648,0.062751055,0.06559613,0.06317738,0.065883,0.0651832,0.06322982,0.062370624,0.062704585,0.06328974,0.06484898,0.06161924,0.06738738,0.061552364,0.063071325,0.062905066,0.063703105,0.06189469,0.06565791,0.061582442,0.061658554,0.061709777,0.0626074,0.062297143,0.06202558,0.063632436,0.0635917,0.0649783,0.062986776,0.06309282,0.0664444,0.062114116,0.062725425,0.06310093,0.06335691,0.06365854,0.060830407,0.065416664,0.0643732,0.06222399,0.059434228,0.06285259,0.06375071,0.059192643,0.061370127,0.061259452,0.059394684,0.063249886,0.06328107,0.0645942,0.06526378,0.062094137,0.06533017,0.061888132,0.06110967,0.060477797,0.062621035,0.061588693,0.06255091,0.062555395,0.06252878,0.06211595,0.0616305,0.059286516,0.06300877,0.06756872,0.067576505,0.060769808,0.06360105,0.065268844,0.0632242,0.061966695,0.061021637,0.06382157,0.06346611,0.06340858,0.05949668,0.059503388,0.06241621,0.06697261,0.06271324,0.0639273,0.06200534,0.064623445,0.065348126,0.06347224,0.06143774,0.060650796,0.06250728,0.06775497,0.06486491,0.061443716,0.06307231,0.062252738,0.062556535,0.060733683,0.06418524,0.066051476,0.06365323,0.06539808,0.06278461,0.06623263,0.06040713,0.06528333,0.06197444,0.063391075,0.06169161,0.060954876,0.06475737,0.0642832,0.064198375,0.06497089,0.062787816,0.06351783,0.058414742,0.06160435,0.06401191,0.06247729,0.062328342,0.0652067,0.06368431,0.06046422,0.06405708,0.06025288,0.061776217,0.060873345,0.06069954,0.064248554,0.06419382,0.058769744,0.06296139,0.06459663,0.061525434,0.062411536
0.002,0.0005,0.0,20.704925746832863,0.35521302,0.35416323,0.35963482,0.35037237,0.3580839,0.350262,0.35589898,0.35084134,0.35535794,0.35386142,0.34972057,0.3520153,0.34584558,0.35424787,0.3541908,0.35292983,0.34972817,0.35808596,0.3547375,0.36249775,0.3480976,0.35369807,0.35811543,0.36172712,0.3605041,0.34692392,0.35596082,0.36004418,0.36291116,0.35250297,0.35578024,0.35097337,0.35564893,0.36268762,0.3583401,0.3497372,0.35886753,0.35564274,0.3514375,0.35293537,0.35892457,0.35901585,0.3499998,0.35624585,0.35294813,0.3537139,0.35889572,0.3507003,0.3556322,0.35339746,0.35808578,0.35437962,0.35881832,0.35583743,0.35142967,0.35495865,0.36095667,0.362382,0.34824753,0.35665375,0.3511042,0.35128713,0.35140255,0.35915262,0.3614293,0.3511859,0.35302478,0.35921612,0.358999,0.35185272,0.35150096,0.35997996,0.3538824,0.35755473,0.34863752,0.35580128,0.34694272,0.35191143,0.35655734,0.34998274,0.354363,0.35981986,0.3563962,0.351339,0.3513604,0.35703006,0.35515165,0.3585953,0.35643834,0.35608286,0.34664878,0.34695435,0.35716543,0.35257766,0.35266304,0.3580315,0.3532471,0.3474207,0.3557847,0.3581369,0.36047757,0.35804212,0.35310018,0.35697764,0.36089376,0.35854328,0.36092803,0.35642785,0.3621841,0.35309654,0.35375643,0.3542412,0.3581335,0.3565885,0.35454118,0.3493278,0.35526863,0.35175285,0.35328603,0.3502563,0.35465965,0.35491604,0.35831514,0.36365345,0.3510147,0.3621434,0.3547059,0.34715533,0.35395586,0.3542169,0.3514203,0.35235626,0.34956992,0.3534575,0.3554047,0.3579296,0.35233226,0.34969348,0.3572694,0.3591562,0.35660586,0.3526798,0.36075413,0.35354486,0.35485554,0.34917647,0.3589255,0.3507851,0.36174604,0.35748315,0.36680752,0.35440862,0.35630518,0.35540256,0.3580659,0.3525829,0.35057774,0.35126135,0.35845384,0.3612949,0.35977566,0.35891405,0.35422385,0.349579,0.36136842,0.35670322,0.35874295,0.36019647,0.34990928,0.3599067,0.35267395,0.35775998,0.35642594,0.35494816,0.3615111,0.3575406,0.3522342,0.34773496,0.35933173,0.3672905,0.36024237,0.35182804,0.35612276,0.349602,0.35587212,0.3581584,0.34987718,0.35269806,0.35590813,0.35193247,0.36429495,0.3566974,0.35474607,0.36124238,0.3548049,0.3548916,0.35484803,0.3569844,0.35090896,0.34963557,0.35984132,0.35902256,0.34872207,0.362103,0.35790265,0.35444015,0.35303998,0.35199225,0.35873872,0.3597941,0.347099,0.35585457,0.35822862,0.35710564,0.3622274,0.35384506,0.3484792,0.34900495
0.002,0.001,0.0,9.963859286725212,0.40077928,0.3941962,0.3970724,0.3981789,0.39447653,0.39856276,0.39431897,0.39961702,0.39507776,0.40385303,0.4003638,0.39760873,0.40247023,0.39966685,0.3964482,0.4018798,0.4003691,0.4027926,0.40507063,0.40194952,0.3988155,0.4014163,0.39671153,0.39381698,0.3975632,0.4018452,0.40127307,0.3934411,0.39897317,0.40504926,0.40285328,0.40820637,0.40249708,0.40072313,0.40442282,0.40220296,0.39768767,0.41265985,0.40586564,0.39755252,0.4072287,0.40006956,0.40276128,0.39961585,0.40494764,0.402427,0.4019572,0.3970639,0.40641072,0.3906175,0.4009212,0.40001574,0.40651107,0.4063994,0.39830035,0.39675292,0.39973795,0.40612918,0.39116943,0.39646217,0.39622128,0.3956761,0.40167022,0.39623788,0.40170977,0.40052995,0.3967453,0.41370705,0.40066284,0.39593652,0.40022352,0.40439266,0.4018056,0.40108293,0.39742,0.400092,0.39959893,0.40329182,0.403758,0.39809307,0.39590898,0.39589983,0.40333033,0.40317607,0.39848217,0.39876556,0.39636716,0.40188983,0.40097976,0.3906149,0.4042294,0.4008999,0.39994845,0.39425,0.40750745,0.39796963,0.39887232,0.39730296,0.39729005,0.4053215,0.39576825,0.40483174,0.40270063,0.40283012,0.4033166,0.40277427,0.40142027,0.39627507,0.4031575,0.4016823,0.404772,0.40048707,0.40739262,0.401407,0.40772483,0.3991008,0.3980583,0.39445773,0.4075497,0.3970162,0.40928382,0.4010538,0.39777872,0.4085905,0.39943677,0.38950354,0.40413648,0.39769658,0.39815754,0.40534493,0.40228853,0.39801615,0.40601784,0.3996809,0.39648134,0.40410638,0.40235654,0.39867607,0.40705284,0.4011294,0.40002123,0.39873278,0.40306675,0.39766526,0.40636873,0.39705747,0.3958429,0.40255594,0.4071317,0.39194033,0.39849132,0.4012502,0.4029665,0.40584514,0.39771295,0.3930466,0.4079517,0.40337947,0.3987292,0.39990345,0.4013075,0.40364748,0.4033834,0.40067214,0.4003664,0.40037584,0.3951918,0.40041363,0.4081188,0.40064192,0.39430025,0.40908527,0.4081141,0.40331978,0.4008142,0.3905939,0.40055755,0.40271327,0.40199667,0.40577012,0.39903024,0.40428942,0.3996554,0.40222478,0.4008457,0.40702918,0.40370274,0.39953008,0.40148088,0.3927018,0.3984075,0.40848175,0.3958598,0.39813256,0.40051657,0.40388772,0.4062979,0.39425743,0.39840156,0.40317914,0.39408562,0.39637452,0.40249845,0.39977482,0.39571908,0.40071058,0.40814796,0.40646496,0.4039556,0.39531937,0.40310243,0.41478014,0.39886737,0.40254623,0.39979413,0.39874855,0.4052223,0.4036142
0.0004,0.0035,0.0,0.9822524407971743,0.06492567,0.06855044,0.062366433,0.07050655,0.06434832,0.06797675,0.068833075,0.06444132,0.06458782,0.0620097,0.063015215,0.06588856,0.06429701,0.065013625,0.068414204,0.06204221,0.065975465,0.06841753,0.06318253,0.06680147,0.06615516,0.06284596,0.061724976,0.064901754,0.06800869,0.06702217,0.06511793,0.065086365,0.0637713,0.06573117,0.06664762,0.07211476,0.06411526,0.06376029,0.05950618,0.06533739,0.06408038,0.061969936,0.06419546,0.06640224,0.062444136,0.06032968,0.06114909,0.067965634,0.06382828,0.06530827,0.0697028,0.06185164,0.06376291,0.065427884,0.06277527,0.06557885,0.06570162,0.06549354,0.06636061,0.06443919,0.06623829,0.060433067,0.06370988,0.060682546,0.067800015,0.05748043,0.06312538,0.062409587,0.064651825,0.060502343,0.06591263,0.06558484,0.06204723,0.061687287,0.069492064,0.06087435,0.06449078,0.06724038,0.065328814,0.062902346,0.06717267,0.064420365,0.06379134,0.062150665,0.06640752,0.06806213,0.06795924,0.065190464,0.06749181,0.06738182,0.06389695,0.06927586,0.06577828,0.058360837,0.06442084,0.0634603,0.06298498,0.06553201,0.064231046,0.064978346,0.06181086,0.06517262,0.06402601,0.074462675,0.06543234,0.066802986,0.06826937,0.06533425,0.061801758,0.06408677,0.061828587,0.06210515,0.06563116,0.066539146,0.06384854,0.06594857,0.06472695,0.06322525,0.059147745,0.067897886,0.06481151,0.06605017,0.06326613,0.06461266,0.06444526,0.06414912,0.060716815,0.065055236,0.066703826,0.06304042,0.066463895,0.06125495,0.06654275,0.065669715,0.067025155,0.06600692,0.06593448,0.06589756,0.062023714,0.066380955,0.06378335,0.065051384,0.0719357,0.064498045,0.06201737,0.069486044,0.06428987,0.062572144,0.06299896,0.06422802,0.059968878,0.06825113,0.06937912,0.06449419,0.06670213,0.059464753,0.061451495,0.06691328,0.06837428,0.06744064,0.06507621,0.065701425,0.059214287,0.06357255,0.07125899,0.06698916,0.06471565,0.060875494,0.06292458,0.062488202,0.06550087,0.057709504,0.059272483,0.06860131,0.06534828,0.06760608,0.06530593,0.06537475,0.06675337,0.064927444,0.061587933,0.06813394,0.061350297,0.063568376,0.06690567,0.06772561,0.06413709,0.06282724,0.06061828,0.06268171,0.06418319,0.06801906,0.067813754,0.065953836,0.06892783,0.07129842,0.06584004,0.0665443,0.06423006,0.070907265,0.06496444,0.06906819,0.067776896,0.067118056,0.059622616,0.064528696,0.06638701,0.067608565,0.06553911,0.06631719,0.06595367,0.06173291,0.0630322,0.06286031,0.07150932,0.06397656,0.06261038,0.06057148,0.06691904,0.064602435,0.06375271,0.06967364
0.004,0.0025,0.0,20.034410056397757,0.68370146,0.67610395,0.68836594,0.68151695,0.67753464,0.6791769,0.67877215,0.68058455,0.67954504,0.68400294,0.70265424,0.6949569,0.6784626,0.69210804,0.6852915,0.6817526,0.6738616,0.6861636,0.6834717,0.6782846,0.6745423,0.67339087,0.6840055,0.6854464,0.6784345,0.6775807,0.69547915,0.68724215,0.6888513,0.68428904,0.68014276,0.68339014,0.69015735,0.6805536,0.68260556,0.68138283,0.67871475,0.69466776,0.6955499,0.692012,0.692529,0.6888373,0.67794603,0.6982992,0.6814764,0.68441546,0.6931296,0.6790783,0.67713946,0.68205774,0.69495183,0.6796086,0.67791784,0.68844,0.6828894,0.6815138,0.6757764,0.6746705,0.67867696,0.6893678,0.6854557,0.6824624,0.6793804,0.69517,0.6899951,0.68972874,0.68324083,0.6857672,0.68081,0.67208683,0.68165195,0.6817454,0.68269414,0.68290883,0.68840617,0.6796863,0.6920393,0.68621874,0.67985296,0.67798364,0.6880328,0.6849976,0.67411375,0.6847184,0.68850774,0.68863475,0.6705783,0.6906893,0.6775162,0.67878747,0.68310565,0.68518925,0.6893065,0.68043554,0.6879742,0.68106174,0.6807897,0.69127184,0.6845342,0.6897291,0.69141763,0.6817814,0.6797262,0.68488634,0.6886835,0.68122107,0.67954856,0.68336165,0.6891794,0.67409176,0.69102883,0.6850526,0.6849018,0.69720674,0.6839404,0.68971545,0.696224,0.6912048,0.68509567,0.6884966,0.6802003,0.6896247,0.6729091,0.6908195,0.6804603,0.6776113,0.6840933,0.6764342,0.6786237,0.67555135,0.6841359,0.6824676,0.68375087,0.6903681,0.68114,0.681293,0.69006306,0.683889,0.68678206,0.68809295,0.6978531,0.67817724,0.689142,0.705269,0.68622,0.68183446,0.68740946,0.6726766,0.68354666,0.68337864,0.68302363,0.6704264,0.6830711,0.6728866,0.6836069,0.6753102,0.6755018,0.6837604,0.6862872,0.6844339,0.6935897,0.68321735,0.69578314,0.6731516,0.6845246,0.67857903,0.68220353,0.6799989,0.6817855,0.6764325,0.6816948,0.68152505,0.6819215,0.68241334,0.6764801,0.6716153,0.67525005,0.6935854,0.6713143,0.6709298,0.68553936,0.67548424,0.6940474,0.6743302,0.6952377,0.676413,0.68153274,0.6832211,0.68470854,0.6879794,0.69125473,0.66360384,0.68099296,0.69172907,0.68639684,0.6826887,0.6869006,0.6824948,0.66886485,0.67177206,0.6814412,0.69016933,0.68631446,0.68070143,0.6826909,0.6899808,0.69481635,0.6795927,0.6714626,0.69701385,0.69026124,0.6868833,0.68341064,0.6784209,0.6846702,0.6916248,0.6885659,0.6880928
0.0036,0.0025,0.0,16.294134888689353,0.68204385,0.6851248,0.67771745,0.6840001,0.6733463,0.6815594,0.6989028,0.6858549,0.6887209,0.69124454,0.68584496,0.6779153,0.67488813,0.677748,0.674207,0.6811605,0.6870551,0.69158554,0.6875326,0.6868626,0.6822724,0.68481463,0.6844192,0.6784473,0.6771382,0.6866172,0.6813069,0.67736644,0.682213,0.67925227,0.69325423,0.68452203,0.6935981,0.6720428,0.6755821,0.683575,0.67274094,0.6826694,0.6853573,0.68035936,0.6790546,0.67926705,0.68706876,0.6711667,0.6828665,0.69063616,0.6805395,0.68368304,0.67726827,0.6897642,0.67646855,0.67838556,0.68685514,0.68751025,0.6849283,0.6863238,0.6900695,0.6823592,0.67961526,0.6748804,0.68324125,0.68502,0.6810798,0.67946035,0.67527664,0.6843562,0.67583984,0.69184804,0.6773605,0.68860525,0.68361026,0.6756561,0.68514395,0.6816736,0.6857635,0.67693865,0.6886181,0.6780897,0.67889553,0.6739248,0.6769341,0.67997634,0.67574394,0.69071233,0.6809695,0.6825479,0.6713979,0.6803401,0.6801656,0.6864776,0.7035235,0.68240494,0.6891476,0.6705794,0.6809427,0.67517436,0.68545836,0.690424,0.6914734,0.6757626,0.7025058,0.6632521,0.6761254,0.6749691,0.6808546,0.66987973,0.682905,0.68157506,0.6779938,0.6752395,0.6886126,0.67451715,0.6735879,0.67661124,0.68462825,0.6799419,0.6853021,0.6762095,0.6883118,0.6785962,0.6808374,0.6771692,0.6933713,0.68216246,0.6848241,0.6774571,0.6680058,0.6756983,0.6942336,0.68461794,0.6784651,0.6788908,0.67452234,0.66564274,0.68642294,0.68921405,0.6875172,0.68525356,0.69978064,0.6902818,0.6925573,0.68223464,0.67392635,0.67481333,0.6771187,0.6750696,0.6942796,0.67201006,0.6781081,0.6793934,0.6749281,0.6819556,0.68123436,0.6816208,0.67688036,0.68747914,0.67926884,0.6795513,0.6725073,0.69323635,0.67953134,0.6839647,0.6903584,0.6784429,0.68215406,0.6723485,0.69468844,0.6778328,0.6852857,0.70074314,0.6934837,0.6765545,0.67483634,0.69000006,0.6812788,0.68749607,0.68377095,0.68884206,0.68116105,0.6952926,0.6903458,0.6785201,0.6799031,0.687548,0.68276244,0.6777024,0.68243474,0.66922647,0.6762421,0.67758805,0.69030315,0.68875355,0.67397267,0.6827817,0.6840744,0.68358076,0.6847723,0.6892139,0.6779133,0.67861265,0.689054,0.67959917,0.68092793,0.68195057,0.6773593,0.67819005,0.68790865,0.6827428,0.68679297,0.672629,0.6786708,0.690268,0.67729527,0.6784897,0.67622375,0.68508595,0.66844743,0.6853137
0.0036,0.0035,0.0,11.377640022471903,0.73538995,0.7252796,0.7390989,0.7447369,0.73749816,0.736087,0.7323944,0.7454985,0.73399496,0.7300858,0.73919505,0.7273579,0.7309339,0.7360929,0.7462945,0.74651515,0.73839605,0.7366722,0.73623013,0.7340638,0.74213344,0.72807,0.73259103,0.7302208,0.74196416,0.738366,0.745538,0.73440176,0.7325223,0.736258,0.7276592,0.7313849,0.73436546,0.73757446,0.745722,0.74279904,0.72074854,0.75173867,0.7264534,0.73637533,0.72551876,0.71969867,0.7385602,0.7408315,0.7345515,0.7401537,0.7403049,0.7320602,0.7366942,0.7324697,0.7375849,0.72820246,0.7280425,0.73945224,0.74381447,0.74513066,0.72903347,0.73152286,0.72669995,0.74420315,0.7400163,0.71149224,0.7452677,0.7329001,0.7343028,0.7388567,0.7185214,0.73294055,0.73460686,0.7402271,0.7242358,0.73342574,0.7457429,0.7298379,0.73400545,0.7379935,0.7349295,0.7428175,0.74655396,0.7465192,0.74147624,0.720247,0.7370834,0.74941087,0.74980175,0.73299366,0.7226839,0.74706286,0.7318983,0.7362442,0.73111194,0.74091554,0.73441917,0.7375015,0.73709005,0.74357337,0.730816,0.7401324,0.7476341,0.7410244,0.7270607,0.73388314,0.73273593,0.7369654,0.7312958,0.7451941,0.7252118,0.73461616,0.7318556,0.7396789,0.7281308,0.7273698,0.73000705,0.74325186,0.74007744,0.736425,0.7248684,0.7350024,0.74021584,0.74394226,0.73864055,0.7333393,0.7379686,0.7258875,0.7362371,0.73519164,0.7214132,0.7383089,0.74133307,0.72994965,0.7324971,0.72204447,0.7341921,0.7302811,0.72204053,0.7405107,0.7299044,0.72694016,0.73296255,0.7317015,0.7236415,0.7312158,0.7445549,0.73064554,0.7456607,0.7363091,0.7240321,0.7360324,0.7321077,0.7294517,0.7366028,0.73893887,0.7309491,0.7449673,0.75206685,0.72883147,0.7495093,0.7335221,0.73946,0.73091614,0.729298,0.730808,0.72832304,0.7493795,0.7284055,0.72616565,0.7430826,0.7276599,0.73358345,0.72631997,0.7389674,0.74778825,0.74240017,0.73337835,0.73458517,0.7346971,0.72990406,0.7329102,0.74131966,0.73870075,0.72940147,0.74070275,0.7475439,0.7274573,0.7331453,0.7389027,0.72774893,0.7424344,0.7340465,0.73228544,0.7375539,0.7480587,0.7393367,0.7381667,0.73477346,0.7232563,0.7414596,0.7246296,0.7332197,0.7388998,0.74350864,0.72699285,0.7285999,0.7324233,0.74469703,0.7421499,0.73311424,0.7281388,0.7321921,0.73997,0.7399427,0.73301154,0.7305224,0.7385964,0.73713946,0.73930377,0.74369764,0.74021906
0.0012,0.001,0.0,2.2668156226201126,0.063054055,0.059838507,0.0665003,0.065264456,0.06410806,0.060632337,0.06109454,0.063353814,0.059887554,0.061214253,0.06304055,0.06641266,0.06337747,0.06271594,0.06420714,0.060932323,0.0628012,0.066176176,0.06397258,0.061356258,0.062055722,0.062498685,0.06313265,0.066120274,0.062790476,0.063225664,0.06764169,0.06380577,0.064208165,0.06599822,0.06340359,0.06418662,0.06342288,0.06464775,0.06281095,0.059440672,0.065616526,0.064559504,0.058654964,0.062371533,0.062432848,0.06345822,0.062104303,0.0614185,0.05950465,0.0629661,0.0655274,0.06475529,0.061115168,0.066505976,0.06561679,0.061446786,0.06364581,0.061964516,0.065625705,0.0640287,0.058509316,0.06471814,0.06538791,0.064758174,0.06280317,0.061117444,0.06455847,0.060442463,0.062533185,0.061971087,0.061888926,0.062205937,0.06048498,0.06303864,0.06158292,0.06165144,0.065359704,0.06399632,0.06360417,0.064138174,0.06579575,0.06554438,0.06137759,0.06495111,0.06335053,0.061120845,0.0643905,0.06413176,0.062057097,0.06082161,0.060129393,0.05861668,0.062390976,0.062049016,0.061667714,0.06523847,0.064558186,0.06566523,0.06210053,0.06570365,0.06092717,0.06365281,0.058090683,0.06176267,0.06297852,0.063456275,0.062341277,0.0617778,0.060433026,0.06390201,0.067048095,0.06397172,0.063746765,0.062172335,0.06236766,0.06251336,0.06373942,0.06372867,0.064638376,0.06156429,0.065339275,0.06218944,0.062913544,0.06315786,0.06291679,0.06574539,0.062049314,0.063514404,0.062157054,0.061994817,0.057482325,0.061197687,0.06299561,0.061563313,0.06517165,0.06380465,0.059003964,0.058878213,0.059568137,0.061785612,0.0634411,0.06396341,0.059741892,0.06262644,0.06266063,0.067375034,0.06447835,0.062412884,0.06527193,0.06228747,0.062146515,0.06447278,0.06364597,0.0627604,0.062506,0.06195267,0.061330523,0.06386704,0.06425273,0.060647514,0.06586644,0.062495288,0.060424224,0.06487201,0.06479869,0.06083561,0.06307964,0.06112812,0.06251041,0.06029052,0.06265127,0.062278185,0.063833565,0.060746886,0.06645913,0.06527702,0.0657675,0.061554145,0.06267205,0.06020196,0.06197664,0.063525125,0.061045595,0.06670851,0.06440827,0.061684433,0.06441401,0.06512094,0.06730862,0.061659172,0.06207414,0.06546722,0.063940644,0.06337435,0.06324812,0.06442578,0.064341575,0.063468024,0.064766936,0.06253317,0.0603237,0.0665738,0.06351099,0.062333047,0.060127445,0.062194005,0.06231905,0.064690456,0.06444264,0.064231575,0.06722558,0.06370615,0.06320637,0.06197149,0.060364578,0.06270086,0.06291397,0.06274122,0.0645045,0.0661331,0.06375758,0.063434035
0.0008,0.0015,0.0,1.544777024306154,0.06361568,0.06531751,0.06741446,0.06448318,0.06150087,0.061743088,0.06381208,0.061561815,0.06548872,0.06657609,0.06267437,0.06781429,0.06503178,0.064897716,0.06203062,0.061349716,0.06322595,0.062662005,0.062678345,0.059840765,0.06276404,0.062796794,0.06451696,0.06250477,0.06145109,0.06553091,0.06537969,0.06541201,0.061881267,0.064996615,0.06688849,0.062469687,0.062480796,0.066059746,0.06498468,0.062694535,0.06166163,0.06588122,0.06605294,0.063529864,0.06548356,0.0625445,0.066079654,0.06208924,0.06681008,0.06091818,0.06522413,0.061507672,0.062176395,0.065298624,0.063509405,0.06631671,0.06376141,0.06398149,0.06355363,0.06458471,0.060606956,0.06507696,0.06403244,0.0655168,0.06107603,0.064488985,0.06290765,0.0642033,0.06325848,0.06531163,0.059211247,0.06086054,0.06332585,0.063469574,0.06407514,0.06119823,0.062345058,0.06781748,0.0626399,0.062555425,0.06414911,0.06336276,0.062950894,0.061937165,0.062854104,0.06354559,0.065175615,0.06487278,0.060719952,0.06408006,0.06537412,0.06854731,0.061942756,0.062850736,0.06722693,0.06294456,0.064197294,0.06269664,0.060023688,0.063550115,0.06045735,0.060279135,0.06310919,0.06296905,0.060632788,0.0664834,0.06164258,0.066449285,0.064708985,0.064439625,0.06754567,0.063289404,0.05871892,0.06155443,0.060273137,0.063394666,0.0653518,0.06348256,0.06224138,0.065962225,0.06260957,0.06241804,0.06843709,0.062202808,0.06453507,0.064789616,0.06516119,0.068223074,0.06229689,0.06158557,0.06436544,0.061593704,0.06117783,0.06275875,0.06528727,0.06349987,0.064639516,0.061160147,0.06410182,0.06452893,0.06499497,0.06261664,0.061676063,0.06499558,0.06130141,0.06857531,0.06575497,0.06205216,0.062463436,0.061903443,0.060043693,0.060155183,0.062430114,0.066339634,0.06277483,0.06667809,0.06430118,0.06373915,0.06237175,0.06377433,0.064762995,0.06109376,0.060424972,0.061312016,0.06285741,0.06304112,0.063973814,0.0652571,0.060549427,0.065758005,0.06848519,0.0649999,0.064023994,0.06544173,0.06308023,0.06714164,0.06060023,0.06024017,0.06397225,0.06002961,0.0625048,0.06507693,0.068367444,0.06490947,0.06633018,0.06392116,0.063479215,0.061547253,0.064368226,0.06230109,0.0664219,0.063712604,0.06475603,0.06381114,0.064313926,0.06268088,0.06129655,0.061962903,0.06285194,0.06459169,0.062329248,0.06743418,0.06253203,0.062257115,0.06332124,0.06334459,0.06702388,0.06523466,0.06463673,0.06186247,0.06524798,0.06647407,0.06476711,0.0643199,0.064163,0.058985952,0.064003825,0.06060158,0.061580326,0.06163678,0.06425203,0.064183205
0.0032,0.003,0.0,10.864491190490813,0.6958987,0.7015489,0.68773586,0.68992996,0.69829834,0.6976898,0.6834583,0.69761395,0.696553,0.6983499,0.69608873,0.69869477,0.6868395,0.7012699,0.70159954,0.6911939,0.6995779,0.6887428,0.70017886,0.71282035,0.70607513,0.70791817,0.6807978,0.6816578,0.69369376,0.7074368,0.69684505,0.6889055,0.7008945,0.6825545,0.7143297,0.7137729,0.69074225,0.695066,0.7004764,0.70340514,0.7030475,0.6842932,0.6962921,0.69504315,0.69207263,0.6873108,0.7061016,0.68232644,0.6982968,0.70525455,0.7082126,0.7041874,0.6927596,0.70344985,0.7006987,0.6900566,0.68559414,0.7016047,0.69787806,0.69359237,0.69205624,0.6949158,0.68851614,0.69471776,0.70497596,0.69623995,0.69629747,0.6960607,0.67977035,0.70759857,0.6872302,0.693196,0.68869495,0.69826055,0.70516586,0.69241065,0.70779556,0.6972606,0.69257253,0.68706465,0.69147676,0.7057354,0.6963555,0.6947602,0.6979549,0.69389355,0.6928266,0.69702995,0.69373643,0.70140135,0.70837855,0.6797439,0.69815254,0.6949579,0.7076205,0.69825584,0.6971032,0.69756496,0.70179045,0.6985624,0.67774934,0.691776,0.70830953,0.69040424,0.7006559,0.6980587,0.6851098,0.6931457,0.6970162,0.68424207,0.69169533,0.69938546,0.70350915,0.699329,0.6939932,0.69691676,0.6984492,0.69419557,0.6961926,0.70343304,0.7002225,0.6940753,0.6876521,0.6876958,0.6971124,0.69053924,0.6906783,0.70001614,0.6925401,0.6987927,0.69626564,0.7092143,0.6908377,0.6926891,0.69020396,0.70957184,0.69255865,0.69242316,0.6888704,0.7058265,0.7140296,0.6893671,0.6821815,0.7036043,0.6930116,0.6938923,0.69147843,0.6966743,0.68306226,0.6936875,0.6871909,0.6972596,0.70839524,0.7039754,0.69171286,0.69956523,0.69848806,0.69430065,0.68191695,0.69827145,0.70069134,0.69608855,0.69329715,0.70435685,0.69694775,0.68390846,0.6936601,0.68795455,0.69623595,0.70407885,0.6856551,0.68029714,0.71385586,0.7067823,0.6953733,0.68440723,0.7000272,0.6941619,0.70417416,0.6912955,0.6858365,0.687309,0.7076432,0.7138685,0.70663786,0.6904575,0.689584,0.70169514,0.69913393,0.6911902,0.68868554,0.70257473,0.6948314,0.68705,0.7010447,0.6805941,0.6780427,0.6914085,0.70020527,0.7018671,0.6823502,0.69515926,0.7028889,0.7046497,0.699126,0.7031485,0.69524413,0.6910602,0.69612783,0.6898739,0.6895556,0.6923071,0.7064496,0.6877603,0.7102553,0.7067695,0.6872171,0.6952416,0.69835013,0.67653954,0.70351195,0.70118314
0.0036,0.004,0.0,10.269867869567427,0.75003433,0.7420169,0.75144297,0.7380348,0.7507169,0.7487125,0.75391793,0.7604615,0.743323,0.7411291,0.75703424,0.75222105,0.74064803,0.7583098,0.745084,0.74356323,0.74892324,0.75003463,0.74440855,0.7566084,0.74880356,0.75201064,0.7574843,0.75035757,0.74008214,0.7529124,0.75523525,0.75634664,0.7521556,0.7560076,0.7499259,0.7439547,0.74254024,0.75450116,0.7552999,0.7536708,0.76142895,0.74552536,0.7665424,0.76261735,0.7509399,0.7396613,0.76145804,0.7501526,0.74706435,0.75230974,0.74543715,0.7538967,0.76088053,0.75959504,0.7543516,0.75473094,0.7478325,0.73706335,0.75667685,0.7545445,0.75580573,0.74859565,0.7498988,0.7452485,0.75273675,0.75350773,0.74586296,0.74753606,0.7447823,0.74801296,0.7545344,0.7516293,0.74226165,0.74289125,0.7502288,0.7448388,0.7444694,0.75445276,0.7402398,0.76256174,0.74882406,0.7379607,0.75171417,0.74614686,0.7512172,0.7499669,0.75907505,0.75322485,0.73395294,0.7482812,0.74924505,0.7434669,0.75208867,0.74604493,0.7470488,0.75322765,0.74369764,0.74582976,0.7444531,0.75399107,0.7534151,0.7450673,0.73613316,0.74515295,0.7310271,0.7528964,0.7429852,0.7445716,0.76030123,0.7388211,0.74005485,0.73843867,0.75618416,0.7568095,0.75742626,0.75200665,0.73588455,0.7527026,0.75407714,0.75351727,0.75434184,0.75294334,0.7504655,0.74008304,0.74746984,0.7462753,0.74660426,0.76482695,0.7509849,0.75221294,0.76386696,0.737,0.75126076,0.7505515,0.75118405,0.7544959,0.7377831,0.7554165,0.75520205,0.7545642,0.75256294,0.7425781,0.7630348,0.75135714,0.75722367,0.7609277,0.74943787,0.7529828,0.73820645,0.72989273,0.754611,0.7522802,0.75201505,0.73496354,0.7486955,0.74445164,0.7600122,0.76333964,0.757132,0.7619597,0.74055535,0.74487627,0.7463326,0.7510039,0.7448523,0.7470723,0.75623876,0.7551611,0.74063915,0.7503591,0.7465372,0.75830644,0.75087833,0.75137365,0.7376111,0.7510895,0.74554557,0.7536466,0.76050365,0.75433123,0.7411607,0.75472265,0.75685084,0.75094754,0.75971013,0.7398049,0.7493133,0.7505428,0.75736237,0.7500849,0.74973714,0.7474919,0.7552598,0.7607137,0.7428411,0.7578348,0.7548999,0.7510435,0.75420696,0.7461684,0.7496031,0.7521176,0.7450123,0.7408727,0.75059086,0.75899136,0.751602,0.7564367,0.7451378,0.7473623,0.75404555,0.7560986,0.7465365,0.74978036,0.7522672,0.7439531,0.74336994,0.7471761,0.7665438,0.7446667,0.7545387,0.74031836
0.002,0.004,0.0,1.3242461005589756,0.065449685,0.067277394,0.061535764,0.064995445,0.06340322,0.070373915,0.06863524,0.062208366,0.067342825,0.063768454,0.06555765,0.06607024,0.06808928,0.06421297,0.06593825,0.068800464,0.065660514,0.06618281,0.070103385,0.06315485,0.06409448,0.062460512,0.06746493,0.064220086,0.06610866,0.06796811,0.059631612,0.06430259,0.06468806,0.063922904,0.06861648,0.06932347,0.066522844,0.065148324,0.06461438,0.0692547,0.063951954,0.06570045,0.062161192,0.06386494,0.0644356,0.06449982,0.06343354,0.06338668,0.06645032,0.064628944,0.06633903,0.06769078,0.06591555,0.06480688,0.064540505,0.06584076,0.06545756,0.06446598,0.0650255,0.06669869,0.06275539,0.0650303,0.069543384,0.06381228,0.06600724,0.06779371,0.06431726,0.063699394,0.06502788,0.06443247,0.0689772,0.06657111,0.06422965,0.06608454,0.062279083,0.06716255,0.06254517,0.06797022,0.066571504,0.06423177,0.060735516,0.06351727,0.062403183,0.06252937,0.06365968,0.06449833,0.06917502,0.06637458,0.068824664,0.06685583,0.061613988,0.07880542,0.06569374,0.06576638,0.06354799,0.067559555,0.06356862,0.0651936,0.06926406,0.065745026,0.05989103,0.066377684,0.06561151,0.07462712,0.067747995,0.06272425,0.06827207,0.06536674,0.06474902,0.062168222,0.06709205,0.064189725,0.06498149,0.064576715,0.06269562,0.062386278,0.06315969,0.0657635,0.06447285,0.065657765,0.06260183,0.06306976,0.06172493,0.06776656,0.06967391,0.06603657,0.067651436,0.060470928,0.064468995,0.06938747,0.0636557,0.066715226,0.065889694,0.066039085,0.062920086,0.0643722,0.059447683,0.0660816,0.06504577,0.072387576,0.06638321,0.06547295,0.06803278,0.06584358,0.06387878,0.06491467,0.06518945,0.064947434,0.061051678,0.06584868,0.06478599,0.065102614,0.06520817,0.06451965,0.06423659,0.06591637,0.06353163,0.065146066,0.068516985,0.061214957,0.06722665,0.064327344,0.06822442,0.063250124,0.06635595,0.064510755,0.061998352,0.06413659,0.06440535,0.06340406,0.06630803,0.059859615,0.06577956,0.06626812,0.061666775,0.061258808,0.06397139,0.06295404,0.0660733,0.06659495,0.0641398,0.06536436,0.0702963,0.06389664,0.061891157,0.06466108,0.06923946,0.066986136,0.066232055,0.06697919,0.06734868,0.06324782,0.069168195,0.06325205,0.06953561,0.076345146,0.06309215,0.06576739,0.06827482,0.067172125,0.060718212,0.06502761,0.063570775,0.06283384,0.06924297,0.07282551,0.06586631,0.0674286,0.06692696,0.066852756,0.06317305,0.06334915,0.06346656,0.060114186,0.06785362,0.06054893,0.06472158,0.06434625,0.06547337,0.08054987,0.065447725,0.06779789
0.0028,0.004,0.0,5.693001072706076,0.6885113,0.6751583,0.6770244,0.68838954,0.68294775,0.6846605,0.68735343,0.6924355,0.68548566,0.6796728,0.69951075,0.6933191,0.699343,0.6806786,0.6791946,0.68347836,0.70133823,0.6751549,0.70405084,0.7017696,0.6815176,0.68592316,0.6887444,0.69084424,0.6815208,0.68185514,0.6911924,0.7060591,0.68238103,0.6754891,0.6885643,0.6948502,0.68338406,0.7040647,0.68904364,0.6833611,0.6787099,0.69100714,0.67959005,0.6889494,0.6996619,0.6701064,0.6961723,0.6865278,0.67776775,0.6932101,0.6975161,0.69418365,0.6888904,0.68291324,0.6912955,0.6939647,0.67325485,0.68045026,0.68497115,0.68104637,0.6911412,0.6833572,0.6834892,0.68363994,0.70058495,0.6761367,0.69025296,0.68755513,0.69104826,0.69037163,0.68608135,0.70455486,0.6725042,0.6879292,0.67478025,0.6960679,0.6865643,0.6861233,0.6972102,0.68844724,0.6799308,0.68324757,0.70592177,0.69174314,0.6886809,0.6938699,0.7068443,0.66690254,0.68503606,0.68466616,0.6955069,0.6961718,0.6938762,0.69366086,0.6798033,0.69863087,0.69579387,0.69955385,0.67859757,0.70594853,0.69435245,0.6976355,0.6975143,0.70713,0.6897128,0.68644524,0.6868881,0.6857602,0.6641113,0.6924789,0.6830078,0.69280934,0.6962799,0.6912575,0.6654113,0.6954503,0.6962076,0.6825003,0.6798431,0.6957656,0.6930739,0.6816847,0.6929061,0.692109,0.69949454,0.6946786,0.6935143,0.6847235,0.68663925,0.6794657,0.6818086,0.66983396,0.6631827,0.7036253,0.7005126,0.6936802,0.6898309,0.68290323,0.7011036,0.69617254,0.6909607,0.6747502,0.7046699,0.68427426,0.69068664,0.6949693,0.6962449,0.6715163,0.6927121,0.70115036,0.69591993,0.6742855,0.6810668,0.70681125,0.68290746,0.6904202,0.7024252,0.7102429,0.7034578,0.690085,0.70102006,0.7054453,0.6885157,0.6852181,0.68053484,0.6856624,0.6929846,0.70356005,0.6875316,0.69171137,0.68438494,0.668404,0.6832038,0.68415856,0.6973585,0.6941366,0.6872825,0.6971301,0.69911724,0.6964719,0.6622149,0.67626405,0.6833934,0.6934829,0.6821257,0.69044036,0.68681496,0.68986285,0.68459046,0.6994172,0.695044,0.67979914,0.70411915,0.67943925,0.68659776,0.6987775,0.6872829,0.69930476,0.6874107,0.6787728,0.6885573,0.66984355,0.6783184,0.69110066,0.6702413,0.67409754,0.69210607,0.7004214,0.6950073,0.685082,0.67899644,0.69364846,0.6897314,0.6897257,0.6740691,0.6633576,0.6981163,0.692958,0.6841456,0.69027036,0.6766862,0.67824847
0.0024,0.0005,0.0,69.66807055235431,0.063480675,0.06328313,0.063575014,0.06391933,0.062670715,0.0652755,0.06341752,0.063361146,0.06313073,0.06331658,0.062157918,0.062435642,0.0647928,0.0635706,0.0633031,0.062925324,0.06379093,0.061570805,0.065111816,0.062171537,0.06428272,0.064451866,0.062289696,0.062462747,0.06148837,0.06379833,0.0629076,0.06120536,0.062839925,0.061894156,0.06410474,0.06319221,0.06228863,0.06446474,0.061644226,0.06356266,0.06387374,0.06319194,0.064151324,0.062647395,0.062351197,0.06451228,0.064408995,0.06483876,0.0626765,0.064989306,0.06375214,0.06527636,0.0626183,0.06310357,0.063368864,0.06277424,0.063151166,0.06327759,0.063964635,0.06375146,0.06434607,0.06238705,0.06472045,0.061891753,0.0631492,0.06277779,0.063382216,0.06326936,0.06412808,0.06389304,0.06396589,0.06369971,0.06371951,0.06359526,0.06377445,0.061857287,0.0637042,0.06113247,0.06343097,0.06404415,0.06302872,0.063564226,0.06356528,0.06356355,0.06354097,0.06350888,0.06280904,0.06493827,0.0635515,0.06305822,0.0633205,0.06522888,0.065028325,0.06386001,0.062408082,0.062255822,0.06279326,0.06449349,0.062293097,0.06186606,0.06319523,0.061479896,0.06294578,0.065449595,0.06246893,0.06469202,0.06440623,0.06480398,0.064515375,0.06472325,0.06434707,0.06324804,0.06405365,0.063347,0.06241797,0.06379623,0.062835746,0.06293848,0.06379043,0.06427078,0.06393376,0.06296239,0.0634877,0.06288237,0.06353128,0.06196485,0.063636236,0.063866496,0.06406761,0.06380722,0.0627611,0.06271875,0.06275683,0.064007126,0.06423227,0.062632255,0.06393633,0.06241194,0.063549645,0.062010013,0.063913025,0.063506484,0.06442858,0.06350043,0.06248766,0.06527648,0.06303416,0.06344555,0.06296173,0.06322071,0.063743174,0.06291778,0.06453074,0.06461349,0.06428753,0.06372124,0.06444781,0.06276924,0.0646611,0.06374089,0.06256819,0.06395592,0.064299844,0.06351064,0.06423131,0.06295517,0.0632725,0.06423207,0.06260372,0.063985504,0.06359093,0.06438713,0.062731504,0.06348352,0.061602958,0.06365975,0.06330662,0.06398938,0.06312133,0.06506724,0.06464649,0.063837714,0.06336736,0.06429463,0.0643186,0.06444003,0.063884236,0.06436165,0.06428849,0.06280161,0.06559339,0.06205867,0.06365783,0.06343537,0.06435452,0.065350376,0.06443215,0.06321974,0.062102485,0.06385647,0.062060345,0.06256824,0.06339485,0.06364191,0.06366035,0.063110024,0.06242152,0.06261234,0.064558744,0.06304103,0.06506688,0.064273305,0.06222359,0.06448903,0.062054113,0.06298981,0.063712016,0.06371954,0.063375875,0.063718565,0.062277738,0.0645077
0.002,0.0015,0.0,6.280322715469928,0.4263049,0.43421677,0.43650153,0.43376487,0.43036038,0.42594782,0.4228756,0.41709772,0.4186291,0.43407992,0.4429589,0.4323503,0.42844635,0.43175894,0.4290842,0.43248612,0.42057103,0.42059192,0.42646572,0.44084918,0.4216735,0.4196212,0.43758553,0.4212278,0.43544874,0.43055603,0.42671314,0.42192915,0.42482242,0.43070647,0.4254646,0.42498574,0.43556824,0.4252123,0.4353632,0.4170416,0.43400103,0.4210745,0.42587844,0.42932788,0.4230117,0.42945734,0.41986275,0.42664832,0.4302765,0.43863505,0.41995507,0.41854072,0.42054847,0.42834434,0.43522435,0.41601214,0.43391123,0.42885056,0.43021595,0.4223238,0.42624858,0.42848048,0.43586472,0.42410794,0.43186018,0.4251244,0.41538253,0.42491022,0.41689664,0.41786003,0.4218593,0.41488174,0.4170554,0.42063648,0.4353096,0.41745156,0.42263442,0.41932148,0.43974522,0.43285832,0.42672503,0.43734387,0.42569175,0.42624068,0.4259701,0.41496232,0.42048708,0.42691174,0.417757,0.42758143,0.42709112,0.43596256,0.42146146,0.42650104,0.4316583,0.42726725,0.42024174,0.43216076,0.41530737,0.42060307,0.42324343,0.44278592,0.41612583,0.43017635,0.42145565,0.42479157,0.42934498,0.41494438,0.43074888,0.41330734,0.44823226,0.42478895,0.43689147,0.42805704,0.43156135,0.41420734,0.42994973,0.4301838,0.41834667,0.42436048,0.42985672,0.42721668,0.412593,0.43543637,0.42078292,0.42226848,0.42142794,0.4163631,0.42398676,0.41765493,0.41911215,0.42267463,0.43430305,0.43218583,0.43867365,0.42142603,0.43292627,0.42906347,0.42577383,0.4210292,0.42471108,0.4145269,0.42740986,0.42829674,0.42895594,0.40588725,0.43830144,0.42438784,0.4306748,0.42431003,0.42324433,0.43886393,0.41879678,0.42369303,0.42202327,0.42474207,0.44059372,0.42424256,0.42420772,0.41586673,0.43530387,0.42580545,0.43132317,0.4194529,0.42592934,0.42130235,0.42435682,0.42431825,0.41263512,0.42205667,0.41318285,0.4321986,0.4250958,0.41979736,0.42730546,0.42973146,0.4324892,0.42675483,0.42669287,0.4264448,0.42822656,0.4234903,0.42136967,0.4379057,0.44220757,0.42951798,0.42517692,0.42733297,0.4253186,0.42190012,0.42800435,0.43166244,0.43084884,0.42924222,0.43843895,0.43631494,0.42920706,0.42882624,0.43082264,0.42286208,0.42921054,0.428325,0.41307628,0.4218021,0.43296894,0.41843677,0.43068618,0.43393272,0.42609337,0.42561474,0.42076045,0.4217532,0.4288988,0.42707425,0.4261837,0.4368463,0.43167257,0.41456947,0.4214764,0.41966233,0.42042026,0.42438287
0.0036,0.002,0.0,20.50406159744939,0.640853,0.64403653,0.6331165,0.6453944,0.64847696,0.6427594,0.64063483,0.6313213,0.63900864,0.6417472,0.6414704,0.6381357,0.64489585,0.64632183,0.6379099,0.63416654,0.6359682,0.6440873,0.6441406,0.6345732,0.65525395,0.649959,0.638416,0.6525778,0.6361245,0.64117545,0.6451922,0.6299968,0.6405278,0.6363991,0.635209,0.641532,0.64421743,0.6342291,0.643317,0.64342064,0.62974125,0.6299217,0.628443,0.64259833,0.6384976,0.6387557,0.64156216,0.6501161,0.6460866,0.6334469,0.6413979,0.6452971,0.64320177,0.6390214,0.6384699,0.6505011,0.6392187,0.6428787,0.6384294,0.64177245,0.64576566,0.6451606,0.651929,0.64478695,0.6451603,0.6421351,0.6302257,0.6371843,0.6527842,0.65938663,0.64222026,0.6460074,0.6294717,0.63120526,0.63765615,0.63735586,0.6369665,0.62964237,0.63853395,0.64151675,0.6196751,0.6375031,0.6487849,0.6437577,0.6354884,0.63380814,0.64564383,0.6412504,0.6411345,0.64686036,0.6336252,0.63433844,0.640075,0.65282184,0.6404743,0.63314694,0.6351889,0.6415485,0.6379513,0.63869137,0.63378537,0.63922775,0.62902045,0.6314003,0.6472846,0.64614516,0.65262944,0.64171463,0.6569336,0.6441715,0.6341368,0.63073546,0.63928294,0.6417207,0.64728653,0.6497056,0.64684993,0.6440475,0.63717914,0.6463744,0.6352323,0.6469081,0.62941253,0.6384813,0.6363888,0.6355372,0.6368745,0.65051943,0.63898915,0.6389593,0.6371579,0.6383497,0.6392997,0.6409188,0.6352991,0.6379917,0.63408256,0.6441848,0.6448239,0.64384204,0.64664143,0.6427458,0.64277804,0.63663405,0.6279022,0.6437869,0.6308982,0.6492075,0.64847565,0.6348082,0.641566,0.63261724,0.6289058,0.64207995,0.64724046,0.6497893,0.6440963,0.6360889,0.6398722,0.64912647,0.6432097,0.62958795,0.63620657,0.6452459,0.6506262,0.6425322,0.6299728,0.638583,0.65088886,0.64427185,0.64242774,0.64370745,0.64026743,0.63432765,0.6436002,0.6434068,0.6420509,0.64681345,0.64427394,0.6416108,0.6362889,0.64142936,0.6488413,0.62779784,0.6454479,0.64316356,0.6343068,0.63986343,0.6354681,0.6405179,0.64302236,0.64407533,0.6390244,0.65091556,0.63995874,0.65072185,0.64591944,0.6443887,0.6400753,0.634551,0.6319416,0.6468959,0.63848543,0.64496946,0.6504097,0.6348355,0.6392486,0.6444079,0.64263433,0.6328371,0.6596581,0.64732337,0.63988334,0.64238876,0.6239552,0.64681894,0.64529663,0.6295365,0.6470819,0.64389277,0.644004,0.6491164
0.0008,0.003,0.0,1.1322484787179323,0.064181164,0.06720962,0.060889103,0.06544498,0.062832095,0.07006295,0.06574092,0.06084822,0.06430433,0.0654528,0.062826775,0.06554721,0.064620435,0.06704006,0.06652288,0.06419238,0.06550438,0.06310963,0.06811935,0.06550371,0.061256908,0.0632783,0.065366015,0.06530308,0.06377063,0.06696602,0.06602003,0.06657821,0.06503188,0.066303864,0.06551929,0.0637917,0.06397604,0.060724597,0.066452846,0.06595788,0.06481063,0.06945217,0.060381606,0.06658058,0.06553166,0.064453244,0.06308603,0.06111823,0.062165767,0.06550176,0.06405732,0.0630328,0.065137066,0.065817654,0.06256542,0.06049247,0.06353416,0.06385232,0.06069804,0.06201127,0.06970257,0.06405399,0.060731597,0.06572729,0.06317316,0.067482255,0.06441504,0.066653915,0.06436943,0.06396774,0.064215615,0.065104164,0.06318823,0.06647024,0.06262267,0.066090375,0.059915032,0.062906206,0.064803414,0.060491122,0.061616085,0.061434872,0.06331405,0.065516666,0.06142952,0.06596785,0.06499943,0.06422819,0.061722144,0.059473604,0.059301205,0.066204004,0.06595968,0.0626142,0.06833742,0.0664789,0.06502941,0.06894027,0.06561822,0.060860135,0.06145217,0.06037081,0.06638369,0.060029887,0.06558454,0.06978268,0.06438236,0.0650278,0.06397421,0.06156034,0.06633841,0.063162945,0.064833656,0.062916294,0.06570682,0.062113173,0.06457619,0.06634929,0.062485818,0.062249687,0.06541406,0.06638928,0.06638858,0.061829682,0.0603571,0.06868575,0.05828416,0.06422431,0.062160276,0.066071786,0.063444026,0.06265386,0.06491285,0.06641649,0.06580585,0.06412096,0.06608026,0.066908985,0.067141734,0.063549444,0.0632034,0.06166524,0.066009484,0.06427635,0.06202236,0.06310773,0.06414751,0.06354269,0.060524896,0.06439441,0.064879335,0.06413638,0.06116495,0.06483237,0.061191667,0.061939724,0.06708298,0.06964767,0.06450805,0.06258641,0.06283427,0.06307668,0.063029304,0.06311781,0.06574779,0.06708382,0.06289184,0.062580995,0.06328303,0.065684244,0.06627189,0.06620243,0.06061033,0.06101268,0.063732706,0.06739413,0.06318751,0.060237702,0.06448903,0.058957435,0.06337322,0.06974315,0.06519403,0.06430787,0.06462077,0.06147828,0.06673801,0.062087055,0.06591356,0.06688355,0.06273302,0.06753233,0.0646004,0.06611521,0.0641595,0.069087245,0.060904,0.06618999,0.06350111,0.059852034,0.06403333,0.06637892,0.06416333,0.06557854,0.061322622,0.06316474,0.061711878,0.06520584,0.06323354,0.0680251,0.06314509,0.062377643,0.06289082,0.06258173,0.06419993,0.06472297,0.062380806,0.06498909,0.06489245,0.06401149,0.063605584,0.061793298
0.002,0.0035,0.0,1.4473482831923552,0.06462273,0.06206682,0.0652243,0.06670119,0.065474905,0.06530923,0.064752094,0.062867224,0.06277512,0.061875645,0.0662772,0.066115834,0.06344845,0.061413933,0.062746465,0.0622843,0.06194836,0.06336202,0.06096345,0.06407412,0.063504346,0.06488105,0.06363219,0.06561158,0.06109075,0.06470447,0.06390324,0.06315541,0.0627459,0.065015316,0.06479313,0.063651666,0.069555186,0.064917296,0.061650295,0.06454724,0.06377222,0.06296132,0.06896515,0.069206476,0.06279664,0.0636426,0.061988343,0.063183814,0.06487863,0.06588367,0.06458173,0.062454715,0.0666974,0.06672342,0.062461574,0.06276304,0.06254966,0.06513576,0.061991,0.06588609,0.06363069,0.062475424,0.06597046,0.061961595,0.06487604,0.063744135,0.064895324,0.06712316,0.064689726,0.06271549,0.060640465,0.05879503,0.066709965,0.063907966,0.06544972,0.06655029,0.06799269,0.06693861,0.06309019,0.06398448,0.067363046,0.06322833,0.06277485,0.06664534,0.0674171,0.066969976,0.06672198,0.061565194,0.06516759,0.06404072,0.06403749,0.068210594,0.0665161,0.06366795,0.06575727,0.062773064,0.06786094,0.06221441,0.06367654,0.067703664,0.0662018,0.061836734,0.06665866,0.07671274,0.06286341,0.067178905,0.06563188,0.06126334,0.06617226,0.067053646,0.066271015,0.0658628,0.061228335,0.0643749,0.06243116,0.068529114,0.063455075,0.06383807,0.06544884,0.0674884,0.06402379,0.066576846,0.062006727,0.06539864,0.0680742,0.0640516,0.061451133,0.068307005,0.067805834,0.06527531,0.064340405,0.06398509,0.06289883,0.06445629,0.063442916,0.063988775,0.066413976,0.061974026,0.06414045,0.06468661,0.06702953,0.06655596,0.06693344,0.06464103,0.06532448,0.06582717,0.06470351,0.06220513,0.065135494,0.06279329,0.06464522,0.061295778,0.06385506,0.05853044,0.06460361,0.0650705,0.06548957,0.06786036,0.06131559,0.06493223,0.064479895,0.06396434,0.06501366,0.0625563,0.06578084,0.063513406,0.0635989,0.06344536,0.06180017,0.06449602,0.06461379,0.0682539,0.062408645,0.064911604,0.06511916,0.06417476,0.06650286,0.06153288,0.06346448,0.064680114,0.062328137,0.06525879,0.06574447,0.0625822,0.064580426,0.06433335,0.062108953,0.06480866,0.06471736,0.06675667,0.064419016,0.06964613,0.06638771,0.063584775,0.0645634,0.066183425,0.06282174,0.06481362,0.0642014,0.06641894,0.060854003,0.065306455,0.07118292,0.064765096,0.061805412,0.06365168,0.06306709,0.063990034,0.068771556,0.067786634,0.06494091,0.063382365,0.061054263,0.06420771,0.062005237,0.06863772,0.06644987,0.06905565,0.065604225,0.065910414,0.06669836,0.064870715
0.004,0.0035,0.0,13.833240243427783,0.74512684,0.7498713,0.7479144,0.7452123,0.75275743,0.74105656,0.74275416,0.746811,0.75519824,0.7530851,0.74676216,0.74449944,0.7550838,0.74011135,0.74455166,0.7318682,0.7435882,0.75269586,0.7508448,0.7456455,0.75121063,0.74350065,0.7332446,0.7255873,0.7555812,0.75185347,0.7475425,0.7598192,0.7407101,0.7402894,0.7333056,0.74338955,0.74583966,0.74267143,0.75055164,0.74967414,0.7411392,0.7447204,0.7489335,0.7460727,0.7416333,0.7435729,0.7483009,0.75390977,0.7330169,0.7516648,0.747388,0.737439,0.7466141,0.7442321,0.7514673,0.74511224,0.7363431,0.7430484,0.73959607,0.74844575,0.7384827,0.7489309,0.7546503,0.747559,0.75570554,0.74983007,0.74303514,0.7416009,0.7454612,0.7466871,0.751549,0.75382686,0.75140613,0.73870754,0.7508032,0.7468993,0.74885833,0.7501679,0.74297005,0.7446299,0.74517226,0.7388282,0.75176054,0.72878736,0.73237884,0.73959434,0.7421142,0.7390033,0.7375149,0.73307854,0.7570545,0.74828386,0.7396113,0.7279085,0.7451304,0.7464053,0.74461925,0.745501,0.7464122,0.74805456,0.74613714,0.7504678,0.7528154,0.74775577,0.7501906,0.7474986,0.75062644,0.74444246,0.7406001,0.74954253,0.74141705,0.74556583,0.7304995,0.7445813,0.74590695,0.7541635,0.7533791,0.7436415,0.74596864,0.74702126,0.7448438,0.7422616,0.7608945,0.74618196,0.7505346,0.7401367,0.7453153,0.73533183,0.7420826,0.7450954,0.73958635,0.7493488,0.75792336,0.749807,0.75384027,0.7481545,0.7368297,0.7559627,0.7536595,0.7428071,0.747991,0.74498075,0.74982136,0.74400926,0.7451818,0.7406208,0.74809265,0.7447207,0.7422149,0.73620737,0.7510974,0.74496496,0.7384385,0.7649364,0.7386725,0.76636356,0.7323728,0.7413607,0.7237527,0.73028684,0.7451209,0.7525628,0.7541352,0.7361794,0.73266464,0.7457473,0.73789847,0.74943244,0.7454238,0.73655653,0.7255371,0.7558488,0.74894303,0.74402064,0.7459818,0.7437662,0.7360977,0.747048,0.7250174,0.7516083,0.7532274,0.73361146,0.7564298,0.73985004,0.7468928,0.76265454,0.7548125,0.7463202,0.7386302,0.7495451,0.76458025,0.7407151,0.73708475,0.7409519,0.74402565,0.75437236,0.74546325,0.7408364,0.74169433,0.7409231,0.7359877,0.7374912,0.74573886,0.7265297,0.7483034,0.73667836,0.7461502,0.740419,0.7400123,0.75082886,0.74051595,0.7585015,0.7511144,0.73672014,0.7470523,0.743716,0.75867134,0.7416815,0.74485856,0.732608,0.7522835,0.7488363
0.004,0.0015,0.0,39.8555365672912,0.5161651,0.5055573,0.5191946,0.5165461,0.5224016,0.5210641,0.49955904,0.5219014,0.52273417,0.5299048,0.5255152,0.5116403,0.5128234,0.5195697,0.5122515,0.5115101,0.52090424,0.51444876,0.51682293,0.52615726,0.5213202,0.52550465,0.51335096,0.50906557,0.52510554,0.52040535,0.529086,0.5184304,0.51401603,0.5071352,0.5068992,0.50159925,0.5135484,0.5128624,0.5083291,0.503256,0.51043606,0.5171669,0.50694114,0.50883466,0.51313555,0.5255362,0.5136102,0.5219166,0.5161668,0.5252048,0.5124299,0.517857,0.5203113,0.5283125,0.5116469,0.51436377,0.51188475,0.5105118,0.51736325,0.5166022,0.51246977,0.5163753,0.5185626,0.5112158,0.508968,0.5167421,0.50402546,0.52180284,0.5168541,0.50511575,0.5103903,0.51447445,0.5139562,0.51681554,0.5320228,0.53259706,0.520461,0.51529443,0.52287996,0.5165483,0.5190778,0.5315844,0.5178083,0.51953495,0.51648194,0.5129851,0.5284165,0.5360737,0.51247954,0.52018255,0.5134672,0.51785374,0.5235093,0.5093683,0.5130261,0.51895684,0.51386607,0.511534,0.52968544,0.5139269,0.5290982,0.5129582,0.5239113,0.5068618,0.51905763,0.5242764,0.5173312,0.50840116,0.5216453,0.5276639,0.51771176,0.5181918,0.51803756,0.52072203,0.51968724,0.5250498,0.5223144,0.5113614,0.5106148,0.5148198,0.5162769,0.51936257,0.5194317,0.51279217,0.5095579,0.510186,0.5109403,0.5144446,0.5191843,0.5082138,0.50331724,0.5118699,0.5231307,0.5232029,0.51273173,0.51384497,0.52277374,0.5093681,0.5241355,0.5131906,0.52335954,0.5095044,0.50283736,0.51239395,0.5296229,0.5122929,0.5116145,0.51004076,0.51074237,0.51369506,0.51019365,0.5167892,0.51921403,0.50644207,0.5182703,0.5196206,0.5194527,0.5063787,0.5095258,0.5167069,0.5099816,0.52604675,0.51109403,0.5167892,0.52298355,0.5138347,0.51087743,0.522167,0.5167122,0.5161689,0.52423674,0.5228183,0.522879,0.50102186,0.5275062,0.505245,0.5157123,0.51450664,0.51383203,0.5164617,0.5169015,0.52618545,0.51759535,0.51246494,0.50764304,0.52235407,0.5173679,0.5175076,0.5146169,0.51411754,0.5152956,0.51738304,0.5199679,0.52699995,0.5160982,0.51988554,0.5141792,0.519706,0.51275915,0.506932,0.51276344,0.51833916,0.5205452,0.5129348,0.50608873,0.52507174,0.51184714,0.50616574,0.5146343,0.5146067,0.5159003,0.5143254,0.5182646,0.51292187,0.51944935,0.51452106,0.509904,0.5036055,0.51779383,0.5152972,0.5179912,0.5035974
0.0016,0.003,0.0,1.397957272864214,0.064062566,0.06451741,0.06363992,0.06397338,0.06465194,0.066247046,0.06559933,0.062200475,0.06004242,0.06689885,0.0642799,0.06161222,0.060880013,0.066089585,0.06194382,0.06387519,0.06414967,0.06785283,0.06144853,0.066602826,0.0647851,0.0647752,0.06485291,0.06485079,0.06255159,0.06497821,0.06567204,0.06442949,0.063833855,0.062986076,0.06527834,0.06534557,0.06375739,0.062374957,0.06247311,0.06518117,0.06558043,0.05824628,0.06481084,0.06688992,0.06314812,0.062897146,0.06478535,0.06576085,0.060427308,0.066908486,0.06595147,0.06553146,0.06541562,0.06449835,0.06302561,0.06798877,0.059537236,0.06267386,0.061265726,0.061687585,0.06447888,0.061780427,0.06022894,0.062321655,0.062987305,0.06260496,0.06704238,0.063345455,0.06328795,0.06463499,0.06324959,0.062978394,0.06325545,0.065072,0.06551198,0.06077295,0.061194357,0.06501654,0.06154429,0.06534877,0.06532673,0.064257815,0.06419737,0.06738925,0.06704045,0.0627852,0.064991646,0.061334487,0.06633552,0.062004767,0.06427343,0.066721864,0.06285011,0.06823637,0.06299075,0.067717515,0.06166562,0.0605368,0.06346247,0.06289168,0.06474695,0.06289846,0.06418122,0.07270103,0.065033995,0.06592908,0.062137377,0.0635303,0.062872335,0.06477593,0.06723672,0.062326245,0.06515549,0.065389656,0.063925385,0.058465403,0.06518355,0.06451149,0.062913395,0.060650013,0.06701582,0.063515104,0.068393685,0.063128814,0.06353186,0.06335767,0.06597108,0.0628385,0.063454926,0.06352363,0.064543195,0.06775914,0.06815367,0.065821454,0.06423833,0.059555247,0.06494444,0.06404635,0.06273864,0.06556008,0.0657096,0.06328231,0.061894637,0.06010701,0.067183346,0.06434509,0.065967575,0.06376813,0.063499205,0.06446438,0.06453064,0.06220441,0.06398408,0.05918218,0.06256079,0.065166526,0.06408157,0.06471824,0.060507882,0.065280095,0.060650375,0.06326117,0.059551597,0.06273525,0.06436877,0.06426583,0.06076113,0.06600168,0.06396865,0.062417123,0.07019171,0.064958714,0.06135831,0.060805727,0.062097307,0.06515448,0.062415633,0.06469747,0.06463405,0.06813456,0.06182009,0.063845284,0.064043544,0.064569525,0.066549495,0.06315924,0.061935138,0.06415808,0.06414097,0.059925746,0.06565705,0.06340708,0.06647267,0.06447593,0.0656683,0.071021184,0.06344935,0.06422147,0.06262713,0.0697049,0.06905115,0.059869945,0.06407087,0.06330384,0.066863574,0.06389943,0.064059384,0.0630581,0.06596583,0.0690897,0.06055429,0.06290231,0.06337252,0.06269004,0.06740588,0.064860635,0.062199697,0.06505441,0.06632978,0.06089124,0.06511601,0.06326464
0.004,0.004,0.0,12.033981141897355,0.7629707,0.7638305,0.77347004,0.77089125,0.77164894,0.7744012,0.77052206,0.7631413,0.7522877,0.76663595,0.7551448,0.76696235,0.7676987,0.7602914,0.75281477,0.77305067,0.769024,0.7657138,0.74826574,0.7676301,0.76146114,0.7656099,0.7662302,0.7611795,0.7717132,0.76071364,0.7643061,0.7649003,0.7575166,0.76331806,0.7528821,0.7626105,0.7643663,0.75402164,0.74552107,0.76775455,0.7618423,0.7686769,0.7606286,0.7727298,0.7584833,0.7604808,0.76346827,0.7615437,0.7674861,0.76164806,0.76625615,0.75914264,0.7622446,0.7707614,0.76881784,0.7602602,0.7673656,0.7634084,0.7593143,0.7738968,0.7575317,0.77152425,0.7653079,0.76089436,0.75374734,0.7591783,0.769843,0.77076757,0.75731003,0.75718063,0.7602525,0.76539445,0.76131654,0.7723829,0.7624191,0.75380313,0.7629728,0.76963544,0.77358973,0.7636824,0.7668691,0.7717676,0.7664764,0.7613575,0.7560094,0.76819336,0.77204186,0.7525944,0.76947117,0.7647938,0.75832796,0.7720379,0.7617434,0.76503426,0.75102335,0.76832247,0.763362,0.7575925,0.7569772,0.74957734,0.7651608,0.75946563,0.76370054,0.7645391,0.76593554,0.76497084,0.75114375,0.7624728,0.7655459,0.76459223,0.7704696,0.76511705,0.7561852,0.75806075,0.753267,0.76332283,0.766518,0.7554883,0.75517875,0.76226526,0.7616858,0.75937945,0.7638911,0.7682183,0.7592678,0.7641574,0.7654475,0.7676176,0.7493829,0.77806336,0.7574422,0.76513004,0.7648535,0.7640008,0.76456606,0.7709934,0.7663523,0.7672063,0.7535612,0.76205564,0.75938475,0.75346637,0.75005823,0.764858,0.7632995,0.7642384,0.7684422,0.7634518,0.76319486,0.75974834,0.7537383,0.76818794,0.7579651,0.76053405,0.7620277,0.7595679,0.76339996,0.76343864,0.7543277,0.76836234,0.75912255,0.76781774,0.756468,0.7543816,0.77092266,0.75286764,0.7634298,0.755523,0.765887,0.77174014,0.7652069,0.7691563,0.7638489,0.7535744,0.75796443,0.76583064,0.76822174,0.7638865,0.7647853,0.76470065,0.76633567,0.7618843,0.76953673,0.7718836,0.7612134,0.76304805,0.77082103,0.76047194,0.76755565,0.7596844,0.7712291,0.77128065,0.77152485,0.75004464,0.7654473,0.7490367,0.77309936,0.7592955,0.7495745,0.767622,0.761446,0.7561514,0.7617812,0.7485381,0.76679796,0.7623214,0.7685182,0.7619924,0.7749012,0.7644246,0.7708622,0.76719517,0.7557585,0.7540941,0.76168716,0.7640194,0.7664425,0.7559451,0.76217026,0.7627632,0.75501364,0.7692298
0.0012,0.004,0.0,1.0792390771013913,0.065014794,0.06610544,0.0631053,0.06276964,0.06429711,0.06525928,0.06815142,0.06562841,0.064481966,0.06387715,0.065947786,0.061572954,0.06356057,0.06493944,0.066848814,0.061281223,0.06349036,0.06413167,0.06334872,0.06153067,0.062206585,0.06620213,0.06909898,0.063515075,0.06487695,0.069802314,0.06360102,0.06489625,0.06516046,0.062345803,0.06199207,0.06563203,0.063920364,0.0635219,0.063240774,0.06905595,0.0684755,0.06786787,0.06572131,0.06082441,0.06674868,0.06265629,0.06669203,0.06276758,0.06582094,0.061707295,0.06514095,0.06570209,0.06645705,0.063549496,0.0673168,0.061924446,0.06382578,0.063016,0.06280344,0.06379503,0.06636294,0.064121224,0.06391242,0.063826606,0.06428507,0.06535659,0.06336701,0.062273808,0.06360645,0.063963294,0.06562977,0.0656873,0.06386032,0.06706895,0.06451275,0.06592626,0.066332795,0.065200284,0.06443324,0.06263739,0.064348765,0.06506867,0.06563418,0.06607541,0.06270959,0.06436711,0.062228214,0.06578633,0.06803392,0.069983825,0.0677162,0.06502014,0.06708978,0.06436705,0.066753455,0.06444683,0.06354642,0.066476196,0.06601091,0.062201794,0.06772236,0.065250635,0.06380638,0.072554365,0.06647208,0.06898461,0.070344046,0.06457077,0.062431812,0.07034121,0.078582935,0.06709302,0.06309234,0.066226244,0.064596094,0.063662104,0.06657507,0.06621275,0.06453967,0.06658144,0.06933658,0.064730175,0.059491593,0.06303907,0.065027624,0.06681562,0.06672542,0.06463063,0.063574605,0.06685166,0.061187625,0.06166674,0.063565575,0.064313166,0.06519864,0.06598614,0.065034166,0.062296458,0.06255431,0.068540856,0.06630203,0.06644982,0.065532945,0.06448701,0.06783892,0.06572573,0.06462663,0.065632254,0.0643422,0.066250905,0.06427428,0.06601189,0.0645938,0.06620667,0.068330735,0.06393191,0.063243814,0.06016832,0.06746959,0.06673412,0.06705463,0.065940626,0.066613145,0.06161734,0.06479463,0.064884074,0.059211876,0.062038187,0.06129248,0.061440773,0.06290657,0.06225127,0.061002847,0.06537324,0.06657846,0.06450464,0.06413732,0.06306602,0.068847895,0.062444102,0.064662434,0.06340189,0.06459167,0.062615484,0.06311471,0.061467614,0.06705089,0.059363276,0.0670806,0.06609479,0.06342991,0.06857577,0.06547978,0.0668922,0.07107803,0.07392188,0.0629507,0.06110823,0.068176106,0.064559184,0.06470857,0.0656881,0.06285787,0.065885305,0.06549671,0.06521219,0.06278683,0.06463387,0.06728632,0.06517576,0.066279426,0.06329702,0.06255817,0.06378059,0.06641658,0.06834535,0.061454937,0.068381876,0.065108635,0.06365077,0.068475336,0.06831598
0.0028,0.0035,0.0,6.627650004231585,0.6794982,0.68323195,0.6745304,0.6767559,0.6817738,0.65925103,0.70008504,0.68713325,0.6755444,0.66776264,0.6827079,0.6869626,0.6636789,0.67136216,0.67902666,0.67009926,0.6704867,0.6710888,0.677002,0.6970668,0.680488,0.6812712,0.6792859,0.6697468,0.6722943,0.6959242,0.6747671,0.6798997,0.6859891,0.6982277,0.6612771,0.66862184,0.69433945,0.6687455,0.6696339,0.6724988,0.69327724,0.68614286,0.6795796,0.68126863,0.6815054,0.68158686,0.6652566,0.66603464,0.6879247,0.67304116,0.6725697,0.6829794,0.66926855,0.67365813,0.67498505,0.6763939,0.6729277,0.68096876,0.6829819,0.6802448,0.6999233,0.6729008,0.6805815,0.6805263,0.6734234,0.6720237,0.68497384,0.67495877,0.69217175,0.6867584,0.667098,0.68052655,0.6700141,0.6816933,0.6918354,0.6760577,0.6758102,0.67479247,0.6728745,0.68845224,0.683014,0.6872332,0.6797073,0.68952125,0.6882612,0.6873712,0.6711191,0.67823625,0.67760724,0.68008673,0.6929793,0.6886635,0.68433213,0.69309014,0.6779482,0.6756568,0.6790958,0.6979572,0.70111424,0.6816503,0.67697644,0.68631744,0.67599666,0.6888869,0.67821276,0.69067866,0.68308717,0.6762362,0.6854043,0.6767263,0.67825496,0.68985826,0.6856416,0.68899655,0.6790656,0.67905617,0.683873,0.68590593,0.67201984,0.67755395,0.6747702,0.6786856,0.6767776,0.6713049,0.68628925,0.6912304,0.66310495,0.67640305,0.6648993,0.691618,0.69473124,0.6736264,0.6798664,0.68992746,0.67487067,0.6813826,0.6892419,0.69238067,0.67018336,0.67732865,0.66449755,0.6815371,0.68101436,0.6843959,0.67088807,0.6756669,0.68656814,0.67862135,0.6878167,0.6773423,0.6794262,0.683408,0.68763465,0.68304336,0.6876049,0.6713458,0.68148863,0.6802771,0.67996335,0.6825118,0.6661392,0.67254317,0.68882173,0.69226646,0.6793649,0.66754216,0.68760633,0.6790081,0.669247,0.66308415,0.67828524,0.67215747,0.66597486,0.6727386,0.67381907,0.68278724,0.67855597,0.6679773,0.6885051,0.6859687,0.6872527,0.668553,0.6753736,0.6798914,0.6700922,0.68814075,0.68119395,0.69067335,0.6840458,0.67703325,0.6693471,0.6834441,0.6868275,0.66605836,0.67769325,0.6781113,0.69022197,0.67835796,0.6816456,0.70006084,0.6771468,0.6741296,0.6797455,0.6778634,0.6730526,0.6836983,0.68620455,0.67227757,0.6824691,0.6741772,0.6658318,0.6797256,0.664295,0.69790256,0.67173,0.68252265,0.65875,0.67351925,0.67666286,0.68687505,0.6669216,0.673583
0.002,0.003,0.0,1.6154956490087504,0.064298,0.06582125,0.067481965,0.06162795,0.061381403,0.06698313,0.068255804,0.06257303,0.06588913,0.061618242,0.06592697,0.06239229,0.065789506,0.067222744,0.063697115,0.064827174,0.067557834,0.06328662,0.06520473,0.06005976,0.065752454,0.06461062,0.060271733,0.064171955,0.06279043,0.06497349,0.062293284,0.05997711,0.06687008,0.063680105,0.06727442,0.07017422,0.06420917,0.06445452,0.065665774,0.063942984,0.064227454,0.06457984,0.061743684,0.06416251,0.06507211,0.06387118,0.06495146,0.06604327,0.061095808,0.063448295,0.06345804,0.06509977,0.06355984,0.062029123,0.06477135,0.06340602,0.06450909,0.064574346,0.06619447,0.062147733,0.063852474,0.06267028,0.06358821,0.06261169,0.06662767,0.06294978,0.06644152,0.06305586,0.06401076,0.06494905,0.061956886,0.062425483,0.06525064,0.061321754,0.0643825,0.06652455,0.06836139,0.06315753,0.063857995,0.06373584,0.062205195,0.06754343,0.06411597,0.06262525,0.06260317,0.0703659,0.0631755,0.06456572,0.0656714,0.06499117,0.063712336,0.06635721,0.06317245,0.06863911,0.06251849,0.06303212,0.06330369,0.06347353,0.059456524,0.06369703,0.0654295,0.066621095,0.06363615,0.07484309,0.06470762,0.06779257,0.066763885,0.06328995,0.06106977,0.06597115,0.061958045,0.06234401,0.06466272,0.06825008,0.065352,0.06208561,0.06427039,0.06476602,0.06529598,0.06207388,0.062099013,0.064604744,0.06232909,0.06205463,0.06425866,0.061056998,0.06550338,0.06423103,0.06167513,0.06331519,0.07029358,0.06563154,0.060450852,0.05934192,0.06468365,0.060679596,0.061454926,0.063985154,0.064816296,0.06658277,0.06075767,0.06510865,0.06834139,0.06341768,0.062247183,0.06374047,0.06830152,0.06546717,0.06313519,0.06494511,0.061970577,0.06297507,0.06324092,0.06726619,0.06540183,0.06187895,0.068878174,0.06611504,0.06523162,0.068187095,0.06276412,0.061147198,0.06786182,0.06498235,0.066959485,0.06287729,0.06154006,0.06101446,0.062281676,0.06479938,0.063960224,0.06394505,0.06320731,0.063777596,0.064555794,0.06171661,0.068486184,0.06056167,0.06489841,0.062014397,0.06600826,0.06480915,0.060406636,0.064119294,0.06578113,0.06214271,0.065219484,0.064955264,0.063072585,0.062632926,0.067967094,0.062233694,0.07027884,0.061112724,0.06862333,0.06656103,0.06512592,0.061896157,0.06640871,0.06653524,0.062752284,0.06358619,0.063061185,0.06712496,0.068298556,0.066671595,0.061964966,0.06318636,0.06502614,0.066842,0.06283797,0.06329329,0.06035384,0.06635305,0.06383513,0.06406753,0.06290078,0.06423912,0.06048859,0.06630331,0.06445871,0.064327635
0.002,0.002,0.0,2.2536475562844127,0.063269876,0.06241082,0.0601426,0.062372968,0.062152345,0.06042712,0.061316933,0.062391825,0.06391621,0.06292376,0.064692035,0.06399444,0.061916366,0.060735896,0.06359174,0.06153775,0.06134993,0.06563344,0.06394465,0.062330667,0.06435559,0.06051378,0.062203757,0.062313035,0.062500566,0.063191436,0.06379022,0.060582396,0.062055215,0.06125087,0.06121622,0.06428877,0.061758544,0.062163502,0.063685246,0.06429492,0.063769445,0.06260924,0.062284123,0.061332256,0.063621685,0.061334506,0.06375642,0.064431265,0.060792424,0.0638132,0.064154804,0.06405774,0.063959464,0.062002935,0.061380353,0.06396416,0.062825866,0.067792095,0.06420389,0.06429418,0.06226393,0.06682843,0.06263688,0.06349962,0.064313084,0.0635073,0.06274632,0.065361254,0.06247934,0.06214802,0.06630368,0.063333035,0.063442655,0.063745566,0.06555964,0.06629192,0.06250563,0.0607278,0.06299746,0.059840728,0.06516215,0.06269687,0.063773245,0.06539292,0.06278308,0.061360594,0.06258323,0.06630792,0.06371035,0.061760347,0.06744639,0.06566137,0.063998796,0.063628584,0.06273155,0.06480083,0.06245412,0.062287297,0.06361071,0.06559406,0.061478373,0.061190385,0.060817547,0.06745943,0.06273624,0.06248436,0.06271953,0.06100846,0.060969066,0.062797256,0.065243624,0.066757575,0.063408926,0.06389849,0.0649034,0.06410575,0.0654008,0.05962759,0.063827515,0.06321815,0.06458668,0.06333003,0.062070373,0.060893625,0.06488212,0.062020533,0.06589364,0.06090728,0.06122588,0.061038796,0.06159107,0.065938294,0.06282705,0.06333547,0.0624914,0.06253235,0.06321658,0.06482876,0.06560498,0.063196406,0.062397186,0.0644281,0.06446442,0.063836336,0.064918794,0.062051352,0.05946217,0.06251096,0.060855806,0.061656665,0.06406417,0.06267016,0.06228734,0.067424834,0.06326542,0.06139144,0.063813634,0.06141998,0.06398604,0.064990915,0.060854126,0.06691601,0.063812785,0.06002381,0.062308177,0.061906796,0.06552518,0.06280476,0.062891744,0.06823561,0.061845608,0.060159653,0.061616674,0.061895575,0.06264068,0.062289577,0.06441891,0.06131809,0.06110583,0.06624899,0.06369698,0.06552142,0.063272856,0.065286264,0.062998205,0.06285433,0.06289696,0.0627658,0.061632194,0.06105416,0.06514129,0.064291716,0.06380455,0.06459158,0.0634748,0.06260275,0.061608285,0.06496829,0.06344456,0.06747556,0.06561338,0.06611098,0.0651631,0.06414277,0.066254035,0.06372888,0.06353121,0.06289825,0.06357656,0.06383781,0.0623599,0.061398957,0.06681182,0.06125407,0.06674124,0.060636204,0.06520197,0.06956811,0.06157065,0.06489638,0.06078573,0.06031783
0.0008,0.0035,0.0,1.0573658052371835,0.064209394,0.06551683,0.062382177,0.066212684,0.063310824,0.061989095,0.06644794,0.06634011,0.06755404,0.064821266,0.06515873,0.06276949,0.062083103,0.06800858,0.06466067,0.0649739,0.06682866,0.069912314,0.062687784,0.065796345,0.06314686,0.06668373,0.06275145,0.060040127,0.06147052,0.06535044,0.06332946,0.06438033,0.062480725,0.06613121,0.06573568,0.061381273,0.06484586,0.059002224,0.063298635,0.06297374,0.06764243,0.06447293,0.06435323,0.06466306,0.06408172,0.063572325,0.062836096,0.06466821,0.065351814,0.060033813,0.067376785,0.06398078,0.061809324,0.06453251,0.060893055,0.061832078,0.06352685,0.06058604,0.061892115,0.06978171,0.064131476,0.062436055,0.06267806,0.06293262,0.067265876,0.066101044,0.067326054,0.06313972,0.0642292,0.05984953,0.064390026,0.06380551,0.06042836,0.063227795,0.06420939,0.06129884,0.06391378,0.06611198,0.06743228,0.065251715,0.06697555,0.066730455,0.06300889,0.061313044,0.06331429,0.06342818,0.06408506,0.06725301,0.06412356,0.06257729,0.065640554,0.0643203,0.06541085,0.06732763,0.067068584,0.06553678,0.06287289,0.061045196,0.06592995,0.0672733,0.06351099,0.06132878,0.06483174,0.07335008,0.06592788,0.06605721,0.06510348,0.0620651,0.06757423,0.064105526,0.062938854,0.068367414,0.06667916,0.06176926,0.0642079,0.06182063,0.06682688,0.06280274,0.06615243,0.06520416,0.063287154,0.06077328,0.061515238,0.05629056,0.06556049,0.06181651,0.06586738,0.06347219,0.063525856,0.064281166,0.06508549,0.06279369,0.06641898,0.06202194,0.06195446,0.059867244,0.06590222,0.06019475,0.06694497,0.063516915,0.059834264,0.06315239,0.063113645,0.061473735,0.062002234,0.06394619,0.06562252,0.06372226,0.067979574,0.0620258,0.06381341,0.062258847,0.06765672,0.06458836,0.06442691,0.0698368,0.060953464,0.069664404,0.06561582,0.06420774,0.066944115,0.06310818,0.06680993,0.06640624,0.06676519,0.060114235,0.061905034,0.06325705,0.062342312,0.061119042,0.0654995,0.063564606,0.06304177,0.06358993,0.06332836,0.0664312,0.0613342,0.06641545,0.0684807,0.066833556,0.060611695,0.06415626,0.06306436,0.06300784,0.063157134,0.066555284,0.064259216,0.0637028,0.062266964,0.06339537,0.06615832,0.057585336,0.06248847,0.062331248,0.0677278,0.07099195,0.06406603,0.065789305,0.06469159,0.06500523,0.06324284,0.066629715,0.06771434,0.06520324,0.063530624,0.06735107,0.06466474,0.063470505,0.060865827,0.06253528,0.06591501,0.06451125,0.06848827,0.06475847,0.06824121,0.06203572,0.06408249,0.061746698,0.06173726,0.06404673,0.062211305,0.0608043
0.0008,0.001,0.0,1.8406236615124982,0.06337174,0.06604954,0.06348331,0.064814374,0.061268862,0.061947197,0.06373418,0.05841287,0.062375613,0.0649139,0.06654708,0.06252326,0.06571762,0.06494182,0.062146287,0.06221974,0.06121008,0.06344726,0.06420282,0.06409833,0.06344196,0.06369397,0.06495286,0.06840203,0.06158335,0.062978365,0.06207919,0.063136585,0.06438726,0.058506697,0.063467726,0.061758958,0.06255308,0.06303107,0.059682377,0.06258784,0.06363964,0.06491268,0.06493016,0.06439053,0.06481275,0.06456218,0.057618,0.063211955,0.0628164,0.06283721,0.062690586,0.060925953,0.06294382,0.06223831,0.062204823,0.060726333,0.059081703,0.062573284,0.06384229,0.064305596,0.0632837,0.06382771,0.065337904,0.064289205,0.062102158,0.0649421,0.06414675,0.061839364,0.062245097,0.06308507,0.063929975,0.062745124,0.06099961,0.060114685,0.06439487,0.061098438,0.061481755,0.0634648,0.06405203,0.06575108,0.062166315,0.06473395,0.05902471,0.062615804,0.063347526,0.06521462,0.0652995,0.061982207,0.062284306,0.06267378,0.063200764,0.0623563,0.06116781,0.06273067,0.062550224,0.062265735,0.06468709,0.06278608,0.064232245,0.062429894,0.06301762,0.061855827,0.06429268,0.06562388,0.06374357,0.06298056,0.06378651,0.060999405,0.062406994,0.06401964,0.066587225,0.061964024,0.062044617,0.06267898,0.06313299,0.06363674,0.062021986,0.06331269,0.06610412,0.066299334,0.063662745,0.066039264,0.06294842,0.06291697,0.06572511,0.062430527,0.063061915,0.06374714,0.06142017,0.06503221,0.06284039,0.06500169,0.06466308,0.06475392,0.06365054,0.0613397,0.060484994,0.06685853,0.066474736,0.064077236,0.06545913,0.06462125,0.06015742,0.060626667,0.062258326,0.06584197,0.068248354,0.06462628,0.060063396,0.06404239,0.064509585,0.06214689,0.06306477,0.0638126,0.059736177,0.060901325,0.064950354,0.064385384,0.06118193,0.061218426,0.067875534,0.06564993,0.0643837,0.06470361,0.062121738,0.06605101,0.061009623,0.058332622,0.06582872,0.065481976,0.06290565,0.06528277,0.063368596,0.066630445,0.06607774,0.06011676,0.06425142,0.0658287,0.063913636,0.06491003,0.063143216,0.06380189,0.061519593,0.06319463,0.06307022,0.06550374,0.061365113,0.06751275,0.063438535,0.06271666,0.06204521,0.062480796,0.06290676,0.067068756,0.06623629,0.06314019,0.06085368,0.06237708,0.06667119,0.06427295,0.06568083,0.06674064,0.067576826,0.06478104,0.06685766,0.065126054,0.06251208,0.06325859,0.06252557,0.06491825,0.06402254,0.06270611,0.06227174,0.059341017,0.06036238,0.062029503,0.06278537,0.06600321,0.062739134,0.062260054,0.06178139,0.061408836
0.0012,0.0015,0.0,1.80327738933378,0.0634286,0.06544885,0.06333092,0.06459499,0.06473244,0.061497048,0.06220581,0.066324845,0.065719016,0.063877925,0.061509408,0.06893437,0.060821272,0.06528862,0.066948965,0.06499247,0.06093775,0.06370548,0.06429652,0.06366303,0.06250992,0.060909603,0.061650082,0.06483496,0.06447755,0.059301224,0.06397248,0.062248774,0.06966784,0.06395168,0.061782345,0.06313273,0.06046105,0.0643928,0.061892938,0.063035995,0.061428066,0.063885346,0.0654211,0.062680885,0.06123064,0.062437452,0.06473412,0.060929734,0.06578784,0.06649224,0.062081937,0.06436994,0.06335259,0.061740525,0.05872154,0.06735221,0.06332512,0.061773807,0.063281074,0.06218922,0.06313434,0.06378974,0.061989844,0.06183649,0.06231964,0.06425467,0.06401992,0.06169537,0.06146418,0.06537997,0.06438602,0.06601961,0.06337045,0.06136823,0.065786906,0.062324226,0.06664959,0.06375502,0.06318753,0.059752535,0.06652334,0.063926734,0.063516475,0.06501428,0.06470426,0.060945395,0.06313068,0.064244956,0.06282332,0.063336134,0.061446004,0.06257466,0.06296281,0.065677725,0.06694153,0.06219899,0.062922575,0.060046304,0.062275343,0.06188108,0.060684793,0.063667715,0.06323979,0.062606975,0.06280981,0.06430566,0.060915116,0.06292435,0.063626654,0.061811447,0.06204716,0.063990965,0.068024226,0.06465006,0.06546068,0.064028986,0.06104864,0.06277323,0.061526377,0.06262565,0.064048335,0.06655318,0.060751054,0.061325856,0.06520593,0.06671424,0.0604954,0.06256682,0.06581572,0.06380452,0.0621268,0.06174354,0.06404917,0.065546334,0.059889313,0.0615298,0.06634497,0.06273385,0.06423036,0.062284704,0.06352738,0.06707359,0.06238924,0.06923624,0.06666157,0.063187994,0.060935665,0.06140223,0.06792494,0.060139984,0.062439762,0.06513595,0.06477579,0.061449498,0.06047513,0.064724244,0.06637986,0.06290858,0.06413547,0.06453548,0.06240227,0.06889796,0.062815905,0.057854794,0.062543094,0.06606945,0.06432212,0.059803117,0.06302147,0.06424941,0.06344536,0.06740764,0.062526606,0.06387214,0.06142293,0.06655152,0.067687556,0.06432627,0.063058265,0.062235653,0.06384672,0.06385536,0.0649474,0.06090914,0.06401146,0.06051224,0.063194074,0.06265024,0.06512739,0.062160276,0.06202097,0.06381853,0.06115907,0.064744815,0.06283448,0.06388346,0.0657549,0.05971131,0.06529897,0.061905563,0.0634451,0.06174107,0.065215945,0.06587248,0.06466885,0.060184658,0.06130461,0.062748924,0.06531083,0.06613864,0.06159534,0.061079822,0.061459627,0.061813664,0.06537157,0.063485235,0.06594499,0.06320991,0.063594826,0.06113035,0.06571292,0.06230714
0.004,0.003,0.0,16.35530909055544,0.7226453,0.7292698,0.7283407,0.72631013,0.72432154,0.72839564,0.7190671,0.72185767,0.72012603,0.72680736,0.7182363,0.7184389,0.72097164,0.7275984,0.7202779,0.71578467,0.7213427,0.7205157,0.7196749,0.72695297,0.7195231,0.7319231,0.73177195,0.7228933,0.7292907,0.724638,0.7217497,0.7110913,0.72966945,0.7188311,0.7252208,0.7265081,0.72287065,0.7177935,0.71925086,0.72385836,0.72076935,0.7199595,0.71647173,0.72639805,0.7240333,0.72074884,0.73601687,0.7144262,0.72469604,0.72127485,0.72147346,0.7244591,0.72107315,0.7327817,0.7310509,0.717059,0.7146644,0.72182655,0.71750706,0.72312605,0.72178376,0.7254943,0.7304454,0.7289769,0.71862775,0.71778214,0.7142968,0.72522163,0.7285191,0.7132117,0.7157048,0.7181043,0.7277341,0.7057991,0.7134855,0.7221506,0.72321135,0.7194424,0.73939574,0.72042495,0.7182131,0.71000314,0.7151484,0.73257846,0.716374,0.72740847,0.7162952,0.7166986,0.73035496,0.7253934,0.7211541,0.728085,0.7316489,0.7164006,0.7225174,0.7221425,0.7247152,0.72170126,0.704673,0.7231771,0.7195842,0.72779363,0.72736716,0.7129067,0.7178535,0.7245269,0.7234015,0.72040635,0.724601,0.72228825,0.7168747,0.7129398,0.72940135,0.73529637,0.7324922,0.73270375,0.71770614,0.7332926,0.72160876,0.73203695,0.7316777,0.70940346,0.72326046,0.7309721,0.7202558,0.7230197,0.7215401,0.7177246,0.71511763,0.7303821,0.7267976,0.7264651,0.74173945,0.7162763,0.7383328,0.72007626,0.7340084,0.71325886,0.7205452,0.7188224,0.72685426,0.7146479,0.7243572,0.73182213,0.7314259,0.7271032,0.7256099,0.7265081,0.7093931,0.7236639,0.71999115,0.7249562,0.72757447,0.7386463,0.7321051,0.71693987,0.7206265,0.72782284,0.7223227,0.70843613,0.71963453,0.7173792,0.721786,0.723192,0.7155292,0.72677803,0.7354663,0.72915286,0.7189102,0.72881573,0.7280318,0.7131534,0.72113246,0.72269064,0.7304122,0.73545295,0.7147604,0.7126829,0.7187048,0.7210875,0.7136939,0.7165557,0.7141258,0.71872354,0.7137703,0.71561474,0.72862834,0.72225964,0.72314423,0.7235595,0.7182127,0.7174628,0.7214095,0.7231502,0.71652776,0.715999,0.7251169,0.71575654,0.7308015,0.72779226,0.7219288,0.71988875,0.7180808,0.7218916,0.720788,0.71983427,0.72536576,0.72137165,0.73131627,0.7361633,0.7375105,0.71961975,0.7108895,0.72020054,0.7141246,0.7263848,0.7242764,0.7282441,0.72058433,0.71651024,0.7285301,0.7124103
0.0004,0.004,0.0,0.9315790148441475,0.06493884,0.065524556,0.066614844,0.06409511,0.062647216,0.06455188,0.06522686,0.06488481,0.062224377,0.061348945,0.060430527,0.061429814,0.06501838,0.06379649,0.062341116,0.06636979,0.06273231,0.06568185,0.06255208,0.060961954,0.06606481,0.06399652,0.0642094,0.06706793,0.063351184,0.06398977,0.07144969,0.063712046,0.061977673,0.06379842,0.06365871,0.0629012,0.06752791,0.06663353,0.064740345,0.06553328,0.068691574,0.06435812,0.06467238,0.06640559,0.06280947,0.06462694,0.064609505,0.06599621,0.06460865,0.059927855,0.061996892,0.06561547,0.064178064,0.06591279,0.06332589,0.06556566,0.06338088,0.06751792,0.06679565,0.06131375,0.061954007,0.06710484,0.06485968,0.06550003,0.06522984,0.058481995,0.0654468,0.059357993,0.064424805,0.06595391,0.06700703,0.06779014,0.06426945,0.06912849,0.066102795,0.063514374,0.0644421,0.06657266,0.0672264,0.065748975,0.06874604,0.06375504,0.06667501,0.060162045,0.065933146,0.06869893,0.06623531,0.06341036,0.060555838,0.0655092,0.06408085,0.06426657,0.06446339,0.0632481,0.067276575,0.06350216,0.065837145,0.0669755,0.067854434,0.060585774,0.067764424,0.06610522,0.06190807,0.066302605,0.06777834,0.07465436,0.06440262,0.065468654,0.06379047,0.06803973,0.06808248,0.06769221,0.06626274,0.0655655,0.062545985,0.06573728,0.06576438,0.06391901,0.0684085,0.06275594,0.064865395,0.06350055,0.060906354,0.06432272,0.062344532,0.06441738,0.063917354,0.06595211,0.06383087,0.06130219,0.06712549,0.064458005,0.0630014,0.06561235,0.06165482,0.0621615,0.06659518,0.06398476,0.06573134,0.06295243,0.06396204,0.06282254,0.061537575,0.06292847,0.06961382,0.06726211,0.06626005,0.059600223,0.06289831,0.06389726,0.065870546,0.06751662,0.06831605,0.0630447,0.0635761,0.067619115,0.06605093,0.065637365,0.06472835,0.062013824,0.06342633,0.064447865,0.060812667,0.061985854,0.06197757,0.063106574,0.0671532,0.06537163,0.06473228,0.062483467,0.065028824,0.059771966,0.06211722,0.06679401,0.0637069,0.06658399,0.061199587,0.06438702,0.0654906,0.06645907,0.06382974,0.06355561,0.06750487,0.06263137,0.065854505,0.06367273,0.06410917,0.066009074,0.06303933,0.06831739,0.061803374,0.062470865,0.06960105,0.06443451,0.06790865,0.0788069,0.064359486,0.07313496,0.06394208,0.065024905,0.06617616,0.06843217,0.0644274,0.06486314,0.062410727,0.06936349,0.06406668,0.06284754,0.06586546,0.06401342,0.06675696,0.06969015,0.06172839,0.06564088,0.07000055,0.06840409,0.069127314,0.0706247,0.06448304,0.065419,0.06773435,0.06662254
0.0028,0.0015,0.0,16.040071276634524,0.5560263,0.5565455,0.56334376,0.56215215,0.5559443,0.55275846,0.5508043,0.5504926,0.54657996,0.5464125,0.56995773,0.56605226,0.55692947,0.55996156,0.5604578,0.545633,0.5548923,0.56285006,0.5496469,0.5530249,0.5457869,0.55989283,0.5546816,0.54897654,0.5451032,0.5556236,0.5646399,0.5535897,0.56257266,0.5520958,0.5473012,0.55708194,0.5526034,0.5495939,0.5603677,0.547498,0.55598223,0.5572544,0.5529399,0.56835437,0.5645696,0.56402546,0.5556365,0.5601299,0.55858356,0.5559297,0.5709896,0.56017476,0.56143594,0.5649947,0.571542,0.5541179,0.55264664,0.56399304,0.5463479,0.55732524,0.55062103,0.5620316,0.5495065,0.5588655,0.54475653,0.5417601,0.56881344,0.5591982,0.55848175,0.5497004,0.5515913,0.55952275,0.5593573,0.5638429,0.5565813,0.5616651,0.5635905,0.55544186,0.5747919,0.548446,0.5509374,0.56015414,0.55804974,0.57172316,0.56280977,0.54668546,0.5675125,0.55243737,0.5570991,0.56285477,0.5487434,0.5579714,0.555608,0.5576525,0.5566944,0.5540099,0.5507279,0.5700808,0.5591659,0.5512016,0.5359206,0.5472714,0.5456751,0.54725546,0.5677084,0.5498403,0.5569094,0.556664,0.5677166,0.5481734,0.56267583,0.5578487,0.55267537,0.5446176,0.5473513,0.5741151,0.5467844,0.54983675,0.55620724,0.5536297,0.55207956,0.54217607,0.5500176,0.5593922,0.55225426,0.55349994,0.5411544,0.55282927,0.55451053,0.5485273,0.5585188,0.55504733,0.5554829,0.5504147,0.5487542,0.56444097,0.56906563,0.5616961,0.5575481,0.5531386,0.56614727,0.55534637,0.55663395,0.5471139,0.54690415,0.5505708,0.55403847,0.5607943,0.55294824,0.54782027,0.54470706,0.55741984,0.5631372,0.5602436,0.5577104,0.56158423,0.55474585,0.5546774,0.5526679,0.56844,0.56711054,0.5580882,0.55681765,0.563309,0.5582547,0.5601029,0.5500369,0.55172133,0.54614127,0.56903386,0.55936795,0.5390573,0.5464007,0.55748725,0.5698505,0.5500664,0.5630645,0.5705956,0.56213063,0.5539264,0.56120694,0.55210966,0.56016994,0.5531068,0.5695453,0.5532955,0.5454287,0.5541831,0.55000746,0.5432409,0.55851877,0.5536027,0.54993,0.54832995,0.5680409,0.5663048,0.5488976,0.538794,0.54443187,0.5651243,0.5592963,0.5683594,0.5631454,0.55099756,0.563694,0.56028396,0.5634874,0.5406621,0.548594,0.5618031,0.56166786,0.56003714,0.5540861,0.5578467,0.55562055,0.5543369,0.55095154,0.5452862,0.55280805,0.5633134,0.5551313,0.5568847
0.0024,0.0025,0.0,6.388667208262006,0.5695433,0.5808678,0.5769133,0.56543154,0.56805587,0.57453716,0.57140976,0.57043236,0.57517326,0.53880817,0.5762238,0.56677264,0.57915604,0.5690589,0.5883493,0.5644975,0.59591943,0.59601575,0.5704245,0.5718954,0.56569237,0.5702608,0.55988145,0.59131163,0.5689923,0.57163876,0.5674369,0.5507794,0.573316,0.549179,0.5576362,0.58864594,0.5575996,0.56038046,0.5844161,0.5918163,0.5717325,0.56341994,0.55674887,0.56297356,0.5704351,0.56720436,0.578537,0.5852442,0.5934202,0.5563611,0.55789024,0.5581158,0.5679901,0.5928611,0.55931336,0.5634391,0.5774049,0.5739662,0.56909966,0.5788282,0.5731892,0.57945377,0.56431323,0.56827694,0.5453629,0.5535467,0.57323873,0.56326,0.57090026,0.5725729,0.56993294,0.57214963,0.5763233,0.5689309,0.56345785,0.58500236,0.56883556,0.5697882,0.57337433,0.5730732,0.566629,0.558555,0.55871713,0.5604944,0.5725532,0.55194455,0.5773879,0.57155603,0.57209444,0.57487977,0.55925024,0.57111406,0.57632583,0.5767241,0.57373196,0.5618838,0.5656404,0.56117445,0.5866311,0.5722698,0.57600296,0.55079955,0.5632212,0.5768755,0.55738074,0.5726253,0.57399124,0.5501965,0.57877713,0.55522555,0.56772006,0.54747874,0.5686145,0.5571802,0.5524998,0.5743826,0.568904,0.56472653,0.5695357,0.5553403,0.5493061,0.56970394,0.5676024,0.5557898,0.5709043,0.56249654,0.55321443,0.576051,0.5693096,0.57115346,0.5619161,0.585338,0.5715647,0.57969594,0.5756674,0.5765723,0.5862114,0.5820193,0.56904364,0.56896365,0.5705258,0.5534027,0.5653525,0.5816027,0.57402253,0.5597493,0.57620054,0.574923,0.5794671,0.57041866,0.54493344,0.5613708,0.57692444,0.5647349,0.57512116,0.56862265,0.5714678,0.55437076,0.5670282,0.5794043,0.56013674,0.5795787,0.5529544,0.5635425,0.5566216,0.5848519,0.584431,0.5655748,0.5632927,0.57010657,0.5764277,0.5687635,0.57211727,0.56382114,0.5752195,0.58420646,0.57312906,0.56373024,0.57956916,0.57302636,0.5618287,0.57052535,0.56714416,0.5814302,0.5741599,0.56382275,0.5804585,0.6025968,0.5563501,0.5607347,0.57226634,0.5791976,0.5505124,0.5828258,0.55394876,0.5667343,0.56680256,0.5690708,0.57296336,0.5598024,0.5516102,0.57173157,0.5602848,0.5681382,0.57810193,0.5669867,0.57927203,0.5677786,0.57545435,0.57747227,0.5784315,0.5959235,0.5613423,0.5771734,0.5695158,0.5699838,0.55784404,0.5682644,0.58952856,0.56244725,0.5665379,0.57069606
0.0008,0.004,0.0,0.9972063076608855,0.06515234,0.06683091,0.062501654,0.067342125,0.0609451,0.06625477,0.069783576,0.06848227,0.06740184,0.0648163,0.06156326,0.06506976,0.06684896,0.062406223,0.06734953,0.0674264,0.065280505,0.066739686,0.06271445,0.066403605,0.06483015,0.06418751,0.06435319,0.06695909,0.06681424,0.06324346,0.068841994,0.06557228,0.065074466,0.06455731,0.06241189,0.06373498,0.067062326,0.06863813,0.063220814,0.06556091,0.06319006,0.06332801,0.06548697,0.06372715,0.06377088,0.066897765,0.065687,0.06575729,0.06631078,0.063798815,0.06410726,0.06501663,0.065618135,0.059710924,0.06394422,0.06584862,0.06506714,0.06357507,0.06731858,0.06549461,0.06368282,0.066324554,0.062298547,0.06442726,0.06473132,0.061715733,0.07014694,0.06435191,0.06322377,0.058978938,0.063338384,0.063266166,0.06620354,0.06519987,0.06515257,0.063758105,0.06505091,0.0646013,0.06355446,0.066394106,0.06570566,0.06565702,0.06604686,0.06344584,0.06616973,0.062314544,0.06659764,0.06600665,0.06300676,0.06336159,0.06975326,0.066932596,0.0683372,0.06779127,0.06679503,0.06810742,0.06576513,0.06740619,0.06939825,0.06296634,0.0633083,0.064924985,0.06396667,0.07035218,0.06453961,0.06291104,0.069083296,0.066620015,0.058317162,0.06717699,0.062004883,0.06450566,0.06635712,0.063984446,0.068734184,0.065653585,0.06591078,0.07069764,0.0647893,0.06577934,0.06801244,0.069192894,0.059876613,0.064650424,0.06537951,0.06776918,0.066323794,0.06593025,0.06728098,0.07210846,0.059552085,0.067597784,0.06422819,0.06594016,0.062136408,0.06307754,0.06709717,0.063169196,0.06201231,0.06812023,0.066451296,0.06633679,0.05988552,0.06854532,0.06348789,0.06486644,0.06951197,0.059946015,0.063926235,0.066081814,0.061468747,0.06277604,0.060826916,0.06488328,0.07013633,0.060732286,0.07018914,0.06667594,0.06316265,0.0661855,0.06466364,0.0669062,0.064248,0.06459513,0.06510736,0.06416943,0.061821073,0.06645279,0.06310736,0.06184322,0.067027345,0.06594714,0.06424621,0.064745925,0.06416965,0.06369541,0.06513704,0.06505879,0.06648092,0.06919595,0.06288516,0.062845916,0.065426186,0.0647683,0.06426358,0.0659297,0.067606434,0.0644738,0.06101626,0.067902334,0.06788966,0.06636329,0.06936508,0.0636417,0.06295044,0.06455778,0.06428307,0.06612628,0.06252863,0.06354126,0.06472936,0.065681145,0.06338608,0.06772309,0.062174667,0.06711133,0.06146749,0.06289381,0.06326879,0.06452773,0.069462955,0.06867243,0.061842248,0.06477614,0.06343939,0.063726164,0.06644843,0.065251864,0.067677505,0.06794128,0.067134656,0.06374325
0.0032,0.0005,0.0,113.10574371769953,0.06320956,0.06276116,0.06362754,0.06136243,0.06264213,0.061360497,0.063405275,0.060737588,0.06233961,0.06255097,0.064030275,0.06343278,0.063226804,0.06446502,0.062774695,0.06280744,0.06437292,0.062468987,0.061161555,0.06329328,0.06515164,0.06362112,0.064351216,0.06298048,0.064923465,0.06460028,0.061226133,0.06258773,0.0641247,0.061408542,0.06259101,0.062736675,0.06270338,0.06256688,0.06308566,0.06336335,0.06329969,0.06510215,0.063623466,0.06441027,0.06420311,0.0639692,0.060442153,0.06402553,0.061290827,0.061982587,0.06507346,0.0633614,0.062048636,0.06309369,0.06280533,0.0613795,0.06278916,0.06372957,0.062244713,0.06464927,0.0636899,0.06491776,0.06033824,0.06317963,0.06218912,0.0637807,0.064711004,0.06104202,0.063237295,0.061036818,0.06424058,0.06278943,0.06365422,0.062937826,0.0645622,0.06264337,0.06477011,0.06370723,0.062605165,0.06376637,0.06358808,0.06399811,0.062208828,0.060057294,0.06204465,0.06347694,0.062487602,0.06382709,0.062655754,0.063421965,0.06527566,0.06194487,0.06445566,0.06486414,0.063254595,0.06463882,0.06259218,0.061108004,0.06326936,0.06384083,0.064128675,0.06434546,0.064359665,0.06443909,0.06436436,0.06551474,0.06423114,0.06650366,0.061438967,0.062793344,0.06282865,0.064677864,0.066602364,0.062327318,0.06330336,0.0632841,0.06194322,0.06281198,0.064152226,0.065002315,0.06364106,0.0626777,0.06285647,0.062004223,0.063444,0.059919205,0.06266026,0.06463391,0.060028132,0.06373992,0.06504241,0.0630322,0.06396632,0.06371078,0.064854555,0.06465635,0.061585207,0.0624839,0.06259598,0.063774966,0.062150124,0.06261623,0.06389785,0.06217329,0.064604245,0.061281916,0.0653766,0.06545099,0.06237522,0.063733965,0.063832976,0.06412406,0.06041586,0.063101046,0.064893566,0.061718658,0.06200295,0.0647963,0.06406101,0.06425214,0.06349825,0.061923247,0.061773427,0.06348203,0.06615371,0.0626088,0.0632267,0.062779985,0.061549205,0.06498392,0.06154782,0.0641352,0.06339069,0.06285098,0.062157497,0.06119885,0.06273873,0.06296561,0.060513522,0.06150394,0.063729,0.063563615,0.06357517,0.062898554,0.06093508,0.06281396,0.06416497,0.063005455,0.06359427,0.063392304,0.062726945,0.062753536,0.0655352,0.062221956,0.06370806,0.063408315,0.06545641,0.06330929,0.06507925,0.06329944,0.06331331,0.062782176,0.062610246,0.06490743,0.06434419,0.06431167,0.063804835,0.062954634,0.06357989,0.062276214,0.06403181,0.061398428,0.06266708,0.06261835,0.060531475,0.06107092,0.06323856,0.06301155,0.06467893,0.063830316,0.063476324,0.06448891
0.0016,0.0035,0.0,1.2771204602196669,0.06468513,0.060784332,0.067359634,0.062036667,0.063617565,0.06646936,0.067007676,0.063521825,0.064971514,0.06787391,0.067113355,0.06518853,0.06398739,0.059699725,0.062753215,0.06917106,0.06335079,0.061080027,0.06302513,0.064115755,0.063776426,0.068229236,0.061154347,0.0647196,0.0637654,0.0644904,0.061970968,0.06979349,0.06593303,0.06971481,0.064465955,0.06061843,0.06268052,0.06265793,0.06675187,0.06213494,0.06465828,0.061195992,0.0656395,0.061932117,0.06601437,0.06734457,0.0686619,0.06768377,0.06291208,0.06592582,0.06250395,0.06800093,0.063801475,0.0649463,0.06803758,0.06293305,0.064987995,0.06302541,0.060040034,0.064392515,0.061714016,0.06431462,0.06634281,0.062012527,0.0657478,0.066286355,0.06349592,0.06604646,0.067857474,0.064009994,0.0686731,0.06589136,0.061955057,0.060854048,0.06629636,0.06255513,0.062674776,0.06720899,0.0648075,0.060732666,0.067850985,0.06601689,0.06533897,0.06389766,0.06510867,0.06823466,0.061810456,0.06880429,0.063539766,0.06855838,0.06332125,0.06659094,0.068680614,0.06584478,0.0635723,0.061933137,0.0627723,0.066895165,0.064916,0.065273166,0.0625645,0.06405291,0.06270106,0.07379192,0.06737483,0.06730843,0.070256665,0.06760534,0.0640843,0.060617495,0.06332586,0.06643703,0.062712125,0.06558348,0.06612803,0.06679636,0.06572465,0.068166286,0.068302035,0.061343983,0.065351345,0.06365932,0.06532603,0.067119166,0.06039379,0.062758,0.061360043,0.06720813,0.061049413,0.059592336,0.06443452,0.06527776,0.066327855,0.06592612,0.06488152,0.06806784,0.06443558,0.067300245,0.061856315,0.061176743,0.06066094,0.06375239,0.06368577,0.064352795,0.0685441,0.06443603,0.06478249,0.06564949,0.065572366,0.0629945,0.06451281,0.06398505,0.0640377,0.06672625,0.069675155,0.06554428,0.0641884,0.06442113,0.06471828,0.06194233,0.06428139,0.06487951,0.060998227,0.06334077,0.061852444,0.06571283,0.064617045,0.062322956,0.06731021,0.06516344,0.06635953,0.05998214,0.0637172,0.06479816,0.06553074,0.067664236,0.0631379,0.0596194,0.06433324,0.062594496,0.0670165,0.059687387,0.0656533,0.06551807,0.06004516,0.062588714,0.06658887,0.06356444,0.0647481,0.063801646,0.0629437,0.06681389,0.06436777,0.062128276,0.06638615,0.079228476,0.06465872,0.06380871,0.06777359,0.06505738,0.0628661,0.0630662,0.06323168,0.0630924,0.0624343,0.06649368,0.063537866,0.06389443,0.06778399,0.065712,0.06521526,0.06478278,0.06741956,0.062247403,0.063693,0.06591762,0.06267715,0.0646968,0.061399497,0.063806124,0.06569085,0.06479894
0.0016,0.0015,0.0,2.223563148327294,0.06341609,0.061090592,0.062139794,0.06352789,0.06506406,0.06141185,0.064651445,0.06268359,0.06379748,0.06575315,0.06221517,0.06401996,0.065298565,0.0646092,0.06423317,0.06814941,0.065926746,0.06273136,0.06287033,0.062569335,0.06432685,0.06274237,0.0635709,0.06437485,0.06110697,0.061507173,0.06710861,0.061032917,0.06083114,0.061900195,0.06456452,0.06353057,0.062129892,0.0611278,0.06115211,0.061229054,0.06330536,0.064847834,0.064760104,0.062437974,0.06521719,0.060550615,0.065458305,0.06303175,0.06160277,0.062146064,0.0638718,0.06276994,0.06119276,0.062458575,0.060125727,0.06151073,0.060561944,0.06341593,0.06322556,0.06460859,0.063603856,0.06359554,0.06524095,0.061949905,0.064367466,0.06265544,0.06295522,0.06326672,0.06451196,0.062973,0.06327973,0.06270944,0.06442499,0.06496837,0.061475202,0.061535925,0.060999155,0.06496832,0.06355617,0.06762664,0.063095726,0.06263443,0.063669086,0.06509087,0.06206192,0.06573878,0.065123074,0.06465702,0.06324858,0.061628427,0.06312864,0.06304076,0.06529861,0.06353805,0.065144405,0.06486536,0.06131225,0.06601122,0.064018466,0.06096155,0.06345149,0.06299978,0.062229306,0.06416477,0.06364278,0.06132034,0.06908547,0.065256506,0.06141209,0.06439009,0.06181723,0.064773895,0.06404282,0.061227597,0.06319955,0.06291544,0.061784666,0.0641352,0.06469533,0.06144843,0.06266942,0.064956486,0.06400881,0.06443173,0.06075982,0.06526329,0.06462941,0.0638271,0.065005474,0.06290185,0.06293775,0.061886154,0.061974272,0.06462952,0.0645095,0.06036009,0.061981052,0.062455487,0.068467855,0.064272374,0.062421467,0.06328368,0.061772335,0.064194754,0.06292341,0.06358998,0.063526765,0.061261266,0.062930204,0.06377093,0.06421333,0.065659136,0.0662476,0.06541999,0.06324916,0.06230385,0.0653103,0.06645805,0.06381041,0.06256014,0.06276248,0.061429217,0.062115993,0.06026233,0.06384836,0.064555615,0.065994605,0.061738916,0.06249836,0.062405765,0.06351258,0.06250787,0.06621741,0.06439111,0.063955955,0.06408481,0.06486889,0.062322393,0.063720435,0.06329342,0.062838614,0.061485257,0.06302881,0.06098242,0.060310885,0.06259978,0.060172554,0.064336814,0.06534373,0.06422032,0.06069375,0.06366946,0.0645733,0.06527562,0.06309929,0.06351307,0.0637711,0.063119255,0.06379485,0.063018896,0.06354006,0.062049445,0.0648478,0.06349767,0.06647015,0.062485967,0.06454712,0.06480148,0.06513105,0.06564487,0.062979385,0.067441925,0.061741147,0.06473609,0.0646556,0.06320963,0.06372201,0.061626498,0.064849995,0.06208319,0.062368292,0.060690645
0.0004,0.001,0.0,1.5791470292083543,0.06335254,0.06707709,0.069278255,0.06471689,0.062445175,0.06354789,0.06359391,0.062333833,0.06509921,0.06530772,0.063816085,0.059262857,0.06416052,0.0596705,0.062366094,0.06273739,0.06420433,0.06452563,0.06294843,0.06397979,0.06645955,0.06250241,0.06451684,0.06203714,0.06081739,0.06530319,0.06525574,0.06578596,0.060771365,0.06296453,0.065108985,0.067005426,0.064323306,0.063239485,0.0605367,0.063715205,0.064232044,0.06812235,0.061750032,0.064416915,0.062222615,0.058759667,0.06459871,0.06391408,0.06152143,0.06237526,0.06451683,0.06455611,0.061684735,0.06454204,0.061314147,0.06310682,0.06108454,0.06317611,0.06372132,0.06423935,0.061989643,0.06651057,0.06301384,0.062565334,0.061520796,0.060778715,0.061901756,0.06342115,0.061736014,0.05965582,0.06287831,0.06323733,0.059691083,0.060570773,0.059837513,0.06397927,0.06294434,0.06817876,0.060586844,0.061121244,0.062443405,0.06578791,0.06138564,0.06122532,0.06353177,0.065626256,0.06347247,0.060122147,0.06506173,0.061917536,0.06438294,0.06145421,0.068990394,0.063473105,0.061921958,0.062063407,0.06012644,0.06293823,0.06272015,0.0648952,0.06442057,0.062168922,0.06533852,0.06144144,0.062481746,0.06622004,0.062800236,0.067362934,0.061530475,0.061847318,0.066515654,0.06734468,0.06588539,0.062529445,0.06290698,0.066193186,0.06379323,0.066796996,0.060975764,0.061938718,0.060775075,0.064646326,0.06383694,0.060358252,0.06539815,0.063178636,0.06449609,0.061917454,0.06311123,0.061290205,0.06253003,0.05979567,0.061371714,0.06367003,0.0648798,0.061031435,0.06604291,0.06364502,0.063409075,0.06650681,0.06218822,0.065042235,0.06426827,0.063164674,0.06255711,0.062097494,0.061240707,0.06334752,0.06627878,0.0630225,0.059799444,0.06563586,0.062351465,0.06524302,0.06269143,0.06260511,0.065524615,0.063881256,0.06433997,0.06391552,0.063796304,0.06760966,0.063366726,0.06396987,0.06357905,0.06558581,0.066655174,0.06461541,0.06385876,0.058973894,0.06035734,0.06279266,0.062573455,0.06563094,0.060970526,0.062153276,0.06401943,0.06169949,0.062362857,0.061772488,0.061593693,0.06493838,0.063725896,0.06238284,0.062912375,0.060410816,0.06300608,0.06165961,0.06547965,0.066591546,0.06114213,0.066425376,0.06711497,0.062258214,0.06493617,0.06601626,0.059827063,0.064605825,0.06444037,0.06447805,0.06386439,0.060778376,0.0626136,0.063101776,0.06029425,0.06458492,0.0604282,0.060605682,0.06664953,0.06547898,0.06523487,0.06327478,0.0615725,0.06512777,0.06481058,0.061174124,0.0615008,0.061947692,0.06391382,0.06454126,0.06404999,0.06515636
0.0028,0.0025,0.0,9.355803876193729,0.6418363,0.6317998,0.6427903,0.65128773,0.63711804,0.648082,0.6392961,0.6378208,0.625514,0.6426708,0.6431122,0.6449936,0.6304016,0.6431498,0.64294314,0.6489352,0.6506899,0.6475729,0.6514539,0.6464261,0.6543651,0.63345146,0.6446928,0.6576089,0.63596785,0.6542799,0.6348671,0.64182955,0.626207,0.64510286,0.648398,0.651404,0.64429003,0.6474511,0.64335054,0.6377315,0.6353004,0.63744336,0.6547546,0.6308514,0.6453007,0.63597274,0.62720925,0.65170944,0.6578255,0.6391126,0.6442743,0.6424251,0.643651,0.641233,0.64752084,0.639963,0.63197803,0.63325816,0.6587704,0.62919736,0.64215106,0.6466884,0.64579016,0.6423418,0.65679616,0.6407722,0.64629894,0.6276261,0.6444351,0.6417279,0.6477175,0.6372955,0.6470622,0.63229465,0.645826,0.6453896,0.6543592,0.6410443,0.64504486,0.6345663,0.6426371,0.63715756,0.6489215,0.6402481,0.6488845,0.63468707,0.65172607,0.6320339,0.6499028,0.6409831,0.62858075,0.6326023,0.63603705,0.637264,0.62902796,0.6353034,0.6548918,0.6490308,0.6354865,0.6278654,0.6383987,0.64877975,0.654148,0.65785563,0.634017,0.64307755,0.6413445,0.6290882,0.6444775,0.6419165,0.63103724,0.6214927,0.6414773,0.64860034,0.6463714,0.6425946,0.63840777,0.64237875,0.6414392,0.6447388,0.6283459,0.6440383,0.6474281,0.64068943,0.6375449,0.6297346,0.6374423,0.6431452,0.6351846,0.6429318,0.6560892,0.6372294,0.64694864,0.62859344,0.640486,0.63006693,0.6386015,0.65793043,0.6336988,0.6331492,0.6485302,0.6481865,0.6684349,0.64172333,0.64615506,0.6585051,0.6590503,0.6495154,0.6476657,0.6368369,0.63437515,0.6335267,0.63470733,0.6452986,0.63112223,0.6418374,0.6478669,0.6482421,0.6363193,0.64562464,0.6299015,0.63734823,0.6336199,0.6396934,0.65965253,0.64432627,0.65955687,0.6413458,0.63781744,0.6559214,0.6416506,0.6483942,0.64735335,0.6381385,0.63929754,0.6349459,0.6484933,0.6648681,0.66194224,0.61393523,0.635638,0.6419218,0.62861234,0.65498024,0.64863425,0.6380322,0.6437005,0.6468524,0.6205099,0.6487079,0.64178896,0.6532183,0.62971205,0.64960104,0.6456138,0.6426534,0.6393014,0.64241093,0.62355167,0.6260803,0.64770067,0.6464113,0.63692516,0.64845824,0.6383808,0.6382581,0.6374428,0.62851936,0.6482411,0.6346027,0.64369947,0.638923,0.6324044,0.6456665,0.6446974,0.64141405,0.6493445,0.64003897,0.6384911,0.63234717,0.63509375,0.6339443
0.0028,0.002,0.0,11.676058958874329,0.60664743,0.60065544,0.61371607,0.6014161,0.60193604,0.60394424,0.61557835,0.6180091,0.61070174,0.59873474,0.60895467,0.60889363,0.5978884,0.6110012,0.60336757,0.59933615,0.6080001,0.61672765,0.60994005,0.6152819,0.6049699,0.601008,0.59922856,0.5974825,0.6170055,0.6180005,0.6087092,0.61736345,0.6035834,0.6135161,0.6097982,0.5984335,0.6046947,0.60957795,0.6061755,0.61779594,0.61411995,0.60431135,0.6032141,0.6031923,0.61496097,0.59867775,0.59936506,0.59743,0.5986249,0.60480285,0.60997975,0.60603756,0.61087537,0.6069697,0.59297645,0.6117831,0.6175785,0.6168568,0.59014064,0.5961693,0.6062965,0.6093573,0.6053934,0.6110385,0.60199803,0.59772736,0.6031164,0.6104056,0.6018918,0.6134465,0.60851836,0.60855436,0.6060539,0.597282,0.59957016,0.6064775,0.61631715,0.5931305,0.6144415,0.61220616,0.59647095,0.61995757,0.595282,0.600827,0.6051813,0.6134228,0.61531126,0.5978995,0.6256105,0.61924493,0.6105891,0.62163466,0.6082507,0.60383874,0.59747934,0.6064181,0.6167526,0.59064114,0.6002126,0.5910051,0.6078426,0.5934178,0.60700417,0.60447925,0.6072696,0.60712975,0.6029883,0.596464,0.60174936,0.5982381,0.5891137,0.61481243,0.6040801,0.61627537,0.62089324,0.6051318,0.61247045,0.62184614,0.60216063,0.6204154,0.60795987,0.61679786,0.5999013,0.60929114,0.6041314,0.60084337,0.6053255,0.6239031,0.61022085,0.6017059,0.60720056,0.604171,0.59735775,0.6085634,0.61506534,0.6054045,0.6094857,0.60633355,0.5998662,0.61245793,0.6101635,0.6012602,0.6295562,0.59974,0.59657204,0.60094184,0.6093797,0.60624266,0.59707266,0.6040817,0.61279905,0.6174673,0.6157385,0.60790175,0.61369854,0.6166986,0.6158381,0.6011503,0.6072773,0.61060864,0.60582036,0.61997163,0.6078285,0.6104251,0.61120486,0.60334444,0.6008083,0.60320365,0.60110164,0.6172459,0.6109509,0.60803,0.5965834,0.6095139,0.58724236,0.6144937,0.6003379,0.6177988,0.61991364,0.61049265,0.6041496,0.6142343,0.6272707,0.58854914,0.5946638,0.604107,0.6084762,0.60619193,0.6096887,0.6032849,0.60082215,0.60092497,0.60218203,0.60476774,0.58900166,0.5924525,0.6015612,0.6088824,0.60243905,0.5996729,0.6127236,0.60944957,0.6126524,0.6026449,0.5913649,0.60664797,0.6022079,0.59534705,0.61136067,0.6082325,0.60789996,0.6096301,0.6082918,0.61543536,0.6128466,0.5915703,0.60316014,0.60473025,0.60313296,0.6033449,0.61866254,0.6088181
0.0036,0.001,0.0,101.623452503406,0.06338938,0.06298882,0.06409482,0.06345234,0.06473743,0.062658936,0.06396096,0.063953996,0.06312529,0.061934065,0.06469471,0.06507316,0.060986895,0.062691346,0.06265328,0.06377772,0.06306172,0.06436413,0.06384877,0.06166495,0.06387633,0.06351385,0.062756374,0.0643309,0.06342496,0.063274056,0.06297394,0.06506498,0.06400188,0.0643275,0.063241616,0.062911086,0.063649036,0.06339106,0.062627815,0.064587854,0.06268601,0.061645526,0.06478473,0.06340227,0.06250249,0.06324303,0.06350396,0.061686464,0.063704,0.061656456,0.062740974,0.06325755,0.06423829,0.06266318,0.063473,0.06378068,0.06369744,0.06322039,0.06421162,0.06524493,0.06205665,0.06612737,0.06327435,0.063909456,0.06359967,0.064131714,0.06473998,0.063402854,0.06463601,0.062132902,0.06231984,0.06296742,0.06518537,0.062359676,0.06444419,0.06455626,0.065749064,0.06326415,0.063789874,0.06280717,0.062370405,0.06326416,0.065337636,0.06280565,0.061255667,0.06338221,0.0633133,0.060428556,0.06378838,0.06453081,0.064858474,0.06350338,0.06345298,0.06257422,0.06324336,0.06513625,0.06202869,0.06333945,0.063829385,0.06399104,0.063452005,0.06366672,0.0628828,0.06429164,0.062344737,0.063051894,0.064529546,0.06253135,0.06272571,0.063618824,0.062044505,0.062221352,0.06412292,0.060388178,0.063335426,0.06415174,0.061585218,0.06432371,0.06383442,0.06314335,0.062720075,0.06331915,0.063047856,0.0630761,0.06363659,0.06275014,0.0630948,0.063192055,0.06417589,0.06338904,0.06287252,0.06479291,0.06256867,0.061984528,0.06342207,0.06372947,0.06441407,0.06331106,0.06351053,0.063109,0.06255199,0.06302758,0.062236436,0.06309071,0.06493795,0.067122556,0.06371186,0.065505,0.06280252,0.06354881,0.06532149,0.06323849,0.06283256,0.0636395,0.06367829,0.06309371,0.06391818,0.062464282,0.06324275,0.06372713,0.062455922,0.06437622,0.063783534,0.06268839,0.0642045,0.06348775,0.06437657,0.062500246,0.06415121,0.06257528,0.06159566,0.062343977,0.062448792,0.06365193,0.06573811,0.063546956,0.06308887,0.06212739,0.06355402,0.06374406,0.064505026,0.06284864,0.06318179,0.062173624,0.061959438,0.06314746,0.0637972,0.06437913,0.06448103,0.063059516,0.06353286,0.062200684,0.06330123,0.061303034,0.06362245,0.06385192,0.06331174,0.06320394,0.062902495,0.063469306,0.063942775,0.06136069,0.060999032,0.063861124,0.064556174,0.06320685,0.064042084,0.06383803,0.064429566,0.06282111,0.06348407,0.06315093,0.06254755,0.06357937,0.063406564,0.06438658,0.06422716,0.06372084,0.063237235,0.06337793,0.062325347,0.063361086
0.0016,0.0005,0.0,8.274375114684696,0.3481895,0.34690672,0.3525161,0.3514595,0.3471375,0.344832,0.3509703,0.3532509,0.34984082,0.34841695,0.3471283,0.34718114,0.34984702,0.35223594,0.34852806,0.342348,0.34782812,0.34907204,0.34461102,0.35489202,0.35157225,0.3464382,0.34830192,0.34684724,0.3512063,0.35499638,0.3493902,0.3466122,0.3517142,0.3480539,0.34940845,0.3497331,0.3521169,0.3439106,0.34598848,0.35108495,0.35175654,0.3444028,0.35119438,0.3497465,0.3450166,0.35077178,0.3481498,0.34885275,0.34260848,0.35035846,0.3525063,0.35240588,0.35310096,0.34849304,0.34846187,0.35031095,0.34874874,0.3455937,0.34885094,0.34893146,0.34431452,0.34220746,0.34908378,0.35396376,0.34964013,0.35078603,0.34373954,0.34994793,0.34612936,0.34485,0.35162508,0.34671807,0.347769,0.34813648,0.34745115,0.34664842,0.3414288,0.349134,0.35018167,0.348421,0.34711257,0.34462464,0.3497526,0.34871227,0.34504572,0.3477228,0.3480275,0.34880295,0.349612,0.3495676,0.3455976,0.34935492,0.3424103,0.34809437,0.34068877,0.3508487,0.3525095,0.35205212,0.34995568,0.3473872,0.34928665,0.3464444,0.3470406,0.34923315,0.35195935,0.34862947,0.35073075,0.34409702,0.352082,0.34665817,0.3458055,0.3409887,0.34528327,0.35105687,0.34728423,0.34594864,0.3489795,0.35276395,0.34458926,0.3499107,0.34930953,0.3538607,0.35179877,0.3483325,0.34978026,0.3491276,0.3458542,0.35221827,0.34663364,0.34534457,0.3504425,0.35105377,0.34859613,0.35040334,0.34726977,0.34552842,0.3525426,0.3432642,0.34661365,0.353879,0.34842202,0.34088898,0.35172266,0.3461767,0.33970097,0.3454112,0.34735766,0.34668005,0.34353724,0.35459504,0.35182577,0.3458236,0.34630135,0.34885392,0.35098207,0.34810987,0.3461614,0.347359,0.35030475,0.3444572,0.3443204,0.3443011,0.34417352,0.35291338,0.3473149,0.35287297,0.3465773,0.3517439,0.34334227,0.34603038,0.34562555,0.34619004,0.34424344,0.35392326,0.34690183,0.33859488,0.3450823,0.35170567,0.35041463,0.3462954,0.35079056,0.35019758,0.34742036,0.35203463,0.35311073,0.34882027,0.34978932,0.34942576,0.34707537,0.3497311,0.348872,0.34111464,0.3489805,0.3447093,0.3512148,0.35233045,0.35001603,0.34343845,0.34333566,0.3474695,0.34490362,0.3503387,0.34634423,0.34737247,0.3506832,0.34785885,0.3449826,0.3477768,0.34909353,0.34500495,0.3513718,0.34980282,0.35093975,0.3415074,0.34361333,0.35050666,0.3494674,0.34616724,0.34976035,0.35001165,0.34713265,0.34804642
0.0004,0.003,0.0,1.04448992155121,0.06457337,0.068057306,0.06672781,0.064376056,0.064851835,0.06313998,0.06252177,0.06317619,0.06263301,0.065131046,0.065769136,0.063596815,0.06551125,0.07098951,0.06464877,0.06260086,0.06345472,0.0682334,0.06253193,0.061776854,0.06336351,0.062899075,0.065563165,0.06564468,0.063851185,0.066568695,0.061998215,0.064729676,0.06615459,0.068373494,0.062063027,0.060885876,0.06590096,0.061534077,0.05921892,0.06511647,0.06681744,0.06435249,0.06346747,0.06538703,0.063511506,0.061944343,0.06352796,0.06541428,0.0619539,0.065757215,0.059671193,0.06419202,0.06263606,0.06460127,0.06056065,0.066691935,0.060819518,0.06274905,0.062881745,0.066233315,0.06491901,0.064500704,0.061522655,0.061912153,0.060842734,0.06331386,0.06778183,0.06354369,0.06573176,0.062435463,0.067643955,0.06401383,0.065726064,0.06604035,0.061155576,0.06662374,0.06583088,0.06447578,0.06966171,0.064181,0.06453837,0.06537911,0.06702453,0.061238725,0.06460116,0.062855974,0.063657194,0.06414539,0.06349371,0.066284366,0.06284004,0.06816588,0.065701365,0.06766885,0.06689053,0.06337794,0.061986987,0.06167184,0.06350291,0.06803063,0.06304118,0.06720938,0.0668031,0.06282006,0.06650455,0.06496696,0.06550199,0.06593459,0.06360872,0.07131764,0.070236124,0.06365757,0.06511269,0.06500704,0.0648335,0.06268247,0.06448569,0.06487209,0.063547745,0.063389756,0.06759923,0.06413342,0.06465697,0.062558874,0.06657673,0.063849255,0.06315895,0.06629511,0.062166635,0.064324796,0.06480081,0.06621732,0.06391497,0.06929899,0.06253061,0.063734315,0.06247309,0.061480653,0.0684931,0.064454995,0.06430663,0.06483146,0.06210848,0.068794735,0.06184737,0.0680962,0.06746649,0.060103178,0.0690782,0.063948505,0.062019132,0.06332265,0.06616171,0.06435416,0.061940517,0.06529931,0.063818,0.06169279,0.065533005,0.0639967,0.067413025,0.068140276,0.06158587,0.06333002,0.06273997,0.064586274,0.06277451,0.06173683,0.063829064,0.064766556,0.06435553,0.06482367,0.064506926,0.06106578,0.07098256,0.06853549,0.062493198,0.06736813,0.06412415,0.06308053,0.061734498,0.0625364,0.067862175,0.06715091,0.062197883,0.06611915,0.066832095,0.06320986,0.06919753,0.06817285,0.066541255,0.06720067,0.05994439,0.061353832,0.067505635,0.07044998,0.06845045,0.06643185,0.061366055,0.0675748,0.059969276,0.065675534,0.06473926,0.060392704,0.061084993,0.06461338,0.06468493,0.06197549,0.068499275,0.06328895,0.066564605,0.0654632,0.06432851,0.06449653,0.06673283,0.0621387,0.063735336,0.061344683,0.061523058,0.067733124,0.062338676,0.06837937
0.0024,0.003,0.0,5.283266671352819,0.58864456,0.57749027,0.5876459,0.58480364,0.5894653,0.5771796,0.581074,0.57336426,0.58481926,0.59841216,0.59695965,0.5985178,0.5972528,0.5779086,0.5689009,0.5847802,0.59700507,0.5804246,0.5892363,0.5701856,0.5937182,0.58735794,0.5852586,0.6082884,0.5863005,0.5958472,0.5852689,0.5855522,0.5796583,0.58610916,0.5709936,0.56902236,0.579057,0.5870697,0.6034144,0.5768814,0.59715647,0.5824771,0.59543383,0.580806,0.6007025,0.5819386,0.5810557,0.584701,0.60568434,0.5814712,0.5896011,0.5818615,0.5821938,0.58152604,0.5924767,0.5749481,0.60240865,0.5752742,0.58290005,0.58960706,0.59842986,0.5846832,0.59811413,0.59807754,0.5921691,0.59691215,0.5955894,0.5905294,0.5881125,0.60870266,0.5919137,0.5864621,0.5964343,0.5759078,0.591427,0.5767876,0.58446974,0.59609276,0.5787499,0.57960016,0.588285,0.5888375,0.5743172,0.59442776,0.59596235,0.5765438,0.6042801,0.60560554,0.60317045,0.5919812,0.58515453,0.5926312,0.5983471,0.5842386,0.57887423,0.5703192,0.5836203,0.5717413,0.5840162,0.5936563,0.58823276,0.58757275,0.571667,0.580764,0.59011644,0.5876398,0.58785254,0.5874063,0.6044964,0.5756693,0.5947024,0.5888709,0.58296436,0.58316755,0.59510326,0.58667356,0.57888937,0.5692853,0.59064394,0.5872892,0.59358335,0.5726846,0.5922138,0.59040505,0.57829255,0.5980496,0.59779143,0.59546983,0.5828301,0.57402545,0.58595103,0.60094726,0.59617954,0.5643381,0.58732164,0.59111977,0.5878464,0.5941904,0.5874004,0.5880698,0.59264797,0.5848915,0.5830987,0.5980631,0.5943237,0.57985413,0.59155697,0.5837139,0.58198065,0.57764405,0.59082323,0.5794567,0.5935481,0.5908687,0.58112574,0.5908091,0.5828492,0.5885936,0.60094935,0.59193623,0.578855,0.58813965,0.58331966,0.5857743,0.59685934,0.6006514,0.5931128,0.6148353,0.600734,0.5943731,0.6153794,0.5935036,0.5860614,0.58522177,0.5817881,0.6016185,0.5773322,0.60879964,0.59547865,0.5903577,0.6061466,0.5784941,0.59486127,0.58508366,0.59295636,0.57902414,0.5797513,0.58514553,0.5819645,0.6023277,0.5905104,0.5739141,0.58441705,0.5931272,0.5859929,0.6138495,0.57845116,0.5945959,0.5949102,0.59319365,0.5960913,0.6005429,0.60762614,0.585336,0.59144837,0.5879707,0.58225113,0.6071537,0.62012464,0.6007287,0.5883715,0.5842068,0.5955094,0.6007956,0.58407515,0.59014726,0.57095844,0.5841001,0.58806026,0.5922014,0.5843724,0.5818134
0.0016,0.0025,0.0,1.5644115845408808,0.06383103,0.06497328,0.06591471,0.06514382,0.064064376,0.06271589,0.066673875,0.06330567,0.06716464,0.06328177,0.06034081,0.06564424,0.06330192,0.0653996,0.06619099,0.068613365,0.06296693,0.06627371,0.061676282,0.06583097,0.064493544,0.06422535,0.06476625,0.061385825,0.06543408,0.06511956,0.06467594,0.06025576,0.06315928,0.065877214,0.06287484,0.06319759,0.064819895,0.06456742,0.0645557,0.062196855,0.06843688,0.06398015,0.061792023,0.06530939,0.06424239,0.06749438,0.064363725,0.06060083,0.062965095,0.06200519,0.06428396,0.066935465,0.058969487,0.06398624,0.06571113,0.0617448,0.065402575,0.062745534,0.06377841,0.06348345,0.06689177,0.06417888,0.06170499,0.06458499,0.06256355,0.064037904,0.059759628,0.06284239,0.06648221,0.06691395,0.061230283,0.06147845,0.064709224,0.06186356,0.060906325,0.0603006,0.06268896,0.06396102,0.062330544,0.066003785,0.06235584,0.06367722,0.06488063,0.06364003,0.062896125,0.06334492,0.06464733,0.060351074,0.062859386,0.06496824,0.06179737,0.065608345,0.06284485,0.06438843,0.06620759,0.06341398,0.06145622,0.062700965,0.064647935,0.06512313,0.060230397,0.06514738,0.06641344,0.07225746,0.0622053,0.06666661,0.062088195,0.05983198,0.06477004,0.06325413,0.066131316,0.06136841,0.06638882,0.06570876,0.06474736,0.06606411,0.065474235,0.063351534,0.06700125,0.06377248,0.06415845,0.06322914,0.06392684,0.06442518,0.066292375,0.06345864,0.06543457,0.06459535,0.06331401,0.06060123,0.06642071,0.061110962,0.06691299,0.06526053,0.06396416,0.06600939,0.06537891,0.065008916,0.064678095,0.06254233,0.06599246,0.06351854,0.063913845,0.06541536,0.06410595,0.065744884,0.06515667,0.064177945,0.062879995,0.061797418,0.06415273,0.067738056,0.064579576,0.06403756,0.065245114,0.065538205,0.060791038,0.06438138,0.0666051,0.06598871,0.0616648,0.06056911,0.062423475,0.06573139,0.062104836,0.061257556,0.0637694,0.062878445,0.065346085,0.06423832,0.0633293,0.06363493,0.05919443,0.06394216,0.06271773,0.062302493,0.061843738,0.06108681,0.06649628,0.06305425,0.0690439,0.061252393,0.06359721,0.06415282,0.059089184,0.06040161,0.058668453,0.06393265,0.06301796,0.06375401,0.06283708,0.06662679,0.061003696,0.057632156,0.064341255,0.06509362,0.060707252,0.062619954,0.06218384,0.063961886,0.066614546,0.06442722,0.06409763,0.060919654,0.06363977,0.06670688,0.06361837,0.06314909,0.066090144,0.062202808,0.062708534,0.060660142,0.063785516,0.06319412,0.062671736,0.060490765,0.059341326,0.06451384,0.06458356,0.06207528,0.06607156,0.070355
0.0024,0.002,0.0,8.322423128206506,0.551744,0.55113447,0.548964,0.54574496,0.5372909,0.54956526,0.5626611,0.5423338,0.55918044,0.5648684,0.5471009,0.5414964,0.5599665,0.56161124,0.5296871,0.55521405,0.5653993,0.5493109,0.5594829,0.5435982,0.53591317,0.54473644,0.55880255,0.53728306,0.5527105,0.54093874,0.546867,0.54850507,0.5600547,0.5338433,0.5761274,0.5420533,0.5551675,0.5542036,0.5568573,0.5392145,0.539331,0.5374633,0.56715184,0.54722,0.5456789,0.55252075,0.54624,0.5621224,0.5462567,0.56232256,0.5327277,0.5695428,0.5517915,0.5677999,0.5403505,0.5377714,0.5559463,0.561458,0.5510896,0.576407,0.5525739,0.54931945,0.5422192,0.5530726,0.54864806,0.5476459,0.55896986,0.57249534,0.5484848,0.5523035,0.56367385,0.5407576,0.55340713,0.56157345,0.5508043,0.5417149,0.5466287,0.55202055,0.55500716,0.56225586,0.55839664,0.5559549,0.54928106,0.5614604,0.5502429,0.55573076,0.5431539,0.55155826,0.55991447,0.55272603,0.55467933,0.5548013,0.55726594,0.55464655,0.5600906,0.55473286,0.5566916,0.5517277,0.5558713,0.56461143,0.54751015,0.5534103,0.5514294,0.5472314,0.54805887,0.5639969,0.5382795,0.56322956,0.54462725,0.5493476,0.5434122,0.548497,0.5489581,0.559151,0.55968773,0.5519441,0.5514808,0.55181605,0.54661506,0.54293203,0.5484579,0.5590484,0.5499487,0.54794437,0.5608688,0.53964084,0.55495936,0.5504073,0.5675527,0.5563195,0.5600432,0.55220264,0.5659493,0.551401,0.53757876,0.5582625,0.53327405,0.5348546,0.5450882,0.5434531,0.55551076,0.55575323,0.5563933,0.53992057,0.5534347,0.5507344,0.54765904,0.54663193,0.5521404,0.53878534,0.5410878,0.55792594,0.5426398,0.54753107,0.557785,0.5441168,0.5471874,0.55313814,0.5542808,0.56265306,0.5461195,0.5625824,0.568071,0.5665672,0.52681607,0.5596616,0.54817307,0.5485478,0.5667704,0.5566569,0.5429926,0.5460581,0.55299354,0.5609663,0.5519308,0.5515587,0.54900306,0.5350741,0.5485063,0.55942047,0.56007355,0.55492103,0.54401106,0.55771226,0.54607916,0.542853,0.54554725,0.55212706,0.5494054,0.552511,0.5505876,0.5597897,0.5561833,0.55690455,0.55637544,0.5615905,0.5623087,0.55353403,0.55233276,0.5555685,0.534754,0.54310805,0.55441296,0.5593601,0.5465033,0.5551042,0.54465336,0.5547425,0.552419,0.54976743,0.557781,0.55060804,0.5448722,0.54774606,0.5488757,0.549453,0.54349303,0.5432987,0.56392694,0.5560073,0.55375564,0.55453914
0.0024,0.001,0.0,16.360455202229723,0.4546513,0.45438474,0.45318338,0.46345884,0.46448505,0.45867282,0.44875875,0.45240608,0.45367447,0.4632377,0.45145452,0.4546305,0.4457272,0.45436716,0.45477155,0.45074344,0.4580406,0.4502536,0.45602465,0.4531963,0.45163897,0.44621193,0.4576357,0.451679,0.4553195,0.45789844,0.44912058,0.45207933,0.45252514,0.4467508,0.454813,0.45201266,0.4528192,0.46455377,0.46299183,0.4616936,0.4518925,0.45305336,0.44619766,0.4620008,0.45405462,0.461204,0.4491434,0.4475816,0.45944202,0.464876,0.45938402,0.45032597,0.45639613,0.45116994,0.45459867,0.46436322,0.44792816,0.46120253,0.4576027,0.45410258,0.45574832,0.45257849,0.45538387,0.45693436,0.45842177,0.45655593,0.4488123,0.45356196,0.45151705,0.45974812,0.4603055,0.45139802,0.4519276,0.45175332,0.45541784,0.45522597,0.45296398,0.46352226,0.45826423,0.4555032,0.45831263,0.45035422,0.45729455,0.4545447,0.45244688,0.45970437,0.45235,0.45231178,0.45465982,0.45177642,0.45643803,0.45347714,0.44889423,0.4526337,0.45737243,0.45996714,0.4578711,0.4516165,0.4518626,0.44452155,0.44559616,0.4635923,0.46380612,0.45131606,0.45092815,0.45514157,0.45187795,0.45298338,0.4553761,0.45623675,0.44741923,0.46485972,0.45502675,0.45323882,0.45820263,0.46053097,0.456848,0.44998655,0.45466736,0.45760456,0.45615852,0.4520645,0.4554643,0.45470455,0.45529136,0.45427498,0.4571482,0.45665357,0.45120114,0.45867443,0.4574421,0.45241374,0.45726717,0.4492859,0.44754234,0.4522022,0.44901335,0.46419796,0.45726883,0.44573796,0.45331553,0.4515139,0.4580794,0.4554569,0.45127514,0.45221293,0.4553911,0.4510879,0.44179553,0.4559439,0.4551597,0.4634875,0.44543526,0.45370647,0.45101747,0.46757045,0.46191892,0.45918205,0.44819066,0.44882864,0.45091775,0.4434142,0.46029526,0.4534343,0.4564323,0.4562277,0.45645612,0.4507032,0.45696676,0.45339784,0.4590195,0.45860824,0.45830846,0.45767194,0.45577255,0.45445287,0.45719445,0.45511222,0.45304054,0.4557041,0.45171526,0.45010996,0.45693257,0.45574793,0.45761746,0.4491435,0.4605113,0.4496083,0.45068023,0.46128622,0.4584497,0.45220476,0.45192313,0.46306366,0.45170432,0.45632353,0.4529434,0.45718285,0.45327315,0.4624238,0.4575588,0.45165727,0.4581535,0.4465869,0.4536357,0.4521805,0.46087337,0.44499213,0.45565346,0.45690334,0.4628211,0.4497237,0.4484636,0.4605583,0.45434728,0.45720986,0.45345703,0.4482728,0.45276007,0.446404,0.4539368,0.45570743
0.0028,0.0005,0.0,94.44852132831694,0.06336358,0.06101608,0.06286847,0.062313046,0.06254488,0.06285421,0.06299193,0.06322836,0.06353789,0.062789075,0.06371056,0.063966416,0.06301706,0.06344492,0.06404795,0.063402265,0.06363705,0.062439263,0.06245228,0.063978136,0.06457454,0.0640978,0.062435307,0.06326142,0.063634135,0.062478606,0.06358854,0.0629333,0.06374293,0.062706806,0.06413712,0.06354137,0.063731454,0.06286896,0.062411983,0.06364689,0.06401713,0.062314022,0.06369745,0.06339603,0.064606436,0.06293144,0.06329278,0.063523084,0.06299886,0.061495677,0.06366566,0.06263806,0.06138237,0.06263117,0.064248085,0.062030584,0.063452154,0.06292106,0.06278342,0.062956095,0.061926372,0.06282058,0.0653223,0.06545206,0.063514695,0.062636346,0.06389444,0.063928984,0.06337548,0.06251913,0.06469142,0.06157178,0.062135786,0.06315782,0.06304567,0.06318951,0.06385942,0.063453354,0.062606186,0.06187683,0.06408202,0.06453207,0.063058354,0.06374789,0.06351129,0.06417199,0.06307212,0.063683696,0.063533105,0.06488815,0.064642824,0.0629573,0.06454782,0.061972138,0.063000634,0.062193863,0.06358302,0.06514622,0.06334758,0.06415754,0.06146162,0.063423626,0.062166408,0.063901804,0.06301087,0.062368166,0.061774194,0.06449858,0.06287588,0.06375864,0.06540113,0.062104695,0.06407155,0.06232467,0.065431155,0.06306067,0.06299938,0.06361596,0.0641532,0.06310822,0.06380056,0.06226467,0.062504,0.06346403,0.06361176,0.062350016,0.06307868,0.06335104,0.06467676,0.06423369,0.06389221,0.06398531,0.06400671,0.0635242,0.063041724,0.0647118,0.061290607,0.062998496,0.06353141,0.06499023,0.06283917,0.06248817,0.06307825,0.06194401,0.063605286,0.063797064,0.06409628,0.064895414,0.063534185,0.06238976,0.062948555,0.06305034,0.06356574,0.06321981,0.062477138,0.06435517,0.061328176,0.06341231,0.06279088,0.062798776,0.06292213,0.062096994,0.06186898,0.06319133,0.06350368,0.063629135,0.06349201,0.06325868,0.064130224,0.06252149,0.06398028,0.062074214,0.06572891,0.06290318,0.063524835,0.06404625,0.06321709,0.06294709,0.064234026,0.062215943,0.061947066,0.06420465,0.065300286,0.06360073,0.0643206,0.06397552,0.062933885,0.062319096,0.062836915,0.06331553,0.06404904,0.063458964,0.06411963,0.0634066,0.0634509,0.06333176,0.06251751,0.06479722,0.06415172,0.0630561,0.06175281,0.06248328,0.06435385,0.062694594,0.06371447,0.06254321,0.06384488,0.06625272,0.06359095,0.06506646,0.063415185,0.06506725,0.06497167,0.064450055,0.06372845,0.0629201,0.06351184,0.06343725,0.0645408,0.06379393,0.0650453,0.06288599
0.0012,0.002,0.0,1.5413649414354493,0.06353491,0.06295849,0.06137677,0.06349343,0.0647252,0.0631097,0.063591585,0.0630133,0.06384474,0.06548875,0.06123033,0.0651061,0.06642229,0.064708136,0.06371758,0.062704325,0.060040593,0.06488593,0.06251856,0.06273573,0.061245605,0.06459658,0.063892044,0.06436536,0.0618536,0.065818235,0.06443504,0.061839692,0.06706552,0.06252649,0.062550746,0.06800592,0.06539788,0.065708116,0.064850725,0.0599491,0.06103126,0.06367916,0.062290628,0.06196539,0.061055865,0.062442016,0.060426727,0.06535612,0.062398892,0.064854845,0.06354044,0.061938226,0.05943567,0.064929344,0.061936673,0.06273915,0.06267206,0.06223182,0.06336756,0.06519031,0.06287032,0.06753069,0.061899353,0.059403617,0.06419854,0.064591214,0.06604814,0.065889224,0.065515526,0.059781205,0.06488936,0.06416155,0.066387266,0.06643398,0.062941894,0.06256,0.064741574,0.06026043,0.066430226,0.06469018,0.06259364,0.06347067,0.06515055,0.06314872,0.058278542,0.06852904,0.0659576,0.063614964,0.06303726,0.06219843,0.06603714,0.0644073,0.063934065,0.0642776,0.06528221,0.0601466,0.06676111,0.061482616,0.06379619,0.06297544,0.06147126,0.06505496,0.06652422,0.06575131,0.06267907,0.0637168,0.062904574,0.06235597,0.066178635,0.06194646,0.064020395,0.06199442,0.06531044,0.064055115,0.06177752,0.06425432,0.06374565,0.06535447,0.061691664,0.064046845,0.06384411,0.06436905,0.066594474,0.06681846,0.061255716,0.06517031,0.06436521,0.062597424,0.060567915,0.0658127,0.06442337,0.06515261,0.064015776,0.062481854,0.063020654,0.06263041,0.06608844,0.06288277,0.061442334,0.060303207,0.064875744,0.066109434,0.065281086,0.060497385,0.06333536,0.06274898,0.060548205,0.06243964,0.061459318,0.06188408,0.06561124,0.06634964,0.060519084,0.06343629,0.061149653,0.06215406,0.06292581,0.06491907,0.06440694,0.06339907,0.06644121,0.06487584,0.06514289,0.06096183,0.06110435,0.06321855,0.059698757,0.062446155,0.06577867,0.06277538,0.06625013,0.061852675,0.06351593,0.06276564,0.059789438,0.06292048,0.06483297,0.061906587,0.063315965,0.06508272,0.06487414,0.06307646,0.06244462,0.06325988,0.06555315,0.060952425,0.06182552,0.062134482,0.06441294,0.061140824,0.06753645,0.0634906,0.06486742,0.06368671,0.062902085,0.062237944,0.06471879,0.06289032,0.06418726,0.062381167,0.06644365,0.063074425,0.06439131,0.062622935,0.06500039,0.06448064,0.06498978,0.061873503,0.06238493,0.061786614,0.06334758,0.065231174,0.0657438,0.062262278,0.06582103,0.06411133,0.060564876,0.06343419,0.062730506,0.06689497,0.061249718,0.063106515
0.002,0.0025,0.0,1.858308410124348,0.06386235,0.062914506,0.06654548,0.06425675,0.065256104,0.064364836,0.06753454,0.064011954,0.062279634,0.062326998,0.068278186,0.062412653,0.060450274,0.06062936,0.06271547,0.06590353,0.06471781,0.061390076,0.06381284,0.06516043,0.06026418,0.06569194,0.06501434,0.06572197,0.060311876,0.064227626,0.06586897,0.0628387,0.066553265,0.06582745,0.06372601,0.06372506,0.06398401,0.06763959,0.06616094,0.065070786,0.06601983,0.06590299,0.062140655,0.06452263,0.06276943,0.063937135,0.062750384,0.063936226,0.066683315,0.06660893,0.066072285,0.06552433,0.0626608,0.064709395,0.06352132,0.05992693,0.06702806,0.06484008,0.06016256,0.06403385,0.064387016,0.06362651,0.06449828,0.061546408,0.06187096,0.060900383,0.0645749,0.0633561,0.0642709,0.06724272,0.06460307,0.06294937,0.0645165,0.06309558,0.063287266,0.066329926,0.062313795,0.06785765,0.061729226,0.06572841,0.061604947,0.06354069,0.063737,0.06430286,0.0647641,0.063005425,0.06368696,0.06361681,0.06304911,0.06264045,0.06079402,0.06499905,0.06351415,0.0598292,0.06339971,0.06241657,0.06342091,0.061943218,0.06509802,0.06566449,0.062343363,0.0613668,0.06394231,0.067356825,0.06190101,0.059012245,0.067195,0.062883936,0.06634131,0.062516525,0.061384656,0.064845584,0.06384275,0.06523487,0.06259538,0.06284609,0.06278721,0.06378902,0.063990355,0.06515668,0.059150677,0.065054595,0.0651476,0.059084214,0.065066114,0.06675372,0.0645136,0.062424753,0.06529524,0.061680164,0.06509036,0.06490365,0.06604792,0.06473616,0.063560024,0.06327708,0.065639004,0.06449416,0.06652792,0.065398216,0.0649689,0.06256784,0.061347894,0.0639039,0.0655864,0.06562958,0.06567596,0.063926615,0.06504686,0.0621971,0.06316739,0.0614809,0.06014294,0.06637936,0.062669,0.06170697,0.065385446,0.06394949,0.06467245,0.06366352,0.065774605,0.06595194,0.06662202,0.062274206,0.06201252,0.06481171,0.061290152,0.061483987,0.06051967,0.06287533,0.064304896,0.063230895,0.06547012,0.06194123,0.06146059,0.06368675,0.065525964,0.062113367,0.063727915,0.062671795,0.06346778,0.065513626,0.06410125,0.06309897,0.063425675,0.06376678,0.06277096,0.06072579,0.059829924,0.06388624,0.06421272,0.06013382,0.06513433,0.06334314,0.062592335,0.06708683,0.06343776,0.062247444,0.066988535,0.06293137,0.062999524,0.06248131,0.065421805,0.068064496,0.0657952,0.062373344,0.064930156,0.06316815,0.064430684,0.06463741,0.060357936,0.06632116,0.062606275,0.06751836,0.065887764,0.060738347,0.06709758,0.06436461,0.064950526,0.060988143,0.067303695,0.06495103
0.0032,0.0015,0.0,21.427244075906486,0.5733972,0.56059444,0.5691551,0.58981407,0.5791354,0.577834,0.56892186,0.581237,0.5658263,0.5680055,0.57204103,0.57125634,0.56710726,0.5740209,0.58016294,0.57651657,0.5698006,0.58104897,0.5719812,0.5743304,0.58552396,0.5832124,0.5649864,0.5780645,0.5617318,0.5752535,0.5658956,0.57505697,0.57621163,0.5712614,0.5648121,0.5656635,0.56663376,0.5636225,0.579972,0.57619673,0.5690625,0.59236306,0.5824423,0.5642563,0.5722248,0.57879025,0.5705557,0.579386,0.5704335,0.56739,0.5740773,0.57516515,0.5782919,0.5680167,0.5731962,0.58799684,0.56657165,0.5828597,0.57887024,0.58403957,0.56854635,0.5720864,0.56769913,0.5708137,0.5721997,0.5650343,0.5744521,0.5652899,0.56624335,0.5762929,0.5691699,0.5645215,0.56781614,0.57342434,0.5778277,0.5746387,0.5835656,0.58156604,0.5640532,0.56697655,0.56952924,0.58041817,0.55977577,0.5728688,0.5859633,0.5781405,0.57215637,0.5835856,0.58324695,0.5702473,0.56724113,0.58154064,0.58318186,0.58358973,0.5819919,0.57701975,0.55906874,0.5725812,0.57223,0.57853305,0.57315594,0.5657765,0.57836807,0.5761226,0.57833797,0.57146424,0.5660724,0.5695881,0.5703041,0.5814917,0.58021426,0.5738621,0.56388754,0.57198536,0.5794593,0.57768303,0.5720664,0.5823576,0.58478326,0.57071036,0.5788264,0.57262486,0.57464266,0.57409066,0.57307225,0.57135284,0.5825513,0.57743555,0.5734,0.57894206,0.5747747,0.56471956,0.5821992,0.5683241,0.5694201,0.57296026,0.5818514,0.5717434,0.57693064,0.57919896,0.5760769,0.5694559,0.57274884,0.5680842,0.5718896,0.5705068,0.5718314,0.5671201,0.57173055,0.583783,0.56321937,0.5759418,0.57685,0.56617475,0.5610375,0.5697042,0.5732687,0.5744295,0.57382864,0.57064956,0.5662164,0.5725792,0.57026803,0.5695327,0.56624544,0.58306766,0.5779025,0.5797037,0.57115996,0.581494,0.56533796,0.5645084,0.58327836,0.58683413,0.57459986,0.57221705,0.5682226,0.5791628,0.56639975,0.5777555,0.56326634,0.57963514,0.5726697,0.5834512,0.5826544,0.5556062,0.5646512,0.5678317,0.5631376,0.56769705,0.5706909,0.5738217,0.5741754,0.5551237,0.5741223,0.5763849,0.5710533,0.5634484,0.5809702,0.5744947,0.57076424,0.56825787,0.57259804,0.57454497,0.5753136,0.570542,0.57551414,0.5735469,0.5785314,0.57604045,0.5633786,0.5766287,0.5699128,0.5627383,0.5822323,0.57093215,0.5682977,0.5829471,0.57151824,0.5673694,0.57927525,0.58585256
0.0032,0.0025,0.0,12.806083526759162,0.6710302,0.67133284,0.649774,0.66744536,0.66462505,0.67685527,0.6567901,0.66026443,0.66848755,0.6734071,0.67602,0.66632545,0.67263496,0.6802498,0.6796285,0.6715088,0.67548317,0.6860029,0.67853,0.68115366,0.65999657,0.67242473,0.6703846,0.6553969,0.6751621,0.6591202,0.6615903,0.6660086,0.6521577,0.67415214,0.6775146,0.6735262,0.68274087,0.67602473,0.67396957,0.6596218,0.6761881,0.67257816,0.6744899,0.6811106,0.66739863,0.67271113,0.6689595,0.65243495,0.6650546,0.6634995,0.6698296,0.6656993,0.66832286,0.6754276,0.66834337,0.67518216,0.6862418,0.66162175,0.6777094,0.6741111,0.66605675,0.67310035,0.6709471,0.6704489,0.6664582,0.67951673,0.6682673,0.66854167,0.6698096,0.6574686,0.6820743,0.6711369,0.6758837,0.68004096,0.6706896,0.6698791,0.68132645,0.65716314,0.6692836,0.6658485,0.6738444,0.68459064,0.674148,0.6610358,0.6713989,0.678096,0.6716852,0.6847928,0.68399036,0.6701107,0.674323,0.6625693,0.6725954,0.68114305,0.673322,0.68084687,0.6727338,0.68135434,0.67104447,0.67265284,0.6784632,0.6615539,0.65907466,0.6831193,0.67905474,0.652922,0.68695337,0.6675617,0.6666388,0.6789875,0.66707695,0.6746333,0.67852724,0.6792233,0.6596716,0.6733623,0.68242085,0.6654941,0.6758678,0.66972494,0.66839516,0.6634522,0.6699763,0.6831248,0.6771743,0.6695729,0.67276216,0.6705031,0.66901,0.68416375,0.6714839,0.668627,0.67947936,0.6731871,0.67632914,0.6691281,0.67124367,0.66294503,0.66232073,0.6827999,0.66867894,0.684127,0.6624047,0.6671499,0.67205995,0.67089504,0.6814584,0.66089374,0.67878795,0.6690759,0.67032856,0.6693847,0.66745174,0.67659557,0.66461337,0.6649627,0.67803836,0.68251544,0.67911714,0.6733035,0.67933285,0.6630794,0.67248785,0.6714869,0.6666477,0.67554736,0.6647505,0.6763628,0.67097694,0.6629323,0.6688864,0.6568483,0.659143,0.6696203,0.654795,0.6768294,0.6681259,0.6652513,0.6657409,0.66351444,0.6612197,0.67756414,0.67375183,0.66063064,0.6778557,0.66215086,0.6726956,0.67592067,0.67294455,0.6643425,0.65793794,0.6691633,0.6637884,0.6632325,0.6780106,0.6849799,0.66562665,0.65204847,0.6681207,0.68738455,0.6620646,0.68500954,0.673101,0.6730874,0.6755385,0.6793032,0.6565404,0.6767453,0.6734044,0.6799937,0.6807139,0.6668328,0.67500883,0.68167055,0.66391313,0.66550624,0.6653282,0.6662555,0.66417545,0.6698348,0.6719418,0.66456044
0.0032,0.0035,0.0,9.283796570278144,0.7163809,0.71167874,0.70869124,0.7170856,0.7274723,0.7143621,0.70186114,0.7180744,0.7218676,0.71418273,0.70922357,0.7242949,0.7163632,0.7150141,0.7144092,0.71392536,0.72949004,0.7139637,0.7076416,0.7176576,0.7066499,0.734498,0.7119138,0.7176282,0.71293235,0.72033775,0.7137551,0.71263987,0.7047049,0.7211599,0.7166173,0.7143425,0.72084236,0.71816015,0.718029,0.7052645,0.71191853,0.71417594,0.70603484,0.71901655,0.7174322,0.715601,0.72084135,0.70720917,0.7276351,0.718807,0.703412,0.7174729,0.7054496,0.7291155,0.71872526,0.7155262,0.72793704,0.7131529,0.72142303,0.7172435,0.730449,0.72885644,0.71525526,0.71902686,0.7198634,0.72774047,0.7167099,0.7226132,0.7203098,0.71086466,0.71066046,0.7240657,0.7095072,0.7195983,0.7276592,0.7229583,0.7045718,0.72663146,0.70573056,0.7181719,0.7179101,0.713567,0.7205772,0.71765935,0.7130124,0.71483976,0.7207719,0.7152966,0.71747714,0.7187788,0.7119096,0.7260173,0.71993876,0.710489,0.73119986,0.71461403,0.70634747,0.7213726,0.7277495,0.7125728,0.7057783,0.7293192,0.7147151,0.7178018,0.7210793,0.7137843,0.7235737,0.71479046,0.7105481,0.7172185,0.71120614,0.7241455,0.7380558,0.71582377,0.71679425,0.7202471,0.72471267,0.7169695,0.7053955,0.70195884,0.7112555,0.71372133,0.72126836,0.71124476,0.71850705,0.71990836,0.7146454,0.72823685,0.7169447,0.7197228,0.71194506,0.71794116,0.7282694,0.72280276,0.7163287,0.709069,0.69961077,0.715364,0.7093741,0.71228296,0.7146632,0.72449386,0.70686835,0.71442324,0.7264289,0.7155566,0.7313637,0.72707397,0.71806777,0.72095656,0.7189979,0.7107344,0.7094294,0.7143383,0.71592486,0.716992,0.7212307,0.72034556,0.7246998,0.7098899,0.7215834,0.71067303,0.7125179,0.72505355,0.71628344,0.7149762,0.7030596,0.7143941,0.71828115,0.71833616,0.7012925,0.7123102,0.72381073,0.7209112,0.70817757,0.7166699,0.7019183,0.714207,0.7169002,0.71055704,0.7108704,0.6949623,0.71172136,0.7125228,0.70594186,0.71719176,0.71931624,0.72421485,0.7045035,0.7110219,0.7253065,0.7070549,0.71392775,0.70955735,0.7174827,0.7175251,0.7116424,0.70957655,0.71880305,0.7169149,0.7196836,0.7095748,0.7182906,0.7217808,0.71390694,0.72400904,0.72936934,0.7105472,0.7243805,0.7107858,0.7250258,0.7136412,0.72667867,0.70537156,0.71274436,0.7222698,0.7203428,0.7220466,0.7114234,0.7129863,0.7127703,0.71200097
0.0036,0.0005,0.0,127.47638565342575,0.06353814,0.059955772,0.06546205,0.06613972,0.063622884,0.06535228,0.06399559,0.064738825,0.061978046,0.058100794,0.06201791,0.06481333,0.060997654,0.061673477,0.06878621,0.060402043,0.06650292,0.06583053,0.06276849,0.07058749,0.060193297,0.06156761,0.06636302,0.0613343,0.06168606,0.06779166,0.060380448,0.06624641,0.060036007,0.06552173,0.061179157,0.0622808,0.065354645,0.06217216,0.058251698,0.0627115,0.06600039,0.06675937,0.06155517,0.06296853,0.06544723,0.07002452,0.06689601,0.061023764,0.061895613,0.06448638,0.06382277,0.061326284,0.061642256,0.06291324,0.06292327,0.07199838,0.062798314,0.06270857,0.063724294,0.06335316,0.06191143,0.06510206,0.06117391,0.06202412,0.060299832,0.065327965,0.057976637,0.065932535,0.062140055,0.06146904,0.06321598,0.06700483,0.06502931,0.06469751,0.06251995,0.06043588,0.06062035,0.07143842,0.059689,0.062638424,0.06351328,0.062832944,0.061972097,0.061773565,0.06642659,0.061588615,0.06827447,0.06558092,0.07031839,0.059851486,0.06280057,0.059835415,0.06847601,0.06675254,0.06526963,0.05863264,0.06371805,0.06582728,0.06293117,0.06485116,0.063776955,0.06732838,0.057307,0.061528683,0.06279613,0.06813849,0.06463433,0.05965873,0.07169495,0.05912804,0.061141156,0.0649847,0.06108978,0.061780293,0.06708918,0.06456357,0.062263336,0.063636616,0.06455128,0.061518077,0.06968443,0.061826777,0.06708182,0.061112646,0.0664971,0.06343618,0.062773354,0.06643186,0.067697026,0.062504776,0.061483636,0.063198484,0.06324581,0.06390882,0.063527174,0.06542209,0.063151374,0.062440768,0.06223222,0.07109196,0.064334,0.06157667,0.06573312,0.06569297,0.063338675,0.06511235,0.060794882,0.061047446,0.06201898,0.064178616,0.061110377,0.06344213,0.062433135,0.064409785,0.063901335,0.06973799,0.059299994,0.058962934,0.06500332,0.071945585,0.061036117,0.05996591,0.06964112,0.061245915,0.06272919,0.061671585,0.06164899,0.06441782,0.066466294,0.062231977,0.061919,0.05944789,0.0656174,0.062008455,0.06372006,0.06409902,0.06449419,0.061512057,0.065261886,0.061388463,0.061374404,0.05698406,0.059555475,0.061721075,0.06143418,0.06832734,0.06290081,0.06583202,0.060244683,0.06471063,0.061087612,0.06851634,0.065816544,0.06277525,0.06053127,0.061567727,0.05959712,0.066508695,0.0658143,0.06518383,0.062131137,0.069031924,0.061842527,0.061342765,0.062039856,0.05975572,0.06010927,0.06724522,0.062238153,0.061535664,0.06290434,0.06808388,0.060570814,0.06351236,0.06327258,0.06267916,0.06075646,0.06986499,0.06215809,0.06480444,0.062269356,0.06425203
0.0004,0.0015,0.0,1.3679314956839748,0.06360785,0.060537826,0.06605798,0.0642394,0.06808996,0.06274798,0.06692874,0.061478764,0.06416392,0.061678775,0.061801493,0.069852486,0.058001027,0.06200333,0.06076667,0.06541584,0.06130353,0.06755179,0.061739206,0.06225555,0.067698926,0.06186349,0.06699325,0.0645509,0.062672466,0.06326668,0.06766227,0.060314935,0.06190215,0.0645253,0.06304237,0.06263714,0.06518128,0.06774847,0.062795855,0.065236144,0.066636235,0.06375622,0.06587806,0.06638237,0.061008014,0.06512388,0.062413722,0.061502043,0.063903295,0.06664939,0.063761026,0.066505276,0.05985431,0.066278815,0.05932931,0.06373378,0.061432574,0.066357724,0.06296693,0.05897628,0.06253823,0.06612103,0.066199794,0.060973395,0.06246638,0.06492909,0.0616733,0.06495348,0.0649162,0.06487139,0.066275865,0.06785685,0.061346147,0.06372784,0.061744697,0.0628756,0.06467615,0.06469108,0.061393265,0.06293687,0.0626387,0.060837995,0.06390247,0.06585923,0.061978396,0.06350197,0.06371554,0.06389514,0.06600112,0.063750766,0.062971905,0.0620652,0.06138326,0.06193327,0.06016506,0.06348092,0.06266901,0.06523386,0.06335813,0.06446348,0.06355919,0.06306268,0.0626272,0.064992,0.066349186,0.060760144,0.06814825,0.0621986,0.06430215,0.06380452,0.06097785,0.06616536,0.061402652,0.061985124,0.061648265,0.0667727,0.06370444,0.060556106,0.060457505,0.06768277,0.06379228,0.06423992,0.06288187,0.06865454,0.061850086,0.064272515,0.06386943,0.063246675,0.06534646,0.061393164,0.06575491,0.062331475,0.0621525,0.0608178,0.06308818,0.065272816,0.067201585,0.06265378,0.062536635,0.067626216,0.06229613,0.065690145,0.06269167,0.0624761,0.06462843,0.06553925,0.06614657,0.064694956,0.06409485,0.063231476,0.059979584,0.06119827,0.060403313,0.06135589,0.0654617,0.06597575,0.06063932,0.06534437,0.065108635,0.066726804,0.064801306,0.063101344,0.06347566,0.06462272,0.06581162,0.06548503,0.06450679,0.0654943,0.06199267,0.059018735,0.062734246,0.06173642,0.06498334,0.061578237,0.060788438,0.06711179,0.06570695,0.061984688,0.06667245,0.062137015,0.063797556,0.060637247,0.06299316,0.060923897,0.06151248,0.061744012,0.0666399,0.061467774,0.06045856,0.063862145,0.0631625,0.060836975,0.06386689,0.06446302,0.06384364,0.05966894,0.06285759,0.06145341,0.062434494,0.06178593,0.065607466,0.064229496,0.06533757,0.06378297,0.06367211,0.06378763,0.061800946,0.06170754,0.06427512,0.06655803,0.060799275,0.06825833,0.06057713,0.06777942,0.071059346,0.060781382,0.062088866,0.061776623,0.06497347,0.06402237,0.061310615,0.06461405
0.0004,0.002,0.0,1.226061470357451,0.06368425,0.063454755,0.066073224,0.06589012,0.065156415,0.061796036,0.06731353,0.067065805,0.064145006,0.06310726,0.06352893,0.062238697,0.06126407,0.06278801,0.068274505,0.06097929,0.06321332,0.061136644,0.06577532,0.061892927,0.063276164,0.06356552,0.06565759,0.063665986,0.062090546,0.06480687,0.06430088,0.067838065,0.06537606,0.066755444,0.065734506,0.06136103,0.06204232,0.06744999,0.06220707,0.059983145,0.06282642,0.061803818,0.059653584,0.063545346,0.060339183,0.06700992,0.061315734,0.06353817,0.06240223,0.06044713,0.061390243,0.06314129,0.06126393,0.059947234,0.06601442,0.06015355,0.06417814,0.06398651,0.06456619,0.06477576,0.066041775,0.06264449,0.06248819,0.066440225,0.063732624,0.06593749,0.06337177,0.06414069,0.059753396,0.06320998,0.06058081,0.066638775,0.067755096,0.0633104,0.06343999,0.062234152,0.061489455,0.06552049,0.06274008,0.061954875,0.06369283,0.06387495,0.06511745,0.06576599,0.063643284,0.06679096,0.065393224,0.06527608,0.0657174,0.06501614,0.065337405,0.061732795,0.06401253,0.06461313,0.061278753,0.06406142,0.06315529,0.065138444,0.0638822,0.060042948,0.06191799,0.06578835,0.065025896,0.07197692,0.06722114,0.06033993,0.06547295,0.06343521,0.06462283,0.06322509,0.063056454,0.06356303,0.06269829,0.062443003,0.06201669,0.05949483,0.06346453,0.06431636,0.06705919,0.0641006,0.062164947,0.059396807,0.06455555,0.0629051,0.06344887,0.061017465,0.064668044,0.06597286,0.06330717,0.062640734,0.06846855,0.06150464,0.062103454,0.06622288,0.064581566,0.06283526,0.06358196,0.06477363,0.06735913,0.06598054,0.06872756,0.06381653,0.061787874,0.061646402,0.06266959,0.06421778,0.06677685,0.06361611,0.06368861,0.062024415,0.057943605,0.065752394,0.06776578,0.06538394,0.06365361,0.06502531,0.061621312,0.06358319,0.06365134,0.06301235,0.06419291,0.06539123,0.06392938,0.06552429,0.064592265,0.061718173,0.06511398,0.0644465,0.06517147,0.05740252,0.06298444,0.067501485,0.06217343,0.060814872,0.06690876,0.066716276,0.06495018,0.060641203,0.061714556,0.06677584,0.0635612,0.060696345,0.064197466,0.062317975,0.06490596,0.062202226,0.062007487,0.06237403,0.06380813,0.060142267,0.058235765,0.061624803,0.06648975,0.06680792,0.06280094,0.06402569,0.06041756,0.06526795,0.0636645,0.06497255,0.06363341,0.06338468,0.06260194,0.06499407,0.064610176,0.062354498,0.06484181,0.061993703,0.06174981,0.065871246,0.061748177,0.06249083,0.061748117,0.0633565,0.060571566,0.0651949,0.06636479,0.063494645,0.06441561,0.064756006,0.06063417,0.06392155
0.0008,0.0025,0.0,1.2286511453242617,0.063909,0.062867895,0.06304572,0.063232936,0.06490212,0.06616492,0.06291991,0.06544203,0.06241419,0.065856546,0.06643095,0.06682674,0.06566961,0.063857995,0.06075466,0.065035604,0.060060244,0.06473826,0.069158256,0.060693216,0.061666857,0.06394165,0.06554135,0.06312167,0.066936314,0.0598829,0.06642786,0.062199555,0.062419754,0.06554212,0.062815495,0.06239878,0.065206334,0.060464136,0.065942235,0.06392576,0.062895074,0.06575173,0.058460806,0.062646225,0.064344235,0.06539831,0.06107525,0.06532758,0.061334196,0.059370358,0.0651864,0.067410365,0.05884154,0.06264567,0.06827572,0.06175112,0.061667845,0.0645064,0.061909318,0.063227214,0.063223846,0.064848974,0.062095754,0.06377501,0.068062946,0.064166285,0.062051117,0.061183803,0.06660902,0.0670473,0.06292786,0.062974736,0.06292209,0.060376633,0.059244476,0.064045094,0.06483162,0.060854204,0.0663451,0.061931893,0.06530439,0.063761376,0.063440636,0.06526536,0.06240604,0.064460315,0.061098825,0.06473146,0.06385885,0.06505219,0.061399642,0.066189155,0.06274984,0.06224015,0.06689397,0.06263578,0.061771356,0.06676256,0.0639173,0.062035,0.06341519,0.06570507,0.061723106,0.06982381,0.06223163,0.06615104,0.06452724,0.063019335,0.06169188,0.06405881,0.06386922,0.06955578,0.0656954,0.062319938,0.0662532,0.06418477,0.0652332,0.063788325,0.06341232,0.06787266,0.061712947,0.0662907,0.06609469,0.06246531,0.06252911,0.06262387,0.06785307,0.06337901,0.06195426,0.062276132,0.06697318,0.06239381,0.06570296,0.06212711,0.065775484,0.06697078,0.06165844,0.06567049,0.06394369,0.06359149,0.06611515,0.06269166,0.067111194,0.06398348,0.06287961,0.06527356,0.06447307,0.063733116,0.06254031,0.06300002,0.063786075,0.0648187,0.064902216,0.06547392,0.065366566,0.06230914,0.06052714,0.06584695,0.06324865,0.06491018,0.06552843,0.060958453,0.06387221,0.063692264,0.06532907,0.06465564,0.06228057,0.064272255,0.062349867,0.06521824,0.062219284,0.06468132,0.059429973,0.06713305,0.06419767,0.060563687,0.06796233,0.064111985,0.06486307,0.06452317,0.06592389,0.06283418,0.067451864,0.062870584,0.06368017,0.067138754,0.06535979,0.06365606,0.065283544,0.060009565,0.06536865,0.06310849,0.062631585,0.06728418,0.06307179,0.06649081,0.06275356,0.06518293,0.06045834,0.06452998,0.06591183,0.06363484,0.0638502,0.063446894,0.06396487,0.06158293,0.0671785,0.063524574,0.06310424,0.070281275,0.061371047,0.061184663,0.05998784,0.05951872,0.06547184,0.063781545,0.06493576,0.067176536,0.062266644,0.061167557,0.06553684,0.060911737
0.0008,0.002,0.0,1.358579421542566,0.06359032,0.06172064,0.059380792,0.06451705,0.06350415,0.06545715,0.063831456,0.06430535,0.059036203,0.06526116,0.066504665,0.063376576,0.063658856,0.06422183,0.06413332,0.062072728,0.060937814,0.06186923,0.060999166,0.06429735,0.06370169,0.061270416,0.06554425,0.06459947,0.062228505,0.06254444,0.06259906,0.06369731,0.062290084,0.062849306,0.0630191,0.06533133,0.06423948,0.063078,0.06666588,0.06523099,0.0638333,0.06306099,0.062167156,0.06225141,0.060867764,0.06443101,0.065599084,0.063141674,0.06635677,0.061625544,0.062382575,0.061569314,0.062938124,0.06267877,0.060647488,0.061252125,0.060349222,0.06477199,0.063618295,0.06461854,0.06434249,0.06397324,0.061252505,0.060855266,0.063121065,0.06609579,0.064318724,0.06138106,0.06337797,0.06096268,0.060915068,0.06638506,0.06481299,0.06646719,0.06100462,0.065184265,0.06356032,0.06445277,0.06539093,0.062557794,0.06463062,0.06535586,0.062208313,0.0650376,0.06258091,0.061431546,0.0624253,0.06576898,0.06508191,0.061176352,0.06296113,0.06500465,0.06484874,0.06320245,0.06336868,0.06532394,0.064567715,0.06543923,0.060740978,0.058730688,0.06487631,0.06427891,0.06622314,0.06726625,0.063007645,0.06599598,0.06589261,0.0637396,0.061150208,0.06655941,0.06501497,0.063477956,0.0661327,0.060630385,0.06474511,0.06312787,0.068498746,0.06412423,0.065352894,0.060864467,0.0644391,0.066652946,0.06220565,0.065255046,0.06255548,0.06224461,0.06707331,0.06270609,0.06269761,0.06491432,0.06204923,0.063755676,0.060919676,0.06356717,0.0627413,0.066483974,0.06311295,0.06279483,0.060801644,0.06489142,0.061722975,0.06562677,0.064406894,0.06368733,0.06157444,0.06461788,0.061487358,0.06577931,0.06602625,0.06282458,0.066315874,0.06333441,0.061972477,0.064962365,0.06104977,0.0613258,0.06776459,0.061591096,0.06269583,0.062360205,0.058567505,0.06331239,0.06198837,0.06378821,0.064996295,0.06385139,0.06287177,0.06430416,0.062295035,0.063035026,0.06316527,0.06481274,0.06330575,0.06250446,0.06334466,0.063270934,0.066760585,0.062292155,0.062271625,0.061552975,0.0667245,0.06488839,0.06400894,0.067932874,0.063514575,0.06548426,0.064485475,0.062044296,0.06528559,0.06277286,0.061952796,0.06118579,0.064481236,0.0660809,0.060216695,0.06391531,0.06170208,0.06636166,0.06436343,0.0686291,0.06283563,0.062041625,0.066722445,0.06008426,0.06194415,0.06325326,0.065385364,0.06547157,0.06438209,0.06525545,0.06270317,0.06272243,0.06283883,0.059097525,0.06752228,0.061723616,0.06508602,0.0631919,0.061969142,0.06568802,0.06799062,0.062486634
