AMPA|baseline behaviour (4),GABA-A|baseline behaviour (4),AMPA|baseline empirical NP (1),GABA-A|baseline empirical NP (1)
0.020327211326949923,0.007636612700193557,0.013281017393757089,0.00278616855835212
0.04952009125955892,0.007089683333017849,0.04526827284287638,0.006259551930088425
0.00011220134757894407,0.02502387468445555,0.0002837494190672807,0.015627894050808777
0.0253389007574657,0.017502900070096694,0.0234573379352494,0.020442259486099013
0.0091297320134337,0.006794188603943985,0.01107966016988049,0.0064247533885114505
0.00028197281335040625,0.0019217930726096455,0.0013630465838188055,0.0017707439868164254
0.008735443138364274,0.0038904341388499297,0.0024212248638425526,0.0029057734607942365
0.019278624393833765,0.004551118525468079,0.018511655463039234,0.003418121176707256
0.0268252261821591,0.021569990138184614,0.026670890602574993,0.02850494629436262
0.03579592942752985,0.007914748129905336,0.04855055466930325,0.005008920628793878
0.015094420167860778,0.02640722157937736,0.008949651079109056,0.018826477788679186
0.010978743754419873,0.012355068515412349,0.018328912000249775,0.011689152405549352
0.01649669205858817,0.007420617023691567,0.032115449178272026,0.015522426224981456
0.00020506865922265138,0.005306079983616319,0.0002642625110270691,0.017819077485395463
1.262523799949733e-06,0.018103101608126004,0.0019684381399110995,0.013454845893108192
0.009636931590293552,0.0007974793189525764,0.018102574223889722,0.0011438119297132454
0.01284973412715007,0.028892491817094634,0.01614393660703517,0.024229216163739853
4.921785981026883e-05,0.0004346296719861531,0.00015135566684387758,0.0005922587299929116
0.023656666193322518,0.06014491526062993,0.025160572918236035,0.058403769022698726
0.009091584924545537,2.2491565242366285e-05,0.009541744647672545,0.005228890343080161
0.009261358969097744,0.06124476948809754,0.010518416319253099,0.0404320243530597
0.0018850632620647234,0.013009283832094543,0.002183766272713328,0.005582770870197762
0.00819642803044407,0.009762470065587392,0.003733575989917526,0.01336547555739842
3.235801977541364e-05,0.0011834235758286793,0.0008207559299496792,0.002558594310742679
2.3358232137393742e-07,0.004231791181627531,0.00047217354304407433,0.003169329811261501
0.0003279388535031291,0.0007556230447117729,0.0010901619955434594,0.001040923022943896
0.022828815289196558,0.00034928312877424705,0.0424171314264804,0.0018570815463996304
0.009083372083278918,0.010220709801342709,0.009289373627134112,0.005604735396383731
8.38258167256134e-05,0.011811791262263172,0.0012326433624768596,0.012987946200563205
0.0047163698966873335,0.00014414375043436678,0.008235684972820456,7.579410245150964e-05
0.002680272666654826,0.026709719863193926,0.004797019810099057,0.03925815036804414
0.024445608675775388,0.003973547820472101,0.03374994710460366,0.001158181401312186
0.002358792053037684,0.0029697007644192697,0.003956113943475725,0.00038512630870679576
0.008081902282763731,0.0009606592154743909,0.0025926517347245603,0.005902643475401814
0.022991556892112963,0.04104362151387786,0.015622053074020203,0.04643691166094832
0.014782192730304566,0.018818460057648978,0.009045769212385757,0.01791864311700897
0.0010151444806375531,0.0006843863151458907,0.0013134398891897492,0.002895374145280516
0.019872815739018,0.04240836464181641,0.01476641504363052,0.03994623666609931
0.0029530167074414138,5.417138772001451e-07,0.005509371427791621,1.377354910014894e-06
0.0030566738876572908,0.05535210839189586,0.001227866334783445,0.02950450059915266
0.015176097901821284,4.060068830424868e-05,0.03327010380468387,0.0010278423208978094
0.00017081136019092558,8.504028490274873e-05,0.0005033081490347646,0.0001754614440776514
0.0008250128362369269,0.044551073617309034,0.0002319822041014774,0.028072232202553504
0.00021699365816740812,0.0002008115333169691,1.0335195136934594e-05,0.00014576849038416828
0.008059305804306138,0.04767248325837348,0.025205274292689483,0.06935996894311947
0.007572637956491546,0.0008935792608731896,0.002980244715540814,8.930843400611899e-05
0.004940870588029056,0.01897601755722167,0.0055216911926506684,0.030052857057210836
0.005365513657152099,0.0018957350366604064,0.02197046703754746,0.01617978384471841
0.012802311885055873,0.018059125081926974,0.012573489651723335,0.02466355632976769
0.0010426653244024475,0.002480621515483339,1.2673047307121266e-05,0.004990312532082375
0.01206149264742451,0.059713036454466684,0.029542153123201187,0.06775354316076032
0.0026132077242084772,0.03704987844455443,0.00448800939473748,0.04489100499521825
0.01949366105853778,0.04485617137018927,0.010270483632615401,0.05002898568532288
0.01138626138806742,0.0036799341849031997,0.02851306980248125,0.0014925523190685297
0.0002673541937268098,0.0067875606673929445,0.00019352631324343061,0.004650317777540769
0.00032600939179361355,0.00024543504541840733,4.4314371651088535e-05,0.007080922142043589
0.006599948348779638,9.580894704708243e-06,0.005126333248644754,0.002193407880184517
0.022713453143673124,0.006418392584638499,0.0036239935629203135,0.012512327265124634
0.00046341604043687035,2.087783798965237e-05,0.0006366014789856989,0.0012517412581067866
0.003438069497563201,0.00044777895135938994,0.0011465133107476655,7.788735358782439e-05
0.02713563117852502,0.0010082594647186083,0.008519606021345383,0.005672940909896007
0.014387550697610219,9.380626729504904e-06,0.0016048056270834277,0.0009037415939827653
0.0047757478499191874,0.05560144669129308,0.006400042236942904,0.04115890169210845
0.008123944848788756,0.0009420330950135059,0.009540888582011298,0.00498427271204116
0.0012825595365045794,0.024992778735733467,0.0004021210311927481,0.01874605533688667
0.0022183068237624504,0.012807064143958824,0.012264189729179642,0.01969270714351068
0.019902249732140054,0.005627734863056566,0.044379911524932036,0.00672471074632508
0.01582647758941602,0.001418457893197056,0.01607604473357549,0.0007478504589646384
0.0026999634602973277,0.02237503818703812,0.006980124637868124,0.02803572309475777
0.00567693859393803,0.008615284110280563,0.00385895889639698,0.006215842111063186
0.01160512306644823,0.0006084668323894649,0.0013320554858067268,0.0014373453149710835
5.7554150566074824e-05,0.0007472000361724573,4.0998366350852855e-05,0.0014978049776583902
0.01046247950056256,0.0007409468515325868,0.010017164546942459,0.00012434793464888294
0.020788641376558004,0.016973729548194094,0.016683328014493348,0.015270973561480439
0.030309750520568945,0.02552583018435628,0.01391645035286626,0.01307422623401322
0.005326230967496293,0.006809379108886349,0.009947556311701411,0.001402609003155253
0.004395284003273603,0.02226454694729274,0.004463367725943912,0.020016429667466862
0.014501914700871033,3.1625651543354394e-05,0.02524815663675939,0.0014343713878517406
0.009923555276133977,0.001230567652088288,0.013655957183304812,0.0010295731968339439
0.018876611866342263,0.015164506293437685,0.011450723330675094,0.03204271845742901
0.01287498240774454,0.0055712092253286105,0.02221656871392963,0.0063093351109604345
0.006896428605663196,0.002405944359140655,0.0013325037638830528,0.007727805370469909
0.0060022056274868785,0.001883612839663762,0.00847389442292823,7.845564021791152e-05
0.003177965604334587,0.008029697282846415,8.969179861817445e-06,0.02608183892086735
0.00013916363052723923,0.024068503060399427,7.79350962309966e-06,0.009352695923506738
0.007323701063308707,4.245376236577947e-05,0.005667208710158023,0.0017102406513529456
0.02049105972276266,0.054619339391750565,0.025284154924335667,0.03961086639219702
0.0004737001174763833,0.00011639529947504723,0.001840100163154057,0.002805896204945091
0.03784722524112194,0.0036550645554493943,0.01675804678409709,0.010220937489311521
0.039961951974868626,0.017985402682291984,0.02995273112850061,0.007026883325868205
0.017602710415640765,0.037412202184687327,0.015039177761668077,0.0386280105695096
0.003097398028403364,0.031855780221486385,5.16090467217456e-06,0.06070745230989116
0.00018380823457286866,0.020362738613437292,0.0005664400620704058,0.03642066688864953
0.001163662601902371,0.00485844078113995,0.006608523252882859,0.0038765860655695095
0.010512599344906115,0.0024301902193565317,0.009015451432551558,0.0007002751571435484
1.8849708533164033e-05,8.06182168237024e-05,0.00025008444145746545,0.00012313954702336538
0.012658467195328815,0.011027943854275746,0.006473003066933547,0.012190031518457989
0.03812673608390649,0.003423890139026775,0.028228645388691742,0.006017189493305208
0.03608113469075125,0.029780577100639305,0.02846225805791036,0.02753061459908923
0.016823690967110116,0.0006865043128368997,0.028415069281223282,0.004404957912380825
9.493737883514708e-05,0.0014021630281202402,0.0007899339541683759,0.00033328864588877405
0.023272765426955,0.06072204814456894,0.015820516856747346,0.0461225876416812
0.01008305378186991,0.0013238919310465391,0.0008762275480465043,0.0007953698589607816
0.004410007731053711,0.0013068824308268834,0.0039942110551253185,1.0603137973963506e-05
0.001893653550325447,0.0010551608780875465,0.006715996248366829,0.0011128787070066037
0.00010140588071871903,0.00048820072181754437,1.8591876613571756e-05,0.00011679770033568015
0.00012823606025624823,0.026536600043695846,0.00031527700393985114,0.013949788796595475
0.003590087398774089,0.02969624641792523,0.006946617908815567,0.028564598764213134
0.010363851752628661,0.031915521773388966,0.014760978687650805,0.028479370680214222
0.0033787458647484003,0.03758214421019368,0.0030901446909555874,0.030077983536096586
0.0022637126844105016,0.0005650840095111631,0.003497131020393396,0.000791645621905479
0.040491811675807066,0.00019500572358621682,0.029588937009714544,0.00011624809317123397
0.03874846109551455,0.012406631434516147,0.03061438997126764,0.0043034196049422935
0.02343251095656773,0.0005264625991373562,0.015018969671718674,0.0028268515834720676
0.005472224744719312,0.001978309649462995,0.005571696661156644,0.007818978077006933
0.010398061511039947,0.001430290102103715,0.010271944348165363,0.0002144794951219886
0.005259183407386403,0.007363670610746165,0.003054079942504506,0.009441722792485896
0.002468437061752038,0.009585939785065278,0.004334611278675404,0.001882690734270942
0.024471221800650866,0.01947043386843328,0.021357419392992627,0.010102532591427682
0.0026659847606628206,1.9565240216956603e-05,0.0002978043094297167,0.00036428319424164357
0.01225698332442493,0.0003337950699543457,0.01377033656483806,8.138998769124939e-05
0.005386042447084294,0.028633480250383148,0.013938328708326009,0.04672852199819488
0.0052442685990963245,0.030116625162948107,0.000759989407626116,0.018594436107959522
0.0023039128672632803,0.000473194616787187,0.0011291278371533542,0.002984958529946735
0.020416080104301848,0.002892073585428867,0.02014414608546533,0.0012808088222817648
0.059010548372151805,0.060669347243860416,0.04466264226378014,0.04964701889716605
0.003153548000840445,0.005593383579409306,0.0013952064604506598,0.010226667197357542
0.02415140915151004,0.017108426988351577,0.029828032208269795,0.012657235041430903
0.026648947139350176,0.00921215121693697,0.029763846969501406,0.009484702768144726
0.006469585693538726,0.002988992663024992,0.007141983210473435,0.0008814221394379818
0.007900095023622877,0.08427650227465722,0.013602577464307486,0.0991278820202679
0.0021719872855446853,0.0045159118920944374,7.917186473083149e-08,0.013415677425530181
0.00817589002159036,0.01530397247702342,0.0071153119873668125,0.002294101874865895
5.40435094738001e-05,0.005524227869870391,0.0005320721458802469,0.0028929208696902853
0.03683412177022416,0.019154875490204004,0.036563762574791436,0.040413630609481
0.048787751428734816,0.04106137802160281,0.04823424137322452,0.04986475346354835
0.0018533156057679578,0.0005142908978251759,0.00888800288742242,0.0033049581913684456
0.00018652664513862938,0.000985620915860852,0.0008399308567518249,0.0011607226812867522
0.007285188941142051,0.017467959431656577,0.011446661167264338,0.02236378316523424
0.00044487423615635624,0.0019074902200414412,0.0010863444347172235,0.0006632367316078414
0.0012021098053068835,0.003997580408125145,0.0009432677279012092,0.008489340195514283
0.017357424782741382,0.012946208770199141,0.018003425921742755,0.01604991206633022
0.014694619510607687,0.000890292775986179,0.016729130246814217,0.0008362087760901415
0.10307038091132004,0.03411502650776921,0.11322810542224604,0.033921774828755025
0.05891197742706111,0.0031118436777647362,0.05893122248475546,0.010774149045635784
0.004133335312908382,0.0035419126438374082,0.0003722383278684793,0.0027277601383371985
0.0017612736107205373,0.0003485849114137629,0.0032494803084168744,4.253653152352932e-05
3.787309688085827e-09,0.0029445237772266486,0.00391148326815649,0.005980422506934313
0.00386021100409073,0.002824387512136095,0.00581665808032672,0.001265623991770437
0.039894875651336426,0.0002487942625619688,0.03478305836123219,0.0006551068493376722
0.0028654851317037044,0.007505587075671949,0.002253858206512027,0.0015175797377943168
0.012044003980398177,0.06832742554783433,0.0011485538238676929,0.053201890084117465
0.0020107307347069225,0.007067115112422528,0.0012813282949026839,0.006555612359316898
0.03987415035409991,0.00018629736349073944,0.04913653128018358,0.0003892781334723372
0.009858309240372676,0.004010806120296362,0.021454042358545533,0.006169257103571191
0.010889222797037301,0.004468534075682706,0.015574892835686693,0.01807900199122059
0.0012099654575542518,0.003855488175634414,3.476712859407094e-05,0.0014673220276113508
0.054076322859987536,0.00917426854608494,0.05152283047281314,0.010925513574085888
0.0004082411945857123,0.00012251011915842547,0.0020738642354143355,0.0005468994252336712
0.0021839156908933788,0.0017872634493408812,0.001665533425873278,0.0013595214865443905
5.479093075677621e-05,0.0003938742561102604,9.702387733845352e-05,0.00013992897281311922
0.015072417640301428,0.04132486638588895,0.016172054188390184,0.04129030352818697
0.0038258298143025726,0.007438647973926682,0.002552152602845581,0.0055257406239799245
0.04750614764647798,0.0024177770314244285,0.03986036203029719,0.006899999960506054
0.012146588880578624,0.0069879091728773934,0.026517754789010417,0.009418026038419569
0.00028279116203078214,0.0013825773473541414,2.166864545682934e-06,0.0038890286298943755
0.000523076589671434,0.0026695407582747466,2.7538856977815662e-05,0.0002449077187710591
0.023557954362554034,0.004386224834293295,0.02433805024856006,0.009360047247194081
0.0009128856721772882,0.003811405362176168,0.0030604321788325617,0.0003015818007826576
0.023914388174409273,0.015745491829770808,0.024689267817021077,0.021915367021247634
0.00853499331672225,0.02937020274635449,0.00010975783754840762,0.02232095096306197
0.06039694238283744,0.02076686926818716,0.03971099690742519,0.004444223503585754
0.030390051081702563,0.0023767137347593392,0.04160524814352229,7.060653052193278e-05
0.00017723622028564812,0.006182048589368105,0.0019157125719647672,0.01148908741761534
0.022613265342600997,0.008486969480071327,0.041853602139930945,0.01335464075547843
0.011583770384644865,1.0911745462749423e-07,0.014691429820552382,2.1128370764067483e-07
0.007309263098229879,0.010985320544960264,0.019145767855117457,0.02838400240718808
0.00114331844815585,0.0024943692567043207,0.001055052811897772,0.01960166930608087
0.003142976428480826,0.00085803502756443,0.0014385220789637776,0.002691891753326625
0.048900267373207074,0.06609976085332114,0.04594259140993984,0.052868661269030115
0.00426147523633158,0.01600064822527225,0.0006464053309974682,0.012524542423229756
0.03809926417027654,0.09395161002237529,0.059827259510936814,0.08293489495528206
0.005469624060832956,0.06151344564106509,0.005696507198494238,0.07214120696464754
0.06015478588772505,0.030087667893224035,0.06660716987855708,0.06008575883921474
0.002184889746271179,0.010089336266314364,0.015759068630942563,0.003087887978980408
0.04243780624502025,0.038253584295599885,0.022043670831457196,0.023242223780088223
0.032326754490280885,0.022180911587715624,0.020775536169820197,0.01201719354514208
0.004146989589005945,0.007731935856011174,0.011376239650632725,0.0028784885117232317
0.001261640831321631,0.00032441452686393646,0.004019890406671611,0.00037599966557289033
3.533146099954365e-05,0.004647366212160442,0.004027675090337968,0.005611887304362684
4.901916098354331e-05,0.0018112047364348127,0.00010794281198145406,0.00027753950068831745
0.055806071135781954,0.008032332934422959,0.06456304342348851,0.0058284223209922326
0.012423787177439416,0.0022039866281831078,0.02294739747856478,0.0036678870816482245
0.00805217749372833,0.0015417872550463896,0.0048020803636881215,0.00041699402379047346
0.030975292221152806,0.008114425799814362,0.020360350379008185,0.00031696081379817276
0.0023081689812092243,0.007973925336507759,0.006010827558332155,0.01215258130319552
0.00015960293674754933,0.010527285147071686,0.000997641101375013,0.012402112155764033
0.02744429686557548,0.040115801688139885,0.02186814599628928,0.028390458293763965
0.03035252950238576,0.0117929180676839,0.03336040159764753,0.020005697991687055
0.04588504874001986,0.006982262974724263,0.03792718027722264,0.012356519081630157
0.009953926103778765,0.010502671128409968,0.006149985945341219,0.0063710669279600785
0.0017111225982058276,0.023656356101064424,0.001838078084503536,0.028158425185826785
0.0036214566269580084,0.008745652018213756,0.0027234318068573016,0.004351773119597446
0.00016037392346357482,0.01403057701607291,0.0015289852426931816,0.0039665479324723085
0.000517435552110368,0.006079930420346158,0.000982037002319247,0.0050052833154652365
0.0004224713353356835,0.03988815862685546,0.00016944381252714802,0.02266049437613271
0.005764800330694486,0.0010454402916316718,0.006805400093401026,0.002873430123905618
0.05202951004406464,0.017434090247000267,0.04095030516198628,0.02246834831308009
0.0014334440626079248,0.0029954938446952184,0.0032991802107458224,0.00012517424404634436
0.0012512832077565816,0.0015469917153244639,8.439650779468177e-05,0.0028523232964920986
0.0016648995844611436,0.0023094356112992598,0.0039433855347895674,9.676421567894611e-05
0.00546215799594274,6.441897382969408e-06,0.0011307944135704462,0.002218441718377151
0.0009343437208695349,0.0019200956993762341,0.006130916656628127,0.0017114609137854897
0.0002965511160745171,0.0038762706528249202,0.0013745040023480648,0.007172381402214989
0.06444511648624618,0.008411022299513737,0.06449687024679718,0.009559472983028727
0.012241995207428746,0.0016730767650292577,0.01534539763694276,0.00012788067369950973
0.0019775309005719555,0.001680517765342615,0.01646224839967869,0.00027489393425539355
0.03043175455476177,0.00994235447451619,0.03595495126888659,0.00754063935094218
0.021319457493751304,0.004436168913497407,0.02538631319902962,0.0027121680809625293
0.0031861520556574208,0.01896500498317577,0.0027525161259164266,0.015280611680129952
0.0002535307224039718,0.004446459012175996,0.0009134091334700445,0.0021357538855395486
0.0013403249182813992,0.02907336263117688,2.085188074907318e-05,0.014760412378008514
0.00010513724130489788,0.006993326202069161,9.36268843433341e-05,0.0004980593475996109
0.0031219221916692907,0.011145227992727103,3.439545441663583e-05,0.008724024215330362
0.01879713333948585,0.0012841904739779864,0.011961442115326348,0.0010217028386566573
0.0016861625963887628,0.022818924360728743,0.0012057885785929923,0.03366897806838576
0.006148172642238325,0.0014059583478314153,0.0030281716120380553,0.008325250544075846
0.040722410005433085,0.013739244267522932,0.025417729299126446,0.006280256588172661
0.006502756725046521,6.183300415119053e-05,0.004684334248120092,0.00017512767567284815
0.019508081044754988,0.0032567891863019005,0.026855941504727143,0.00707154999474191
0.0015772223505182703,0.002785307505750345,5.4198528646853816e-05,0.005569712450869124
0.02882691532028281,0.0024527654522241704,0.026393648542577863,0.0003021609869431341
0.00021721761840609588,0.01532342404047038,1.1045587025027004e-06,0.011081055325588451
0.002015453003583745,0.03417237169077092,0.0027636467115531582,0.03270482646019257
0.005366837321023388,0.00472782038396502,0.003330591917296788,0.004217536167100855
0.00045720137628613156,0.047592307187517946,0.00014160129932128118,0.05068080028951061
0.018070128160256327,0.008030077480224218,0.008017267047657706,2.7171043579299337e-05
0.0063975084341231225,0.024096153777742213,0.004836517358978942,0.020852631969601187
0.009829023528792669,0.005796382953273005,0.0023367904505271486,0.00016403383900354118
0.013389697180838933,0.001957283249955144,0.010094360822312631,0.0032982079413220733
0.02160114721348494,0.08810241088709847,0.014595012637124927,0.09364911610728
0.023017889047642126,9.149699893185037e-06,0.03350964584889493,0.0007441312691417457
0.030940060773067213,0.004697101288505978,0.02835217148063207,0.01023068556846174
0.0234179849542685,3.5357448889827836e-06,0.02364548710171055,2.051454594975688e-05
0.00033445121166519876,0.0039566552146668155,0.0018592811681338306,0.007225479576836058
0.004976620657437536,0.001084271726897179,0.0006035983578641657,0.0012379100607073923
3.742606891776745e-05,0.0004698729444420069,0.0005330963939856881,2.3407535986175176e-06
0.0009532061005517178,0.006604054189261466,0.004304331341826617,0.00795447658182269
8.821532713310098e-05,6.407365406235765e-05,4.45393620027712e-05,0.0003829444687100114
0.029413677123621973,0.00920852500833702,0.01395404680375778,0.007620209179975523
0.008139056087017482,0.000185328376393179,0.004894778627695051,0.0018329101424229277
1.0033062941561255e-06,0.0019444787927934692,0.0009256740924807882,3.823663501389962e-05
0.012084405411971866,0.017381565421729195,0.02111713275433491,0.02786285602426486
0.00010820510607023603,0.01630473671062327,0.0028471143858925796,0.019954201193550958
0.025535406681908568,0.0006105011741153188,0.006420889206155911,0.0020281711703615812
0.00046621521869583127,0.002484840108533226,0.0002487258137411352,1.9977224529732496e-05
0.0018657493819437265,0.0018719698894789083,0.005186829713794916,0.005922811088362456
0.020190640986290198,0.015150884728383662,0.018629897811375362,0.015069549694978535
0.012588698252093966,0.0016375168401324691,0.008580936457253885,0.00073422341960383
0.019608148594153496,0.005462786564866984,0.02504787966160371,0.004197471044180001
0.014016129896597174,0.0016997359626319541,0.011258840565147143,0.003963948405422246
0.06335721240511127,0.00914465287117594,0.046401541932816426,0.0011647951952289404
0.05180848072235622,0.042020019674144704,0.04307616944493575,0.029884538475536848
0.0031544600975963455,0.013209520602392888,0.009247807411943199,0.01315051344653062
0.00020305514801222113,0.040068862707886566,0.0003400078269519824,0.039218461820273
0.0010612182678912951,0.00020495983277046825,0.009931262023713083,0.001166635350249301
0.00019238906807828027,0.010570943059871163,0.0010456507144591676,0.00835651600249765
0.00034096335717970216,0.000268212213978658,0.0027339610628102085,0.002038622112535138
0.0004303612584410921,0.004448059164538609,0.0037028588331161627,0.0013224370042622668
0.006916047095652855,0.009990113903790676,0.016200976838397274,0.02458799580040505
0.01608230787731657,0.0029159186480444133,0.0053101317016223115,0.0019652216513044163
0.0021083240122969915,0.022083100513896725,0.0024380869035512953,0.0293753334714435
0.00598874019883,0.02066431611476549,0.003331135160497656,0.01931777188902528
4.1796520261483394e-05,0.00010294740764704713,3.674038493428622e-05,0.003878220304136204
0.001241959114984259,0.025936810069724703,0.0006517813610519285,0.016398008435055123
0.02163898370235795,0.0016645863973770991,0.02044543969590329,3.825696753134711e-05
0.02038589669854396,0.05709522526956945,0.011029857587211866,0.03934187863332528
0.006752257332346301,0.0008501512073328943,0.016353008712791217,0.0008223685042930695
0.039210217003160186,0.016576867175964516,0.03629685801241067,0.02391062792063592
0.02881286605435729,0.009107669252245598,0.027586717574903608,0.007156788229634281
1.675616693952442e-05,0.007291574037230797,0.001236218741096251,0.022383922253528477
0.03112342565563575,0.012738855455075027,0.01522155385578372,0.011049819888443335
0.004989269126969398,0.0004660752947819313,0.006096745568011208,0.0007424507845498196
0.0005289596007067576,0.0039048375530802426,0.003069021410078032,0.00016363416191567115
0.019033661733966922,0.027160331287844452,0.014515063217673263,0.03962624883426702
1.1087053739200492e-05,0.00020289708342924317,0.0007472721732576515,0.0005945945757660498
0.012687710888127146,0.006022223898318302,0.014773213923421902,4.436694471476876e-06
0.0005738702064576051,0.01898541731420933,0.0002661070039137181,0.009400932784973004
0.0021656733766332037,0.002532529616043444,0.007890012182992567,0.0032590844155307996
8.423645231825372e-05,0.00016691051989115024,0.00553485902843609,0.0011496835493439717
0.005444132141868563,0.018377336973786962,0.009521075338055907,0.027453395874615594
0.0011173876650447667,0.016794973367436294,3.3188350101465147e-07,0.0061633836087869875
0.010926771272813052,0.020693233270956957,0.008647900629806804,0.018733082346775398
0.002138770861863537,0.04705139871900865,0.0019459356978963616,0.02401315726129205
0.006788269324785934,0.00393344510773308,0.024789727868241074,0.0030189970051707204
0.006013782126438216,0.014682350117536935,0.010672230218998657,0.015326600626868636
0.001561139639925102,0.009314186497252686,0.00207818911943658,0.0019535343033637576
0.0005202534964767747,0.0016697712094416728,0.00024218483292937076,0.00016576667665624267
0.0009736446734396331,0.012969282761512213,0.0009686124132082252,0.017403367561901528
0.009521340960325975,0.00903444445518864,0.0034282766580563395,0.020535992253682522
0.0007702823249888802,0.011771201695755518,4.620130623789187e-05,0.020719756068924622
0.001905399300053734,0.0047963937766800635,0.0012074094723039108,0.0038353339233986317
0.03323120830676651,0.02044962079261381,0.026515042889798668,0.012563436846518727
0.023302638932973685,0.017129616808775228,0.027028428130737248,0.008181264216446271
0.023884962061258674,0.021924335538531015,0.020896903384458043,0.029920758806643466
5.3955476916223155e-05,0.023949037819407937,0.0021180904258113475,0.02213367305283309
0.06943795594254731,0.08540024569167504,0.07576175013996855,0.08312846666827434
0.0067593187352689155,0.0017485546087783188,0.001762498356239206,0.0009611313121760112
0.0019689688209513223,0.01848093688340502,2.481964469502884e-07,0.02567121704644848
0.0009823285625901734,0.025288629503308013,0.0004865444188028034,0.01919000126774295
0.0019465199313956072,0.014606724548449357,0.0033985657576428574,0.01088354140161163
0.02601236513023375,0.02517448667059341,0.023670387699558426,0.019998449986779687
0.0006077768009938866,0.0024555206320774348,0.0007253126025303924,0.010376895751446735
0.013446935907781454,0.0002890086900104727,0.015078071323930464,0.00019563341231876308
0.0028653655256796196,0.007622096736249917,0.000925746298758634,0.013754045813351268
1.190249648574948e-05,0.0006584778287476167,0.008949853096951177,0.008034085522190093
0.014500137469782626,0.013065989845086667,0.00920284629694268,0.00688196301398214
0.00013171149005086757,0.00020725054954051636,0.0019287686447836405,0.00127878342403287
0.014602437328033457,0.0116617449065618,0.018004697683482562,0.010035519710479779
0.002868865670766385,0.0021411613262966034,0.002214249022587711,0.0024790706624244763
0.015678177694811946,0.026026422047329856,0.02293514630153337,0.050127016963180226
0.0006472138107236347,0.00037692916711018487,0.0011171776824659974,0.005933844609769867
0.022228344363024455,0.04892265383491878,0.024046547509093852,0.052985519839040984
0.00644675590842636,0.013484607580230734,0.014563654782426605,0.009016458530727745
0.0014170542292638588,4.248419826524685e-05,0.0007525831530407201,0.0016542864503500398
0.007964666510794971,0.0028523848076591474,0.016590738110638825,0.0037661816113526703
0.00018071818273457385,0.0016816111221085173,0.00013218920662949607,0.00014039136408250386
0.001034899950754009,0.027788005544663874,0.0008683044379761418,0.01190525387168051
0.011769240551956384,0.009299386560205902,0.010357624691779033,0.0067811774970982786
0.003499107646175892,0.008627909908663911,0.0016702619140883668,0.0031954806017888693
0.002072683767457173,0.0017636334082079541,0.005443502602196171,0.00015349945646669916
0.0036475262974575706,0.04502219279612618,0.0046445504853572794,0.02355740714501564
0.0025609684086113083,0.010352266592662307,0.005747642275636844,0.015572809740185711
0.00045330817881639174,0.0020607431441699298,0.0011810854409900484,0.0002696538663400361
0.00012627210279192447,0.02103652191629113,0.000768384124033572,0.02647207773490745
0.014464750944258586,0.00017437235898876136,0.01167772202266082,0.0011670595225750091
0.018299005712527405,0.01814268707732336,0.0208865984573664,0.01704228385839257
0.009153002073284622,0.01753802980126984,0.008365714057411933,0.018713885553765075
0.00018502306235723687,0.016883326910864804,4.4774671602687555e-05,0.014631684209383655
0.048835008257632984,0.00012357863573786432,0.038274088701401476,0.00017119499341600175
0.01559431795100763,0.0019338214567683476,0.018325246784223648,0.006302056613902596
0.02672943274795181,0.024103378999877578,0.012360439758906883,0.029442864238886535
0.00045942344100668997,0.02271810906874605,0.00011041351425000734,0.026591155073653838
0.010244606587935134,0.03169101231803595,0.008506131761507385,0.01230990446621072
0.006948748336309318,0.004442772266016748,0.012170289079691421,0.002015467939061044
9.221249461677239e-06,0.005779135316038131,0.00144613365906765,0.00673444944036472
0.01399953561419598,0.002139632947575576,0.007426162554594051,0.00037629296970342896
0.00037868573490895674,1.2345910894162593e-05,0.001489666502429543,0.0006370175537020462
0.010126696000246516,0.050485890757746565,0.0030388919340007536,0.05028509342984988
0.003384737410578209,0.0016915905773945417,0.0024447196637367163,0.004948920932697276
0.0035192323241419743,8.320164857078538e-08,0.0058523122523092,0.00016202966708078748
0.00026499225350762323,0.006626464676122157,0.00020381374796996088,0.005273884792453387
0.04231147756845821,0.002196069626666075,0.04413272215093511,0.003844393949375857
0.0008633413896910191,0.0015429859395857948,0.0003652778093305997,0.0005180979847838607
0.012369652323865998,0.005414284644412959,0.007242040485483381,0.01637145684019936
0.012675288674932061,0.009437388259548207,0.009113043480546978,0.010852802294532893
0.02040236442080967,8.448308592934328e-05,0.010336271608859193,0.0020368145294658024
0.008041342375306848,0.006421148758299244,0.0037448768768800766,0.0014751495698621664
9.817733049455324e-05,6.506353260404829e-05,0.0045983171208219265,0.0020426828342408054
0.03455964332170147,0.016275588006351982,0.03302715292347369,0.007319373600665147
0.0012939493525261359,0.029942934456668402,0.0014142032642880942,0.022925573225397344
0.008495764513478776,0.0028150255378598388,0.000886054122676172,0.0002609750921570564
0.002285338868556641,0.005290276054874088,0.005003988719251451,0.0010506213947847343
0.05413829349083654,0.0004685656064445931,0.060701761976938884,1.8591896859265766e-05
0.0015406415565608622,0.00035756078219439935,0.0013635753043720333,0.00045067808708765256
0.00035746489293708716,0.01858984323190427,0.00014012026453469328,0.008463152765601611
1.4919549482628192e-05,0.0010407596637288519,0.0001702621936413573,0.0001755861466768982
0.010303878429910318,0.004169485073741264,0.005455251968842667,0.0018728863613586277
0.0007042101896947983,0.0003885702226218424,1.4494587502689171e-05,0.0013600729507626808
0.044044559098653235,0.005209181806500207,0.03440394002543057,0.003470703973061706
1.8528226852554397e-05,0.001209121794711443,0.00014938363968342028,0.0016839752576405242
0.03818867327890241,0.013791234051461765,0.06755567578988575,0.012774971282455194
0.005247911275658934,0.021746301057038453,0.005059700984544113,0.0061819921435639635
0.004619272884713088,0.008709049210878117,0.0005333890879773984,0.009750182167551857
0.0012497623277508696,0.030312435305175134,0.000520632614545602,0.034335830899353104
0.061252452467208784,0.09621902410260963,0.04971814612687331,0.09044938384434253
0.04191564301748585,0.009590331526794338,0.037308079895374435,0.0046190560818449855
0.037656408526139384,0.0050681043400480075,0.04515717278346354,0.00860131623901872
0.013944973962793927,0.028054863821645792,0.01423457763607483,0.02325385106010658
3.1145719003866645e-08,0.0001958846655309987,0.002235391987287394,0.010624339868708588
0.018544143975936955,0.007505905959385051,0.011289616535196112,0.009128381326538593
0.002560489521832854,0.0017043286261733126,0.003789197690413415,7.680486907202244e-05
0.05498180570265654,0.012749553734181074,0.03044971179838285,0.004718561709654456
0.013313522931952981,0.005233076124729896,0.010721944476553391,0.0012574384472961997
0.011414365246121605,0.004747663422031367,0.01414714647914972,0.005476227132017231
0.006709482913121456,0.03309298137584693,0.008067612420613712,0.019446503480114452
0.020403444174488805,0.024251364030093092,0.023977288729964963,0.021017046839987175
0.00239188587560768,0.014823696802655495,0.0003991213995352405,0.013713745641483643
0.00011855950696060269,7.386229049721749e-06,0.002206426429347874,0.0064490423084191395
0.004681098363171765,0.018286952376228127,0.004372305416169842,0.00917666556344443
0.0017441676402750739,0.007096656054952244,0.0015457625408746845,0.021687760680597856
0.043191347265728486,0.005856586527479335,0.013683398109762601,0.0036955484418560447
0.0021406744161077684,0.018564859125476896,0.0063260819615664765,0.00824787715538522
0.0008048166922249855,0.004385701653576213,5.201738600080219e-06,0.0026671623847176473
0.0005869467021862862,1.695129270284923e-08,0.0037143683537030903,0.0022634318114951313
0.00017251856299382862,0.01802153651163685,0.0027470360978114616,0.0286962664398287
0.007177746685241071,0.005238673126197746,0.008875710976004147,0.0026910224071964306
0.0055743412030777595,0.01310768357043679,0.0014820254389331655,0.016002296444140418
0.03960114342337795,0.005320083198858905,0.02874146178589454,0.003780812820516566
0.018448912290197406,0.01578298800134459,0.013260572464712128,0.00986049613773754
0.03554344307556723,0.027816054157805414,0.026339762059756966,0.011454019262538973
0.026158977313862075,0.014195039029351375,0.02073657545893892,0.01741442352778455
0.005901917042867799,0.027155834810251522,0.011775949043264733,0.03462974924332152
0.013219511528124395,0.041044107382657735,0.017239693847538096,0.06575178984095342
0.027008440436789183,0.006924900590221106,0.017043714669809917,0.0049073314869720885
0.010389593120981533,5.46054423816722e-05,0.005161637398722441,0.00029499563150858776
0.03274569817410733,0.00897415234924559,0.05881199773193724,0.002076741899764367
0.00010863000796790256,0.004689986293811121,0.00029152702181423074,0.003122019727738623
0.02864052848677945,0.006755328119438464,0.021545143170622283,0.00089878713916558
0.0065533154776294955,0.0006602183301851472,0.012373385823993055,0.0001795618758411166
0.02336620015152857,0.0006904368854251386,0.01955014461781357,0.001600041892438675
0.0005146825761340734,0.0011301653144214496,0.00044280831055298897,0.0015826083678482927
0.0003063138619316952,0.002621284684672043,6.875937946126953e-05,0.006121717907817903
0.02664647763569228,0.0039046826936808277,0.005415486095491473,0.0013145217184047375
0.0018811720739193571,0.002211366731975528,0.0019539505916642552,0.001195217021474293
0.003945767701737601,0.01147855947480736,0.00017516849422882785,0.001387328712477931
2.2533259472545808e-05,0.005724742879307909,0.0006980146008789267,0.005841035921003712
0.002850537793448127,0.01044034958639184,0.003775420735608992,0.0054821161546305675
0.03652630106017907,0.038987743659911644,0.03704791027876564,0.05115146246567681
0.0035092485039029953,0.0673148979491186,0.009841919902093266,0.04458989699966864
0.001535394056056294,0.0024061889109789902,0.006503170143497106,0.000122968078314023
0.00041063505898120134,0.011373825418510397,1.127750783980197e-06,0.007081653740473537
0.0024486813156404663,0.006671814619682803,0.0010734201698402446,0.0021376520172987634
0.0015227497489218589,0.02196363799390033,0.006772039821858145,0.018189445767169965
0.015392496315322135,0.028497809060356927,0.025198795705454913,0.027885190837219853
0.016382521193367028,0.007193256720037344,0.016419933531985786,0.008740481161682023
0.0001538828089387989,0.005295132355047194,2.762060121730414e-06,0.009845372143437725
0.02944423415266939,0.0001564771792139652,0.01797964189270118,0.000518646318205529
0.0011115534627165191,0.0016490427157487275,7.078424190365418e-05,0.0035470310016729734
0.011969469925070753,0.03428339368078526,0.010934807899799281,0.01967878261884959
0.03337765044049368,0.009755846200504181,0.030670745856426818,0.020623235897083703
3.769097230510443e-05,0.0139278578108325,0.0006178486118079141,0.018782253820254224
0.0033862516967920753,0.007118606460262078,0.011369567934528813,0.0077385788783308485
0.004087907960347303,0.022416224624043912,0.0034217910096221438,0.005177035151124332
0.0017483327513109215,0.01880752678866804,0.007038896343272816,0.025091047916646736
0.014950275442707328,0.00040453288929531706,0.009412857970803712,0.0006296389570379368
0.0002153527611495898,0.008534612482675064,0.0010797820336599928,0.0018643741841456452
0.00487876948742294,0.0011349826381572559,0.004875056264996069,0.004258334174963685
0.022267291313634363,0.0037117648480461396,0.014130111558454117,0.0014855578456852703
0.00045819615599573815,0.010978029580489324,0.00010935658627786449,0.019630413531138147
0.046668343209595786,0.018922132942137737,0.06163051956836507,0.00639795517220465
0.0036233058662773487,0.0007629790531213931,0.009912734101181986,0.0004484524568507675
0.021921369777078703,0.010661708466731867,0.012011410836240244,0.005853822398051545
0.0027010361178294584,0.01117128033609327,0.014681559010155887,0.023358952155931867
0.02721672034083389,0.0002508863388046567,0.026270230498796288,0.0025058620705589174
1.8025468854210303e-06,0.019441331263013617,0.0015916243741467273,0.008595293427408834
0.005883711715833573,0.010582477605175611,0.013736378118234693,0.022940278625055766
0.010988324674593875,0.0238149014630904,0.01123802587705558,0.025263430097186346
0.02812011713158935,0.02402429287980523,0.022437206276516353,0.011164700804157546
0.0008291480523960892,0.0002400111171353414,0.004736207667067727,0.003912058981507038
3.845742035157862e-06,0.0037659512552518093,0.0003139896026421729,0.004910020545414118
0.0058030583328357865,0.0021968050744118894,0.018348455962434507,0.005103320028250646
0.017483949682040922,0.00023207708476546962,0.019909213655627922,0.004048862546571885
0.004624453163809328,0.04513601733869854,0.0018053054011768488,0.04278964480878056
0.019228308230402447,0.023873244943203642,0.021493890007600824,0.016189270069484896
0.0012290850905718465,0.0011465774826724395,0.0003813460715624828,0.0041006046552318764
0.0004748924764176321,0.0005860290980178595,0.00013188398392172118,0.0031304009349019113
0.0008983858060308547,0.001106600451767581,0.0011072052740005445,0.00024234571049219777
0.017354936206954164,0.0024979622512207866,0.04740487817495531,0.001508579591903092
0.002521243472777712,0.05076420537614279,0.012734905907128224,0.03294358198229996
0.001942611357155788,0.0007678108229932645,2.5214933464523526e-06,0.002549454045101429
0.006456527244023902,0.0028110561986184335,0.0016669190269805734,0.004739143764003528
0.02348135953800745,0.0023720904554126454,0.014971585078268457,0.0019011350729061238
0.01068690112576065,0.00611439631567845,0.011575674530729496,0.008133352552592066
0.02925324681093877,0.0005259170037835714,0.03511737825973327,2.3588237310079307e-06
0.040437682688204024,0.01686613285626115,0.04576909639554427,0.027389087080834207
0.009449333440267105,0.0017604324670085214,0.016951505040695425,0.004243931204666707
4.426662725665054e-05,0.003766123987253178,0.0001588044525372423,0.0034818981580769792
0.0011343943050218241,0.003988761469092772,7.7385905058458e-05,0.003743665462682899
0.0077544628874011146,9.276245400358096e-05,0.0028689277911638777,3.632245067164419e-06
0.0026275369624511047,0.00038363610691827255,0.00046564365724066636,0.0004990574336155573
0.004034003326289892,0.02361026178736758,0.006786674342225685,0.014300987069495896
0.0008617504839996126,0.02450790272941461,0.0034833608738972233,0.03006259654385013
0.006522038466777236,0.006013986778665492,0.0020589792534357887,0.002084209589761077
6.933207069104164e-05,0.00918305470096581,5.09403845661005e-07,0.012881877996500868
0.016648240800945846,0.0015362441045405628,0.02646767928676097,0.0004079510379237927
0.027388681851518326,0.012049583050431578,0.025155970277752293,0.004658962988408177
0.001913897808019871,0.003500490532044487,0.0024861017866998347,0.011253018505219758
0.0006414972263845131,6.364743562270458e-05,0.00154821197848376,0.004784564815092929
0.001398947622414659,0.011869639279557753,0.00035847187247417533,0.007071535747106283
0.004663918825716373,0.0032823227972733626,0.006519298015553954,0.000494076448976033
0.03805871711817643,0.011600907360683088,0.043784904112091794,0.014034967356362671
0.02477525804820946,0.017292999998358982,0.026566650070634745,0.02393993370358649
0.012216106998404808,0.008194368795135798,0.015135292030217573,0.012677487654431108
0.03439271649767084,0.008567774266826977,0.04180990444784327,0.01640154295733709
0.00993233790149406,0.0003573519757492649,0.018976805028605215,0.006473367380236961
0.0016421756741110682,0.014599471685120546,0.0007885690930040656,0.024727017681688834
0.013516775987278296,0.04442698085323493,0.021289027193056365,0.02585182434752864
0.0021218485753182748,0.009024580968930773,0.0015722160941818997,0.00646946397174919
0.017645424197539894,0.010424829757342713,0.005977727487276985,0.005784618121631779
0.0005319076837900782,8.730596060912976e-05,0.004117736194076738,4.620443908476268e-06
4.243165165329632e-05,0.010836738148089164,0.003666066148371283,0.011786386434449847
0.0016212330337234127,0.00456888320772475,0.0004886584894875368,0.006743186817645186
0.0010825318015380558,0.02294803449572358,0.003596351745216997,0.027160765362851502
0.0176309815882858,0.009153056894170564,0.0120449970082539,0.002477879798736593
0.0044087969164841034,0.021750198598057158,0.0015588838192260868,0.002832609425016175
0.032145005395770254,0.0081710181632626,0.030879615547098282,0.013771629458907975
0.006066803672082899,0.00907028809025312,0.005871558091260831,0.00647980391305325
0.03371597100314505,0.0048672750116820485,0.03827193348876268,0.002473726168924717
0.0043216752248064205,0.00541122731194299,0.002766281699971951,0.004968014827852474
0.001289432051655992,0.00013842049883683316,0.0004835832592297029,0.000578530363868901
0.007309599173344727,0.008647736541778972,0.008162546577963559,0.010827927332372145
0.05624220442472572,0.011920236851774013,0.04570003455012783,0.005560090249802863
0.010573054513712488,0.01145774190700688,0.028155353459439092,0.01626037467692265
0.0003856910964665783,0.0026502863060217097,0.0002712855650228718,0.003640458398386337
0.0005652703053595776,0.001575992952774996,0.001147068585140465,0.0030414492538461957
0.026466136751594926,0.07303291826289282,0.047924815028735135,0.11144944499965515
0.008703844221721768,0.002466751787719046,0.018824192949459362,0.0008211477150513735
0.0023661242578605357,8.682825629535706e-05,0.0038211948641799776,0.0015314365176359868
0.004350260235544856,0.06275514045759778,0.007623037229722018,0.04029216415944514
0.053313030563270636,0.019291857791651434,0.04186441100344185,0.01996872416942519
0.0003154653985739664,0.032009761761000344,0.0007197569768058187,0.04000607331027728
0.0002960513326478731,0.00940874468317554,7.61147071927093e-05,0.026460200869989348
0.005465363882848795,0.0012671366886062296,0.003003126420494606,0.0009051103943710226
0.0054638343118254,0.013198827077903208,0.01417793469878581,0.0051202660425353486
0.00689297282860013,0.0016675778725612211,0.013521005178066536,4.9803536383397073e-05
0.0023874577001481434,0.01205546710360561,0.004468538672901867,0.00627722970785094
0.00818937635135042,0.008798512782284496,0.007372191126746586,0.0091747231783752
0.007795081825211714,0.0024682888965402716,0.022057817091164167,0.013613540374799338
0.015348018396164953,0.011062793020550798,0.013590797006763355,0.010151929128237258
0.0014164831249303678,0.03958936913688149,0.0102552177519325,0.04313275249416271
0.019654384211985176,0.011079636554470085,0.0057778374624121165,0.007573932123822291
0.015879494063144373,0.01250233614746965,0.03397479038566387,0.014944227078744987
0.0015603209022768683,0.0018055882041426718,0.001116241413150143,0.003005387503907886
0.024925610437601886,0.02682734891505323,0.025114846662248613,0.03567345324537363
0.000411800100600046,0.0017793963938924628,3.107466513785351e-05,2.6865199061587575e-05
0.026422261792080626,0.013525822013683353,0.05380375794989278,0.019103367895240364
0.0011183688331227737,0.0465460522307477,0.001069749662189201,0.042372614957714716
8.558038882000574e-07,0.0019795097426936747,0.0009366042771522531,0.0012600982569308528
0.03843011553052278,0.02935935584458782,0.04794704077954892,0.025722587161530863
0.014802679994582069,0.05084571036551577,0.02962862690530821,0.04802547076530839
0.015236027338741853,0.011827983175434764,0.004658023169437309,0.005470795512820592
0.03327570709677652,0.00013387318861435293,0.02272601859615475,0.004634966057313061
0.0509723930033007,0.00875492768403252,0.027375912495997468,0.00047695492332000544
0.03998013142295942,0.02469716073872119,0.04787669253218352,0.0190975984518158
0.007991025227084725,0.00852688765920906,0.013895728940881757,0.007270258944505725
0.0017244258015963743,0.007482029453889316,0.0025449497896880002,0.00027789557653723485
0.0038552115191986536,2.046338054484398e-05,0.0029146350558315604,0.0020260578835415988
0.0003043224693564106,0.00018486591369959449,6.809721669664981e-06,0.0015028946428746748
0.04535042732964334,0.06014688450157446,0.04852861753417992,0.04051439009653568
0.009568913731182516,0.0003134568161845541,0.006582088134169939,0.0013534964154426898
2.0883625711176634e-05,2.9654400223178e-06,0.0024186674777451067,0.005492543279109419
0.0001448648224007254,0.0013866209549380226,3.229529688120181e-08,0.0001271344084721182
0.00013496663597523106,0.0034571273087726784,0.0002611758347493831,0.006445771571219394
0.006950193756047551,0.023260862161000095,0.005572599938357348,0.0549506035464411
0.017985458300472268,0.012675959026813954,0.014192580169394176,0.01141364957064972
0.0009574132451365402,6.0865333538773214e-05,0.0003080611866421723,6.247618901789043e-05
0.0010315413331454248,0.005944964164190103,0.0016259954273289967,0.00016905404421985182
0.017692968062025805,0.01006475905907911,0.005488748261676668,0.0059696567402861556
8.678076520107769e-05,0.02286452822038365,0.0016546174623478516,0.01109227335471552
3.5615334305072466e-06,0.00030839472245758337,0.004394231218857958,0.000999020718640109
0.012037230532800036,0.0009721335702116418,0.009253511865083719,0.003984532671074126
0.009839357333986776,0.0022785361431937323,0.008540404399070223,0.0016846435269206594
0.01201916174755746,0.02195424981642935,0.020402245920650208,0.024767234147144324
2.6010855008973266e-05,0.0010241565718084322,0.00030368667534652616,0.0010492683926845991
0.029944630936212246,0.0025257568874611502,0.01049502908936728,8.862657341601743e-05
0.004927822043628072,0.004561431819779083,0.0076429985056308825,0.008182772935042437
0.06764567932068277,0.003866263632983813,0.07493159625976231,0.0027820735140885455
0.005878708512760733,0.0006452940776867644,0.0011933117821117945,0.0025479813421718234
0.010777952008103941,0.00015012581745144082,0.00327613947885963,7.507315650656654e-05
0.012853831273394456,0.004996743372678525,0.022426487003851636,0.01314861431644787
0.0015980357460481098,5.408390950112363e-05,0.0005617323266947638,0.0030998964569100007
0.03854787090121692,0.01476130169998191,0.03721217223523143,0.007416836854396536
1.1800748528356664e-06,0.00044601240748121107,0.000181461438164221,0.0004911457138319086
0.01671308806169436,0.001827911245788738,0.018746726965696237,4.317241928752935e-05
0.0004761422607112431,0.03204211885563912,0.0004565182190633399,0.03326619094144445
0.0007863251787824099,0.0011730138078872576,0.0008555030600607694,0.00420727433337531
0.057493915437983545,0.05529843373518517,0.033182461716295575,0.020506483328581182
0.003306404688732334,0.013578965627237038,0.001662229773520485,0.006739303536006713
0.004585462981838595,0.019169331280815105,0.0003696822848741066,0.011692417840992508
0.003949248987646037,0.022173064477368665,0.008918120560857945,0.017288536911957197
0.008985386481772939,0.013268030442495693,0.030044201518100055,0.006900636984122577
0.0016883281094079994,0.010349041965447392,0.001234215019837781,0.017884984336601573
1.27287488882466e-06,0.009116082362764621,0.0024640196921753565,0.008648346822481612
0.00016217380421490457,0.003470488327646515,7.757560419741072e-05,0.002265745738033287
0.008309330154773642,0.0004142743724713238,0.0013257286999518447,0.0008369961152751015
0.017640836043212427,0.026065850619884645,0.035646665006539124,0.028348802616528834
5.353590376855344e-05,0.02475206697625021,0.0006492378502507279,0.023165669490046947
0.011624402465900796,0.008602168177057501,0.007184861888959837,0.0007469979129731685
0.01317671579671209,0.04168960577250813,0.007696007903054691,0.027062411093797922
0.0017885408083075927,0.015391246482715726,0.0025084149959049284,0.0234049484016865
0.004927500671739082,0.0014257106488327898,0.0167592695314428,0.0010419476116397819
0.0006385091656178066,0.003381872301572275,0.00036757354296867994,0.0008368418636794939
7.568532644430803e-05,0.008625180881757233,0.002571844341697882,0.0015419125696092273
0.01289320533553917,0.013068356091355926,0.013046335707441403,0.005893141540598834
0.00023163819643345906,0.005913841100026129,0.0004648500525861188,0.00018533592672020927
0.0004725865608262714,0.007367478364054492,0.0003410947565057887,0.012360006063081186
0.0242907426979857,0.000929634563604842,0.02650363985532156,0.004207738391291627
0.001631589353109253,0.014000147430482612,0.0005902514592154295,0.01169391129627917
0.008605286930923661,0.002415910153704126,0.0016712438786464778,8.813002114260726e-05
0.009220353615966292,0.006297923476075162,0.0023823645701881446,0.013127890584738289
0.0009019255584817865,0.006904425209225962,0.004518590742743855,0.008298667668362847
0.007348442997063609,0.005863493698077371,0.0035137620358755006,0.00820446042131473
0.0027241978889512852,8.533446121694599e-05,0.00016256841222095364,1.244729410321277e-05
9.824928032831082e-05,0.01028015654154324,0.001961010746466374,0.003476329331125738
0.02336841549759283,0.019182968940575917,0.031159024108370126,0.02285003772857963
0.01756249952629063,0.03972792234245015,0.01817707565502713,0.034831390322959455
0.04740942962697303,0.09074044227881939,0.040465717417219715,0.06583193051402458
0.00013619878098880545,5.222424285733496e-05,0.0030996378177688966,0.0009536417750634074
0.012973850326400194,0.0016614991538361767,0.021936419181551647,0.0075306824864642685
7.389349995479133e-05,0.005119026281998673,0.0007764686363306295,0.008131277232847456
0.028481510562197054,0.02290640938763977,0.011062889682171617,0.04979846910513119
0.0030233773374550577,0.0009162896000977083,0.0072993694119916075,0.0005209876874613384
0.026275465867177883,0.006937862795848182,0.013641381972618327,0.005417917588753318
0.01424696194979469,0.00030888843766030405,0.024468843223816816,0.0017929158073485274
1.5589220625500388e-07,0.003874853228266195,0.0001729860566256347,0.0020933886376324207
0.021345188443895435,0.02482644162818226,0.026806565091148538,0.021081572796346926
0.03310114690149679,0.01492532369265176,0.0108274500989336,0.013067594631540502
0.004975105425853554,0.0002009760878544098,0.022871465560725168,3.2234522950203015e-05
0.0023666442241021546,0.03144350518488093,0.010252908311546016,0.028436144539638608
0.010336267658782039,0.002853691786550705,0.02025254361832307,1.2591571895703702e-05
0.016079717862478193,0.01681502640165944,0.003715715774384898,0.006216814246214897
0.00023904863315948877,0.010969829203206216,0.0012227855150931388,0.006603740186564844
0.0028147074403582772,0.048874398512267936,0.0006074714867616571,0.07399595515868329
0.0006694377211857727,0.00044666396964021526,0.0004246498594353554,0.0006257224954848706
0.0024287266666250806,0.05669291406021604,0.0005592428483036649,0.05656061418770009
0.0034198225520921666,0.002145613497284815,0.00467242824819325,0.0022906021074047267
0.0014453649178872707,0.02011813539419227,0.004670705344873904,0.014782323703662281
0.0002067215584909965,0.0005573795727740194,0.0031477897153893153,0.008026004747723303
0.016465510765546476,0.0003311100415763768,0.01992921151139293,0.007942882433856213
0.029867989369292913,0.02671270385804292,0.026471666186848375,0.024525450586953212
3.5912790385284055e-05,0.01670979749133783,6.107088319817766e-05,0.010633772303788036
0.0027832088758189544,0.00939916872043689,0.0005873321315054136,0.005406224931109205
0.003078607298754532,5.052565836805023e-05,0.012286751233377968,4.7848727548926995e-05
0.006030913325722254,0.011369477229971392,0.012977360396400184,0.009256879385334038
0.007333681555219851,0.008074049408736794,0.007207682490823486,0.03139009898981837
0.0030389038755491704,0.011505499124301433,0.0006760062040499504,0.007446685752596327
0.011545606471345393,0.006058087854752148,0.014248492281366487,0.010324401814533202
0.003222932565116632,0.007345939216694242,0.0030890469234933216,0.015614432198132744
0.02922809562638118,0.04280580085074592,0.025535363019367874,0.027707725946409467
0.011991343622438477,0.0007589111235405399,0.005339659932677154,0.0001907028050196491
0.004374852812699337,0.005044876484898375,0.0007654942998137626,0.003067882789200782
0.005573986981117995,0.008778085651590328,0.0034636682794814133,0.0050739589132886564
0.00010334161369351946,5.514122883742978e-06,0.002788069768912993,0.00333203166810514
0.00014039796042364383,0.0008395863362905542,0.0018218627358146389,0.008986365394338836
0.005183921058499963,0.0033624878423358373,0.00645124646009132,0.0017131596565451712
0.03014114801227319,0.0003798056080357437,0.048040053207780486,0.0006934326035086258
1.4926040736717994e-08,0.0016404096952287173,0.0006598898570155942,0.002152538535888149
0.003592468624392331,0.0003202714392213091,0.0037030883174099527,0.0006491932133529943
0.00010723914124466383,0.000225606301398118,0.0001328211591247186,0.00019640001115928118
0.004182339892489395,0.006706846099792996,0.0019145695966830134,0.014148619404394047
0.028751435213842158,0.0012426991154311784,0.019434649927447367,0.0032461989082175347
0.025617023311278686,0.005534320878511467,0.033068455516550244,0.002392103299113102
0.00275600861994052,0.0021677647420189627,0.005166811493282353,0.008821988308381878
0.010856416558471582,0.013077964578299128,0.010191659368315231,0.010777439779198206
0.01477204329808457,1.1483300471626379e-06,0.017000003873083314,3.2455402699804736e-06
0.03522397738557714,0.02848563489845546,0.015401369485281702,0.04019508955720186
2.3091231459160255e-06,0.009072052289633148,2.878165077380146e-07,0.0030519056160299707
0.0034614401344141843,0.003544014116074745,9.543702031267198e-05,0.002901599559555046
0.011765728338016035,0.0010026317911859817,0.006636734226717844,0.0012250965247900814
0.0021189983178979688,0.0015749412061161205,0.002345629184566378,0.0011635304836289384
0.02640202264680991,0.03177110185966425,0.02266936277411591,0.022317630366620933
7.68721444788234e-06,0.06100171712301228,0.0010467936457538851,0.060286596509370294
0.009371767184499058,0.006803288139274222,0.004176081892734662,0.0001254130086192351
0.02508165423655151,0.003204985468738264,0.03132927142227471,0.013147757385191805
0.021485359134223114,0.0071650175647937075,0.019335354816562567,0.0007840433436079319
0.0028714706202084272,0.015715711376957153,6.432323202631984e-06,0.02620292488177467
0.004753965607014576,0.019217651878586817,0.0032650362267856448,0.01933451164479305
0.024724939954747782,0.020866488425807517,0.0226616655289259,0.005665462067199645
0.011348718903162913,0.0021400349004415675,0.007578420419782073,0.00027630387972710224
1.0804920330786949e-05,0.008701272254921677,0.001296983042461397,0.015028778295907541
0.0014270210331300826,0.025646375046558312,6.811363457071007e-05,0.014134202619111691
0.0036723049741093083,0.09710191950493774,0.0011380800828748594,0.07940856256730644
0.027044805682036377,0.006103908582510642,0.025886963618757197,0.001452804501238636
0.03680815144269711,0.0002261020954438253,0.02992542694557465,0.0006627262146071677
0.00033434044356639436,0.0011346584818935357,0.0038176295570864216,0.0002755032743273489
0.043379304132352914,0.05224515643238048,0.014623213116739975,0.027593624094431557
0.016130745650843603,0.00869346509596236,0.017453251544641946,0.0006640177652346146
3.4637407144710863e-06,0.009046380676635324,0.00045618729926399926,0.0104981258900817
6.362932692960399e-07,0.001263529056520718,0.0009584430687291645,0.0010227006629651703
0.004128827604930607,0.016664022867783346,0.016873005621370396,0.03493281262486203
0.0015857702048930333,0.006820400113545455,0.012149115481942752,0.011148114207671256
0.0037517886032738534,0.00644212808110789,0.004636825952957335,0.007358093680980171
0.0002472844101882865,0.01947166222767427,0.000683186943242764,0.02180231456866466
0.034912095293591405,0.02946360941841686,0.04295725821329999,0.022142859176511487
0.06045546361030252,0.05383698475437382,0.07728037806440724,0.039400166346191035
0.0006765849829407644,0.06695092873543385,0.005847045724138078,0.055977763256343294
0.0006298213359973159,0.013572804310246323,0.0035570454951679986,0.0033896945204214823
0.02100755017145739,0.0033857967524285604,0.025520815256353635,0.0008914410250813187
0.025889091597511737,0.010694586820075846,0.022750770679644594,0.014715975118732239
0.015337785095183243,0.0013917842168317263,0.010474598041206873,0.008846682442493425
0.0017937014808606655,9.888117638734428e-05,0.007976328518166098,0.004718341671940407
0.004443733150959028,8.442571738120908e-05,0.006690215545961831,0.0026716562259165855
0.0055638172470823255,0.002371896484604896,0.0010471817358077562,0.0015046494381328879
0.00025577679762367467,0.00044454502362456516,0.002246764434731263,0.002707745058103672
0.04723663639833109,0.00028239302115740106,0.04350712272243662,0.002288613364458847
0.004723072100804582,0.012628728210442253,0.010555334072842149,0.02091589113807646
0.0006375323713179171,0.00531844388412317,0.000353154229043362,0.0049852838051288595
0.0337897400267172,0.01268433548598702,0.015786993000082794,0.0029809992361906623
0.013930304076817612,0.07992951183718033,0.01625156522008775,0.12814789877542543
0.007747045868418678,0.0005434152826360172,0.008127424189105281,0.00017141708670831424
0.016127896273099518,0.011475831095745903,0.0265345291323561,0.010321133893442469
0.012783647420604227,0.0198558224979124,0.005068633547613666,0.01951380581965234
0.003306367795575804,0.005996658609898287,0.0053901263277408296,0.006925043167759992
0.016827215318946598,0.03994412190808305,0.006782080465410512,0.04341924106045403
0.007202539305518618,0.01143745662802631,0.00981937950846612,0.003882172601621048
0.019985402850880907,0.0006818539043699223,0.009767713484125196,0.00021687410272308583
0.012972078705191126,0.007982839272885234,0.021292962148464545,0.01898819309983324
0.00400565051692281,0.0038685909447605527,0.00012138793154525818,0.0007393192708718965
0.00014575847415199128,0.0007712413195597456,0.00010638783403582597,0.0005650004528637842
0.04370344131099657,0.0007248201860602377,0.04221714041856439,0.004738730020011017
0.015112578390600429,0.0154908300152653,0.03594998431155294,0.014720362524664354
1.9656436368364893e-05,0.003910931945841023,3.425553647617985e-05,0.0005427448303103599
0.0003268432594559778,0.0032076453297135155,2.841867908420781e-05,0.013038546859178046
0.017447062193611806,0.01594331726509679,0.017097789116062856,0.012717304021449771
0.0021018174036363524,0.003957275929914239,0.002788474584516698,0.00020486229616967222
0.018344030704971148,0.019017747040310895,0.023137715870396258,0.017061495517366687
0.00010814628219990574,0.0018707960932158318,0.002809103964712012,0.002159029308263727
0.006499186220771946,0.030817120012498145,0.007776385789887708,0.024529675258349593
0.00785087863233147,0.0002390522937153472,0.0016913902577023743,0.0006789488904584973
0.0015524932470700747,9.255333562374624e-05,0.0011083056260311475,4.319567386290579e-05
0.003991579576298476,0.0002653387962454623,0.0001528461126638625,0.004529645578693842
1.8350242737552591e-06,0.010606046038289296,0.00033396410492414486,0.01111627750489208
0.0013416987022148996,0.03217852981844227,0.0005078888399097092,0.03428485526509695
0.008485119503427008,0.005198184770339731,0.01390626969061226,0.010107746880076096
0.0020717485363878074,0.027532965667319997,0.000336390210166404,0.021795845253443025
0.0301323298114744,0.017669808050831626,0.012256712338902798,0.006735800203055642
0.007845034232303427,0.002441784072093389,0.001561826791494969,0.0004465123416212968
0.010381613300966208,0.0018074043974369847,0.001728089428198687,0.001115597963511017
0.0029692683494978445,0.012816865296609747,0.008027125629448406,0.008350539400600598
0.0007325779005132871,0.0019514238116431493,1.5368736702048302e-05,0.0008795012360567345
0.002123051237521989,0.011864786815622974,0.006673496521480415,0.01883879126111021
5.081299584985821e-05,0.0019773032998541273,0.002419223217882349,0.00020323137423960969
0.00383321909194001,0.0005037144969066709,0.0036311929402242926,0.0038311778999400303
0.007423573349149337,0.0011444292493203445,0.023204443626411275,0.004103749721204197
0.000651561768059139,0.0016716081661470872,0.00037560019011295687,0.0004890031476245671
0.0521217509473918,0.015542119105259822,0.03228495696618083,0.01325827655891676
0.0006258394739452333,0.0013960345675907426,0.0009032310268859423,0.00015562881347053192
0.029165163525290305,0.024592039609576455,0.028757345786500466,0.023904682426443058
0.002704590115470973,0.030135079941354115,0.0032266514095482535,0.015529711729556972
0.0355889560967142,1.9408725357994427e-06,0.04013089046129514,0.0022181173502670015
0.008602493552462565,0.015289324803403281,0.006872665885329865,0.023201928431096808
0.007646430961477657,0.02856891760875291,0.0018417917865871658,0.03299818562556989
0.003300426161418457,0.00968577968763662,0.008077454256271155,0.013173490876165261
9.976737282912929e-05,5.184253186507615e-05,3.605012444718447e-05,0.0005107451545214303
0.0002696994725452928,0.010373022407552668,0.00022662235203063652,0.016581909124860128
0.008315622878476425,0.0018035841892183324,0.009171467824564017,0.0014264495098655905
0.008502395179222688,0.029486226835147344,0.019398311835188697,0.03147236628582073
0.0011153897939698565,0.002104021915529608,0.0025455249180810213,1.4492418943801155e-06
0.010815152976389575,0.014778856426321485,0.005179740386950571,0.016707383340817672
0.06940494487783111,0.0097565453253049,0.07197906366943041,0.024973069045635454
0.008052211262449593,0.00407367359313815,0.012004900576525923,0.0009728039091579932
1.5466467908731296e-05,0.004701810118928784,0.002602082349699608,0.004775845072392482
6.417087150656364e-06,0.024728406517156243,0.0008017417222001555,0.01672518578963378
0.004248132708158381,0.003861974194539264,0.011089791646972769,0.012983977831661275
0.001111422101240933,0.0035369756084961956,0.004789998297974329,0.0011846190244452215
0.001404315818632984,1.2457657604381112e-06,0.0003686323227944932,0.0005338354083721519
0.01615648079252774,0.001958014876902392,0.021217635830519055,0.0071500509035647974
0.002813929045409891,0.0023908106508883087,0.002583277172272469,0.0014425735569062459
0.00012295393929562248,0.002784842453223857,3.3017980145433334e-05,0.0011512549020632479
0.0023681256649473736,0.0004533805331347063,0.001649323138272818,0.0003268658567380234
0.004652959165835857,0.02018951476105213,0.0012456121965924716,0.02711953741199713
0.0018440800813066538,0.012170998919967313,1.6244136523679842e-06,0.013255670260713948
0.0008957132896392217,1.0507372508627988e-05,0.0022762631777281106,0.002676888888233475
0.0007914398562999247,0.010542901427627371,0.0001860179198367451,0.006180001765016763
3.789595753533881e-06,0.006494079941471775,9.185239389308819e-06,0.00015514848694564431
0.007601755593324766,0.00017938442706255664,0.0075993230513795584,7.685996536155315e-05
0.0017087710909766685,0.00010100339906404798,0.002702425774830597,0.003284952245373063
0.02831407902063665,0.02354106972759218,0.0341377334748868,0.021216200862478996
0.02896733843069499,0.012268810485681292,0.027980808156614745,0.005718871538680559
0.0017502756006744224,0.0035893353705217512,0.003068176846225956,0.0051117924935746295
0.015472325765676476,0.0020167269511796038,0.01628734185483971,0.000642765944690038
0.000868312126333759,0.006672927705702825,3.266389769773781e-08,0.00832318064506632
0.00010683936268507388,0.0009873468845210676,5.115649278186751e-06,0.008818435047466044
5.2356232106753886e-05,0.0035783029523146492,0.0005324798157555488,0.008052594968527504
0.003407013118197022,0.003233353391537963,0.00314479300167525,0.0012589884805263019
0.0036139111284565484,0.0011500067419708548,0.0007419766422890328,0.0010863966152289128
0.0015911224234236299,0.006350940615070799,2.0540559042547812e-07,0.0062254956367303604
9.312448767162529e-05,0.0010345504994440091,1.1932557164584523e-09,1.0448358719328255e-06
0.023965499460487427,0.0008475688670932513,0.0335303512386953,0.006457050112163687
0.01894221557955711,0.012744496510344372,0.016296756896701292,0.006940572937706224
0.008391999675338435,0.0005684564925582114,0.002403007370201049,0.0010447620670631652
0.002869370097512758,0.03303467368530433,0.0011609403644278204,0.01891646243659273
0.0002472024838484632,0.0003523308327939567,0.00040568453803035975,0.0008558123596723588
0.015536603868971377,0.03906887908235557,0.007273691109226932,0.04463626150494471
0.029785247887851085,5.7090365984446834e-05,0.020890058185568994,1.2306054113953024e-05
0.024148848072020113,0.01954766418901477,0.029813700604792603,0.023682115373683588
0.0006073875273003848,6.231478140161784e-07,0.005004363992552108,0.00011355489333353397
0.003181224365475077,0.00011970834651409135,0.0026403791768671026,0.001107849827842844
0.003398148934360079,0.0007746162805590817,0.00133995784928842,1.9150516176180687e-06
0.0046358770882856115,0.0008602811339201155,0.008015572903816826,2.2915466341144608e-05
0.002376004200662085,0.001521363253454533,0.0017641120826094037,3.5275736590456575e-05
0.00021640181925053348,0.0035307876273813488,0.000144232262432209,0.004887110287548402
0.00297200107670037,0.055203467527147,0.0003704774154356105,0.03567347478378535
0.06380922710280779,0.006956802763364411,0.04860713614643808,0.001357979607109483
0.0010238247201301842,0.0003342367795287071,0.0006756412661932387,0.0011807969226046433
0.006527072099837605,0.01600453556912662,0.0038895513488831357,0.007917812739980379
0.016536262075009356,0.016594726301842888,0.019711599846201855,0.03620435120227383
0.11105307514917706,0.016250813088318772,0.09017232792804131,0.012506605734034948
0.006322243153898399,0.012019913717336128,0.002174368729513265,0.009864374092324435
0.04373929704831048,0.0007579942028611564,0.041756532698260296,0.0012563661300902806
0.003126623201390566,0.030984712625884314,0.0023346228992715545,0.01943634309837239
0.006477108730026493,0.0027631817888422727,0.004629303860753775,9.330084307512809e-05
0.004176534386192143,0.0031484199860616346,0.002320391907929209,0.002308762024491595
0.05838835272320042,0.0009520622619255681,0.0549408935927429,0.004681870922636833
0.018082560440402684,0.004420658589180282,0.016465481646067537,0.003645120002424118
0.017881582944860086,0.003799277817659097,0.03894925863226928,0.008828422034431571
0.0007771368571194426,0.0015546165877293738,0.0017761886145609695,0.004930998037447787
0.03479689486540194,0.004601174211603221,0.0423521128688098,0.006177619548619062
0.00022287886358274278,0.0018261985424090632,0.0027265407700648447,0.0027859480556789995
0.0006964068022121683,0.025131200588915603,0.0010764542376352493,0.033295940539557756
0.07810969113278854,0.003632879731153338,0.04895066191221853,0.004178722177622718
0.010614256824473811,2.0595805758416574e-05,0.015481782720463855,0.001105490488687244
0.012453337936492503,2.2937698286207286e-05,0.017055361774901412,0.00016515101691294554
0.02396276966937072,0.05073986539589326,0.024431494325660608,0.06768103307470208
0.0008337342215546384,0.00758932641797716,0.0003862767506886966,0.01239930993341365
0.0022901258403648095,0.005373266093852469,0.0005575299717738291,0.00977512814378212
0.02578973843453558,0.0011924211724966272,0.04151041447899184,0.007288482412829755
0.002622875038432948,0.0031243749163699652,0.00024644144758201314,0.004365280985506259
0.0018665487289543092,0.005889975991043017,0.0011601244535470734,0.0064081110957366905
0.021801928593726205,0.007565062979144166,0.009514074208619938,0.009219030216310986
0.0023449656670572194,0.01711793716103094,0.0013997371736694797,0.023641439403922604
0.016890263693978946,0.005998826784655242,0.00788248841682615,0.005985089317679826
1.5956150251517087e-05,0.00025097255079786773,0.001605570292035008,1.9673170614131763e-05
0.0019229982635595722,0.0005167825073656429,0.0005345167823608277,0.0017151662265321166
0.03074432336268451,0.003070252968209064,0.06184632826604031,0.009616279575322961
0.04093701420167639,5.3697212989090026e-05,0.03722362577786864,0.0006609011319294034
0.0047309298961005775,0.00043737708405788833,0.0023695796267872993,0.002419290465079049
0.0059138674792894586,0.006845715754028814,0.006443493523521249,0.003334529896553806
0.014685159128593583,0.019431733919391347,0.025914427214298374,0.021376911599922166
0.013817977651025326,0.001154037520183837,0.011608508406409035,3.1792964956256498e-06
0.017070750426221415,0.028509226177556135,0.013845579247811046,0.023488176807777594
0.0004457302230791438,0.0015500102307921537,0.0002354948419456271,0.0006730143127696708
0.00016448237130728405,0.0004400228522517535,0.0006365627859159506,0.0026375998750564067
0.05279577772137489,0.04656665121076564,0.024861626136252202,0.04313440400452884
0.00011406917653156157,0.0007834309518836013,9.160575129230075e-06,0.0001778715638682815
0.02075162905676986,1.670257566199762e-05,0.015656294885497246,0.0006275661524455245
0.019661392675673905,0.0008102740721668278,0.01714034311380519,0.002735766268711859
0.008335324464741722,0.0015597933053346225,0.0076140409209797255,0.0034026122580793627
0.007505772106035091,0.0020069278224358333,0.008969066175532059,0.0003679217058816242
0.005236390511575317,9.083697026734949e-05,0.005530927115892537,5.5135939036721204e-05
0.002088910170046532,0.019265472197177225,0.006239736396866591,0.026186705531598298
0.0004456888348437493,0.00019664597212720736,0.005021801789716562,5.991076049971511e-05
0.004884832911007053,0.035215250460984726,0.004708506779277588,0.011393485751150623
0.015222363263026395,0.0027332673718781786,0.014443252575362941,0.005774870939572074
0.05083728842079016,0.011731468139995038,0.05896691581628477,0.015225333045391531
0.0016415350488135916,0.009767037910568988,0.00031592127807589243,4.4523437687460365e-05
0.053198812168842036,0.046373454354929566,0.07121574532084318,0.04948231760113109
0.02214939587705178,0.04095233939784826,0.006351094275925617,0.027355538308655447
0.00026253971055867353,0.0018428367705806137,0.0006591405996206889,0.000697753675709567
0.010912224805158743,7.632542505409123e-05,0.015247586434354643,0.0009669930889623091
3.535875330640259e-05,0.013156820709482098,1.4445957783881802e-05,0.007596046235034404
0.0006781629797354416,0.006184449680015525,0.002123316329278424,0.003686214232917484
0.010734222629641521,0.0073785717625719505,0.025460990098863157,0.007999090479116178
0.0007465151397415548,0.0016415256284462165,0.011319660144690324,6.079050222873583e-06
0.00012274000247369798,0.014082839865474095,1.2885036846044251e-05,0.009907490448226475
0.004602103082216424,0.0007170551924144952,0.007091243280841764,0.004035075132891475
0.029428386673298723,0.017392316580238765,0.022609598003584974,0.017945220644170146
0.01306008223463806,0.013207877610732943,0.004539618255283595,0.010695407456635442
0.00021914403571587915,0.005159278925032429,0.00193401792667236,0.0034740911395424456
0.0330518267036195,0.029282756221367112,0.02441221274308225,0.047431619715061046
0.000847977145038592,0.03587071529243813,0.005855915824008573,0.022346101073211444
0.005501682336182867,0.007273249245454472,0.007503285424541928,0.0027958265717604736
0.004670411915237649,0.0001550224870092709,0.0039710854761891845,0.00027506115164799283
0.0002383535773111678,0.026257872141250305,3.4660430114907825e-05,0.027030297827693173
0.002589325342754689,0.012069006480678546,0.010708897353475466,0.01921911784523711
0.004510911782997451,0.02546071809247541,0.0013729523287588918,0.015237399094367388
0.0029701292310293503,0.007530670750785284,0.0003125321918089341,0.006491226029689434
0.004034841521948773,0.019398663172586095,0.01755818451137059,0.017978971218302275
0.010986213746836615,0.007875447976999461,0.011656931854824526,0.015432592037555093
0.07914255999792374,0.03244196578212655,0.08629912316577892,0.02742335960334419
0.02675936921536326,0.0030489453132171995,0.031337178211727545,0.010708816635259466
0.03870732406451194,0.002401470217586521,0.023933745033849374,0.00041146019881366236
0.015182789024974053,2.0014756925257338e-05,0.004784784038749601,0.0002199811171692545
0.03989670238978482,0.001951480364171032,0.05750461374131999,0.00124780656401291
0.0029939079392969914,0.004533178555796047,0.010214587362598615,0.003049786118272113
0.026483432759099257,0.001694387790896812,0.023811067730617808,0.002692720285723982
0.00884598100208589,0.022773714723079874,0.0031336264579242545,0.019838777469783686
0.014142608383021282,0.0439318801862949,0.009175194661758979,0.019887349826156808
0.036499061093531515,0.017395753060185926,0.016025487421081563,0.008992122532109126
0.034760709528628975,0.00013105927519829752,0.033031157180449355,0.004912906835864206
0.01766191716363763,0.002810266964600183,0.020901180376446393,0.002168859413891888
0.002395259110272052,0.002528378756170069,0.0006232975856517164,0.001173618301897883
0.02317145879232707,0.002247462084142282,0.032770748169662633,0.0016348914300766682
0.0005869226256838278,0.07761103563686134,0.00040301941436504674,0.08816858657395676
0.005114568785176576,0.0431061809834683,0.01755936690134019,0.11292036697463659
0.03381635785267112,0.04666526386843406,0.019731515525318377,0.01740690330399275
5.615507202794134e-06,0.014998813056890992,1.8838690392541935e-05,0.01209937131743144
0.0007417970898401238,0.0015604767466552705,0.0031886977924432403,0.0035454283193518954
0.0369768834341756,0.044743802956742074,0.033979055830391625,0.05718935757007193
0.017736799471974707,0.004852558357711256,0.019347352879773738,0.008624446488977977
0.017733416682046532,0.006464179735157782,0.016903379326344448,0.0019856680745826694
0.0013646557888052913,0.0075430086622138015,0.0016576853835016392,0.004623659012440773
0.023995009514265364,0.002331944974807043,0.02125562010210147,0.00440506544607755
0.010018708735677007,0.052282184179625046,0.01603110900607896,0.04810834832672828
0.005009241515687046,1.5181522244889223e-06,0.0046039750951553104,0.0015279580241283064
0.0111231051339995,0.00019097828883740675,0.017646492143174708,0.014464425735990605
0.0009698000505948823,0.003940797193432322,1.4185621362017287e-06,0.0024739337454945387
0.003913658656506169,0.007276019367041253,0.005106761260322723,0.010465298388089628
0.07626905833207265,0.041502727997086764,0.1142715499536443,0.03437364286916045
0.00010696587851277695,0.013955129998651117,0.00027443318564013275,0.007864777658809996
0.00022036948095616182,0.003172505793591518,0.00048607142387124824,5.136507553749059e-05
0.005958883850112229,0.0007522377194990604,0.008137517142279949,0.00014275646692907262
0.0015953177550532827,0.00043214006853331544,0.00087871884895796,4.19805864579903e-05
0.02149432996409939,0.00461160157670637,0.023711165949970026,0.0031990862010332632
0.00196397719998187,0.0001729408932296117,0.0022130168518036397,0.00055380840602548
3.799814400884394e-05,0.015696199520095155,0.0012097676328400864,0.013302598114052544
0.02528087126736278,0.004482166811286992,0.012377161766760736,0.007963114830739637
0.00011383310874846231,0.004327688759469872,0.00032022294547706665,0.002308586731297302
0.03622987736848349,0.03327174713526437,0.041779403636523105,0.05242125932748798
0.00976278443070877,0.003574767168301629,0.016588056800468376,0.011397790526554985
6.950813340678152e-05,0.0012083701349850928,0.0006420511157427811,0.0012554474164808704
0.028115647731052795,0.006180012807689428,0.016027712291425633,0.006425339000569186
0.01217913707263707,0.01493565903051286,0.014050123135249337,0.020774353567795667
0.010678720740950998,0.00649313845576005,0.01709461497418474,0.025955917911082427
0.010542824771134218,0.005538243279442412,0.016669795004620402,1.3101161660977745e-05
0.009766775860786892,0.006431652480133554,0.008299522822899585,0.015113058015521652
0.009558806680753817,0.00013625847634402,0.011654075430325372,2.247560252355285e-05
0.010408102669490327,0.003363303948373142,0.0036592512439993508,0.007255192644157971
5.466630434547426e-05,0.0002862125343660038,0.00023401901413477866,0.0018714270998466676
0.00961744893601768,0.0031153154404049976,0.0062474854401967095,0.005782897088831063
0.0006398466726951213,0.02159603097365892,0.0017731185390429394,0.014910504751893372
0.024131180513208506,0.0020393592865936006,0.027635883089218494,0.0004917778455926225
0.009433099153936642,7.215853773512304e-05,0.010132120913804332,0.0002663047370489169
1.2783859264287045e-05,4.71953616454357e-06,4.496047027457983e-06,0.0009601825734072422
0.009107419694053265,0.018561626078233973,0.01498547285388696,0.01691419218951007
0.024047601310622335,0.016945606596778684,0.00863733275334444,0.003750581264668207
0.0008136786971633114,0.005417053849981257,0.0032376299596428293,0.002645767141929989
0.0016687357643695444,0.018460287981994394,0.004409781924457512,0.028410350974794385
0.0003118581352054006,0.0006289381615143252,0.00020198981086583245,0.0024323002604488275
0.01259239733241413,0.0006308332227382696,0.015751409857248544,1.3419332830388875e-05
0.006709035957617515,0.008749703653685326,0.0006917865700036829,0.0002456006015689738
0.004044548245929702,0.007021523692569809,0.003956218530184574,0.019273104809990338
0.008607590268793874,0.004318568113089505,0.019618124946906623,0.005490374119343722
0.01737013960122069,0.0005545161467686022,0.027412141176995863,0.0013160841252179978
0.08821518220018254,0.008960005725389575,0.06750530193057558,0.008274748972431079
0.014848948762710479,0.029337934367809848,0.01653319724496627,0.023121086132457447
0.0002499760959245867,0.01799561955205864,0.010288214778410576,0.016972887262821756
0.003997307251165427,0.016835717976527276,0.01625624035437334,0.004343228653762354
0.0004542894675941822,0.008001751114906974,0.00020800697669443036,0.006901532251356257
0.007520944000255603,0.011678729977353752,0.004795948320446941,0.02118801294791839
0.0093335397874168,0.007363394722472938,0.009805912802454797,0.013024883932147513
0.0787780513474926,0.017564280673540544,0.07035979084727828,0.009733469614447099
0.014066326377824012,0.001991326641319069,0.020518615528833273,0.0005990427244535468
0.011401847530168152,2.29542358721746e-05,0.021092834020554063,0.0011182399361954198
0.0033577871792708214,0.013907610196890463,0.0020079783490037917,0.005086255190876132
0.0004289977381479737,0.001081631233651903,0.0006618864165788274,1.3886911409688452e-07
0.003238078337826744,2.701763468881957e-05,0.010958010967198839,0.0006071669138374425
0.0009920384043863306,0.005131716443018686,0.0005457373714343738,0.0005333300706096278
0.01826672380110772,0.044303946954420415,0.011133417998300588,0.0338816345739934
0.0011102718422708602,0.01000075683058943,0.006570355080186885,0.014799365600515757
0.004250217347121388,0.004932813501668298,0.004253905649042711,0.00394233132126387
0.020911930060238948,0.010828188459692578,0.02389348818071002,0.011412535137434676
0.003033419769929102,0.009940911852017065,0.008631095118761367,0.009823064499729584
0.016721791598803604,0.012689932960758488,0.015587622883791119,0.014275109975302458
0.004623489217341015,0.002860451989909696,0.0004150865623180344,0.0027145458180348747
0.006862252687100945,0.003422414916357863,0.009103766348189657,0.006693439901978238
0.0067859830796390685,0.00030099564894958686,0.008111678438219916,2.1576616403562454e-05
0.0001070958124860244,0.008705418790628472,0.0015727322882386208,0.005897135312888269
0.0019641242162545813,0.018023883516044115,0.009069067660410046,0.01608030295776952
0.00028424985335839814,0.0023263273930794748,9.222117395890628e-05,0.006299442186294746
0.0006296334169701989,0.024649836988443474,3.425348231189673e-05,0.03761450753696993
0.0005106882829088999,0.0004843943757942837,0.00052502433968038,0.000581575719664551
0.007003470486345975,0.006900575002500631,0.009712744684934549,0.01823273984334972
0.0002292243584218756,0.03512599114801551,0.0018094917072907224,0.021056960011013315
0.009854492594688291,0.004616586927813526,0.008173899061063916,0.0037613024338226664
0.017567342659416174,0.002692300914405643,0.020612952074344326,0.0006307663217991477
0.0014789125180491025,0.0130830163870288,0.010862606681625309,0.029147252965321835
0.018129233067957773,0.03346471703990561,0.011376542549313862,0.02773806161896042
0.012090164971697126,0.006896291863779824,0.008179658774989496,0.005111805716634055
0.013806664796358281,0.0005599943529916995,0.007691392424231447,0.00029615543523664467
7.060765494504295e-08,1.3447894990914477e-06,0.0006044944356689008,0.0014025324305384501
0.027513629239351967,0.005794607128958518,0.029033536287988326,0.001056197290107086
0.00286543724718491,0.006200760842040021,0.0005002954154407213,0.0032462234757846264
0.01331639736726542,0.05791068573934033,0.010527705469650761,0.03902108023710715
0.0019482172958618094,0.013858899068316388,0.0074127255562229655,0.0398934736605423
0.011640105241824461,0.021048459231949312,0.0022134994126877805,0.015058031336228406
0.028519636481496025,0.020256624902043163,0.028424640262531775,0.021415822806089113
0.00020897254709817403,0.0037344862985956295,0.00021030653267695154,0.01456351538987033
0.004725119550855084,0.021725780660162952,2.0062344132987242e-05,0.0028758707447682497
0.011139679544377667,0.02635776164843351,0.012377304665601718,0.03005169245788608
0.008055850605729664,0.0007287942754793386,0.001763610378760605,0.00013685611639313588
0.006236421502541889,0.0040952313039109844,0.0009794480145070006,0.004116551718747363
0.007717774962666457,0.005727003305750933,0.005007867637899843,0.0021262392763519156
0.0390910780390874,1.1035266895831342e-06,0.04905887338368575,0.0003837384335384497
0.04879796582349816,0.0052373580380236096,0.04178874415014777,0.008150281528090053
0.0328741410026,0.011071058779127396,0.03604336468129299,0.007102144612417205
0.0026677602729914263,0.0008221103708403454,0.0033398092694567616,0.0047184259573592735
0.006553467457711459,0.000445246612343686,0.003221778811689169,0.0010660035417583424
0.0175186383280872,4.621773915014504e-05,0.017642697908909377,4.3404309002847974e-05
0.0009646300792398588,0.025819386786464338,0.00027535638916520444,0.028527464893552068
0.008842396804486397,0.002461307284048142,0.010413885371411524,0.001931892279727565
0.035025577969387545,0.04919309853720577,0.03361690620162028,0.0398096058584676
0.0012299622389089215,0.008782810747937964,0.00019156065798120459,0.002027590180338712
0.010518289612352016,0.03242065351232826,0.0037746833725746942,0.010775669725443637
0.015933063783151846,0.00017967732840862283,0.012320352076085395,0.0027389464481457626
0.003023306669328818,0.018169924033505036,0.0028267216675219586,0.022273304835957353
0.018835305053615747,0.0010661804004472586,0.013137188289693236,5.553890113796367e-05
0.000162355821691329,0.010302416264037606,9.497718732787153e-05,0.002810239590268493
0.004028581090263272,0.007118778616040156,0.004024400682849483,0.007597772792189983
0.008268800387678632,0.0035264795762602885,0.013920633906881141,0.0013052519374741056
0.011288355594436972,0.0010578400760725692,0.007750616288306311,0.0009457924564357789
0.010190980482442824,0.0007834419088912359,0.025244883937280416,0.011102020234711074
0.0016587134233279066,0.012429369510277288,0.0018419023460142236,0.02008541609064518
0.0052843430835803895,0.0052203364287718435,0.01265286603346294,0.006513588992478003
0.014812103041424218,0.013572612454784583,0.010268607856686818,0.006683570653804538
0.009629303991801064,3.406016954365931e-05,0.016439916097678142,0.00017333220331194887
0.001187022699423279,0.0006613297140808383,0.0009877392917907457,0.005169841721606616
0.02716001506613952,0.001882503976444072,0.03186145945924357,1.574783768054644e-06
0.007049980177435744,0.0008604535563668803,0.004954176110040898,0.0010045537237587387
0.008766060189958291,0.012929371561019698,0.01727015623187489,0.02256811433019512
0.004975698549578578,0.015655032989319584,0.014865858800743648,0.005183597191556588
0.02596647045215994,0.009443060153008886,0.028942268475612876,0.00456083161295151
0.0012381659291246239,9.800193076048291e-05,9.028925114806796e-05,4.111166997611271e-06
0.0038752358566483958,0.012326151457343837,0.003991323018969317,0.01467350309123272
0.0014651972484938103,0.00477652315943311,0.0005600790270096079,0.0030689539894788176
0.0047891672167605925,0.01491080486411489,0.0016546619861363965,0.007783491938602505
0.011382189846423918,0.0016435857014502897,0.007194988025868376,0.011965686942168263
0.05171641320647291,7.798938351122331e-06,0.07189859778461638,0.0002724074998308179
0.012413597435748769,0.004291620051063094,0.009577488781466359,0.0076056522940958216
0.03768512986642647,0.002298048836214206,0.036713418775614626,0.002635622179875341
0.00011787174660793376,0.0028116266485163077,0.000896895240758977,0.0033048209710274667
0.01409354280461439,0.00015221992614355973,0.005920567503925334,2.4885166904242695e-05
0.015931213757534812,4.1509672459971725e-05,0.007769956937790479,0.0002677215351896134
0.02376298523629039,0.0040087664865002814,0.013167831024756937,0.0023365517560587357
0.009378134858464504,0.02736408439149618,0.002524539834452777,0.03951152573066219
0.0008446063860015895,0.005772697580057606,0.000360826238513523,0.0014914195851695178
0.0074396747568556965,0.03607444059239007,0.0024111651400196,0.023934968293310432
0.012151417736094183,0.008625423904815355,0.010698404570027908,0.006599703629660669
0.001564006596292078,0.011595192398685783,0.0018052781458094413,0.00680920948390118
0.06645151874240862,0.009759142893251194,0.0482542044460198,0.022358902548890947
0.005522516178427805,0.009311921001023737,0.01972447154871937,0.022885733101807082
0.00747202113698342,0.020047954065562146,0.004002373433978579,0.009857680453947082
0.0028371594612186524,0.03998823797676221,0.0018166245095581068,0.037203963203851775
0.002375858815018894,1.4235439516063764e-07,0.0014527883020630794,0.0013663475269551917
0.013153701793654826,0.000676753199489899,0.015383525015180588,0.0010015997950145739
0.0003971472476440585,0.000845837926548243,0.00013756936563713573,0.0028346252929865035
0.011175165272579113,0.0013310841917228977,0.005953566023545909,0.0014226579536597006
0.0008341781324290309,0.01610884317603889,0.0034389425172706156,0.010957031740459588
7.174612093463484e-05,0.0059135810034346425,0.0015807953416242526,0.008359679454799207
0.0019205407920453998,0.005205248645582361,0.0026170902736823987,0.004227038761413171
0.00367173943250243,0.00965011394673121,0.003133087028487913,0.02227943341145111
0.03228307815860487,0.00017100177445539266,0.014430105637981416,0.0002816598198736031
0.019486408628623608,0.011584652898309344,0.015808305651442645,0.018609379799844894
0.003879261497590436,0.02490920103704619,0.002071112866355529,0.029107402577300046
0.00030375640288227146,1.1640280948688186e-05,0.0002678555621969947,0.0003109958872870022
0.0006835519235300902,0.001233030605625407,0.006447527862422753,0.0029520773847723225
0.001995445399386786,0.005432040054710763,0.0010862017834653015,0.012577122271420493
0.014887227793955238,0.0004782615177445493,0.029878508436006257,0.0027837651449250655
0.010249579430107847,0.0470521616142443,0.014292046181361928,0.05549611596394732
0.01696496937562353,0.000546562218330493,0.026871254741533734,0.00032660251196325873
0.0020928889844787912,0.04158846249997605,3.3528346443878476e-05,0.043142106209371534
0.024544921197888536,0.0008005802518885607,0.016981502386155256,0.000683386556909138
0.0346531132405179,0.025617035416938272,0.03144516488610771,0.011727442422831413
0.03413318721738001,0.0788691858368532,0.023940716072038182,0.0721655538725704
0.0009138406098085916,0.001249277892231837,9.207486450824032e-05,6.311170592665505e-05
0.0025130429446442726,0.0054631293409329595,0.0018969053273232284,2.80821576156276e-05
0.0017926199373176077,0.0021165551769840585,0.0016574963332558479,2.046973053326795e-05
0.004944357615125572,0.015190493645904524,0.004774759451608435,0.006970585082992975
0.006389903097380523,0.0027861408139314703,0.0021446504006346068,0.004629306304871683
0.025621877095078016,0.003627666168920962,0.008878539266383711,0.0018135389515074873
0.018557990523103918,0.008055761346099755,0.010164797373988232,0.009841556419538544
0.0014545583950041907,7.191469481615531e-05,0.000670558032261237,0.001101363183538262
0.0019462539796349931,0.009106767154734241,0.002690735516903464,0.021839465145133352
0.030481085392741303,0.0005594642683733886,0.022740957063128286,0.001119333566657832
2.905358133409308e-05,0.004005923038474246,0.0008905891224869622,0.009360403513139048
0.020470653315951992,0.005619294349505921,0.028118398109845955,0.004025086251302379
0.01777159434338571,0.0057370524324201755,0.024621019015827028,0.009855424534376045
0.0012342725216186734,9.135192876230658e-05,0.0013690922063567257,2.8988983991062867e-08
0.0007395848662468119,0.0016045404168587574,0.0007280983107622596,0.003850298581683509
0.0029605051985941433,9.214246615429911e-05,0.0008457290712509113,8.566588841496525e-05
0.011923333358291877,0.0313367503003269,0.014136629314885796,0.024616332906296723
0.004844540814965992,0.034758715740785484,0.009706345521964033,0.03241710705534473
0.0001775564461162782,0.009461021068770115,0.00013402102143533767,0.012084248134529907
0.01998661645801303,0.0013202120719832955,0.012785048832255175,0.0006498338169246276
0.021367564717435727,0.005786395240645725,0.006793017346739982,0.005841188882158788
0.01963290808425,0.0041118311448477,0.026252379166111672,0.005650144541237023
0.010197166112121514,0.005802066054549471,0.019889061569261846,0.0013519916837630985
5.287962091538034e-07,0.046266415055647325,0.0013268031461347585,0.03865092988997887
0.016974496069774192,0.004294976589977573,0.009438095855341833,0.004103932873415483
0.031971854014906986,0.00032521386664041696,0.02602869442863831,0.0016647028371584716
0.0001743736571040433,0.001625152550597031,0.00350461545689551,0.006266355727562067
0.00078857067035909,0.006662289081225903,6.620330694551146e-05,0.0009527921280365614
0.006576743685824504,0.056623026648702335,0.009677295094867477,0.03597267208589172
0.004373455126613801,0.01856710186501953,0.0009529715946497985,0.03295404849729067
0.04138402606738856,0.03705280011213219,0.03939143545296886,0.03165215156888235
0.02031713022380177,0.017440353521657626,0.005601872148684239,0.0017538006946551388
0.00016574761677368155,0.0033935623113787727,0.0003456893366979852,0.0022997161352881212
0.0004110318971231042,0.04741712503671047,0.0005749531879386538,0.05363233574052506
0.0009316678851478688,0.0009563969347943235,0.0009764496707587167,0.00015788130327998307
0.00012668018992845198,0.009571754721493075,0.0008367020078012821,0.003286917492675845
0.01607362771345089,0.004478475611526478,0.014682694963207288,0.008108997547249808
7.355514921214557e-05,0.0012707550119895883,0.004424711574710916,0.0009193766971719031
0.00279537996506507,0.0023391207061412844,0.0009221877455251049,0.0007945948242469303
0.0017026050099477885,0.017902630417099497,0.00041574998412019504,0.005301488646025421
0.06116943616439818,0.03199003437794423,0.09498727599338408,0.03581971689133856
0.04778411860981768,0.0021756419072697097,0.03523447755158016,0.007566113619813075
0.00012826895880568845,0.004587570467582069,0.0017158196491490196,0.0012202792293763975
0.0011773947610633773,0.0027399870741727783,2.496429114096088e-06,0.002089407990110259
0.008453793376760887,0.0011486921721809429,0.015709744150290583,0.0003053803040249381
0.00012682602402458443,0.0006098591935198572,0.0033147434313754998,0.004369363837733675
0.00421237961034493,0.009463780294480917,0.009736244882828982,0.010204357238775219
0.0113396914016054,0.016648979123770946,0.008697966032207183,0.023392666422900277
0.00031414428646536763,0.0036464611233482103,0.00036462274927362426,0.0036210213295061466
0.011910084685468392,0.024445265238534075,0.016915987704780866,0.02576376902182309
0.023430793458802945,0.024653080471529698,0.030099881277238394,0.052437325565901305
0.021406920052255973,0.0022853874080577263,0.036450430576048576,0.010494324320222348
0.008186954997341012,0.019879731955402713,0.002770088554641892,0.033326168915673526
0.020297532998373558,0.001983936313986523,0.020105401112381793,0.0026221102287192766
0.0077296058590921035,0.020081075421773065,0.008244111139485866,0.00779818589174075
0.0021464817683641835,7.710782575409691e-05,0.0031546409574436662,0.006200166144426977
0.035850793592398955,0.05070958780139623,0.015460208393841213,0.036284730713777136
0.01738149988948312,0.00576005629234444,0.026040509706839576,0.0035811503464342476
0.0017805777908445064,0.0010608902621472849,0.011137641213977423,0.00046072796156915174
0.016209820061167224,0.005484178565695608,0.018161157780471004,0.002849978418183463
0.07570376937928747,0.013958331342726615,0.05231747364807926,0.006305768541051249
0.004403255988087995,0.007917883195921904,0.006022708524677456,0.009268035946368935
0.0010500370236926626,6.0719083843530086e-05,0.00048316482719179543,0.0007982973083850986
0.0021910787166474766,0.00039929504170665986,0.00042918284127757556,0.0004332050806262755
0.008805565914943303,0.007658841251620974,0.011537313186851916,0.0127021085457385
0.0008694368091192173,0.013883653621846292,0.0051055553864024494,0.011176316567317879
5.579020099943932e-05,0.001095225309195813,0.005973181789165838,0.00013837112368075832
0.0003185140693624522,0.011266993133050018,0.0034962433858508613,0.006179984195830213
0.0007223259279921512,0.0060960966001647465,0.0005719661843426316,0.012735423295292203
0.027212902561426278,0.006458015253736016,0.012426111722681266,0.0030508685851829975
0.02144314903236544,0.032246302349027145,0.019200198961296322,0.031822974558882056
0.00023087329396420664,0.013645428143481464,0.005238772312292084,0.008942709159032058
0.0006764675172039603,0.0012170768056652959,0.00033449951064246086,0.0026878321084377044
0.0501874248882177,0.02833734370674046,0.03700846300059546,0.021322142467898653
0.0025477309934502923,0.013458085128233988,0.0026220223941428866,0.01901361163600146
0.00023274972861875298,9.122609709732998e-05,3.785713453829942e-08,7.984848902209407e-05
0.0007739218146578519,0.000620676807569831,0.0002752304813541384,0.00041763598326860496
0.029396970509098952,0.0008317159980856248,0.030024815722899167,0.0004108723609197451
0.00024758150775017196,0.0002743983621221746,0.0011565009186551567,0.0002608455902236573
0.0005268021432143222,0.03259372619811085,0.0011874503893236632,0.017576598279535505
0.01915729631964469,0.004191370667613659,0.02138646256377852,0.0008381251055629146
0.005499721125010182,0.0029764484955602244,0.0008361032429591297,0.0025881384418692255
0.0010963207615379833,0.0001238986934146702,0.0003004146317696632,0.001632473395433931
0.02550141760313085,0.002948702585297669,0.017174952422065126,0.0001245339098425724
0.012734816866999399,0.015867595806431267,0.02001551875223706,0.013684346991980512
0.019681332700707932,0.0017460573352966469,0.012581535447242165,0.002712697210325521
7.22857677815103e-06,2.9476401253392126e-05,0.00019808549888133964,7.188593243856456e-05
0.009793128779094773,8.258645938630238e-05,0.004961063889569517,0.0005441945660167313
0.011145550416367778,0.006599494896104896,0.011910129849740714,0.014671757619138415
0.02419777215957175,0.05336879713816789,0.020994249356090955,0.03633000438577261
0.00784521565584817,0.004386064923852961,0.0026033201048378807,0.003516371375054006
0.04222551332695801,0.01521343888049942,0.04330682453752921,0.013597588943222383
0.034251686883872146,0.008985650701897052,0.026642764001870822,0.015235264416893712
0.0005052647847820779,0.019326144156482372,0.00047258545085460124,0.009977973684581642
0.0073422938580715025,0.007280326967527895,0.013875998760289221,0.012417515265926049
0.012057443666875,0.003137603140300982,0.004151365169241528,0.003961736919482206
0.003727850309195979,0.010730361801602806,0.002106630105835783,0.006565385052058725
0.0004130470671778186,0.0006077691022030596,0.0006953148217387906,0.00039966570782523636
0.002692472229305909,0.00023697862266869318,0.0021457635162346334,0.0009120516731375705
0.004267699903831579,0.03500899218643749,0.008052831390420678,0.037639667818906375
0.004082234938396434,8.490246719805583e-05,0.005519014892578111,0.0020484219725329655
0.061487670457915256,0.0035811462189012655,0.08217340484506541,0.002149347864047857
1.8732981338254184e-05,0.004377470007735806,1.9952050157368006e-05,0.009029135975006652
0.0025800173414805005,0.004800065342857707,0.0022455631817310806,0.0060833270098477055
0.0021376150068685984,0.003236099502868628,3.0376423409972375e-06,8.188158817801217e-05
0.00015809924112486495,0.006813964899841984,0.004084930087073446,0.003018955710831439
5.3555855261899765e-05,0.00024829531758574497,0.00014910219571806493,0.0004815372035732457
0.000953475366515133,0.0014741437315244355,0.0012720842759151862,0.005982625384214124
0.030260615307125538,0.0014269835911624451,0.018714280598786326,0.005631357320332042
0.11435273750667474,0.15296951798605551,0.11984090390440838,0.13117897961712743
0.019926276380546004,0.015633225017739227,0.011490559090573615,0.016581774931750837
0.02258897703549656,0.0005111849284243908,0.015714143103105815,0.002362260710611297
0.00036261338790744,0.009754726844979245,0.007040385965344065,0.0066558756551869935
0.01393071116726563,7.782115277965573e-06,0.019498370100701767,1.6953778084749516e-06
0.026971540545092654,0.028569763262673464,0.02856245177251926,0.016550999449858717
2.5699890613517518e-05,0.023675852340888093,4.849730702227717e-05,0.00879286208398633
0.010285700972770151,0.0038613795810354956,0.006422632072271006,0.004380581676550532
0.00036672125186076876,0.0008749597650586916,0.0008302707047574964,0.0012007386986938595
0.0028157432358635326,0.0062111619383155015,0.001663090533619016,0.005012164166129152
0.01588456661428106,0.009303329784525749,0.013913729929145968,0.013809148250838121
0.000662976546140781,0.007575568608709227,0.00200561399470367,0.016339412581906965
0.007198045787943919,0.0045059135679158535,0.002599657800057109,0.0007940207549255174
0.026880738729982423,0.01708811646626529,0.009682031997205742,0.008799199415814751
0.0035552836558792045,8.848512938364195e-06,0.006333742595177605,8.784236110359611e-05
0.0022543683167010053,6.724833721327705e-06,0.0011407734029338368,0.0005294672896463126
0.04170410501812427,0.02751303141681427,0.04425832379564154,0.01963828979770421
0.018014776056103576,0.0006682354167578675,0.0124968959855839,3.2266121829938044e-05
0.0020324551600858776,0.003005293482034599,0.002194688716669946,0.004851117875962818
0.00041304149545007274,0.0005410400834274798,0.000421382846114815,0.005533375736415769
0.002570452979301696,0.002392139355135936,0.0005445161120168907,0.001366182976703323
0.01284609295413186,0.011520382693291253,0.018367592518654163,0.002295399052877567
0.003804993644928145,0.0001787080279361808,0.01301349610316882,0.0008133874222671089
0.008834341399096446,0.0034670983770056507,0.007240237635769309,0.003039409547264782
0.0026598233449275366,0.01860472755910003,0.0008785557073557326,0.0091057211657124
0.01376350475072241,0.020386690563677368,0.016087637899711127,0.02840991422612571
0.0013119600618404226,0.0048749042502017614,0.00031528839597227964,0.0011304999946047944
0.0007791196238938758,0.023850422939846183,0.0015890565669330892,0.03789940305907691
0.0002781634550160783,0.004427856036188005,0.0004574328784604509,0.0030297956183540364
2.6140820974740464e-05,0.008184903528903775,3.061830221695594e-05,0.01093858413398141
0.0006740983802856482,0.0009075379274557926,0.00502167059102232,0.0007594353548231458
0.04149267023763481,0.005970492081355028,0.023145508989248942,0.0030228018058522377
0.0021368599401815347,0.000954479134510966,0.00021898203220460655,0.007828035917611942
0.002381998600476831,4.619646285941581e-05,0.0044561409614498615,0.0031516108240641216
5.1093638728128e-05,0.021512862720950432,5.343402323743085e-05,0.044518005052515686
2.373248527043348e-05,2.5431255033736555e-05,0.000934470773214513,6.820963252918144e-05
0.004105791865152586,0.00633909582072234,0.008492135977389625,0.016687884790480778
0.001223867076374896,0.000943299398792119,0.000512385675376259,0.0033730938722108528
0.00011786399239643863,0.010266390786359048,0.00017765794569912785,0.02200140448979282
0.012749412305406271,0.0029330286987051535,0.00700760172555337,0.004078826119624068
0.021162272295065843,0.014579886508672368,0.014227811176898753,0.003709759734289997
0.0004385604925956077,0.08832347277871033,0.00485840018490824,0.06149256985423046
0.005292218222607281,0.012521043516172004,0.006883611023235314,0.01901917215546589
0.00015866784202134276,0.02336904688620245,2.3437336252540852e-05,0.02002064928920466
0.015362478922559264,0.03154694202408137,0.004960331923355765,0.028288311545922595
6.820192540724079e-07,0.03136654852070975,0.0022657880873017122,0.023351102904302534
0.021787807247335866,0.03711123548807327,0.011098319938487311,0.020837314997772416
0.013111384233709056,0.0065519386285615155,0.016142773938158994,0.006973623579431432
0.03363762769499179,0.018542382611386188,0.05209110219645552,0.018228778800720158
0.03832847531109285,0.00563804906097598,0.03363253250135101,5.594256114294094e-05
0.020792604807986836,0.00013766982934315664,0.012042896282702387,0.0006464706523603425
0.009024590139857902,0.01945816422754254,0.005695868794861725,0.02067643707089073
0.002116991627092668,0.004199634480507752,0.005206503198920132,0.003955772994019835
0.016978677383965746,0.02367496955934234,0.028223946196867855,0.011959766332526489
0.004525028468389758,0.0014343344298612948,0.0053527640259164455,0.001654508216076045
0.000892410714249392,0.010097649392070251,0.000540836765222541,0.005035274142892288
0.012637711529018048,0.025378026383830243,0.015773167907923935,0.028487575072093763
0.0003140042378403374,0.001971501346204829,0.00020781807654346451,0.0007460592560336599
0.029299725519406405,0.04105617443868381,0.030824599499089778,0.04317823230216
0.010823035632947287,0.00028973910566354455,0.0015581293045231481,0.001150202654836896
0.029137079231262186,4.076067394831462e-06,0.032931856625506795,0.0005797708907840926
0.00023578241103305864,6.88957194922013e-05,2.2503185070132936e-05,2.137403114499392e-05
0.011226851902240154,0.0036934773380431496,0.013994606828986011,9.824742764441563e-05
0.004573348780584907,0.004549441043778746,0.00035190835362819417,0.010991284454507255
1.5887439092865385e-05,0.002594914711635865,0.0009816078231635883,0.004893574350594898
0.002025759438958885,0.002390435787066436,0.0010850267235512634,0.00566439465279045
0.003868127163824342,0.01894032338247087,0.0005860892496870607,0.02051197907633273
0.00043788410231060393,0.003406893720413806,0.0012630989373486612,0.003397351486521205
0.018627772470674597,0.003493862619777355,0.03542325300448146,0.01164291424882058
0.0007146927894566835,0.000987763175687384,0.00012558965790954169,0.004887322777099801
0.00733144786004758,0.0003735326594811461,0.00874032298474825,0.0025270797072355355
0.0031485027721859238,0.0033171225203423305,0.0019376842064918742,0.009219966298123938
0.011549317039597606,0.025758860641806658,0.00529556644449114,0.03338090185725595
0.00634209528591434,0.051425939563097156,0.004133305840792745,0.07594450951348963
0.029683312270742168,0.0009074404498622402,0.02306444663396856,0.000738626200074255
0.0011588588260960098,0.00036696716546424923,0.002563890565046023,0.00019627845720848747
0.020602439761376434,0.014659505904987213,0.0076254285605303895,0.012191251152648408
0.0036440116146911894,0.004573337843427505,0.011265069522115034,0.007601578155423394
0.031721134153132935,0.021012868122176842,0.03414318169593589,0.013464323625812069
0.029424512899215105,0.030381021817543763,0.02636839170811045,0.016979941087804096
6.354126066387966e-05,5.961910607121812e-05,0.0019361110828922667,0.0004200959089422085
0.00826075059161735,0.0011778728447141562,0.006331712412739443,0.00012682878540948295
0.006169239943064619,0.0007645187682608912,0.004982471061590887,0.0029360240999656284
0.0010522385291330538,1.1570081922207542e-05,0.004952789179053507,0.00013082946680942342
0.007557539343284292,6.5175422916397e-06,0.007732108699801343,2.227314614411391e-06
0.024523244942860956,0.00024095941639834528,0.012299027077668279,0.0009888047310669945
0.005547700999536276,0.0006826899099668937,0.006746380869765978,0.0004803959187349438
0.022160395299644753,0.0005208441835283795,0.02851766301557923,0.00012977701275118658
0.0024428863904021325,0.017982630530926413,0.0058688381575625614,0.022683452103843593
0.002440949937060566,0.020500925828489502,8.430982661888908e-05,0.03887777239879364
0.011973185636196204,0.007083626079458338,0.004239836166850086,0.0026379899417710018
5.445529954961614e-05,0.0009992018169746597,0.0008369197215682966,0.00197921635024334
0.002505395852629211,0.004627106255551627,0.004678584671716668,0.006578842413087482
0.0038811941341628797,0.02128399475438003,0.011112450568478427,0.024838526254161053
0.01792247874630526,0.0002943632913391392,0.016545256305274814,0.0025800294778065558
0.0299256618096595,0.014398420948852242,0.0232127812269447,0.022248382148792656
8.455275999885714e-05,0.10476941825526775,0.0006919028602094812,0.08620128325376586
0.00417543821633648,0.0152749303693136,0.00011298871126286247,0.005203550047292671
0.029011042344742943,0.005457658216521333,0.02631562910632035,0.0022021315851586953
0.010252671673755542,0.0019134999158822996,0.0011950055823425343,2.8169110639741923e-05
0.030815447060278056,0.026411831745191683,0.03212578501795316,0.02841967801175249
0.06414851988750914,0.0002764282892860903,0.04841943955971173,2.431636765221068e-05
5.313427590658559e-05,0.0008873705098663143,0.0006802164649689635,0.002653066097877188
0.006682129892903066,0.0041357455560433465,0.009988161508126203,0.0017867878840721607
0.0014136637458698198,0.0005956456383250375,0.0003245675766939682,0.0005101343589463125
0.006793415163042771,0.006275616323947797,0.0021596134798269606,0.014706666089185916
0.00803545893228419,0.02768311225483233,0.004213995213137811,0.0075560087946059395
0.006141462674898901,0.004786943886329942,0.015498891054361086,0.0014594566377865714
0.004460115854769797,0.0010311293880116423,0.002765409060884516,4.6718110952692626e-05
0.007321751554533407,4.334923808357871e-06,0.006601488818233525,0.004073605911938505
0.01333820974832578,0.003972682819481821,0.01309146545259987,0.013759794072157217
0.034340910073376585,0.04572658542644048,0.016779859578498146,0.04430528693689817
0.023193733422841256,0.001069190437647416,0.0323810014891438,0.00018518239139597714
0.013402324499845908,0.04185196965783644,0.016986238948676236,0.039589609654952285
0.0018482886967058354,0.007003946571731756,0.00017640544030583793,0.006338937348257523
0.004445361267496395,9.99064382389836e-06,0.002394614444690135,0.0002608808350630376
0.014021908894343404,0.00927753489482619,0.010658319245669734,0.012432953222372256
0.0010283722668998907,0.0021734421954877625,0.003183772791428008,0.002566273661705698
0.017641671270841153,0.00011751517379066101,0.0261760511523903,0.00010774593215900907
3.2205475897217894e-07,0.03221733419026995,0.0034830617114074425,0.04744852864795002
0.0032686738823995976,0.0022159009908268024,0.011889899290655093,0.01873176681219413
8.204142685963589e-05,0.00015930718416279355,0.004211840476071593,0.0004078056986149825
0.0010095059562807984,0.007267892678603838,0.0007168057026398778,0.004830040881465103
0.029893649590906124,0.019425183967400783,0.03105754779209513,0.007242393224220822
0.00765953891162896,0.0013103454307544782,0.012568516052818168,0.0009404927177941724
0.02309882003992947,0.020047967184097404,0.028221160720529492,0.02090030703456036
0.007761548581595612,0.0007426537993661109,0.005481247759805186,0.00023467991898262763
0.013774233596640095,0.01250022945055107,0.010071422204456448,0.007199355119933859
0.010082986053857046,0.008786821857062366,0.002357404868780777,0.0071824345689920355
0.00809426914671263,0.0036392742403456024,0.00423547036049432,0.0015116635161950276
0.010681666817537017,0.01495592726150563,0.006213935591949715,0.011131494072143089
0.006217427042472412,0.0027625857958308853,0.006134865788335775,0.0057332541449282015
0.008150479881517847,0.004459926851395624,0.007853781790967074,0.002288193573233621
0.015846415583073536,0.009122590299915911,0.01297137437300444,0.010294701593295041
0.00015416945299984164,0.004194683749315531,0.000911683626920512,0.0017035023644378366
0.005311775617212633,3.062473672454935e-05,0.008801500280265162,2.7857116932872295e-05
0.002492616103047962,0.012972887767310204,0.00029657062879639984,0.018362929657126936
0.006501445186421817,0.04939749366607138,0.003808213330343757,0.057925371939425485
0.000978321366847168,0.00132677651141766,1.0307524820118985e-05,1.6748163635282864e-05
0.018269805835251063,6.465197560290292e-05,0.006003838867629452,0.0005390537068428181
7.848792413778227e-06,0.006935324954733368,0.00015797264391193,0.0030121309399359086
0.0023715849838966685,0.001417068429102386,0.0024494972698612116,0.0011243623415473358
0.04555887204911724,6.70386519607824e-05,0.02932525053808166,2.9394999323528737e-08
1.0554461482570332e-05,0.0008863279652174816,2.2256408417686835e-05,0.0001669275325809627
0.00665154905586518,0.0005174114140706898,0.00941726426630951,0.00278503892751103
0.03295011748301868,0.013561124199632402,0.025813517647129358,0.032729683836857704
0.0024497925254149955,0.02568162556787401,0.013200716584901184,0.02014613318587799
0.01978395854677395,0.001962842090018846,0.030752104597804863,0.0010393755559521267
1.183327384524091e-06,0.0011496379788429323,5.2264787902545073e-05,2.339635129411377e-05
0.07452217458051469,0.028291711189351476,0.0523914260794921,0.016880799107065747
0.005642001295404153,0.01250270194216574,0.0003490270206356616,0.011711229107229881
0.003470637243180197,0.003987126619166115,0.002571839600439385,0.0020157653588563917
0.0034951212042639845,0.00019434217998071102,0.004743761047233619,0.00024667278079604227
0.0035730146156526255,0.00020044953946740662,0.003684835892167171,0.0019120203276197234
0.006096269411201449,0.014639150879539375,0.001148558902194119,0.020976906476681823
0.02543295773367371,0.0012418320501637048,0.021237391422796126,0.0009263239527205203
0.014591914116179328,0.018102303416873466,0.018647158416002618,0.024143626194970458
0.0006085685481164171,0.00012381283990992031,0.00037257916958532977,8.089402826982894e-05
0.024417025347663435,0.00047646413884372407,0.027546054072465798,0.0004921185068904599
0.0030110039558776114,8.552686940954679e-05,0.0035980879729667903,8.878285405855557e-06
0.006331834997676755,0.00023869125068010089,0.012999595500451155,6.934151611515116e-05
0.0016318469508879163,0.017756916109259557,0.0017147492851473656,0.012774873003718046
0.004034208036063247,0.0003863420173818577,0.00493482345423335,0.005344218448119831
0.007484069575444119,0.023662104430027253,5.205392447193979e-06,0.007240348584734213
0.0016172144748789474,1.5579320266079222e-06,0.005514071674075249,4.54841828343433e-05
0.000654523006033636,0.0010182844110339095,0.0021207735283436113,4.378907184077185e-06
0.02832066948912826,0.00039378643369125665,0.047282349030652426,0.004377166688942724
0.003157887701487394,0.05219336913832695,0.0069016653031331865,0.045144062605980584
0.0005857269560672895,0.0006261585913426293,0.0011940956766316457,0.0020812838646692144
0.004370586492853268,0.003136442114840876,0.002288868551028611,0.004089852251501824
0.019235311342554406,0.010000004993266254,0.009916357402580678,0.012362882383005314
0.016284463437170382,0.02245537115973073,0.019801224896997538,0.02821522569474577
0.00963534126096588,0.0062099362666583335,0.01067529728469152,0.005058852349037024
0.0002931576158465843,0.004679463801330552,0.00048544008874629174,7.114180422873595e-06
0.005522216793310997,0.00023794524607378964,0.004135964765445421,0.00010324258231619865
0.0029647261707282935,0.019806969022984622,0.00013572627989655306,0.011290534746071001
0.008475254457448345,0.015573969818333921,0.02133369946740471,0.01204758589641286
0.00016259252209338548,2.389439448513553e-05,0.0009180650189967166,0.00012872875239222648
0.0184189216602606,0.02399973237900177,0.013154210191558824,0.0273411250003055
0.0002473405358239811,0.00022528399470345128,0.004176197067372378,0.002190171502710281
0.0006415874639825736,0.006889213719776466,1.9178245918793912e-05,0.005821629550282981
0.005422298790712321,0.0135429788321898,0.008258674785824538,0.012685411446678452
0.0219926182177258,0.02886815402744103,0.021227345473849635,0.030744418612423274
0.0816946352576946,0.022796113803183138,0.04412708435542212,0.019862628754874656
0.015472112947377825,0.0004801257542997872,0.016606948964999924,0.00469368855864849
0.0002510201698791015,0.002172790958746451,0.0022184602678447796,0.00022702630030713156
0.01529333351433071,0.00022249499198712108,0.015816242825091087,0.0012521015068253094
6.431459835420927e-05,2.9075133463729586e-05,0.001688057945974597,0.00047902476869421395
0.008409741243941782,0.042617566957115605,0.017888549977027046,0.030964930006610825
0.000501570585773492,3.698342622893147e-05,0.002934755416218904,6.23091331063419e-05
0.007781603630388156,5.421478656109091e-05,0.012635138810925595,0.002029371510676281
0.028997345495362148,0.058026345550364344,0.027565332665307585,0.03717371763437549
0.0006810122422149512,0.01286443985265373,0.0006037622577780288,0.012414519970730953
0.0019207024024706643,0.00980966687365592,0.004398301231135604,0.014456564726787469
0.022393979663206665,0.009893503650886815,0.035742780820799624,0.0068607217594651715
0.05692461385453906,0.03697612661954541,0.044290694761917826,0.030868693246314693
0.01878053647155775,0.025342044367050898,0.0351243508921516,0.0267930709187868
0.000625014805017643,0.0025274729989261946,0.001794806340976618,0.01760678452670328
8.507543585944966e-05,0.0038245715894823507,0.0001677194922632408,0.0013139284767735848
0.004737030432814371,0.0002424204567986754,0.004893851835930829,0.0022233193271800067
0.003081158153447894,0.00749342688904453,0.006648976788324434,0.010428853920804837
0.009370729613366602,0.0004331574386509107,0.006013568628373767,2.1671348442775518e-05
0.02027700241280528,0.0016781025306242814,0.015845841691590867,0.0052604248106480345
0.01631513343799118,0.005533301456227324,0.013595605366831798,0.0020078825335697603
0.000629186005847604,0.005904030690769058,4.827217271463624e-06,0.009229461294099739
0.020150588878335762,0.03765908688170183,0.021013330422435583,0.030954848523769063
2.2206008916225706e-05,0.0013539809317496543,0.0003465658975589925,0.0020310270288410592
0.008387799700371845,0.0010763016824227867,0.005867966854278706,0.0009014572041126101
0.04227999594849374,0.0011518629424023263,0.03801822366124841,0.0008419964114617651
0.0023066646376628253,0.00819476454442647,0.02015021396346639,0.01572593387151966
0.0021394222806423446,0.020900774404697953,0.00038006270577051193,0.018989502544498826
0.0004994587089187652,0.007523800240632816,1.4956146494604639e-06,0.0126371848878154
0.01113206654040444,0.006497940940575431,0.013542167391161763,0.007690754993654236
0.08581939650931636,0.00639317056478772,0.08151672983544445,0.004000981008031257
0.008644856311676552,0.004519816819453126,0.0024615637759417552,0.002539075603446128
0.0007348257819055348,0.00037272486911399394,1.4179677258807644e-05,0.005389148182194159
0.010557151774591933,0.0013472463225785436,0.0215993481359531,0.0036436603025353786
0.00024691760227602,0.013664497840534362,0.0017240139796887988,0.011598998110845748
0.02841472284223112,0.0007010102642229787,0.02648314014278963,1.6233106508889428e-05
0.005153847026853509,0.014605456267884342,0.013600294663515422,0.013747999121887178
0.006956466831080976,0.03582247251510662,0.0045547074702873,0.061180662123274665
0.003952397330829638,0.03420464218151331,0.010710709357034554,0.017734781078178274
0.0366215972402969,0.0049344746446274845,0.030905441849467308,0.0026266214459151893
0.0004138881764910174,6.438649930762264e-05,0.00037551048739203896,0.0001056499193744509
0.016847916676059338,0.013353111040330323,0.021327522095582863,0.010743631219429006
0.005498527141657106,0.0007426752626087385,0.005699661036968506,0.0074173291997305935
0.00023705195919709876,0.03910683048426489,0.004457980859050248,0.038301172882438506
0.0013448094481309791,0.0028217266787516904,0.0013765796317802836,0.003007740190362984
0.0022732212735886437,0.007152790207200388,0.0010900818557463277,0.002236822595942156
2.681873932930401e-06,0.002835678963857058,0.00019160433610032612,0.002380968997372057
0.05368801230072873,0.014174948747091132,0.056643751524669717,0.006365743318530903
0.029572705031666424,0.005755454077522981,0.027101213893642617,0.004047609218652992
0.00010684269333516294,0.0018948241210658967,0.00032966300076509025,0.0003630855896081808
0.0016550126857436398,0.013948152580555928,0.000706414153755941,0.008556134140097815
0.0008693733961617767,0.036127476883677234,0.001761231945239028,0.04175991095333065
0.007707403234463506,0.011196805434187995,0.0005319705142353692,0.006257874334351099
0.003824199732658129,0.03889515170296065,0.004865814236320931,0.021929927572850727
0.0012384053583367471,9.106605364639364e-05,0.0028781851835324446,8.304890430299583e-05
0.0017520647917661503,0.0002371561887004603,0.0015918744864417134,0.001910343888441579
0.0011150343954182684,0.00923316457163248,0.0007118346762418071,0.014552355342685286
0.00317980281774477,0.0025426597502412607,0.008328581264380852,0.004773593610606142
0.00455163142569448,0.026725482996240557,0.0063526879907325196,0.027702516747509676
0.0032925859814059155,0.011884982232394092,0.00150195771740802,0.012321084123688486
6.7044796967064e-05,0.0017521648766776199,0.00011080123547591025,0.002725684992839983
0.003337451394061941,0.01003948174665914,0.001435026378739046,0.021528639950993855
0.003965215547513279,0.0002564204229550393,0.00017224428819540005,0.002522291751464567
0.08251795811552132,0.00917649037057966,0.0687672945486194,0.015388945328353665
0.00811468078013966,3.7256431302590265e-05,0.01867191388613121,0.005070784093745839
0.016144237571526165,7.160170518594189e-05,0.016584749296697954,1.5826951005326606e-07
0.0001941560359752792,2.6819913040432297e-05,0.005025387058778974,0.0009591932145607274
0.015239773910395549,0.0036141438809171866,0.02254687092534624,2.154057390124642e-06
0.0007920548600911514,0.008321703504552969,0.002100568714805129,0.010995778926231936
0.00025633742614494803,0.000898627876395719,0.00010919125004715813,0.004133687432289812
0.004751132501220723,0.027867093265250387,0.0016917626159425048,0.034876808512716684
0.024583914404523566,0.04628676745101945,0.022433047949045437,0.022401733598086615
0.002637088022558909,0.008537036476399806,0.00020410219910638183,0.008642742598969466
0.01572164254274999,0.018172569193291577,0.015999935050330816,0.016136071935251572
0.00598034101618139,0.01217326162358312,0.005777978403642359,0.012973907236268012
0.00011823966911606032,0.0046251714317467885,0.0010529994612267224,0.007030437058194283
0.0010796511737808379,0.0004610243891093324,0.002662845846370998,0.0003870816558372292
0.005416856391683322,0.01122168294037662,0.011412461755725745,0.00887233361364037
0.0006605344257968326,0.0002933004157607,0.0003992271319587237,2.161256296939751e-05
0.0017686430631915773,0.034176606522422825,0.0013320656074233828,0.04624870614977605
0.0013354403616244737,0.01927924998960484,0.002075985406118197,0.012247489416875701
0.0006985859334146527,0.007455364294402744,0.001109697367597473,0.0017075646205809702
0.002151856699365351,0.005201858677990168,0.0009436414717689523,0.0022898450719597285
0.012902418742135713,0.0011584312136986297,0.008985045764907773,0.002688049208349641
0.004811001217340682,0.006362627440353763,0.0023605224642860856,0.0024118219375842687
0.00020830110800196255,0.009442899576605934,0.0002153233684324407,0.010203289253222003
0.00932571706591856,0.0015634533211864587,0.016450187868635613,0.00044109290709914983
0.0009897016949966808,0.0006694702531899743,0.008767625031720017,4.3182878579073325e-05
0.0015276517856129823,0.0007941615039237515,1.3401777627652933e-06,0.001892698636749346
0.041187624310653814,0.04761457331670682,0.04894017093271197,0.0585408090153986
0.0006315364198331563,0.018040416835591433,0.002899472445365703,0.01743422754824875
0.033478167115699176,0.0038403710981137484,0.03243184015007572,0.0020714031211689354
2.665823088310315e-05,0.020266165413473924,0.0008817606699561553,0.016133212994625556
0.0006027392852748781,0.007812351052326472,5.923363802584625e-05,0.010599267348582964
0.009191241942719586,0.0014633447512902853,0.01482647754821731,0.003595930827845928
3.191795503898476e-05,0.004584769947913903,0.0005286457531635813,0.006237057333327689
0.012076720917985506,0.01466563404856025,0.021312734948066625,0.005661945727986284
0.0032277178510425886,0.0010673121135903463,0.005494303297768233,0.0014667528288196952
0.009558939944625866,0.003333030598344666,0.0038322554094883943,0.001892138661442444
0.03970067696574464,0.0008165622552671614,0.04294585719337707,0.000825312318382676
0.0001725979693160129,0.0002534056664318385,0.0010480895151758762,0.0013880434912231232
0.003253791066133771,0.022330684719112814,0.020718618381020626,0.014105144572309714
0.0020356862871874215,0.012919339910877126,0.007059255776290074,0.0037622731643288665
0.004259096580490507,0.000355796496676164,0.002421666857150062,0.0003657897734735682
0.050557888771562975,0.0066669988555508874,0.04777655254154167,0.007724295658182001
0.018610046335339137,0.027330690478516773,0.016672849915597365,0.03268970515708647
0.035205277618361785,0.016821714192652437,0.03494646364342313,0.020260095372791942
0.00706859968792295,0.027139083448346923,0.010852708254455279,0.02232628967656558
0.00011892739735586133,0.04245879292472965,0.001006303783861573,0.05933070671685192
0.0022785918273258154,0.007366151585836089,0.004862242468436584,0.007619855038265122
0.0030308687596080075,0.00442089873471907,0.004981923430593449,0.0008655221432429805
0.02849024035718306,0.012443704589241045,0.020621389179029448,0.003480293485154884
0.0020397634485811444,0.005386335715208079,0.0004085796610009407,0.01631474261845145
0.008404262981302701,0.040819611173039005,0.004387028971165385,0.04684155681660729
0.0035558208074307762,0.005218414077319267,0.009200508211218317,0.012765926969922847
0.005087819075973776,0.035427967499305546,0.005204755935342531,0.025631993307160594
4.051754152933906e-05,0.0033719323632228626,0.0014332799878149505,0.0001306260621085631
0.000560437565975791,0.0003628491863917338,0.00027439842575205375,0.0012736129982700017
0.016401216237558525,0.006606581655933863,0.008846966297399117,0.004890948761259284
0.013821387308036726,0.006753564629629172,0.013404417897453502,0.007889926269422642
0.020219945228735603,0.00022427797680169004,0.023121123063543303,6.336444053822721e-05
0.009375367643672083,0.0015521532762208246,0.021408101345154584,0.00496422130600882
0.0008484611232171257,0.005034417085196252,0.004425063542150998,0.003957774399401814
6.779589634797745e-05,0.018331687138022912,0.004129757889329566,0.01565863453437366
1.9399968179789617e-05,0.039180355217444784,3.15775248402872e-05,0.048058014255791925
0.0010972869669655383,4.4906382408060885e-05,0.006959012430534095,0.00043014437641797354
0.0036727994246543716,0.00041513318495522977,0.004500969294951029,0.006161675115480492
0.010041968403395218,0.009211537081535881,0.009770333092193995,0.016131993294335345
0.010524312261621427,0.023282123537624266,0.013026335736966876,0.015180553942398145
0.06084033705400227,0.00418169626478293,0.03649172248700827,4.680368443110705e-05
0.002928100065765049,0.001147092328660504,0.011966188714335302,0.0014443983926260007
0.011924994979023329,0.022622642147497207,0.014596924065762185,0.02221891687144295
0.004838890731042489,0.019147352716377353,0.018157703833663774,0.020773190824619814
0.00817070750162241,1.0147245232960955e-06,0.007653423420127092,0.000792148480414423
0.00199321037732636,0.006606054588633281,0.005260887553543814,0.002394100546822875
0.022291170282658146,0.03471228971007878,0.009355325028788108,0.029621154640481206
1.0873648800813207e-05,0.005383845869850412,0.004252632256665612,0.0005201952716015201
0.008909599478338581,0.0071985840695638625,0.01586861668060302,0.004525542529307702
0.017037102431966544,0.007491278929353307,0.013471798472978525,0.010308789005120889
0.010795502822307346,0.0017145828451952116,0.01697545420134583,0.003217212953292359
0.018152873721834162,0.0006477714316206473,0.02110355127662844,0.0009740010817764766
0.016286173227894607,0.005507933620417793,0.008384619522173398,0.0003637015169780655
0.013638459643309897,0.0005821694419002599,0.008751481518525783,1.7786688677134954e-05
0.0017709796441058856,0.005101305368251929,0.0039062242407402747,0.003556992160270833
0.004209831789547591,0.023601508702527862,0.000548826766154531,0.013030407537113375
0.08105413092008518,0.006509290034821258,0.09976187747352916,0.010261464105435492
0.007957272969271512,0.0017643434108247646,0.005492789122829578,8.057763865598755e-05
0.0006490385833242129,0.0013217502485651789,0.001543681669494923,0.00453963357237841
0.033584320051590066,0.013609305774892277,0.010180461097078375,0.00460312987261613
0.0016160467228065745,0.04619501921113289,0.010426753050017501,0.0559002417235146
0.009094352181664322,7.80627567357195e-05,0.008430280788974454,0.0018517077077511157
0.012034263227861941,0.010951596489636284,0.03254918178842858,0.011568719829029406
0.015943911133164845,0.0015978234706035543,0.038503277394265956,0.0013399604538847365
0.00013714423977950752,0.0037141170630815568,0.0012512712437586782,0.0011514337166770305
0.0003725501973727008,0.005547594594770722,1.3605263355920272e-06,0.009521126195854324
0.1060645370293104,0.052539200735516656,0.10838563842177973,0.05205971148629551
0.0020562893193745158,0.02643913404076237,0.00705916846833643,0.017043337986831664
0.00745409941676467,0.002274205999569845,0.008316448884047478,0.008138479676692234
0.0068677682194674405,0.002024823868490677,0.005861083035386461,0.0009910132530087656
0.008954379939803636,0.03842513845684292,0.005338722101463023,0.04590573489557037
0.025925176944393002,0.002079546383391029,0.012097252806404613,0.002770392659042664
0.05340383203036991,0.04511492612560353,0.06931704799401284,0.03568819858495087
0.0003226457801815963,0.012339721485199573,4.314514924774748e-06,0.010384498178291901
0.005507677264967703,0.003358418126712448,0.006816872041467081,0.0009138186621844291
0.005790797282614557,1.9051234569689157e-05,0.00307683732210573,0.005291104104564348
0.012327651997357525,0.0006776188325989807,0.014925553974274086,0.0028003679173480567
0.001958310643985106,0.005831103182733277,0.009135178730309779,0.003564398445839334
3.0228443628099733e-05,0.0025020894223938273,0.0008109915711739246,0.0013158089931385453
0.0011122215486271125,9.974296313486342e-05,0.0008078611344717324,0.00042206905502151226
0.03465613150033575,0.02563811641422853,0.052954458977591656,0.01121563506590939
0.0006224104072851677,0.0012171203329772728,0.003023532128901385,0.006456185211986432
0.0047292528874028905,0.0006785679008772805,0.005168695205306273,0.0005592648532125599
0.012774926352117855,1.134676380243338e-05,0.006324118788760935,0.001017122457714681
0.0015765486263852324,0.004861482642678272,0.0003583168877047127,0.004287334547773525
3.156753019351033e-05,0.003874133866020979,0.0008453256422151778,0.00039690000164038786
0.027572540459896322,0.0006296123049680524,0.030768534863474084,0.002196764103065907
0.01442934121878503,0.03527072003307896,0.009500648546606816,0.03183103384136887
0.00020399628071399167,0.0007148545881193735,0.0003574980458540544,0.0001145214381543802
0.00019057362585561677,0.0010089196814813128,0.0016556862533803063,0.0031461424787396775
0.061953887130607344,0.0020880930377962237,0.06322399879911578,0.0002777763444040682
0.00874672942942245,0.012047463162853878,0.004806554548251296,0.01611578530965274
0.012615742407415254,0.0017150922124667956,0.01818854967162109,0.006741994515353178
0.021216081948628784,0.00032220845236419215,0.016079529227913558,0.0002427103727650204
0.0001786317297588491,0.009843151448143406,0.0003620810240221317,0.009978038776786047
0.00206764751122146,0.0019719758366253393,0.009445996153059077,0.009803109216018235
0.010655541474781094,9.113901400237268e-08,0.018349295517498754,0.00027202041466833915
0.0028719068859751617,0.00047025256301658214,1.7561623647188718e-05,0.0012352580357443133
0.020130322899081676,0.011630638748862276,0.017896046084630468,0.02171191821652141
0.0049173841417415876,0.003980347081965374,0.0031591967262931675,0.0003308540176101271
0.011482012541922604,0.012431791904519707,0.02565420542950292,0.019378693757046483
0.008677268331565235,7.306468274514977e-06,0.008385633280335814,4.772505178052278e-06
0.0011476002632399007,0.0045636461221229,0.0003785668925775365,2.2057919302209683e-07
0.00834586599767928,0.014818014055951845,0.0028808736415777414,0.024921518002745446
0.008360409797903312,0.010870473180948581,0.013355357374941312,0.01802544803934747
0.02294288691940294,0.0005535284994070411,0.02187907490981733,0.0031504155084967067
0.006524036375813558,0.01575564487675718,0.0032691536402758015,0.006388114809643408
0.0015501351662133844,0.004657613230005686,1.9304536653441673e-05,0.004206237049608985
0.0012989461104939704,7.429314283047272e-05,0.0017750244349404865,1.121709356288747e-05
0.007216020469245299,0.042781704716816416,0.0011934272821890746,0.026428930845879717
0.0013150085455909677,0.00027601694645063013,0.006251447896575946,6.869765604544664e-05
0.04835774075229793,0.0024007276843515113,0.026011442278734975,0.001983093101067257
0.017535147301126597,0.013600930454519267,0.009605459088629309,0.016021328981809413
0.0002250557501345396,0.0037682922648140105,2.66856079245148e-06,0.0015949542906796843
0.00884977060126535,0.038322625557465795,0.0030479055390639775,0.028327060829408834
0.037288841352364877,0.008699024438167502,0.04722135790064208,0.012420696006590348
0.006605038124103624,0.07645737021930343,0.00229514113228102,0.046050310125858585
0.030035230799857593,0.00031143864548532907,0.019207892837946994,0.007269666867457114
0.004123812101134994,0.002334085672105024,0.008804411375871402,2.0533774209963163e-05
0.0014566692698130268,0.0012468890297731017,0.0023176795735427858,0.0008420211925831422
0.017776924187710375,0.008885788549672924,0.010551602438594543,0.0051079379372070965
0.043808987545949196,0.04889912339999403,0.03296039379917726,0.03883817011644586
0.0022733997811920093,0.0059159931698615775,0.0018707772559798386,0.0003517373294542603
0.027328616031505937,0.1258113410140057,0.042899261634341546,0.15306099652586735
5.2016630714524226e-05,0.021453679239137102,4.099273798596759e-05,0.02762929782042145
0.0180053082701509,0.009091796951806175,0.010710182930914525,0.0015395496410749443
8.731189117261451e-07,4.606453023059398e-05,0.0008572219751596943,4.038394182026561e-05
0.0016501825314824137,0.004605413125633895,0.0030632430151327217,0.0057572613064352796
0.00839575113494584,0.012579446894654733,0.0034287651684431486,0.005879899362749685
0.0009954141394491467,0.019669980561451417,0.0005185296927997518,0.036254223873067315
8.092726771402603e-05,0.011809039682712408,0.0028779486806860266,0.022639519082300774
0.0500550857066544,0.002033921648641468,0.053841391585164655,0.0022085452713032083
0.05510183266508717,0.02594293996875685,0.046681810436231985,0.02034286162124177
0.0004886690500001123,0.029072217578867687,5.8930605027707195e-05,0.06067923004599518
0.01361564130898163,0.00021135462668764315,0.005751626433502022,0.00029416133209003714
0.002280658850221884,3.2080613439067207e-06,4.266699255461859e-06,0.004076341159746977
0.004832194418304403,0.0007354972720332587,6.870401274561289e-07,2.521361098128949e-06
0.003721734844713609,0.0012366820720726146,0.0009438680645387221,0.0019645407525791247
0.019607397684400008,0.0009707695338506683,0.037317030481563984,0.002614153125586549
0.000811628320178337,0.0007338517999219141,0.0012697001463763957,0.0013870758009701945
0.003389690169125381,0.014228646131200784,0.0040817391482627086,0.015923935318001292
0.0040115811035039695,0.0007482458136641723,0.005842830019876066,2.0218133855998133e-07
0.00583707857863458,0.0055367481968748855,8.135995334557222e-06,0.018668638410224148
0.052929995416838405,0.028013172135676223,0.0451395149979259,0.02484841029142204
7.419813936582198e-05,0.00012659300556938646,0.0002247291941217533,0.0013939144422204786
0.003305998998215376,0.013427531055345443,0.00043038898396563496,0.010694662974134017
0.0003323090357759684,0.0024293852346659595,0.0011547628048774738,0.003083924905977753
0.011661892005947805,0.0006073313533184743,0.01244000682790547,0.0001972131118239684
3.3120526795604732e-06,0.00015455928644181327,4.533825373498335e-05,0.003283018609296917
0.001619150363706301,0.0019843812266144845,0.001025194112358907,0.0038586211293976103
0.043375159396286556,0.025699292601238488,0.04909285297489874,0.020649827145702626
0.006323604778943337,0.00050466301801666,0.009942105707330895,0.0025582147291549617
0.009137420765243487,0.0017446159084549828,0.025389233791423216,0.000250472191753337
0.0040734088571513505,0.0009167841742945271,0.006652772050715017,0.0005354013896157195
0.0002698201323911853,0.0003474221794902421,0.00024391689265157446,0.00034828227145433654
0.0020031497584843683,9.236536075651891e-05,0.0023678438640073463,1.394722648473401e-05
0.011236698982915794,0.000291652107067053,0.004682074735039565,5.924655762656883e-06
0.009661816462385397,0.016927985652748445,0.013228052932933276,0.014264441471621203
0.00445261487194426,0.006320127063107583,0.0037958682259002785,0.002413818989982719
0.02740317253273583,0.0001166565529681085,0.04613009601561724,0.001541850484895857
0.10376981707534005,0.04544295832555867,0.08869556048131455,0.060161600870689
0.008818974816741432,3.63473692570615e-05,0.005565410737516485,8.999540112664128e-05
0.010144920764884935,0.00019760149532843663,0.012626208781181814,0.001983583544527656
0.0005246762641498703,0.0015920180461002076,0.0003558448660985203,0.00017349288758217174
0.004132801020781729,0.00999983536794391,0.003539997584642074,0.004879985397579167
0.014899097241572234,0.001718156184389863,0.014656601098553379,0.00042050049308084425
0.004523599012493995,0.01207216618848872,0.005269939890400921,0.012223342410822124
0.06355293649326221,0.0005200017567805748,0.052530089304658634,0.00024359521916550442
4.7280884300837656e-05,0.0030598855686003734,0.0001062752606604267,0.0006935744741511929
0.07336336878198058,0.04046401652144527,0.07728238104929008,0.035859239442085133
0.01367650580592683,0.004625756152956684,0.0032296562225331282,0.004901537281501223
0.01862985246958604,0.018353729920905004,0.013801008729045883,0.00873317276850738
0.0027593719231199243,0.001810101492757843,0.006482128239622131,0.0009852651256150313
0.010946723961142935,0.00045126877353984796,0.020237453903438896,0.0006799064525305765
0.003413924293821702,0.010808459462042896,0.0033791640914666576,0.001604661736140156
0.013857282410843608,0.01856530043822724,0.015826831186128598,0.00880619005904193
0.013203212532260089,0.0017453328546155333,0.007811360925229716,0.002225422025029511
0.010779357411145662,0.017845967407840946,0.008624610669487054,0.014723371896606885
0.00822400874296425,0.0036084208785024385,0.01667246766993391,0.005283647440199157
0.039249150598663296,0.006868267053489752,0.0348459674067908,0.004162758226616714
0.005069079158204315,0.0002861688474931068,0.00301412543836177,0.00013197281379195847
0.0005257890553255207,0.003689124224846796,5.226690773896259e-05,0.0077349347742968755
0.0021310159697235376,4.830001375344395e-05,0.0029530532506180096,5.354204175023192e-06
3.982003291402858e-05,0.02441242991943382,0.0009175755120391926,0.009248692040886741
0.004504586590180826,0.00872442412800467,0.008389174212608985,0.020423544935255444
0.008978047467772199,0.002211053303877275,0.004275296742196177,0.007914287587889257
0.007920982601434035,0.01628758110259576,0.002755479720038201,0.004039325323467957
0.00028168816993590085,3.8530869339581386e-07,0.00030474108958800095,0.00018132956625138696
0.009206081106178599,0.007928420787116752,0.014947030208570689,0.015302200525950882
0.01994804797405958,0.007601694233389633,0.03210638887502981,0.011892630019611383
0.0010892109503489733,0.01622328055135447,2.9117407468581824e-05,0.0188835651456688
0.01173145403755238,0.023144344817028095,0.024532934668106132,0.02445177180464575
0.007107638083202472,2.265326185191263e-06,0.0044199766423118625,0.0004869720834574931
0.004791720930683918,0.01227430519596262,0.015141431770516522,0.025522633925254667
0.01058079332804751,0.0018233644499197066,0.022620355299912243,0.002489861689544015
0.012360761838680623,0.005645015467889425,0.0017357184134682013,0.015988985847713022
0.006288529446558777,0.02793713829324662,0.015583088827184954,0.025140115790292628
0.004659246586506072,0.013489892768523748,0.003524232283420803,0.010757860208757353
0.0074223712956864585,0.012707945634640505,0.005077418375255771,0.012051584987023745
0.00010238346165969414,2.7890070724345684e-05,1.1772723351399783e-05,0.0006804868193333036
1.867230414687171e-05,0.010858715708395583,0.007163381044559047,0.001669319176916595
0.0028541946602361756,0.015363961696769235,1.0998211625423693e-05,0.018371755787659483
0.00014583289303815583,0.021432814708411074,8.285374908878484e-05,0.01783553969876084
0.010966212257723984,0.0003201015171068189,0.017786216461130544,0.003946346583284632
0.011594117107696644,0.00042257498164122165,0.01879640265033955,0.0007636183072420311
0.06034837009401339,0.02528456320153627,0.055169413196495265,0.02999671217267974
0.0020834460373634345,9.229602768723311e-07,0.00226819573297532,0.0005113414155470952
0.08654042504372927,0.05339396951439701,0.092214412253945,0.048583188555633816
0.0003374742528012842,0.0154665861855795,0.0009508936274883473,0.018003178225260985
3.926164784617825e-05,0.024613768239526768,0.0012511765035678746,0.033014440823073476
0.008718450965836566,0.00032150658867680093,0.018806631294649434,7.651731029834075e-05
0.026542196557935882,0.007018136864329838,0.016458881269700187,0.0039967318897176085
0.010050451203374888,0.0005630829882243837,0.006033870536733765,0.0007540049468934829
0.002275628210906988,0.05099566203454975,0.0014250311782408875,0.03793907586676715
0.04712947085773933,0.039453887120915465,0.034831139124735566,0.0487718279817394
0.0004565336771268358,0.0031335605068157912,0.005513235526215299,0.0018859403213490333
0.0010910009821334388,0.011735294631773141,0.0031928111308323626,0.008300910141970652
0.008223132513506148,0.006662933865624554,0.008112976247172998,0.008845244439842359
0.000545680058044673,0.0038022002561017842,0.0009459793786573689,0.004735212627239416
0.0006081544619608303,0.0043035937186063355,0.00025536353631294695,0.0023724938099298765
0.00012208406583080755,0.009410174514476455,2.7318650520635757e-05,0.007845308930785388
0.01432403210887312,0.00034654756478180726,0.010099282375435337,3.645301306898219e-05
7.093441179373272e-05,0.004216836915258648,0.0001282107478255412,0.014940376010614709
0.058177899835625935,0.028058577957099762,0.037304016985744703,0.011435282061614371
0.007208969905825757,0.004195976050043626,0.0070376647515975055,0.008907218679782503
0.0004936320165580543,0.000461993637827951,2.972729791117512e-05,0.00024811482252296013
0.00024558415836328784,0.0003250994705885635,4.126861185449471e-05,0.005922560368224472
0.003130659407038605,0.0005311959612899209,0.00652493582306779,3.132006850081748e-05
6.447172730128514e-07,0.005013494823689735,0.0005884070831788657,0.0048746781526601834
0.014931992141246742,8.400940809683011e-05,0.008167926526059577,0.00342778994452575
0.0005179236454000424,0.028336946908230187,0.00020620411576777187,0.01690991549833265
0.00915966981513916,0.09217878572226745,0.020115672103431237,0.10576379946615488
0.0073876989065335685,0.004563696624541591,0.010924609627885995,0.011374631789699774
0.0036260521534507983,0.0010209577763828914,0.0016340918405727267,0.009200981354850812
4.985887028463587e-05,0.00475799922505904,9.691094585762006e-05,0.00898148450752756
0.019352963676824264,0.03377217959344636,0.009590276973298173,0.029760598348939515
0.002149516613382918,0.004545803684141481,0.00018533243054497106,0.0030898370128255026
0.004931763858393112,0.004260324972218177,0.00321995522513574,0.003909406068017596
0.014421611556085234,0.0034853407460622154,0.01257698394423612,0.0024393562963460624
0.036160526347740474,0.0003024022296512774,0.032257427475039235,1.672305072197844e-08
0.0012825145428605467,0.0006292865331940511,0.0003338067496869712,0.00023151963197731718
0.016494148879469095,0.00035428082091548685,0.004223105545273387,2.849297387208516e-05
0.06348361993044171,0.048534981258085086,0.10652376379103867,0.06363189289737048
0.013969130827416465,0.04488894819686917,0.04353391865601053,0.06690782813921059
0.0003473858431388699,0.016054586152418948,0.0010673527674739391,0.01782353616513077
0.00952441750472921,0.06160406375102134,0.0065465229313885764,0.07026061765739222
0.002467149284325676,0.032167133650673585,0.0011658882925449365,0.03165087651574661
0.0409860399787374,0.03287952971713737,0.031373022558265906,0.020952039143548595
0.004209288691207513,0.01865149985234127,0.0011406966275959718,0.00142198491593315
0.005872114838244569,0.004572418136926437,0.014808031129776023,0.002515324658998952
0.032720440320980315,0.0029234456631942463,0.006229741048180304,0.00016342494333709823
0.0011804389902663193,0.002794828286115325,1.0273117711956381e-05,0.005285132662523062
0.0025254551523264945,0.005521154527266092,0.0028182609643039314,0.010687442188324736
0.015981067331906296,0.014046975334720102,6.439300877025822e-05,0.007865027825705861
0.0032892293583615118,0.0025502256164305903,0.0042719814388321176,0.001594988961469257
0.007999273460385647,0.006961805341266558,0.00927556668654772,0.004208358270409107
0.03070918906336284,0.00014637397596495294,0.03282705901144023,0.00014347774456857643
0.00015230104974206515,0.014415018989454964,2.730051820165613e-07,0.015464135041719285
0.002944256016695568,0.0005086301102199542,0.0017097324637900257,0.0017847083199845626
0.03373172077611308,0.05028679920857515,0.026552228435791303,0.03254711195747839
0.010998889285135371,0.0014650007283912858,0.01133698264908789,0.000716903615063158
0.00026634808196224213,0.010487551580387722,1.2474535113771168e-06,0.013976102535832813
0.001021131890273308,0.0007983645221438795,0.0013280803851569711,2.559032687310392e-06
0.07860045584327913,0.0420940079248604,0.06281969945337251,0.016410260623716644
0.008716856040347998,0.01347523239857984,0.0029349261751838718,0.00041858519454984755
0.002248666630344398,0.0016141373500747624,0.0060108703381924755,0.0001209204722902868
0.005085942436921509,0.01341984621102954,0.0030121067457682393,0.007221339143541616
0.00011278964472272168,0.02657496039888585,0.004123655922359304,0.011588389507021901
0.011693759860301745,0.003468800616412193,0.01125009805291688,0.0002245523157450302
0.003260673774787115,0.0226536771141842,0.0009182334146536908,0.018643866413538768
0.05031887320675166,0.09457924791058214,0.04192169122906808,0.09538197787909464
1.506255696526182e-05,0.012235909804205969,0.0005812124541672015,0.022167959045018004
0.0237344879570921,1.9921601079886386e-07,0.03934880123396167,0.001159361721697727
0.025933788587986117,1.5577289139701023e-06,0.035086337571031634,1.853527473694161e-05
0.03586657492572232,0.024659127108161538,0.02026587760584453,0.011401923646686019
0.0006099888226681616,0.001236831941582195,2.935941310067136e-07,0.0003303382453286874
0.003836185977801221,0.0026886000558320466,0.0015012866346443277,4.12750841880527e-05
0.02887629269944414,0.015143217084904292,0.03164060179492323,0.022323949056664127
0.02650998891262668,0.0019992365480556717,0.034838834712208944,1.87485561868872e-05
0.00488352964077432,0.0007033860296719041,0.010825252293637067,0.00018896295774661898
0.007721690305461104,0.0008305336774322436,0.007151670654386932,0.0002360583941047878
0.0024083930971366962,0.00037403741829433734,0.00036151073790235966,0.00040650938330677455
0.0006743291817818964,0.0033655454241103833,0.0024037008398826165,0.0014592745530626061
0.013844613694352192,0.00681286306659179,0.011344855471755788,0.0005779569779893468
0.034467109883929425,0.0776031046340141,0.019824348915424395,0.07738598336598779
0.02293321350714006,0.01690016553085716,0.03326422518433281,0.010779385163817712
0.0005596589420365783,0.018791757055739877,0.0018126122751644935,0.018151811633373538
5.7082295545241024e-05,0.009232058676781008,4.144416728313338e-05,0.010192239924885382
0.0006275478895964026,1.9054826071007724e-05,0.002863236238295652,0.0003158015594405539
0.004471691716802617,0.061554834237684375,0.010971232907351025,0.054786682083130755
0.0011439990176733694,0.01364402351393923,0.0003998683943967629,0.00850335806756275
0.05502930546886453,0.04496538505312897,0.05074287030121294,0.03171515562752558
0.008605561818075258,0.0011536498361787162,0.0046545109354284575,8.975585117998452e-05
0.005415134299982638,0.03212954647403965,0.013919331591397022,0.046057201799382
0.012443893930111138,0.0663889520000066,0.003508823022508989,0.05653144427201062
0.005155252325885207,0.0010537620118409308,0.007366102820466902,4.765798219708017e-05
0.006204732640314625,0.006560093563423464,0.013168063524578222,0.013676500159763405
0.015274498838897754,0.031315728395798326,0.026341036612442026,0.05092798834024237
0.0006204962956176674,0.0010230900024745804,0.0052479220922954095,0.008637298172975205
0.04127710574241805,0.014678344446425684,0.042517689205596176,0.006808555374691161
0.020656771024136322,0.017167234426106903,0.03146054267190379,0.016068597580953026
0.006418985539445643,0.001180994469143437,0.01048668809788722,0.002028096581252692
0.0020416149284793184,0.01509804208984511,0.0006217557502249393,0.030763704601106
0.009362815143717174,0.01184772315132443,0.019363052754647225,0.03826028638418677
0.007512008916679802,0.0028114673783126154,0.006257623522199718,0.0018289177071272311
0.015096421769211887,0.0019674042032872263,0.02307660409576895,0.00029927485421155087
0.02959597986257989,0.024986899703062004,0.020680493555726653,0.028945774373525746
0.0003466568923282676,0.005138209074332489,0.0015000119014414448,6.693277287972421e-07
0.026909000056261623,0.02536799776866927,0.046435716970630536,0.05440196447003909
8.420789740437584e-05,0.00172490864360475,0.00037903259244409515,0.004275265720866006
0.0010831595127670512,0.0042910036403567275,0.002229126360465905,0.0029840404967368395
0.00694390767022568,0.05634053250276727,0.0020578565176782027,0.05592200612160747
0.00013438459080461485,0.0033019030975434127,0.0004790213251573139,0.004175484238283511
0.0012231453705566775,0.003906693225405711,0.00013609058423713627,0.0048966159803577325
0.0010004253443101074,0.02038971863169392,0.00010376159953140451,0.02975800237205306
1.717114826327304e-05,0.041734363615685055,0.0006578166730158985,0.04310888703576765
0.0007778875434707455,0.0030707056577923275,7.2805389296215495e-06,0.004288745748074696
0.0006360416416028025,0.015348639267144026,0.002027952605084038,0.017426425748847785
0.008834624987762107,0.000897414320369605,0.009069348066625849,0.0017327032249547791
0.03657569872198929,0.01022838248460256,0.041504259537262556,0.006053392105749844
0.001410239973825389,0.003212981040697893,3.871451700954154e-05,0.013869553202090268
0.002110908271226619,0.02145262208374199,0.0021120021720765214,0.012104575475597512
0.005177342366633586,0.0004641019969550131,1.9324866000758334e-06,0.008640385002552375
0.0013881390489987044,0.04676823895526916,6.144293990262284e-05,0.038062073822296316
0.006942339796296437,0.05442366504861118,0.0024061754630888554,0.050379520324830174
0.039025134997853206,0.0006360959519042808,0.031618916971146716,0.0020122535724853563
0.02019522340851565,0.006934167982205031,0.0073232009885786375,0.00518858920389198
0.006477670958855319,0.024210707763878014,0.004031750030266679,0.016444804681223557
0.007586178711530889,0.0057694742477285565,0.010466718502415984,0.005175132695442453
0.00502049934569504,0.018082398570006264,0.0027637569255434258,0.018512039335243924
0.02527946260926417,1.5843715750474274e-06,0.032622609414923565,0.002062586033275471
0.0029216042483888316,2.5587383031266953e-05,0.0009519388830716569,0.0013724388951159572
0.026675843081727546,0.005275393113145177,0.026030702428545327,0.008944074911031108
0.0022092621330196405,0.0010719335666975471,0.007849564868131487,0.002132461466951119
0.000934286578385235,4.332653801930597e-05,0.0003215297308295506,0.002043579446783461
0.00027470517447703013,0.0009784645221104782,0.000791866376727679,0.003848138466175155
0.017376964953746743,0.005047771599795969,0.014631152154066296,0.0018217498581069025
0.015367623230611804,4.54712370934196e-05,0.013219661878284383,5.4978121115656364e-05
0.001541040597182075,3.794961358560833e-05,0.005596151635014812,9.601407344250745e-05
0.0747840265840326,0.015460345592905766,0.060600453184338376,0.017234911282189902
0.022569432055947636,0.0008347122331955337,0.020472487472556034,0.006359343998391109
0.0003989203159769916,0.010528633637940765,0.0014800631156781652,0.014498307196857296
0.050588125141706186,0.02799638227152479,0.04734761709970359,0.015540190716274438
0.004253562899052543,0.01697200965403589,0.002109009581184873,0.00813874324891406
0.008556155823843614,0.005006747611949747,0.010185987573496535,0.0030093131620930746
0.022111505413578647,0.01120565087998493,0.015324528184665676,0.006885558688148108
0.04772688676107051,0.04718449944482361,0.06134274908951198,0.047125793789923875
0.0008971154148936789,0.008651661400084665,0.009075901822403032,0.016275604546203137
0.050721220352273666,0.02742246173970153,0.036265740889554476,0.016090301451529676
0.03337236305969482,0.014013016308789372,0.02954752862323451,0.0075165592933739145
0.015406741939549384,0.01568481481436479,0.007275580387215541,0.013141744289737245
0.027956257080801072,0.030015385548328832,0.026409013654385305,0.01725241150834056
0.00354342348002723,0.0001981951020549877,0.00988651721700562,0.0037257621082055215
0.00011916326706196134,0.010897790341484304,1.338245242088476e-05,0.011536720260638234
0.03303619309424166,0.009809214724615711,0.0194230549972354,0.003537933148725303
0.0016422735578419667,0.0020190441197051046,0.0018661454689503643,0.001655988449858814
0.01256991009915076,0.001728268526940635,0.00793470996804091,0.0032081151966110166
0.013959364285818121,0.006866667543081073,0.026486165240174442,0.006988239661206652
0.04815823232037664,0.001753477860866548,0.021536403020095962,0.0024528200397521127
0.0038879470121970794,0.026118771999675494,0.005770234068561031,0.04902176198748842
0.01976773912379226,3.848860044308733e-05,0.021833081003815313,0.004599872832739438
0.0065670649006384085,0.0002646019021858015,0.014306219392108188,0.0005291902586501696
0.010691435435102647,0.015299947212580212,0.004777159191262537,0.034066910439876086
0.003031174913089907,0.02136117814706051,0.00935159553556264,0.007885391455056623
0.004909747140765308,0.007700067402446442,0.00482702225871956,0.007840828819186019
0.00012047759195910057,9.016556541874277e-05,0.00024634109999854825,3.184841723680165e-09
0.0006953673473686361,0.0037320897447994383,0.0004619611919352007,0.0069192197201789485
0.006254793848204265,0.0032920825377869,0.012028799656160327,0.01232187546834107
0.015544202594854117,0.02640185196811995,0.02124357910861263,0.019110809710645826
6.985675836457261e-06,0.00022882317583394762,0.0035884911338334158,0.0015825827168562956
0.0010244906269517573,0.007493263853591836,1.1351660922143125e-05,0.008707347793491471
0.012571016862267248,0.05440887013876028,0.011563115703797422,0.05113751498860286
0.004577646094850452,0.0020456949849002593,0.002124087955484244,0.006403342719690341
0.017312144300846488,0.008635237129328566,0.0050638378775965665,0.004329581633527146
8.047862122384508e-06,0.012999737547119694,0.0018916499293970546,0.007450484473877306
0.0011879913728906066,4.711803951240601e-05,7.206594770037267e-05,2.5421907162925805e-05
0.00042270890506734826,0.015718956565418662,0.0002835939316635505,0.006860844208296468
0.011614710730222244,0.023141974983714952,0.008677730202383604,0.015563374428759102
0.09896788014366531,0.06938193129780745,0.1130182864114202,0.06930038478663925
0.009714756621829856,0.0004274632611488416,0.015345847820146918,0.000658911096092063
0.0026278699918937942,0.007199058806175995,0.00373992294248382,0.005501196914435402
0.0012855283260443384,0.0013974160851583095,0.00021823706758727912,0.002242477695408751
0.033444190680619434,0.023850327231943358,0.03831683854979029,0.026501482164941192
0.012919661088265033,0.02771280523081776,0.008091181208029541,0.026447600322317077
0.005275947279795412,0.004944547035961366,0.003029285609719823,0.004922044104028189
0.0012113733521620373,0.0011348736908866064,2.2502889107434143e-05,0.0008164372187899893
0.016818025120538982,0.020140407430949248,0.02551720537764357,0.030073633114832243
0.005049337241985086,0.00018575374059859318,0.009000251532643833,0.003396107502885215
0.02658145882908547,0.005232142412962548,0.023067980732179527,0.0003244233304017241
0.08519038054009354,0.04791594352294992,0.0732757820886294,0.05839095425441854
0.0060985410211821245,0.02620603626075002,0.00860656842844687,0.02784286968635563
0.016515902324617637,0.0005779038047590834,0.02418183327054202,0.003378323217630541
0.03375126166256959,0.0020314719040327445,0.03632234935476386,0.001889815938904582
0.00716811001107287,0.008240703235894542,5.234748748916829e-07,0.0009359117136115147
0.029906302537900165,0.015670894536925384,0.01790500589740962,0.020578669279589845
0.002523468896415415,0.005746160800394251,0.0003958902310747803,0.014013561759974813
0.0018729945465555398,0.0023081968058832336,0.0032201373878522066,0.0048748162384576466
0.01615323696920079,0.018068891603892467,0.006813580949714293,0.009070788408992558
0.00038922929457330113,0.008222662524723146,1.8148444461685287e-05,0.010753302976835744
0.0012619303935813564,0.0008822011447492395,0.0015923613768022982,8.631958136628981e-05
0.030978469526269148,0.0009457806473788244,0.018254083360628837,0.00011705519376647988
0.007615261500765302,0.005009721997642158,0.00439572527944021,0.004324437090985733
0.004576425941214879,0.002601160234678601,0.010328707273203008,0.001035642101477774
0.030891617403613902,0.014453331611140152,0.034780834247518655,0.00720047925959133
0.004484603181659108,0.024623709505294467,0.003969447741489773,0.050585850781481145
0.00014331927616317852,0.000940754242934605,0.003974719029393281,0.002605064216400499
0.0016935874647100446,5.69317103338296e-06,0.0029136750830762725,0.0013742292297090897
0.05107883631972876,0.00015580371728207698,0.031179134773359984,0.00018795417048544927
5.661310932336683e-05,0.0011885050461365454,0.0007023149303927445,3.650776155217361e-05
0.004397091080024507,0.005034719314675473,0.005714958886717469,0.006831743697979897
0.013740272557599797,0.003966883777924535,0.012052447959876256,0.0014051083750001858
0.005438017560355224,0.0005862051765582743,0.0025105177906400433,0.000878184470221921
0.001970758689964436,0.031388070934135426,0.0019921436925552927,0.024163561097821806
0.0028276222737138035,4.6643126903944676e-05,0.003660515813248888,4.266896359350625e-06
0.0019392278782653927,0.002291426030310073,0.000109639776023851,0.0038033719075201144
0.0011403500300395386,0.024726082421745343,0.0036437417958097296,0.03506857195170454
0.034539940213853315,0.0051191596057948985,0.021717957868652493,0.00033735520911859496
0.000993069342310804,0.00024011339311480473,0.0007149795967675843,0.001514542464581381
0.0005337167951716681,0.04704166730108372,4.579521761804983e-08,0.05941072571965422
0.007144031568734999,0.01157495302797662,0.014724289875983176,0.019222549097657082
1.792602197914217e-05,0.00011382231465761894,0.0002194193087409202,1.0198915978421041e-07
0.004209236342723632,0.004992581842542254,0.009085214536898367,0.008809151935012305
0.014381644556443196,0.016864004977311664,0.022423114300210156,0.014892206212155035
0.036802723587805564,0.00036036030626596105,0.03556830719353765,6.207343153330491e-05
0.005484324675483987,0.010151768212250833,0.013879253960960902,0.009827639724974802
0.027710423952128527,0.006565521033893629,0.030803335515222297,0.018051061542878277
0.0024242785527132105,0.00019999041199203482,0.00920446699791766,2.0788897402757023e-05
0.0025504699688181365,0.002738487847773974,0.0055860262267930505,0.00023039936522140092
0.07888701592894087,0.030451697782886478,0.08531771262334487,0.03914496568424941
0.06940573669680683,0.0022779594840085515,0.06132562849041545,0.0007214489506416344
0.0009144324503724821,3.480980034886727e-06,0.0007956409771684436,0.0014094324304327888
0.0002550062048251034,0.02148287502312496,1.5443829822214816e-05,0.025211947692186376
0.00031111250098281307,0.008200081833336759,1.223809897610284e-05,0.004387709697731057
0.0028669760813966327,0.009115137020492714,0.0049356498660231285,0.017853681449533143
0.020718083099377838,0.0036556865879961986,0.02214713365689369,0.005512872888076004
0.025443376906014725,0.018866000451839504,0.03465928284004682,0.016013983931205233
0.00018834708379333875,0.0035581982812141755,0.0017405616848896743,0.00023535208787217599
0.0035889550871446296,0.002187174058342234,0.00249225970165301,0.002270384295739669
0.02454799202939839,0.01428089746288097,0.02039781957062914,0.01314968641998393
0.008951838909127763,0.0003459821175280098,0.013864714768326514,0.0005260921337154612
0.01996683021815726,0.0184469288648208,0.025616445238635932,0.01372996737076293
0.01640562328375006,0.006719486200505553,0.01647749939966725,0.006839534344272202
0.012225504772864992,0.006891247078446239,0.003472193678105251,0.009705355489558087
0.002405858574970998,0.005323576556176102,0.00021820648506098994,0.0009988654990711332
0.00042759939589831486,0.0004746651385267864,0.002350225338440648,0.0019077962332334497
0.0012509539524971913,0.008816189985057066,0.0030277999768048014,0.0032318490002009037
0.0019091380306184291,0.001340173498708519,7.882287270599697e-05,0.001668485129503794
0.011905294471065808,0.00032743600225348946,0.006793875490683554,0.004927664143999477
0.03507513821128028,0.008479330952219977,0.02893165165699263,0.005124816178969982
0.003578909852233858,0.003324009297550501,0.009490978712827336,0.0018603862133302895
0.07151768388071145,0.005444563479311992,0.05477792863978359,0.009643232025411952
0.0653046689671708,0.006250972817648304,0.06780481566898844,0.014271355780405393
0.003910502631165991,0.033119802767496376,0.004663722434093298,0.030066237329539502
0.022535035982429563,0.011391507921000854,0.025805906609540297,0.011518927575438154
0.005840039998183499,0.020307723340530326,0.002544403671166484,0.035615657967730474
0.005637655149258625,0.036968262807720254,0.00012138670974326526,0.016149301918723102
0.01673864589979257,0.09895680025692655,0.010686328114816845,0.06935091081021572
0.0011512627119452112,0.024796018077740123,5.247964788701598e-05,0.023390177616900543
0.0032491801937898357,0.011602721939936056,0.002811546287918909,0.014607809152811346
0.019611006048314783,0.0004561123254046562,0.02424880675088159,0.000874557238803253
0.0029440398319374728,0.012331157791308445,0.0023680731137771804,0.005593730446756817
6.332999409774942e-06,0.001606899538379447,0.00020493343227512284,0.0002560267604263533
6.355886770126329e-05,0.011320782585487188,0.0005061217268689244,0.005125341964873464
0.01847084619832684,0.04484230439284509,0.03529415674038494,0.07516386947709186
1.6521603418695463e-08,0.025493655127357462,0.0003899588524389763,0.04253249238429624
0.0009040578689984979,0.014046514638103802,8.535828663958078e-05,0.020703079503399335
0.002584691205199885,0.0004460331844512444,0.0062988028222822345,0.000720634447147317
0.049918965974541374,0.01509172547537685,0.040768442462351784,0.02057556357248158
0.009509133298039374,0.04428595357600029,0.0029744905562735235,0.02678343939947936
0.007633822876185525,0.019292238421700136,0.018591668117124538,0.02299783369758579
0.03332092822551036,0.00334423742394363,0.045876466219885725,0.007430112194723781
0.08372148402129975,0.010014533573535211,0.07692871457224904,0.00520814027698091
0.014052032511627455,0.03869889544581362,0.0029502578212617925,0.02778605457295713
0.016642111533427095,0.0009782939241711475,0.0025678878084883783,0.0029784430230472836
0.01720860281045622,0.0013482512644845679,0.01763605593374873,0.006262439050694568
0.024252533798265197,4.1616075708850175e-06,0.012642635821006554,7.001945495499484e-05
9.943466749984253e-08,0.010125351125724102,8.228358221196164e-05,0.005627541878025277
0.005614106476137692,0.0011189784125339441,0.019214469212591956,0.00045981134721451156
0.0028063549014016864,0.010323399471010797,6.667190863840489e-07,0.0013781772730334652
0.04200822569709106,0.00015201367776140895,0.04053162029652069,0.0015664243783057863
0.040588648826135554,0.05884202947178596,0.04240907659354409,0.04448650613482752
0.0075148958996047455,0.017554392590589663,0.0045394136097278714,0.013238648584535828
0.0006306607053687685,0.010251145997917988,0.0010693974045664634,0.009935824711183261
0.006620467679568032,0.003649117539041624,0.0028446366679287793,0.0011520560405121616
0.0311718013065575,0.006768881891179301,0.029953264082498654,0.002765569785298072
0.0007711004917509978,0.016556417129145462,0.0001717078047092091,0.017767852313349652
0.0063721726333034745,0.03110401586354694,0.011577604242865136,0.03228993383730783
0.011698632412573517,0.005316612833555445,0.017451424705023033,0.003672141909785598
0.0016168434244409058,0.013798225813928311,0.00084037915170454,0.01740959015760357
7.043117275351563e-05,0.010106894111259201,0.0023192336079220777,0.015821527899609222
0.0002608683439699888,0.0006899000151204815,0.010433427371770443,0.00417130566585433
0.00021285735237197567,0.01453329537897241,0.00029270724544472326,0.018116885719821618
0.008965429950740456,1.5659060597861263e-05,0.003801340181675439,0.004020115464091312
0.06967579652583245,0.054741083064769436,0.06104009990015402,0.057619965908206616
0.00046821404855190707,0.0014379556934771554,0.0005098293147072219,0.003151499704898697
0.0030277445358245503,0.004978790018190904,0.00047603535201568015,0.001568249231518104
0.004444804421235848,3.341988061111856e-05,0.012483045091054024,0.00010415789106499318
0.0009612198887677392,0.006380580738327701,0.000446322546654887,0.0011037371047429856
0.0069958348741592236,0.031665116177220454,0.010200498440781969,0.033005857429976415
0.05207578683690273,0.0073556763314115425,0.04736630826296284,0.003951445000473175
0.007368003032540038,0.022661073496370143,0.010241497777886854,0.011858165255854813
0.02949081776821305,0.017019036813238575,0.014787912407678738,0.006904250029813319
0.00013593614729623393,0.02648472388204892,0.0005595832622173891,0.026894939833537856
0.01749665037122361,2.5182971690740352e-05,0.04720975773236069,0.0008738743014282679
0.002727975328308485,0.002796151359458765,0.0046744459350801515,0.0020216344342779413
0.0076754498974693774,0.010024090262301444,0.012094399541570988,0.00862326556348747
0.001664838595922813,0.008630460930218242,0.004247681843976281,0.0006528888736158089
0.032073389167939004,0.006676493990220411,0.024971289398404983,0.011363837183407943
0.0337550725540805,0.006715410877626615,0.02952108402254605,0.004963167837885529
0.042523508129636234,0.10463584281211191,0.046370029571389026,0.07905578461303886
0.009795422601798554,0.0018014999269325704,0.011544547439042097,0.0006027756506743476
0.0003375055442323971,0.003311391886198778,0.0006383925604669383,0.0042410883359598195
2.8464669971084433e-06,0.0003436102061810109,5.4613489992916264e-05,0.0018396725353979626
0.0028320987927845653,0.009417697506137968,0.0033286873527614835,0.011699386817703328
0.028627818090237067,0.00896002648171157,0.04011631794791948,0.02749449486263933
2.0619503268703987e-05,0.008001624640003535,3.6531970676989545e-05,0.00486092982135089
0.008030537352295974,0.001188112965668453,0.00504024666826608,0.0036854125733442045
0.004324585779284851,0.012797664659009556,0.003946646241686502,0.010861510309382316
8.578498721267813e-06,0.0013137222624070022,0.0019409436716785189,0.00012041551243502369
0.0010516364992110283,0.0010394295357730732,0.0030757035383471854,0.00176286995476993
0.0017121391737477953,1.0703398833911137e-08,0.001250645833370756,0.0007067531477661371
0.00313475787509776,0.0005236689546487261,8.577303545775905e-05,0.00010166269462874578
0.015063286556699196,0.004529929915032094,0.014043376794641071,0.004018702069465974
0.020669390104853913,0.0009360926186582352,0.02044542065368038,3.4344377997097553e-07
0.01455515687939446,0.0034842848654778047,0.020451653907573863,0.004871836511019745
0.005350374928615453,0.006215288875472957,0.0023527603887333326,0.009985889237543621
0.0020415035784064894,0.0055273036065506265,0.00866697052358989,0.004724246079341077
0.00908853495713613,0.00029522128968029193,0.004636853261392071,0.000671657833936079
0.033805598689948924,0.006492126627516193,0.03398979494690224,0.003439597085054147
0.0002395526009469906,0.007699638909821727,1.976112870250013e-05,0.008457390438456835
0.025031759555015354,0.050727968180839134,0.02303996883387016,0.04647130778434294
0.0007149996230814137,0.0013093869074540798,0.00040809747192716017,0.00247557325764447
0.0006665674458524729,0.020645837564488123,0.00390901295513757,0.032543019407571316
0.004598533163163054,0.027070647313579665,0.004507398423561848,0.030501786026764788
0.04605939582470109,0.052288073587229755,0.043431786821652385,0.04139112714642923
0.0010997246211434941,0.0035521240869773596,0.0024822782565023793,0.006003460549490414
0.003207596334666607,0.007499028162341714,0.008993114249711609,0.004841506914321281
0.04986858385436865,0.007781859274466174,0.0485569409838551,0.004995921650917223
0.0006979676614689012,0.012881039776056702,0.0007472610919218026,0.00026216523679079007
0.012591633940158276,0.0014820686100580627,0.0017761262990764193,0.005135829255729085
0.000313025311580839,0.01990415948424107,0.002826955625252925,0.02077794629843943
0.009267820646460811,0.00851430780270468,0.014100026378480957,0.008608673384108312
0.015367275317709761,0.0021068536029495988,0.014119073054294828,0.005249840870386824
0.008842688626991668,0.015483264213276504,0.0035933777449943527,0.02131404453898167
0.004113178689826857,0.012561629642923844,0.0003798185543106847,0.0024873631193024215
0.0024313036581763425,9.795193269268587e-05,0.006055966440408733,0.002032291686941412
0.00014715757119587725,0.0004903076632173375,0.00014808025706114503,0.0015106131755486807
0.00026748031461798494,0.000370106769746803,0.0004159401571924848,0.00044215044064388476
0.0003443403387264343,0.009649292501786477,0.000535041281712334,0.00667571956929125
0.0543764823997992,0.01186466985986856,0.07120733362017606,0.007152930740982333
0.0007112955141299615,0.006271325425581176,0.0011836174222549234,0.0101607766784938
2.948478470465865e-05,0.009107452561751495,0.003801483916355153,0.0011358853988694406
0.00020040213501471005,0.003845974231661886,0.0013089620212830555,0.0015197510409432624
0.012266457723687063,7.735180438839251e-06,0.011728154868328122,0.0020733006201280046
0.02257394649568889,0.0007055193860350251,0.03441314274249818,0.001245453487809911
0.00029549824680319414,0.0010406047759538017,0.00017510686217414584,0.0015352594657160878
0.010169483093236953,0.005898719529629615,0.014431776797771523,0.0035971653440166618
6.543539841086243e-07,0.0015107613995885005,5.432443972830381e-05,1.2020974022530773e-05
0.034083940949064084,0.000942588420748125,0.035567656276232484,0.00012710051235287345
0.0030567757215957947,0.0016336254310461706,0.0058814748680056095,0.006772825401344051
0.00027339297374595617,5.6963393387787775e-06,0.0001431134675269341,0.000774546871834314
0.0001954788968582255,0.0006949002643553692,0.005428200034243935,0.0027989621091029093
0.07738958472657831,0.0017954253363180461,0.07665584237076772,0.0010877969002642818
0.004729952118243785,0.0006875488134464591,0.001982435847892816,1.668017820533052e-06
0.01390635362183057,0.009484792244899176,0.027699168517834383,0.013883793915195008
0.003975958402142155,0.008759046345328758,0.0012367205508300172,0.010254458167421432
0.0007563627953118823,0.001578037862373649,0.0029767526786430576,0.00028333243515688
0.0076745063277017245,0.0015600384248213306,0.0018500684381101973,0.0026288503852636147
0.018831427216590146,0.00034586663138969076,0.01192702091738529,7.98866874429649e-06
0.0035299987834954694,0.0024769786277687444,0.00012369390079636222,9.787598724941837e-06
0.01103397958256025,2.6046829541881422e-05,0.011277966976925846,0.0005896961954185986
0.002470152129102954,0.012669639509514607,0.004094477131746599,0.0053566744090507434
0.00900471252455537,0.0009279211803929766,0.003987815364655978,0.0003987382609792478
0.004678851478001178,0.002771903124688002,0.00645321873219229,0.0023711954599380247
0.024186413369993498,0.021866637257038524,0.021328520638313586,0.02216186755718541
3.7447495050413337e-06,0.0005040720671053434,0.004797147904848531,0.01131460151510122
0.002793787825039473,0.0001497962325882618,7.786840765633407e-05,0.00019414128297101652
0.0050136249427921165,0.036840611831972625,0.006259675504626805,0.04139181509070544
0.017170224980003312,0.007622615114584619,0.01624623714820428,0.003807505976299419
0.00015862267332211744,0.00028387923700612383,2.807843854091274e-07,0.0033363240041386355
0.003824026293302696,0.012887294829230345,0.0011388734945253498,0.0046382490525942455
0.0006227855528628812,0.005661549141066313,0.002137470290913601,0.01550265515600302
0.006576990591317666,0.05022657674828035,0.0018655361874218013,0.06942690167260901
0.004533917879301352,0.009457315720144965,0.010886147682942937,0.008386680850527517
0.042207491200433545,0.0002683708968798104,0.032815820461239875,0.0022501376637156234
0.022275269701272915,0.012786507234496147,0.021916806591045,0.012801833094112092
0.0005028311079924297,0.009517018290262969,0.00048644648013951297,0.002284368298203443
0.00015441640019331349,0.0034678375606853606,4.355945049427934e-05,0.00018280257253311394
0.02542786364145555,0.09878546976902591,0.019019152426792196,0.10068425096973987
1.545381156886627e-05,0.0027230962428782535,2.4990384617007422e-05,0.012068970542408852
0.0005184555833404048,0.00021474737584437076,0.005384123604832869,0.0006892672742336847
8.291691263739853e-05,0.000947098977615024,0.0019505466859470744,2.6342372861920538e-06
0.0034021456079482704,0.04678735806320988,0.00225264502300615,0.03698954444760483
0.0003733473226831263,2.9299571129293156e-05,0.0059593410056654195,0.00018990759324100104
0.04890509947681132,0.021730070410528435,0.029596907614279244,0.007269521305092397
0.0013068216291244328,0.00012751924938836368,1.4197683254946192e-05,7.98110008537467e-05
0.001887635058095638,0.012617388004644403,0.003438778228052497,0.011893735098666647
0.08363666746538434,0.0012040230954055708,0.07309644257455672,0.0029052020038120574
0.006720984542422759,0.0012197931260266026,0.0063077375676322545,0.010690649682597031
0.010117274986542024,0.003338504354206684,0.006067136803572071,0.00722275235650216
0.0013368836251878013,0.00014870391326260446,0.0012912669387228348,0.0028190619206996947
0.04398185321066206,8.308623777875113e-08,0.049241705304416405,0.002128374672092037
0.003651790098586516,0.02985243580600594,0.0033883817347764023,0.04286524457288621
0.005741596412966565,0.003512662307767589,0.008648181998803461,0.00014545905907936696
0.0069812729338768476,0.009418758095114388,0.00536068091849351,0.00909014508250272
0.031904741399905734,0.005426833195508851,0.03901183904843808,0.008084962780629534
0.0006594639041158645,0.021344249098876555,0.0017617756321851585,0.009978409670810762
0.00046636475202010974,0.007114352707364491,7.673814024999892e-06,0.0050249444202591365
0.028213720276377585,0.02518346271673988,0.027235864419914768,0.019465826396123487
1.1637266295605464e-05,0.00039153146268611216,0.00010125864777021931,0.00019068031078972592
0.011942496795892876,0.02692260533931823,0.011888098218474474,0.0227864991336566
0.00499808723103401,0.0008014755920214833,0.004095640484116592,2.9510517030040262e-08
0.00048303155865148106,2.184838675090006e-06,0.006317540527646437,0.0010301567616899376
0.00027563315487544315,0.01730371262519259,0.005648992647332651,0.01083032677740825
0.051931567835276415,0.07425047120885708,0.061510251624780854,0.07762431523657498
0.030935537537601254,0.0006949774924176477,0.03602374429772581,0.0011360136411863175
0.002294881435035534,0.0072253407661810876,0.0008420734630724125,0.007722857664926308
0.018343036117096756,0.024515024962938226,0.027012018523345782,0.029711467883581588
0.003428152436773191,0.011083431297486457,0.0007987844550405576,0.0008133807414743011
0.0007875825791993085,0.010115224560901748,0.00016411179285835686,0.0036071321396107248
0.0059765024338988,0.008237450697491933,0.015217216188413762,0.012525035230616766
0.0004448255631647191,0.024706617772398465,3.18460189661085e-05,0.03384027183686833
0.009423678992842577,0.00788715155768338,0.0186481604522859,0.0053841243199692634
0.002258108219911903,0.00017457760864014737,0.004247686060515732,0.0041886402607680395
0.002650425428922465,0.0033649871230347905,0.005040075287391477,0.004683516679100497
0.0036139294169874603,0.003594349927503071,0.005810477377545142,0.01278613643452875
0.0010143516553835497,0.03183293943115051,0.0008770981824771651,0.04133715245659342
0.0031172721354582045,0.0071749636003095585,8.858748240858638e-05,0.003625836763507473
0.026699841369070998,0.004528359876452948,0.018593754816567665,0.00022303613262186772
0.0003612452187066184,0.02639525692791944,0.0018775317751902332,0.018834528142920193
0.003381295722313493,0.0038645409187003654,0.0022657929296815427,0.006156951918178666
0.0027626532509893442,0.0006367810153438125,0.009954799835774075,0.00036803965700649144
0.0020486915331542344,0.004323695899715818,0.0010479541244912127,2.621817268178006e-06
0.008623721280333951,0.0033433024308728854,0.003594344755688872,0.007659364538189384
0.0017669590906662647,0.0010345334113410765,0.00027105595008536376,0.0001395002849458038
0.0038172229055416507,0.009685159164401935,0.0001127310408101101,0.007114838232110232
4.1772406207285506e-05,0.0007190791893443294,0.0009056299069648555,1.0600244023994954e-05
0.002872726460963815,0.0071181855353817935,2.406296798029839e-05,0.00541372012419139
0.027380740383189717,0.03556757409859146,0.05267413114975772,0.07965162955086591
0.03724887266942645,0.00021267818806480765,0.030020412769515836,0.00021197340627476802
0.0020799575096411838,0.0016181249897281313,0.0008266017658782321,0.005570030017536531
0.0037574183474006206,0.0020491632894916734,0.00028627968122563185,0.006177226511747569
0.002348756973902466,0.0008397893344997964,0.00011095073206512929,0.0005691226563515617
0.001987118883537753,0.005359779234927253,0.0020073822561043064,0.010229338171561575
0.021272112676946398,0.001458989522598042,0.01423780211021497,0.0013222002238955088
0.0009231277574248686,0.00016115691357587725,0.0024274159999115863,0.0003407703070051893
0.0002856389292892336,0.017998618567270253,0.0012305471718379035,0.029270236666708027
0.014868950640647083,0.003666854314233081,0.014276794064268405,0.002202096570160017
0.006635551268713291,0.00018914786676005324,0.0015450398874004012,2.4209330192426215e-05
0.001846443479782689,0.008462584781399385,0.003731796519561681,0.009512995973066207
0.021102700829603083,0.03883550674733105,0.02795790728186076,0.043353755735755506
0.021606975156511887,0.026635667393649753,0.031030943028948377,0.02595666131701546
0.006653907327871855,0.015406318639599403,0.014743687433419361,0.005451855749888379
0.002725052910669934,0.007177305390069333,0.00022230069472206626,0.013049697091821133
0.0008558148962661827,0.0008244661136350695,0.004469443741781265,0.0018372457604268755
0.00027776797303147305,0.0008183576602904807,0.001493743196869679,0.0057079526514345336
0.0038297356287356754,0.012220623623981797,0.009040981051456454,0.009229491128025735
0.0055409973584953365,0.02418719294775873,2.544234711798765e-09,0.04033312839621728
0.011542867142461999,0.1009388978763438,0.012415854609724053,0.0775426299121087
0.014191696458335512,0.01741008485507034,0.02007315602259463,0.011615548844249979
0.001497391570574269,0.007924545055840837,0.0007195631535371616,0.003913364353105853
0.0003183508542432545,0.0012678568607603635,0.0002836480663699348,0.0018613457082660156
0.042046097245703073,0.003416699277088653,0.04369221138372659,0.0038825030922702286
0.005398711639045262,0.050314601905352085,0.0025556998643939677,0.038358600405626886
0.002239828966945079,0.0005463539115914129,0.005246764171052298,0.00033864791129145644
0.029531934562536444,0.00737187042233689,0.03152720618328497,0.0017690900191876802
0.0020347685170143404,0.044598327234649515,0.0012221173717136269,0.030809163717888777
2.1491496776993024e-05,0.015464685151507784,0.0011615407917049403,0.025428044985078224
0.004543117823233467,0.027105765099908696,0.0014937933132508352,0.015232135584882789
0.02307337950725652,0.0002058588601988598,0.026823349837605037,3.461903206991579e-05
0.0002561804693467229,0.009968998934426931,2.062454861229135e-06,0.00550796836418499
3.454377560874189e-05,1.2125985538902206e-05,0.0006474291932058174,8.780973831612471e-05
9.482211665634566e-06,0.018866191877975558,0.0016000603272727787,0.0067480639491938055
0.03899661951527311,0.001527368751341296,0.05719197418719446,0.0019014637796572753
0.03371336089500332,0.025037349594184355,0.04012447230968774,0.024918355158638827
0.022913530778794877,0.020753236386547802,0.010125358529668893,0.022085359904195245
9.799004551780399e-05,1.1730616686245199e-05,0.0001511368077375952,7.338522751898502e-05
0.012060890653313727,0.0019698855084793188,0.015746575945515984,4.581092226063621e-05
0.0017929928596079892,0.0030399605798936413,0.006219086481024427,0.005320031704775907
0.005085496330739514,0.0006141139218976965,0.009090969684430239,9.522114849058738e-06
4.400734823106767e-06,0.0011632156472977107,0.000919927640826379,0.00011080003373298286
0.012314621505563172,0.005910170168078377,0.002307560582184842,3.580149550808098e-05
0.0009485107431944639,0.0036124908108873255,0.008766850566296669,0.006879054341501933
0.002595465986494405,9.944270530781729e-05,0.02036385012323738,0.0030708318113881194
0.0009064198337740415,0.00037026830979425274,0.000495566028594796,0.0025734445892583446
0.007495463530312274,0.0009543378350037601,0.02306969338999465,0.0001491703168811087
0.0006794174165599687,0.0039710480258108305,0.0021824997336779006,0.0038200412877020806
0.011593476612207554,5.393108724371931e-05,0.018958072316305752,0.0023441964676348404
0.009672787118119475,0.024079099968089213,0.009833803797472673,0.01732415584658087
0.011575605806790623,0.001456281090110867,0.003876368888747428,0.011023848031487038
0.014566413819825375,0.00032204524582613026,0.011092592109165245,0.00014048065729133086
0.0066598656975507264,0.005663311575325958,0.011652773234872349,0.008961319780447452
5.256944302356459e-05,0.0002437008216149561,0.0011023990679804863,0.0024257142522227104
0.006478113060837232,0.006548403714840445,0.02418184861169914,0.011127622613316568
0.0009767878407536124,4.199187875375543e-05,8.615914269394231e-05,6.8142460450948406e-06
0.002523756877825134,0.0018905788169232274,0.012497831066957232,0.004863388905060884
0.025923257124657817,0.005380045160890745,0.020917247714619558,0.01493419579334243
0.02925946755695019,0.0035264011378021154,0.036056019476530365,0.00013464320677991637
0.01633853601911872,0.0879195570336615,0.015264325865776085,0.0726962064784551
0.011012026946524367,0.043392707357037597,0.011812773183933256,0.05244666186324043
1.0521005275321293e-05,0.00644556686831077,0.0005865126269506415,0.006504780083862238
0.0009161758112994356,0.018597851322921577,0.00030811977664790824,0.00968032676939401
0.01301280202291999,0.0001635095284236998,0.003984917007859079,0.0006916315556171337
0.040355823510058286,0.02900543190252891,0.04345903556539976,0.02717657151870545
0.027811242673158598,0.010290599989925209,0.030017528240385172,0.001963329040161277
0.008601847799268869,0.0018960266062679754,0.013636387683609752,5.274771691210489e-06
5.76349993353098e-06,0.004082692860766679,1.4091665279103438e-08,0.00037290248174770557
0.0013446936923762198,0.006965909188912378,0.00035756930121511044,0.0014681882506567545
0.00014112803519217287,0.03527025043351928,0.00016797948738611623,0.024277154497734488
0.00024738998848561344,0.003642130411736333,0.00028474249871912605,0.000808830338891231
0.0004807953959438116,4.148316368302041e-06,9.915643894353732e-05,0.00042683005879284863
0.005207866527305871,0.0006566067791541341,0.008659007286405673,0.008963878320085605
0.006569593007687224,0.027416012008393276,0.005123848753260107,0.0202798215941129
0.0006833404209070082,0.012051529293572005,5.191455342723472e-06,0.01227070951534337
0.008785967130197858,0.00024520407093842067,0.008630823456490355,0.0001326610555464347
0.02018157233986484,0.007750917655773737,0.005257251165352028,0.00816291468031538
0.0030681839597900273,0.016411543848880883,0.0014600125734450797,0.026565372715287472
7.158515503857821e-05,0.003977549143802994,8.76350911406254e-05,0.00744646594111309
0.017263028704573524,0.04488448644568377,0.014615466511381126,0.04936035305060038
0.011190922423247707,0.006077112350640235,0.014483755658374231,0.0035692660629662587
0.00432676588635561,0.028220303658679113,0.004706190599106819,0.022473528035103163
0.006489512373984763,5.5802001599158935e-05,0.0003960636421426189,0.004465804936454543
0.0005099540687254489,0.046469779716583615,0.00020907070627895763,0.06228142876620457
0.006811547884305935,0.001761258690122891,0.006163825215674046,0.0025594797316551565
0.001947767863881178,0.004862570934736965,0.00015377035366626046,0.002597636413167126
0.015774762056239067,0.006999664804813177,0.01306111423350842,0.0041204148639486515
0.020564006475485952,0.0003011404051127542,0.011388215421088033,0.00035135747945125306
0.013936616518527511,0.00474180023509041,0.021107967826257568,0.008521842473868668
0.002651842152067263,0.0011906209096158582,0.00561732814637661,0.0027296734887020113
0.001004103693352243,0.006244103958799707,0.004418826246217367,0.001723919875962876
0.0037823526892257764,0.020406868139809187,0.00018638384199620717,0.015664200183262977
0.039731519627316136,0.02483299135895367,0.02140233764314925,0.008112080958413759
0.02890344837172898,0.03977200811027437,0.01862262386145075,0.044513759458641444
0.05102842611722502,0.04768925790558476,0.042550252476542316,0.03460043612800001
0.0004595909926453645,0.008142949556939172,0.002498203152619949,0.010033674418045035
0.0025077037521201717,0.0036708931192852567,0.00469231543163684,0.00758912145857471
0.0019757072598223235,0.013597007295358177,0.003592040339553071,0.0054559136703269395
0.0003074260410933505,0.002391540288507632,0.0029553781491780118,6.974756507127644e-06
8.328553378844639e-06,0.0001777527640354215,0.00023202575374881018,0.002137672669675683
0.02500438099293245,0.04320312970182294,0.021690341572667693,0.05190129875988547
0.01784683258983155,0.00016527026780321918,0.013029338393120593,4.075941909131853e-05
5.9995466445639245e-05,0.005953158902655464,0.0008975532485813176,0.004565096331075491
0.0037646827778539116,0.00018932426083395626,0.000593464082408679,0.00028625863088782566
0.0002960899552008067,0.015490716476101007,3.8116877576488406e-07,0.011919183864258054
0.024532371466456038,0.008099469802121062,0.03353925922446399,0.012899936050411842
0.008780144730991757,0.006870594654367124,0.005431431691817257,0.006184552902280704
0.002131591623927509,0.0027388389141995706,0.00413665318090739,0.0012536054030404253
0.013501772661895228,0.009268820402171918,0.013303358398333076,0.0066441798976518696
0.006010511593785961,0.0019799089654958246,0.009324975335001873,0.003312094286576972
0.03253731750099953,0.01960506006817464,0.019589184784191915,0.008949837778340686
0.033145460269373705,2.7144145967605837e-06,0.03217402362493271,0.0002398924595621299
0.002025261772826803,0.0015943067312575998,0.0017849628175294896,0.0027085190779476687
0.007977066933464116,0.03255339848269767,0.0020347776638087733,0.034125476814501066
0.014936308493380457,5.068785284745303e-05,0.008002415713435518,0.005217922223952898
0.0006477180411729178,0.00013807571567181487,0.00013236771760594124,0.0036452885553472925
0.0026018054024449233,0.03320694107212385,0.0035430874638076038,0.050403007840590375
0.0005193101906336706,0.001709556082973629,0.0012339709636409735,0.0031814391013491594
0.00629086071300855,0.014282163391699632,0.007051213696638414,0.017322688513584317
0.04609936358161937,0.04185991968415148,0.03813168611473061,0.027379363601307993
0.018546609119830193,0.01238288399348253,0.008990954737097101,0.012181000573542988
0.001203009874318206,0.0037653388826963674,0.0025720228425298863,0.0029577034791522516
0.022374939205541566,0.008614490316126489,0.03343960279827196,0.029686985385427356
0.027996071465545946,0.00018477596397670215,0.02923997487979524,0.0057558024773007865
0.0023072110108718347,0.0012116891983732225,0.0028639954524305455,0.0005479326969077825
0.004449530514596733,0.0072499328816838515,0.00021703443908216435,0.02438283997352353
0.014409036200888514,0.0011427445317273577,0.02362574363863712,0.0010500570977319823
5.7223516841786726e-05,0.01143917750254797,0.0009383229978889851,0.009125074343475315
0.011596759859282435,0.008986285214661272,0.0155266002192892,0.00497045724508105
0.0035857208394842743,0.0008579447028946863,0.002160712292234135,0.0010448105984418588
0.05150099895448934,0.0027058732481946013,0.050296940589575345,0.004629587445901695
0.006123385039740303,0.015753373498952228,0.008393549416032431,0.022930684767437093
0.00048287669635493913,0.011896556565235472,0.002219905055778848,0.012978299512054758
0.008396201410512005,0.0014738403904547281,0.007365572700671064,0.0023820725324348313
0.009749767432426615,0.0364878025061276,0.023867949710541736,0.042980879801799765
0.014594023128857492,0.012679969017766135,0.007507941662293849,0.018721935584396276
0.0046538390330791435,0.0012934830207187442,0.0066989902652254685,0.00031888790937939504
0.09541147139564543,0.03887309139666051,0.10350635137885811,0.053182588186051594
0.0052116254649801075,0.021080742146894704,0.005275539177526212,0.024142687779190486
0.004416123929769755,0.023995217468016028,0.00018750737749462232,0.008269004376640576
0.06851804460124922,0.019197379576259443,0.03810832891383231,0.008504854288391095
0.0011848542003866092,0.0054244734002127926,0.0005829812359998687,0.002616795796748228
0.05470998960932727,0.05322616603562669,0.0612913811151673,0.05610594007089831
8.540821557079248e-05,0.0007678453165563814,0.0027809177644620986,0.004860618628887314
0.005289099979061795,0.009422857905523552,0.01119012546977538,0.0067830664312129585
2.7340956564314567e-06,0.0047095408589163945,0.00012419262841600887,0.00544441666548634
0.008916131732579546,0.03840448487379455,0.011519630572796702,0.0449808956396861
0.044865054266780335,0.00470831586933651,0.04638558679876492,0.006274608144164029
0.0053605457327193795,0.001608834395088743,0.015822671266429222,5.400155983725785e-05
0.0023514514432149136,0.00013226952122191715,0.005573068321910735,0.0013683796461586573
0.020677584615004574,0.03869223449085024,0.022557016168995747,0.023964505607733555
9.414573560739825e-07,0.0018088288050224222,0.0027675713457560036,0.0004983549125409104
0.02607150235552247,0.0003908494622676395,0.011606268018166999,4.447305869936802e-05
0.011796628487655503,0.0007530644996114333,0.012926387325669086,0.00021191091221872682
0.0024093397283775353,0.035698587417018146,0.007861650016502186,0.04397427589459535
0.006772987437697164,0.03858839306171191,0.005578332391888208,0.020973663314732716
0.0214363007174162,0.0016136582984451753,0.024799402298625206,0.011876445905210087
0.06073745105404671,0.11633954809741909,0.051968652257118775,0.09301940915225992
6.241858917954701e-06,0.0015672010609698583,0.0010479768812620138,0.0007283623253624416
0.00043140640172001365,3.4507262602900823e-09,0.00033633803250476824,0.002118626484012065
0.06383838470920311,0.026808271555043617,0.08199865930663508,0.038755999585532885
0.0008623198101954666,0.001243203213432964,1.639404052267146e-05,0.0001622496436950449
0.01202010715549473,0.00974455131385954,0.014925597163584992,0.013539351208162631
0.0014204394074177618,0.003114820566102794,0.0019910021795381816,0.004418250888505781
0.03678974356559361,1.2443312141452445e-05,0.04704356603483495,0.0004043432086988652
0.0159401536047461,0.00396357263694358,0.005948326834698037,0.0012926589438669867
0.0002730232893086715,0.0029449776764185476,4.642784961383928e-05,0.00990587404141019
0.0063231375216319385,0.029189186178296356,0.004823751146077915,0.02242895203463935
0.037386418004556776,0.052883388751105986,0.026915956976621747,0.05445322748495296
0.06129048206371557,0.0610470803899148,0.045805689192667476,0.03000256939897994
1.6618340091256734e-05,0.0035866008320043496,0.0068445729591283255,0.01031316603709187
0.011430226784713837,0.00337754982603522,0.006289862907972177,0.003294926030523948
0.0033173706633635724,8.98220438128039e-06,1.9619720888042202e-05,3.263966187705414e-05
0.0006334434501354957,0.011328588350319246,0.0011767466489381873,0.012214888025284698
0.0002266738442051608,0.002492144708810873,6.147055755523212e-06,0.0055941924817821675
0.0028816532165326647,0.005886859519316334,0.0076798479802443476,0.009801932544676317
0.006852160153069886,0.009322823466216379,0.011419482204712228,0.0088447337856149
0.004151378576759179,0.023021432470947123,0.00662354807440535,0.022448633164806497
0.0020765385301576567,0.002964484658139477,0.0010078816255175704,7.138203493628481e-05
0.0033530348216522787,0.0003956068167426663,0.0024136686856710554,0.00011855159009288574
0.001523370385439704,0.014256370340185343,7.686780367777146e-08,0.006443558242456793
0.0006488568768592273,0.02218059441824438,0.00016604645878304236,0.019838250945176883
0.0054853899196105615,0.027399143462160658,0.008909093553270186,0.034430898133890775
0.004455823360030586,0.0413121846134612,0.002337526801232226,0.040222082248184576
0.006521048643517324,0.01083503890247639,0.005204370010300163,0.021874142002211938
0.005532783128184948,0.0008225562372110584,0.0030879537431433013,0.001342194789163531
0.00322747943909929,0.0643274495800017,0.0053840840193957185,0.049439974532344055
0.004359969120388718,6.207848822004092e-05,0.014407328746857795,0.005752099269334843
0.014729119385667677,0.001686373244842998,0.012828818850965762,2.1161293713989338e-06
0.0002926323318908075,0.0017151644633900398,0.00033201887515577067,0.0032246555153507828
0.0036760924362556624,0.002696109925507839,0.00483828786083218,0.020454003466936044
0.00171323155549985,0.009024120261301616,6.609718408623344e-05,0.008713397305733839
0.0033557627253005817,0.010165758654855472,0.0029238173032383186,0.01937856690591233
0.01560437369566936,0.00048673757524320127,0.022841207361095295,0.003039461594184112
0.0052402082325361254,0.000830583924298689,0.004631762570885156,0.003547979076849561
0.004964841211877569,0.01328427569598023,0.004065082993858882,0.008989211499341065
0.0026632011569036607,0.009259889585155001,0.0021724742644704254,0.006853367210149619
0.026096974452860633,0.020322058444197544,0.02685841611856432,0.015896797653126016
0.017306486293791723,0.01220895707960623,0.00786156517779979,0.0033200267885883372
7.18276070338364e-05,0.0003425080355460297,0.0014970543710171036,0.0011798606209250107
0.002359224305332419,0.04139885219227346,0.003925084624363917,0.05787896222854805
0.0044202148297287636,0.00016811953296846927,0.00015809400248234518,2.5756015754829775e-05
0.014189286687359526,0.0002550501441392905,0.02717565964699753,0.007514316268776522
0.0022555911498419734,2.253017310371863e-05,0.006788660210569453,0.0013232995110040724
0.012466092266165574,0.020296050759412654,0.019609219917777865,0.02114672304982934
0.0003471942174402276,0.0004659323878259958,0.001990177381688163,0.00018936361796140222
0.01351701140861683,0.0020500729805772444,0.0030820292560226337,4.485046434132833e-05
0.00030487525503386514,1.5828292187825e-05,0.0006681832422995582,0.001943905583016714
0.0035502140747386557,0.012145715362890441,0.0010616790701922785,0.01104590763970148
0.006021186656454347,0.009711906482246957,0.002140023889322662,0.003346811269489769
0.023239960642123303,6.370207108097325e-05,0.03000007295675,3.703302603663694e-05
0.017099999896815987,0.011067496124213205,0.004112909480780691,0.027100085155054354
0.008016992876840767,0.0009781122588727875,0.007508843116445618,0.0014297184705114319
0.01037821152894347,0.005265053154635435,0.004797356148867893,0.012067509577442848
0.030723258254801156,0.0023077009535303894,0.018032763192864842,1.7261190676798321e-07
0.039119921488028675,0.002805089886144918,0.03893044384844524,0.0006257000200045049
0.010909194201181416,0.001356610691720772,0.017530088437379132,0.0007822663179929412
0.019192838521495448,0.007735873343326483,0.011549625250192874,0.004727114745668004
0.08196905767836826,0.005033572086681537,0.0997961893124989,0.0005183256391663171
0.004093569199431046,0.014876790445479293,0.0018477195771964272,0.023214056754257584
1.7564246535539674e-05,0.0013157486788424322,0.0017731594114697158,0.0016223816473702746
0.02557603578136236,0.019568928717831446,0.028077777264705284,0.024467602375859987
0.00221157552730733,0.018186853276071835,0.000279125269243119,0.02168219992289233
4.082556624840361e-05,0.0019307771174447153,0.0001294275354259966,5.155675869561449e-07
0.010240552826115912,0.00017214361021744562,0.001531423609937188,0.00023289649916924393
0.0006797115398402553,0.0004323473010847678,0.0027620260378395933,0.00017061385248740013
0.006371710080026349,0.005258590253451101,0.0070501621093650435,0.007345582843188314
0.010788568062742754,0.0014893233178064902,0.0076885661287899865,0.001171189300758324
0.01341357904861007,0.012220795451468924,0.021116785339756583,0.019737650445282195
0.012709059443918647,0.01612887689639919,0.013060657752297589,0.005697712483540673
0.0029594286947862702,0.0021509331435318746,0.0015794131842082892,0.00662599401905084
0.001389530902097258,0.0002299129585832116,0.0004113324500328863,0.002913500512974121
0.012177474063713944,0.0056486001874871405,0.02093881746173376,0.013435401832268323
3.0471750137595066e-06,0.008696259481225321,2.0291118452142598e-08,0.004993477850317007
0.002018272811762034,0.02246709023010418,0.003984350153108607,0.013138770506326392
0.017933146998686866,0.012052893301681467,0.027888144272198767,0.009331465889046986
0.002566380555223624,0.0039386872168690745,0.0060103207392028235,0.0011557772692563084
3.0011622170755814e-05,0.017776133537239835,0.005390801645255627,0.006573670058659831
0.02445486017461118,0.00039677788360281685,0.027681625109385877,5.604174653450755e-06
0.04031454180349481,0.0241156282729591,0.03118674599733895,0.013797372964976629
0.056088431652428494,0.0059386935218570525,0.04979411097461106,0.0055446163646122315
0.0016715653111798456,0.0004475066494493696,0.0018631105311402996,0.0015930909206902655
0.008778052392468982,0.0033276617846682566,0.010701765422043708,0.006985029970975609
0.001524487202220981,0.007410424256892756,0.0002663916634132457,0.0020382666886548106
0.0005362683059042528,0.012246053561358328,0.00383504470709628,0.004660820535985155
0.006841413078003122,0.0036482960605763726,0.009848168577296978,0.00020886438868417123
0.008448408857304579,0.013095382602916983,0.009836293243766225,0.017185661539910968
6.662206750562838e-05,0.0020588767176038525,0.00031304770473417065,0.002573045702279453
0.0018146911631956586,2.3641358280812597e-05,0.0023838485217473337,0.00012927977196486307
0.00012892577206102818,0.01764016118710343,0.00015710032494886672,0.006007319450052506
0.0015813737264986916,0.006469715704011336,0.0011904347667818227,0.0059969425529914355
0.0034181155191288504,0.0010687282353343264,0.006882764689099985,0.00038429024959196756
0.02069050424873098,0.0036443589366009776,0.017660706011899063,3.1206084891710617e-06
0.007210992338182787,0.005722010186861137,0.004985865865588801,0.00900963074217509
0.004373412477329475,4.2857649362737504e-07,0.006398190746752186,0.00015151007369085256
0.018428891352173404,0.0010859876194326823,0.016364117010325474,0.0008061195312246694
0.0010583879499672655,0.0067883581526623216,6.429681149811017e-05,0.007276644431258861
0.0005311449396442347,0.05158790361711729,0.0031761440514262995,0.04260805719872762
0.0038026898468549453,0.006639031398948947,0.00779627006193262,0.0050290406451541925
0.018390635682185352,0.0021076417221604915,0.007512997539773192,8.905023003213941e-06
0.004864222667373297,0.04823725522837852,0.002406008857989028,0.026739316006231806
2.7477563739997102e-05,0.007015175532743445,0.00013718469396895028,0.0021341660382904193
0.00036354889099221577,0.0020759713551519177,0.0004526629743074606,0.009871761359502962
0.008204197856161777,0.004470226368750607,0.010562264758779527,0.009169969111738174
0.006058940335360363,0.003141399632542563,0.013211459391283875,0.005028189737402933
0.05728307926774834,0.0072056360819243714,0.06045450465368307,0.005727311795387546
0.05032470885478657,0.018411797643972938,0.035817357725708265,0.02416846210802015
0.014176173479730325,0.027562993305273675,0.010121344046283398,0.041239592576708284
0.038375458934153395,0.0070725021186961445,0.05407935300680489,0.01199950524975879
0.0033041965324662748,6.546969176346451e-05,0.0025941156844146995,0.00143186754451341
0.0022653433057933103,0.0025571712994552076,0.013843433822104956,0.013011507471224482
0.00024197050480134763,0.03262392946391579,0.002083450201148085,0.029518027389457302
0.001769589619750933,0.0009543424932340061,1.733114198732011e-05,0.003346311011095948
0.0007393466048603026,7.738810107704719e-05,0.0024571812478764166,0.0014077372512397712
0.00048150460564888586,0.003994663306651991,0.000508564720523963,0.0013915252697380698
8.953113164655857e-05,0.00872444876344236,1.5921008612251875e-05,0.014637615332826481
0.00012136481893154638,0.00485156966948197,0.0007731880980343941,0.00454489195102159
0.01327440925080925,0.005908897733269081,0.018809614136060415,0.011190349185351667
0.004152068271228715,0.024272835098980816,0.0019089872252764373,0.016651324948135926
0.07156976693225381,2.4744367445039828e-06,0.04040941879731741,2.2491125801882283e-05
0.0034017537268135056,0.012498514403537442,0.0019925251067631766,0.017231758429365196
3.0093333395209143e-05,0.016580268461425685,6.913155301324636e-06,0.011459538086746046
0.0021848104157767834,0.0040342873294046955,0.0038742441048016385,0.006385930985249644
0.00841993427567711,0.0005107881994179664,0.005448232694051924,0.0021526661113469014
0.010107411466292016,0.0006566501082582166,0.010484258952456083,0.0056934708355484975
9.260186416637506e-05,0.035926392796664874,0.0020986637468560776,0.04606892558775155
0.028400726621348182,0.002435382548715781,0.04584559541540223,0.007835171762820559
0.01655017468617781,0.009670493601758756,0.02021928495212777,0.0043565939752845395
0.0006159441711865998,0.035470519779738474,4.9182899315658446e-05,0.049772247028381233
3.658182573829105e-05,0.004478035083187892,0.00325081408274408,0.00238657197319625
0.004370685354901038,0.029439726292044277,0.012352517097744764,0.04010567244823504
0.09795379127518,0.0030861734017482156,0.0960846990981905,0.0005515301279241935
0.009439332073978512,0.013380169641648232,0.009733229091285822,0.010737746534649206
8.923938381621976e-05,0.01243284585448634,0.0003631978847074002,0.026179014162621583
0.009509702900937778,0.012786780626093508,0.017091800399222423,0.026743516792206545
0.003384325329507276,0.005032041606375048,0.01165713208125252,0.009089883338904925
0.005625510783253906,0.008313989236538144,0.004754842430345296,0.006938697976212049
0.024328946795797557,9.448778689724602e-05,0.03531148491931524,0.0018220548627115862
0.01191710187766748,0.005615339974698874,0.019573350982272197,0.012210325095288521
0.00016581499423240498,5.894861304511778e-05,0.00015804208701220013,0.007735460753673262
0.0050769427454563365,0.017492458741465322,0.004996310293605477,0.015686591884020107
0.04769667478809125,0.0030316785415104297,0.04837649132731603,0.0024267288032459033
0.00237130495629323,0.00010086204912906904,0.0009728800997788056,0.0008596081671197187
8.51916894740734e-05,0.0005853432345623855,0.00017777572598220992,0.0005405298338495568
0.011934819052399459,0.0020112993451517625,0.010346121619954185,0.005696809219759125
0.02050336005751574,0.007518130854252791,0.01350564656572506,0.01147627796572348
0.0005629696974595033,0.023902363633128254,0.0006121317057679043,0.03318650951418267
0.005237418901734792,0.016097155182746237,0.0017050401769698187,0.004781438053807485
0.0268120136077723,2.2766528471107605e-05,0.02251910231084009,0.0007532578474471752
0.0010875892804805831,0.018292819529305282,0.0008950870213766393,0.022161526679324917
0.009122719482910324,0.010439896701317175,0.001845646910605181,0.0077544926842259
0.00324069492402268,0.0035795761437997786,0.003294250908106533,0.0008896334083151602
2.7901997329715655e-05,2.3114017100311912e-07,0.004605389045837072,0.0002625270957758996
0.0015729825239684248,0.02634874612467497,0.0005624347814072728,0.011179326799350298
0.015707277414905185,0.00013200434411408946,0.01507297608839675,0.0010313238313005568
0.00022485117328396864,0.004285710545251176,0.0035704212212613884,0.0012719755937992128
3.53096387817331e-06,0.015035117924388719,0.0029175460158233912,0.004499161068325708
0.007534421599110552,0.025730831224627493,0.005158915690896104,0.0131897968514757
0.04506939867971804,0.02686851491699538,0.05552529767176284,0.019016713412634667
0.002493785733001519,0.005139675230745322,0.0010234202975800688,0.0014850977021532152
0.014700054414359731,0.0017853711703091912,0.024478219264316592,0.0026013404821604302
0.006304206320457806,1.8520183933112833e-06,0.005342735342398153,0.0004386903234392392
0.008664482295959286,0.007911901967567081,0.011263098864969456,0.005333301193683693
0.0016473087284416543,0.026962511383858634,0.002602177930301597,0.01757391229347849
0.011067965528275492,0.0006286591704046662,0.007305385591472424,4.4510409021869535e-06
0.0076076595419888315,0.02613867976716988,0.010473739751186484,0.019428653102080196
0.013591131036140291,2.9768149803155453e-05,0.004095825887305948,0.00025319254966182925
0.0004909249406638283,3.318191932666359e-05,0.0022014984584001196,0.0004318101175400102
0.025079654609186153,9.06433720326838e-06,0.011841208188569041,0.0003577859942007766
0.0017226425642516974,0.0020948444659689702,0.00158521476385598,0.002396842714297631
0.04574488976464697,0.018065478250292144,0.04491644591774446,0.021088831388783702
0.000676529991838426,0.027275310991820678,0.0005334859921660717,0.012686612847222833
0.030994774269951453,0.09098923154582272,0.029932829937458272,0.07355907732647693
2.576881852844881e-05,0.0004426477022962949,0.0013252872267937033,0.00021383530010798957
0.03815163305939817,3.807841540015566e-05,0.056092307016116005,0.001789608103545226
0.010922383745031738,0.004512166297641063,0.016091843669003958,0.003822511774949744
0.0037927153094712285,2.0368394304526305e-08,0.004614544157744205,0.002223052793494551
0.03221814628015485,0.0010329068809127318,0.026523421357663723,2.2941910753582206e-05
0.05377915876809314,0.06538236244292983,0.06158363391714794,0.04449137767418454
0.0018038173483968523,0.002995690514621896,0.001630301796902156,0.004254150869809292
0.01292050414435264,0.011043556277284816,0.01772425707956704,0.001645738068852709
0.005274784393681564,0.0019229349242757543,0.0004867273051462062,0.0017764704124914044
0.030214697987325456,0.00318431417472953,0.030902968103643014,0.006046329226736646
0.01966394296826779,5.611168006014466e-06,0.02337925952135056,0.00014061578978441513
0.001748108934396475,0.053205477071806895,7.417845482637908e-06,0.07677309962505674
0.0002488860940382809,0.0008796676854772034,6.042065977196476e-05,0.0009438269469150828
0.007875403898332856,0.05441728999454998,0.012994285585188114,0.061587047863741806
0.018482437422375764,0.02828833896115135,0.012308989598204145,0.035897270285878524
0.006672173634002521,0.006547876053669133,0.009307603124886765,0.0231372502848487
0.033963020334496385,0.007406739399111406,0.0168960041728331,0.004301198152804719
0.0011344709762163285,0.03840609766232517,6.859170577300233e-06,0.023017935816751267
0.015156679124940786,0.000171462927836874,0.013048711087902731,3.115981718371241e-05
0.003261067572061349,0.0029036665620459923,0.006709887504833922,0.003488906792902813
0.015693573073001565,0.00044502506018462284,0.005668268007722244,0.0019862331601216976
0.004710758764091438,0.0021694349699227233,0.0001223394564109359,0.004089394824303594
0.04790691467941455,0.003601426450478007,0.053085292411005125,0.006775991019564387
0.033399314826389914,0.005380385349887495,0.03779403542179516,0.004442697366652593
0.0007861882852130408,0.001424082284861683,1.3724126510794576e-06,0.0005369842071233366
0.001347661022258917,0.014849456653649562,0.0019354646608129578,0.0029682755158472185
0.0528200895408002,0.00014192165808168955,0.03293281406632842,9.333785585741161e-05
0.00010286162327799442,0.02130981372459162,4.6023785693627417e-07,0.02261840225893752
0.023696904913693473,0.027618334660038713,0.023175783293200136,0.028120110091657935
5.575567306204121e-05,0.014003695615192102,0.00010633943080906594,0.015579760964218758
0.0016876383386275062,0.019125475488634414,2.7613965427608633e-06,0.01286103241440295
0.004456441304632852,0.0007829196907651603,0.01063579223327149,0.003367000055321756
0.02055863362977972,0.0020447056766572658,0.042918325930686785,6.43148733048271e-05
0.00017617934782776512,0.0044622208355235005,0.004484679269378122,0.006830440320471642
0.0034678603689041188,0.02355069775457208,0.00032437918676664346,0.0334261738610071
0.00015813178550450058,0.012519171450196653,1.884298457577316e-05,0.012686601193897529
0.00559915686901391,0.01021339908287966,0.021531160933644822,0.012903749847091639
0.007301697413832464,5.633991270903582e-05,0.015261083713565382,0.00040609689891368816
0.0022625133016976884,0.02539091573379837,0.002609972736883237,0.01987669463718833
0.05253885151816784,0.026916329472307265,0.03419874357932595,0.021919767868845974
0.0005810472985393611,0.008780973753159005,0.0012321593129521746,0.0014187587978404803
0.007158353882663504,0.0016205549365484462,0.0071923960387670904,0.00012802693249513997
0.005304300654041527,0.007191794041734756,0.011374578573014937,0.02161397082055727
0.0033060794389947468,0.0038883846390052046,0.002490983716067263,0.00024091808901893774
1.3022900518633307e-05,0.000622881136651432,0.0028227324208698334,0.0002810170276905666
0.005862414706729657,0.022295800616697226,0.000650293496486043,0.02114928426756335
0.00023490653512148185,5.860519476197368e-05,8.497678245389384e-05,0.000548425725101942
0.07619712206330254,0.03977972051913703,0.07004836555918825,0.02871629288801525
0.0012068397557245536,0.03008847614106791,0.0019498923271863422,0.032853429351474506
0.004617689755587628,0.00010279838759641446,0.009491959187363896,0.00015626444235272707
0.05066105198438886,0.0009487327877568674,0.04673555606889368,0.0008181515330206723
0.00083611010574558,0.016485914339064878,0.0003979453438766045,0.014368600535618614
0.07850661297208816,0.01121881410306036,0.06880844271073772,0.008389373154317203
0.0013344806005523013,0.005498491171691322,0.0025219470769571872,0.008495973613546148
0.009237300058679176,0.03418990821261991,0.00359695177572239,0.022615739556671954
0.00010414682995629754,0.052137410440154186,0.00047162237958253694,0.06970634988251834
0.0010629663169506864,0.0009670953457278086,0.000121495489444845,0.0003278945274265421
0.004439553757870973,0.0002740809443276815,0.0031968699779075793,0.001072583270875782
8.767689999733541e-05,0.0001183926346359776,0.0003703971750853574,0.0011650419115768473
0.0015004278071755195,0.018917003147644107,0.0001593613652279835,0.00801011400772289
0.0004512166942117757,0.01040007426926337,0.0028933902333428962,0.007162621039519257
0.006246181319138566,0.027212291389354215,0.008264514573937176,0.01883980823914322
0.00640380221078507,0.0003309671610505216,0.006302298774451431,0.00289868041550978
0.006710907516109255,0.0007126934842912602,0.0024156645035822155,5.7190686297836635e-08
0.056472769586633276,0.07349286585266845,0.048618545729761764,0.06029566854730284
0.005344054213790694,0.00030217351628070155,0.0007442958738617111,0.0010006121548644664
0.0016776813593228912,0.008409573880601595,0.003181966676481629,0.008343405961123374
0.011076767694597534,4.074708449663955e-05,0.02949854609844027,0.0012818186871109694
0.0074073948898985,0.008484243859736451,0.0005154060552714501,0.0016394310067519013
0.016141227931487645,0.023014061837616673,0.010364435633041236,0.02194370558627745
0.0007218483485043059,0.00034540909361091554,0.0018376929938032083,0.004513849933316938
0.007165886854017645,0.011670261456053321,0.005277532626589143,0.02915702896769279
0.014915997564533545,0.0006031415619242031,0.026906109914225596,0.004006731354638693
0.003403468909218943,0.017388190150000815,0.0006082509004107228,0.03702418410600239
0.0019033670125582214,0.010231217821001781,0.00020569868745468067,0.015574727997044069
0.019537834599225423,0.005424600035647487,0.023562310181359125,0.014187143104077315
0.016751683907510584,0.00039232214281792466,0.020635684489271888,0.00024294906976773945
0.0077269266842585616,0.009394060698876383,4.085495506456205e-06,0.003532463801917518
0.009974337352241625,0.03131499538514859,0.011675624979203159,0.042005005371820836
0.004107557829584718,0.007689314816416215,0.002323045716085881,0.001489024340531886
0.06552343168140773,0.004953412469537399,0.05127125092411933,0.012262679804024845
0.017984388187933797,0.004631204500912811,0.009685683669761525,0.0045054787297093
0.02556354961081886,0.00015671644742198954,0.027447387394407996,0.0006009402449422829
0.00023262138754331918,0.00013305059109491868,0.0005143618957595963,1.027487722926601e-05
0.0016932354832928098,0.0046214840197637,2.9126745459961967e-09,0.008202297101218115
0.01466920182418241,0.017765335020859085,0.00618371588174349,0.02435570883536986
0.004991998596955871,0.006388619058772305,0.004395371593249986,0.002422918187169887
0.0019014880341086116,0.005047994221583085,0.0008246882304906444,0.0049416554547837555
5.659339665009533e-06,0.004790653985544235,0.00041183799460109416,0.013025615872093832
0.0035197819206731484,0.002757689195333257,0.006933352127546866,0.008869993242656915
0.0004106486326235226,0.010785898786936032,0.006554867893498018,0.009281761485789741
0.002189490308478703,0.0038143398671228734,0.005749694635244551,0.0030976213725578683
0.06220943923096511,0.015803938603250467,0.04778008588418636,0.021413795345945008
0.02345294769326367,0.0033428892296021306,0.03141738016152529,0.002821257700546864
0.010471319423013048,2.6465681168041932e-05,0.007846488641889082,0.0010975443471692437
0.00537817316469269,0.004915691985659221,0.004550558083837086,0.013032667851912594
0.005667240996682921,0.01738386542217063,0.0069285644363134,0.023324936038665145
0.008333533910338864,0.0497507054872568,0.0037436673420587763,0.05751721029831314
0.020173454769748522,0.02104431299687881,0.008853754498160282,0.010084147257760079
0.0013331816820184583,0.0022591183758768896,0.00047070620420397447,0.0014658402809906157
0.00027223769830719835,0.005814189292217109,5.609656853589051e-06,0.017731014797359168
0.014655596468844956,0.02525512818626441,0.010411483460296522,0.02872873185492386
0.015193024261900945,0.004529930673281557,0.01742072893876323,0.002429884019567452
0.0010014735676173725,0.01085992327438523,0.008523875210921905,0.008376281681210185
0.016573635549910426,0.006056112439050354,0.006918346719135604,0.012336619430920681
0.014027584270852378,0.0029892924201544435,0.012804327518796788,1.4036591670540943e-05
0.010495138386267255,0.011683426124729723,0.0003567579305009394,0.02353821289307867
0.018046187997991625,0.017930713465626913,0.003581612631287645,0.011830303285532473
0.0004436262667417701,0.0008958831029678427,0.0009717891118715682,0.001934345162258544
0.03526456382635268,1.8301373332363369e-06,0.03445600462655596,0.0013601058114717235
0.0008043079336305103,0.0030529868336606203,0.0003961729377813805,0.003641793667985893
0.024727527106471525,0.0001820070044142863,0.016349706891518268,0.0002544928285613812
0.00559917745109495,0.001443879301866291,0.008103709544530435,0.0009596820698094533
0.037674599282659704,0.005080148857678157,0.035961788933653094,0.005172749858683212
0.00038089239968197575,0.014938133709330614,0.0029613094567606524,0.0029850879298527477
0.001785217231505487,0.0048377387217604095,0.004809485439113859,0.009527805459016991
0.0022655787264321825,6.239131757102001e-05,0.007642883512615106,3.6890871889516674e-06
0.006660430328708333,0.0043841382166296405,0.00970893867271927,0.0017969056937576777
0.011046092548023134,6.480426744226442e-05,0.010725309469165611,0.0005322271966682335
0.012750896557248037,0.02640897030481526,0.006834498596351879,0.01878352815125084
0.010533230805301552,0.004066778271634153,0.008830962986874913,0.0006670880927392986
0.01501762820212893,0.0009986625717218756,0.023758667219396457,0.00301210218120207
0.03494519888758074,0.0007168620689578242,0.031161914718419892,0.003367077687516651
0.00038521414613335025,0.0010263354945705405,0.0031341944819677225,1.81060439723435e-05
2.1226645626537533e-05,0.017242932991071824,1.4957837665141582e-06,0.01665442399717798
1.9205689803403203e-05,5.854931596238622e-05,0.0018961147857763372,0.00029716891950437585
0.001708784929880136,0.0010666304710403862,0.00047917538721498065,0.00010687752913718374
0.0007451584013129509,0.005483542209272274,0.002328290549566292,0.008810351696042384
0.0016943820284403,0.013686094069494725,4.787491654489884e-05,0.008863189390430515
0.023364518630800468,2.2148052898351978e-06,0.02905708034978549,0.000623754037963109
0.001061774609256494,0.0033464470237550836,0.0019881682905522613,0.003428971278358506
0.0492126074023409,0.016156518646829432,0.06498727431920193,0.01950998033218221
0.00725121763939629,0.009413584856464152,0.0034702342324842705,0.0062070587596070315
0.00016895019873841566,0.0002397402485425637,0.002175993664339293,0.0007634473688816756
0.005062871871154173,0.026911945496808864,0.008015064665403582,0.02264177221525787
0.0035307698042841285,0.007392988320855998,0.001503637689944548,0.008618776821330498
0.007911107561772268,0.021505043745391528,0.01185939316225837,0.012852687784230099
0.005137729831995008,0.005829974595911613,0.0012339195404099668,0.0010635134681707958
0.01973531588495958,0.0042090674578130205,0.017621146108954155,0.00602360460552287
0.0038223420567179422,0.03088591670402696,0.0012095309358702844,0.022158258961357258
0.0035158864399764678,0.0006965613235202506,0.0010736942773805769,0.0032140000113277667
0.00013643004385521795,0.0013572885894741482,0.0018558015675899098,0.0076324152148316005
0.0030527868005314485,0.016603743897879553,0.005162775617016058,0.023063395939150744
0.046478469595851,0.09413616948111003,0.039338621375658134,0.10906813781291114
0.036231518783886196,0.10877598132572341,0.027514219498868342,0.10875763332227617
0.0012962887460941097,0.02504966300578715,6.158710599502015e-06,0.04410015522329558
0.00039233145880324116,0.012531747707902774,0.00427630157269876,0.02482365520911134
0.0004705445346037118,0.0064169687571911105,1.912128486047937e-05,0.022203009285117314
0.011145900501670192,0.009216653516437523,0.0049127085904970835,0.0033342183893452226
0.011150911060314628,0.006514804073675107,0.004568475856279508,0.0033462480680948037
0.017956033493850443,0.04512537146793261,0.01501327580345746,0.061902763896647284
0.018684879036101165,0.006337224489468163,0.011079833791400429,0.008046533008135293
0.00013903768732814736,0.004153963993554721,0.001112952958211788,0.009335889473550352
0.01771764443122137,0.06576201428264528,0.029358646689607415,0.0548702747835359
0.008453226719945195,0.017052016994048458,0.004870844578044098,0.022289481537490774
0.006413907646540151,0.014666573421151075,0.004333069446222471,0.00416255701477608
0.0006294689987208502,0.02921541568827446,0.004327652745468202,0.020752229672704514
0.000867526123415896,0.005759086253717127,0.008485013179408973,0.0035375070969780875
0.005158143289685779,0.0005516954259671136,0.0013610050181509514,0.00014413508543220654
0.031525423329262114,0.0069215960134463295,0.011155542194245305,0.00634999532994307
0.0023577861061531147,0.0017589228343908303,0.002506543305371034,0.0024871040445390014
0.003084081723067178,0.009056725238909769,0.004171428353861306,0.011817439383769446
0.0019434666079511942,0.0009158827789486068,0.004818939445389914,0.0020798083131156053
3.089962715663308e-05,0.0008108189914047825,0.0033459909980765312,0.0004579646430716844
0.004115473674449532,0.022128093900057322,0.010089440624709067,0.02467805293254166
0.04506603650918861,0.004765463541911652,0.016745882574049187,2.6991823112498814e-05
0.001437826886131699,0.0018694052258231286,0.000196639740384974,0.007211088081993777
0.0009764386821855542,0.002559729871798866,0.004776958904408657,7.416431756512853e-05
0.0022516719428333776,0.03208388067460677,0.0001850876276776603,0.015422134742918758
0.07146584852609494,0.09882301542967376,0.07390384561732677,0.09330199429338881
0.01153026894860898,0.0067481020781772205,0.0073908643978467525,0.008098333094340604
0.011566630309047032,1.7770145360418432e-05,0.006371443291318668,1.8134154956661597e-05
2.9136234207638445e-05,0.06357919411122126,1.43922752904313e-06,0.047564938190784445
0.025334952051913384,5.6426996089209425e-05,0.034568252143911016,0.0016957829387004297
0.005069894659077145,0.00010334611581386266,0.0017219752954967804,0.00014326221670135642
0.03946918232787444,0.004061990889320688,0.03575712037718082,0.0033416975647097003
0.0005748328493022647,0.026677395490725675,0.0006436155935956034,0.03695018541392048
0.010978163785398398,0.001288029363068377,0.001477197581000067,0.0016272058990635108
0.00660384397578917,0.0018145656782581066,0.01614111363433013,0.0001614823611789662
0.0004357123452382039,0.000688540073890076,0.0030569169313086064,0.00038639662776762673
0.0032781516099189556,0.04485108015814987,0.0012648959550985994,0.04580214186771159
0.004523830168445264,0.002451799032236801,0.0005830547830879551,0.009199190316277917
0.00856660015995081,0.000648917199078447,0.011209032882363745,0.004535235885083089
0.0027384301792343635,0.0021620609607794217,0.0008865309959819045,1.101252876023473e-05
0.012801588573459588,0.010699099988899508,0.006112011626013714,0.007341119615338676
0.022382156049294277,0.015350912755784596,0.013720723250541855,0.036383233634474044
0.00300261238008126,0.002338674369166349,0.0008109976184010881,0.003077770331309404
0.011651368410352747,0.02503800395153588,0.002390407685924023,0.011094800926289672
6.026931844516081e-05,0.0012913354542751776,0.005147763990701604,0.007319619449852155
0.0009680710137142112,0.01843642133615009,0.0010205192759855652,0.018800684757638186
0.0012427019332310607,0.005402928859025269,0.00020027971340885742,0.01287060164309961
0.0041126912713662644,0.00037024945514152474,0.0018139305613859014,0.0015839127652398366
0.00016109801388175526,1.244553730983533e-05,0.004971867924061901,0.0026997745999299827
0.0008479448494287389,0.05752973928079741,7.185883933114035e-05,0.041880141645235125
0.03912225539315817,0.010532690365529396,0.0598435335198898,0.01985883380373543
0.02545425267848933,0.025932050913545446,0.03347719121020376,0.019471145673349843
0.003727444074720032,0.007239207255984037,0.0024502111346776934,0.009208657394595199
0.008870022556875079,0.003090938401612675,0.007586598406688516,0.005744490638136424
0.003424774309540801,0.0016292884004509567,0.006325108591773154,0.0006971181257412473
0.0005336108903077896,0.005240787938150304,8.320251004056978e-05,0.0021992512077672055
0.028761426908661014,0.002497325258639771,0.0047116835510647714,1.670317395285892e-05
0.0008911189613350912,0.01957876635131639,8.770582647199543e-05,0.01827802733316386
0.005609370894348764,0.002644351926254118,0.009987143483898842,0.006268342495118762
0.0056517495471193335,0.0030991147178857092,0.0025366935689362657,7.688810586325978e-06
0.01075492069529227,0.0023595538535079452,0.00529881074378602,0.0026835634864735836
0.0054176804800820655,0.0022519767572920513,0.013122136817841357,0.012388361713201013
8.289628976332342e-05,0.0008173771822536091,0.0005700730635540552,0.00157372436158576
0.00035456913550868663,0.0143137823451015,0.00679098765562236,0.006919495341345172
0.06578596124061398,0.008887553077811416,0.0694179090073418,0.01120196697171083
0.0008656524742873817,0.001022502326615049,0.001442192923612029,0.00922848961031053
0.00022882177340799448,0.004479530862483649,0.0038328006999889253,0.000638928717418108
0.003535794521665636,0.00023287141720218507,0.004125602843137344,9.83407776877776e-07
0.07357835554368541,0.018896201433552084,0.05243941169920685,0.012466392860836284
0.004968869384976982,0.002244047515550407,0.0026312416149003592,0.00048482833323393315
0.006823386685749444,0.00014101326413917814,0.008666542108069386,0.0008365280385748131
0.006226652930766408,0.07741142858657457,0.00773122317120023,0.07361326422900227
2.5923469497701745e-06,0.003597802410767792,0.00014623406037572728,1.503114156720109e-05
0.007452284883662008,0.01659011002300903,0.004113419046906985,0.008070433036607927
0.014993481484920301,0.014783027755862599,0.002424951970555367,0.0013852862687626644
0.001940276895390447,0.0016329501669989366,2.847431940244949e-05,0.002375804920164648
0.005292096861841622,0.005987937644117869,0.00018649820547789187,0.004155792170631334
0.001324850156090407,0.012140820124478702,0.0016540176769352932,0.028074189950785033
0.0018129193650705533,0.005354631766303908,0.0004443517521935947,0.002492108158794748
0.0020228587640344076,0.021767311643215992,0.0021692789888259068,0.030931821154748684
0.007323647314464332,0.0014982255094089236,0.010034538636751189,0.0012825973569331461
0.03839696737322973,0.034645717091214445,0.02578455678830094,0.01454468163629885
0.0060815113846550695,0.004732359159170474,0.002487227589183627,0.0018695408111811807
0.04493005819689189,0.07534715223159894,0.040322572870726825,0.0948395994918444
0.00010390206849431038,0.0006124734432749745,5.94165343559272e-06,0.006666933811263487
0.019050521809481524,0.03811588003678856,0.02491322780823446,0.010854975895217223
0.006115577501504377,0.05102794790377696,0.008644912804770977,0.05127000163671325
0.0010708241482808578,0.0013109197580406518,0.00018890675093596876,0.001820159066721061
0.0032793356451041866,0.0015350887495406695,0.0047690817948747855,0.002940036696452264
0.003843835442366994,3.3167174274817413e-06,0.0024982150480254983,1.9658243677334042e-07
0.003905938254539887,0.009961932266642215,0.007592379377911684,0.02211631278443338
0.005517067448449153,0.0006940794339899137,0.003704967572565776,0.0012240507554518443
0.003992264609656182,0.0017585589707751481,0.008005145835972671,0.002885622733647897
0.045297029674158606,0.020101053579016037,0.03838027875464778,0.014049446704750834
0.001633928486366787,0.0007306556017999677,0.0029404985180708776,2.5110208218270813e-05
0.000241159915614797,0.0011908079627261925,2.9495067461748903e-06,0.0001963567348858275
0.00433180291472135,7.673061247648327e-05,0.0011852753212578948,2.2053126685239732e-05
0.005477181679420129,0.0028094465616831377,0.004357907598040667,0.00952770634125577
0.010041774808807968,0.040472490225444524,0.005502256407826089,0.04016804225350057
0.0011048174951876488,0.005038950177363222,2.466180078330993e-05,0.0020799633952991448
0.011011862834891084,0.0019161905895830333,0.008246964145144253,0.0013302160828179144
0.0020783656579569376,0.0071104802312164095,5.929813129412764e-07,0.004810671436376146
0.013492571384333463,3.850572279584519e-05,0.0034619054254193538,0.0003367938075194976
0.005191911486955636,0.003108800789790367,0.004483716783810876,0.0032204869767535893
0.0020064012189626723,0.006660447147523341,0.01256368539510666,2.7441615486734072e-05
0.0010976284674452108,0.0015418160260169955,0.005045909999209064,0.002157454266432879
0.0012211252261432604,0.0031908569741447845,0.0009890596318582467,0.0063474744956038
0.007877187009285636,1.9018589735519953e-05,0.003917522398798501,0.003343031261261231
0.0369381960312718,0.0011308197639999795,0.03970393948335038,0.0015000972409228153
8.412404238145044e-05,0.07015907645586894,0.0004435638568115463,0.092238738286056
0.001171577197320861,3.3680576420058728e-06,0.001196511498252728,3.6906431432726094e-05
0.020965656049319548,0.00272558193952932,0.047393612553591646,0.006024177295007593
0.01226463127817623,0.018189730148775785,0.012302367025825878,0.015351652061109222
0.007789935053825303,0.014741246675389896,0.009434822431505174,0.022713884545933594
0.012559426737477009,0.004566269994567662,0.004846845678577738,0.008096476023265575
0.0024820779034442353,0.015207025294832088,0.0009794727308138906,0.018632042325688047
0.0014592005753242265,0.00031033440461503137,0.00020468639311888026,0.0006968761700670845
0.015402176326755668,0.003907494382613619,0.013139991548150265,0.005913765817524785
0.006012179376095772,0.0014417706528866425,0.005729947027138471,4.934223507524482e-05
0.0037721718819146988,0.001932056488935463,0.000247795537056561,0.0017408480660173753
0.004620325664067115,0.00906059553676375,0.0024865809077817547,0.013826315939507228
0.010404102810966154,0.011194996459622963,0.011863301880734922,0.012778993893919233
1.9634133575308077e-05,0.011526129607034252,0.0003094990445176027,0.004564959421866521
0.016404488311690946,0.00769892248093762,0.01247855205066617,0.009944928394970964
0.007627187064089824,0.0051739752868323885,0.0019580085266172054,0.0004528467644273615
0.005867245904005225,0.00014059630652918376,0.0030401235965853424,0.00011110330702313043
0.002946740595109465,0.012412224028878205,0.005395044303041385,0.01655923484472477
0.018414840399415877,0.07487692340537166,0.015184221601390213,0.05721813743564386
0.004539463733156168,0.015283943570963632,0.005157127707999698,0.018840152663472054
0.010559234716656207,0.002069767464233707,0.010677013349040365,0.007483981222880631
4.937988689057704e-07,0.004374220207781665,0.0013544543419123922,0.005765249887242696
0.008507657227801668,2.728526754747218e-05,0.019183135779072713,0.0006926061497061209
0.013489474553896597,0.009582438358221146,0.014171490260482145,0.00428288693747525
0.004660270388092802,0.03840478763763078,0.003326457491720114,0.023607805721141073
0.018991920413864327,0.014862985995550582,0.028021751246909754,0.023865512425405355
0.00025506880872472326,0.12597200362558547,0.00028572384254954564,0.10713327244935711
0.004804671566719931,0.003704427610058958,0.008129170023587928,0.007105493226855275
0.010244909579496642,1.094994667449889e-05,0.01383814892613644,0.00028756375831284764
0.004087864665599961,0.010134172967697586,0.0021400438251107934,0.0016323914925944205
8.447363200381197e-06,0.03541549616187467,0.00025057717439613825,0.04171242045442014
0.0025737300433080756,0.00016465640518159574,0.006612415692203166,0.0013994863783129974
0.002167394736588335,0.0062758495314668705,0.00010328714517393589,0.008062689253501398
0.021395057140485285,0.02775153353390536,0.0301128419662664,0.020245940442255805
0.015271641972079975,0.05545720940130616,0.013098015413189557,0.04608434709260967
1.5583015411491097e-05,0.0022147329041215524,0.00025497800938723003,0.00358313694031398
0.012485603077296847,0.023330027547347587,0.007270091017479996,0.00830109649693167
6.047380174400985e-08,0.0030737276706208627,0.0005820726561528433,0.0026695994920253874
0.06500519293615437,0.02464028199685353,0.05789302392550599,0.014286440420750224
1.852604626151333e-06,0.003955746132863647,0.0011024297485555667,0.0005113316306002424
2.2801543371642197e-05,0.0031760836099914425,0.0006690923951392369,0.005237070413999789
0.0015454946992402574,0.018823649659695962,9.310840934362297e-05,0.005989739590786192
0.034527875910370875,0.014608735568669817,0.04117639262258421,0.01409973093131811
0.002199736818249809,0.015766449003442817,1.526167681775714e-05,0.013909000047739761
0.04813028424890298,0.04461322727422812,0.038706604925723975,0.01783373246536879
0.06071627473417007,0.007962808085946294,0.05390009035704424,0.018695479188802322
0.03192246692352707,0.05573194587518404,0.029508177409144354,0.05815517561766437
0.05153637941852929,0.0019249473021976105,0.04598700757314944,0.0025679552679797046
0.0077619385205558444,0.0035299676491364895,0.01177039567628424,0.00027726925512860934
0.00014923163331059808,0.00263179897807464,0.00017396388041457378,0.0027028878183141813
0.0007416244342690614,0.0005226287085724479,0.002919516801535571,0.002587823726615146
0.0075234840750527665,0.017397485555947556,0.0026519898528792885,0.012159980896493061
0.0038580985504168552,0.002165411433545761,0.00020371755801962266,4.275262252007028e-05
0.02835167254945148,0.04108235868864818,0.02120532129378816,0.03929262510904119
0.013708209451494535,0.0908723765993712,0.015673559656447122,0.07294775289133326
0.011081840105901297,0.04955703793735666,0.00439896696168518,0.05279144973422534
0.006881503141362377,0.001386599630408769,0.0070053646525949365,0.004314584537090438
0.03482289811266781,0.02103574989466006,0.03247365623583809,0.026540653493503097
0.039619212193571784,0.004594122355785379,0.035328576281998925,0.0034242713769909727
0.004222654839662665,0.004951064239802849,0.0003342557020667991,0.0005915842166185348
0.008141718142317678,0.001155252636781956,0.003326393602069433,0.00012189935877227054
0.00033542063808011946,0.02339089476921008,0.0010752760743734102,0.0202521768325421
0.04409450701055451,0.01092777537188483,0.05311615613908549,0.010277961168963512
0.0023048207192954973,0.00023206688637855688,0.0014453463227191987,0.0006149492272427004
0.0011606042930977223,0.0034996855309920027,4.1527363277005236e-05,0.00480153705003783
0.00179794606894923,0.002985701445379685,0.0026043627692100557,0.004928231146044015
0.009923352841968991,0.012530526460019287,0.004120906816554415,0.009017250581749958
0.00501175213796845,0.00028393429115214364,0.0031275321985311244,0.0007218607191475934
0.001340182805716017,0.03918763636858591,0.005528744290953069,0.03834938194199633
7.28081161106564e-05,0.009492396435871964,0.003078906830928374,0.010417314389199461
0.09017316022052524,0.033697492157873765,0.10335187916324073,0.033286096659957964
0.0012156626814445737,0.004139131370364368,0.002408512074773217,0.0025418848782535752
0.0063108752372801336,0.02861093168098494,0.0036984386043984463,0.033373620518107994
0.00011606681352971382,0.000574904371621221,3.810048530383803e-05,0.005910738556683559
0.008300068489741408,0.014029606762854585,0.0022566946993020087,0.013409617542585517
0.02896761821829341,0.052057561373647254,0.03330841639015747,0.07409053525627762
0.02145149909196009,0.0021169126588990173,0.007257923649788722,0.005847577433059192
0.00015403165840310873,0.030620694281142447,0.00096568126311114,0.035811665779194146
3.6300073856354587e-05,0.003411929860485552,0.0005406303965416193,0.00025006543727668085
0.005842962753718872,0.01791598046882481,0.016443447132504896,0.019654810466817385
0.04463989364721921,0.0016606684009036199,0.049734256522887654,0.0006295460913496864
0.025109038930086203,9.712806593686896e-05,0.026659843699518904,0.0005802609575702444
0.04275513907162087,0.01616622265123524,0.018787240807501604,0.0024791251263721614
0.0006746302402765858,0.0020966869576692915,0.0006973732170298952,0.007473553786046971
0.007429000231109484,1.8630664909702332e-06,0.00012501098639816632,0.0001774476318530116
0.02187860577885803,0.014607919760314614,0.03237591335901424,0.010663466972711588
0.018791415183612048,0.14433566806636844,0.02433184870673777,0.0916628269975619
0.014197331963438309,0.023082433008931424,0.012733340938953175,0.006061972581485331
0.005144829237279547,0.003966533208938361,0.004367546466209626,0.007003798157295016
0.004217744020907244,0.0090190619711078,0.00491312963335222,0.007120823498364626
1.1662221289232555e-05,4.620175021752271e-05,4.1936911378326336e-05,0.00024057341072702965
0.003402668524980168,0.010803003696533864,0.006649634528279269,0.02287568171343568
0.0036573725310861116,0.004490402267847915,0.0007476919362724432,0.004042159838921866
0.0017157467352431066,0.006524250962909317,0.004483488369752209,0.0015514548094516245
0.010000049026278601,0.01961164969744178,0.005258938327242557,0.012307837567647861
0.011816968019009555,0.0010681833575161281,0.008694262871605685,0.00016669082221687503
0.004880297862853711,0.005342011903183952,0.008085044957957255,0.006319004212993029
0.1815082948486615,0.0581418504511233,0.11506433661168292,0.024242040160063927
0.0015161371661698286,0.00011648075794334911,0.008411194797945831,9.393087720876991e-05
5.28207107297618e-05,0.02984932286399289,6.698869800758622e-06,0.04452099952482935
0.005414014139749179,0.026694789685426934,0.010158980939255047,0.02656459049112947
1.662903934307458e-05,0.033555409045446405,0.001774621862115966,0.025841151562803755
0.004940294721487382,0.02157930363036087,1.4715053325176086e-05,0.0051083245200229666
0.00166771978764102,0.009910076099247211,9.689114768018925e-05,0.023730247449621045
0.016277557843713875,0.004231926498585503,0.01165802074960276,0.003555460593391402
0.027482376349401205,0.02774916283180917,0.027865986139766985,0.042640125675511564
0.0007869266564581867,0.00042018725450543304,0.00299149816598987,0.0023343779186022484
0.028408296177820924,0.0019887924285553193,0.023554953583696303,0.001528668898910568
0.013018137376842764,0.004293682693194412,0.017948741704493343,0.002716856723774308
0.0039847726485734425,0.00045014588560365887,0.00226101993822303,0.00040805914593489145
0.00030896476766772984,7.249190205793621e-05,0.0003433774502858977,3.1496982799694706e-10
0.0023099619753012,0.0004274558864719724,0.0017378534713835547,0.002404708671983724
0.001990131410521845,0.003239088797068135,0.004944897901173029,0.008041560184367413
0.01427162705977536,0.045075564643023314,0.014477731596672871,0.05187113765049611
0.05336902019247414,0.04447660655713326,0.054654907298607,0.03076699673053629
0.0017428221300389568,0.01216575980325374,5.5588531620465176e-05,0.012687100964040132
0.019151780932274987,0.0011342697162453064,0.017667802798642773,0.004719198178641748
0.0028486757474116553,0.001269576575597009,0.0010854188320952307,0.000673700631670604
0.0015578569518500673,0.002116286132501366,0.002393612871043782,0.00040456836787527983
0.04424681108762585,0.09972882421807061,0.03216776235229979,0.09273008433057484
0.011152739074568818,0.0025239067708514584,0.00470486542392845,0.001131745101246473
0.0028165105813264812,0.009893283908107509,0.0012582965144343206,0.00660580790175902
0.0032753084821001144,0.011547253324496576,0.008634156773804191,0.014398468873487724
0.010328024998355612,0.01030310744684848,0.002004042398470185,0.0076121720830480966
0.08259782432010898,0.026118214548861207,0.0675088413221473,0.017354325607505716
0.0022129115101603425,0.008626441528394757,0.006334901008150373,0.019686666572121148
0.030132762643900746,0.02005697125377448,0.03810868580837057,0.025802231538164633
0.052820113067791885,0.008590770132273384,0.04972973021184435,0.003686385360564537
0.024872028542713753,0.0001331997693435616,0.03998691691572098,0.0007698407239487004
0.030298568180911478,0.01932046783002639,0.031020212650124446,0.029476009656011937
0.03907083546970347,0.018706012877426348,0.025833403712090308,0.017204346707106688
0.010333134178593384,0.005432126827904282,0.008260024160265722,0.0032774421430794565
0.00210170726975778,0.004186440345205988,0.0006128248963584992,0.0075724029980621665
0.004800817326841678,0.007439974328672161,0.0019743903025153386,0.0019539614529034965
0.006864667420610648,0.00014551118540462316,0.001888786085833094,0.0021761631542472903
0.022099703427319373,9.23012166087478e-06,0.00701322023641382,0.002017274629044996
0.03254099517898135,0.03159003495291246,0.024136869358273638,0.03823907252408365
0.004785312184396706,0.009284994211108066,0.01475718955904659,0.016840327470934446
0.0013509237652395978,0.00032791937070042465,0.001668548382369739,0.002488473176048722
0.016725226898051004,0.00022497325091530573,0.014344142224649858,0.00030578695464933414
0.012361232237551811,0.014072359609922702,2.091507624712996e-05,0.002352181974275558
0.005454809416567952,0.012964580762961364,0.012549866324793046,0.007432562233120055
0.00014268965911645726,0.0004855421702019136,8.259238510888167e-07,0.0018661994116131453
0.02267880815349077,0.03099106914166261,0.012730847773021914,0.0056772948502055165
0.015104742967746443,0.04730573492383905,0.025700155361098487,0.05113206276066218
0.027629504588501552,0.023529330360010592,0.042978706802489164,0.051070676473126686
0.043144814798191655,0.02684166717475911,0.02226549940780398,0.020954258726580854
0.002514980858225324,0.0020210341479580674,0.003690483060031724,0.003406785345035468
0.009752595429866395,0.00622029761876064,0.0032928975802167804,0.006470820673616484
0.03720933354725542,0.020588484257419215,0.026981981287724555,0.003287800841973887
0.01142665212972871,0.053706412233680334,0.023565350531993934,0.050111111380926054
0.02991175978949412,0.008733272927278768,0.03235472299568565,0.015810429061756004
0.015156086294615956,0.017042619090378852,0.011147406591151543,0.022125724568905825
0.035285866211962946,0.014586978435987996,0.015629581267509685,0.00959660325504108
0.0053108221115113485,0.00635432370540201,0.010066176795763937,0.008589571517796935
0.004044724471610972,0.013011358842022647,0.005408097197250772,0.0173879290488822
0.018926122642740295,0.00026199698122353343,0.026103566856707228,6.606400215913855e-05
0.034750004841076376,0.001862897020880272,0.02888840754132682,0.0020434311802659533
0.011992789037698182,0.020510263424210584,0.00757499554926977,0.015759080166306227
0.01992823839808011,0.0030416179614697336,0.03785714235764259,0.006731416387745104
8.061364879741184e-06,0.00026709840174532484,0.00024377087322968727,0.0008718101237346065
0.020883654468784596,0.022728045168091238,0.008532737328633355,0.006132640997574268
0.04235263415632795,9.5486229810815e-05,0.041924519553915185,1.553956035893478e-05
0.0012046245223334973,0.00024869483729594855,0.00011485953871159804,7.28760067159051e-05
0.02470096626341134,0.0375024930997202,0.03156008466836191,0.025391587585567033
0.016413306055591104,0.00010238398885609179,0.01729985272840473,0.0021358060827453285
0.007698865746961547,4.264782766238984e-05,0.004321900453454486,0.00013954868741949955
0.00023292379924977347,0.0015108345460316253,0.0011157635615423045,0.00019589775969153234
0.04038634325372148,0.01606851581514579,0.046287631170741306,0.01075733858867678
0.01969273206779032,0.038373082035453976,0.016035490946439634,0.02332053035876347
1.039660984525348e-06,0.0016538029968332646,1.811733204404309e-05,0.009177075502077914
0.00036600212397597254,0.004359142499977486,0.00012093390555334427,0.00010116570227192145
0.017458529090569108,5.042007468536447e-05,0.008816568416027848,0.00024127072669610783
0.005338148070744619,1.6676031560081128e-06,0.00029875461805195513,5.194008202946687e-05
0.050949905041036914,0.00506254770014547,0.03867180991298891,0.004098491325756792
0.039572551415883894,0.01321800541357454,0.04497822718377886,0.0035594724152728796
7.129430824459604e-05,0.002388719063413869,4.201105329837418e-06,0.00013815468988309654
0.006169324432060308,0.02215530891223305,0.007887640142705155,0.03330646640052981
0.00038566908119042065,0.01492295368354124,0.0016660624812907532,0.012229085841836018
0.006804249490865,3.197874560267877e-06,0.01004237678962172,0.0017814759923249213
0.000107557878889053,0.0012978085552936003,0.00022657801668102273,0.00011970580097619976
0.0012899490735265307,0.05725677383514194,0.00043831055466758695,0.05865020944524624
0.0012329095774482601,0.026433327408917573,0.0012567592748025103,0.02825945567242205
0.004969634807733825,0.0037022636715863255,0.010713950957909835,0.012909537557248774
0.0075833133984842815,5.819471134982379e-06,0.00499558111145737,0.0008316492319087043
0.019730846268121383,0.017851760582972775,0.009370626075230648,0.024552740251958638
0.021829453721051606,0.004013380768111197,0.011473319974419915,0.00983571245781134
0.0008641971331720955,0.0024603500589666094,0.002085139850237505,0.0015347566322987394
0.005653628796126298,0.000917467598590016,0.002014453627947832,0.0017630399977990319
0.00023163556252059347,0.04262021514389125,0.00020091433863622665,0.0416773982306724
0.01782563891456823,0.004481685869081042,0.00509180706777923,0.022358555011450565
0.02290146683197536,0.031112968031038024,0.014803793097206586,0.01905467371164804
0.006551796620118067,0.00874635965355286,0.01625799041491982,0.00984245871175582
0.005006725025280878,0.004845914380982808,0.007397955940859902,0.0015709094903914034
0.0021110330104913144,0.08853540016727612,0.0003573391060228692,0.11953749913846823
0.011537449845906766,0.005694642423701324,0.01593715246696059,0.003888033593249518
0.006312905829208293,0.009323299149821218,0.006724178238194267,0.010479534862680051
0.009069086259506975,0.013693158054603916,0.0021816909401563,0.010942809863673575
0.00755304857598893,0.013326953504523953,0.0059401002771704015,0.027634166665906346
0.0027483047819237827,0.008120883086563335,0.0030760170645434126,0.006736204315252681
0.004627618991703608,0.007106371735531081,0.003433807643875131,0.013536091865687494
0.020724236361764903,0.00011101234476906807,0.02641514619919827,0.0027639587409203914
0.00021876142563093115,0.01000825436096242,0.003303118664172877,0.019709798093554443
0.004044848712813631,0.01619439798858202,0.0004971470357164609,0.0035423167876612593
0.000307612581487815,0.00042295128764746615,0.0007394119001995492,0.0001011310186235237
0.003722493835344287,0.0016617113506787184,0.009933408372488794,7.290051027963873e-05
0.01421191781478337,0.014098916242695325,0.024868688759500768,0.017737464386345936
0.0009038813663206913,0.023884568872372225,0.001287901721981899,0.03476517037017213
0.012737693949004258,0.005275745383924835,0.009956237963670178,0.010147054095196117
0.0008603931064854464,0.037367326821851954,0.004053445787547405,0.028355949882519327
0.0005522395104364808,0.028086171300064855,0.000780487873661917,0.031405439071178765
0.017005189185477443,0.0021733324572795754,0.021047564971811705,2.8206122706597725e-05
0.0026920146078667218,0.0042081324390192965,0.00010517619450400861,0.0017430271926182073
0.010131692121203573,0.015558825358132689,0.003753558273417945,0.034481492851382134
0.027462252355410333,0.0036705482891539187,0.01616288685219902,0.0012246566001845594
0.025264796056906014,0.0033585892021245067,0.018808307471504415,0.01245958379878398
0.02362616307187948,0.0031446957281456855,0.023795241452099214,0.011580264696452791
0.018131333896634683,0.0014331831519683869,0.007778617872629012,0.0018599461904843517
0.004083544919358584,0.045921744522842034,0.012937317342548327,0.03995297507859785
0.016094861279126627,3.3697811296917735e-07,0.007734136030760341,0.005236231494957222
0.00013945418300886914,0.009922452550780836,0.00011590401420813468,0.005734563643550961
0.005771945848958793,0.0101479895198745,0.0013520292176322224,0.0011332528898534422
2.6510522806555414e-05,0.019144374086885296,0.0001824766927958077,0.02209301246166495
0.020930221278359418,0.027605255101033177,0.0035749272533157628,0.03816651450608344
0.012111423859462178,0.001114147904140217,0.017979052298145892,0.0004186148838976056
0.010587224283391983,0.014854310236078416,0.014575688776463425,0.015976653361953308
0.009587745484468946,0.0016842529982254995,0.00140656005876727,0.00014631677480658745
0.04122751131485891,0.006003773910078003,0.03042331376932894,0.0009558675646224035
0.006078217508305395,0.0037858108037669425,0.009854382917804383,0.0023050807669549034
0.006985148913553285,0.016142215562478746,0.02130010399490867,0.011732441299347474
0.0016794420264477639,0.007411652762723486,0.0007377096944366501,0.009042522361502048
0.03971853876333653,0.013106441695750704,0.044823494363839256,0.016762955500801757
0.00188360077902483,0.008692887131463878,0.0010921465542987896,0.013345869871074001
0.0006344057778213674,0.00020328774051769916,0.0015400627881155815,0.00038328360491124425
0.000499877382895697,0.016105651495175843,0.0004776148783124379,0.024628618415290182
0.07671851233166971,0.04160944190775051,0.08673880205167017,0.05001301603939512
0.0004695460044600308,0.000687508648368973,0.0021844324199322696,0.00032022924825314547
6.3979285620408e-05,0.0023525812736225893,0.0012401213695442115,0.005732443239576224
0.01938688372341535,0.0024934456831441354,0.00588796999108554,7.326104758942353e-05
0.006044413409805105,0.004432097995321627,0.005044522922304839,0.0030504492009307826
0.019368688439665327,0.04709538458844309,0.01162646411241064,0.04987850609007449
0.0005317677487292061,0.007630447504072602,0.002114380624886114,0.005663912609456645
0.002432041120083439,0.0036628639628354387,0.004456700444902206,0.012314372854596578
7.908272426548901e-05,0.002355181836662945,2.2899174103252484e-05,0.0038431876206616034
0.0018114534805268034,0.0019320045201970393,1.7592555535905774e-05,0.00014859698309588332
1.1935503815285742e-05,0.004938138061262642,0.0001592032989706782,0.00033090889455000827
0.01155793821911033,0.004914548085914516,0.013144466640190089,0.001951938275250198
0.0008478839657488635,0.0011329134750415193,0.000597752467128565,0.00018693739533137688
0.0010670813960707015,8.364452576237191e-06,0.0009030333863240259,0.0002599327221902703
0.003008832873710454,0.0006202518189167838,0.002449476389989047,3.209861003661274e-07
0.01092602242923002,0.061659249007785855,0.0014912893690268714,0.04728462783316034
0.003930338233641528,0.00014806972845238242,0.0009861122456377158,0.0005554729316596951
0.0012740208370334294,0.01513758158053402,0.007149545276993408,0.003365428020115857
0.043370418071155936,0.0039035054471721065,0.020605804849974985,0.015342334276947978
0.001456637636098157,6.86710224806486e-06,0.0024720290370596754,0.0008535440468235844
0.007635084249811852,0.004213500415527149,0.0041178328002384745,0.00011957773376147784
0.0017194487093300515,0.04831953465274952,0.00014215544675277858,0.06168761930267208
0.004824225696671847,0.0024528680419738658,0.00334419288032739,0.0004051007570851084
0.0003545404066592761,0.00018821088692100307,0.001912862183929942,0.002128252317536994
0.003341637051023305,0.003768469364780036,0.005717353546383586,0.00035321441755586935
0.0034513539416731742,7.919806601308643e-06,0.0017360152302594578,0.00035370928226319265
0.015933597621088702,0.002271316211653329,0.010249335016462524,0.0011136606991711817
0.0005197141478415768,0.0673850372596162,0.0032496002882380637,0.06791272540336246
1.2305759016784101e-05,0.00869603710352751,1.3331449745801471e-05,0.013251358513555966
0.025704737696263913,0.030738801107232927,0.039269293636425506,0.03163385701129384
0.008148636876338267,0.0012820315290649198,0.004397833307694943,0.00013298742727685386
0.0014388406197873849,0.02276791586505078,0.0012897233412978437,0.026863719397454022
0.018249424413266713,0.001576330317924035,0.013178947113713368,0.006165374075911112
0.009428717958085198,0.00013737859419371556,0.0033418676164385097,0.0025518264783984668
0.04047504449728956,0.029738710875615415,0.03588598050387615,0.024132288478827757
0.04556214472472819,0.08411158315123424,0.025521293891986763,0.06243553367754373
0.003937870256070619,0.04262465659015369,0.0068168828358257105,0.042835713610452686
0.0035546699190786013,0.02056051013284166,0.0036646559464015294,0.02676423922610882
0.022701096548775612,0.03280128419367334,0.027420696546314516,0.03184482195949567
0.008165376407315073,0.022110185902138202,0.0037062509256327036,0.013381387552808044
0.002398318191815574,0.0038302219402327475,0.000535469167388336,0.0010685007881532371
0.003244430804394627,0.025757695860492147,0.022292774886708222,0.03638054685978176
0.015934586544411267,0.027045573096775577,0.023666721192717288,0.02784463638540824
0.021003377734139406,0.0437413744576044,0.010334202234220657,0.03975862135697883
1.5415270822938254e-05,0.018351459646878565,0.0006950918901041936,0.01237619671604373
0.004362771762454365,0.010163029798962997,0.00010744162108711208,0.001687255691500411
0.00027029140255552253,0.017839127097837748,0.003233730232429566,0.016031855605227907
0.027500730311944777,0.021793117750030344,0.02920964305274132,0.03210317543286445
0.0050966192622527995,0.013563754907024106,0.019826520151769556,0.015238293742250497
1.4686925389195693e-06,4.4797031295229495e-05,0.003718403129251091,0.00013813851162525204
0.014806006962116758,0.014821571829794267,0.021196617735478207,0.010808472714045725
0.0046705523419311445,0.010433882438980024,0.009831275921606486,0.006586589687748612
3.6027669873428536e-05,0.008468503035610753,0.0013424773485252173,0.011913504065844793
0.0001338926512455263,0.0054778480680924835,1.2311645298690443e-05,0.00837111650085376
0.010364285732523126,0.0732528769681483,0.020059701800171803,0.0716508832596342
0.06424374961985935,0.00021726320194426219,0.06624876773879196,0.00025588309619417604
0.002999629907688872,0.02367595930245503,1.965878226539708e-05,0.007382857919960961
0.010204323225458278,0.007070696575816715,0.009339996009258167,0.005997504845437485
0.0017809521150885521,0.0006253266782505484,0.008948820425357384,0.00030140394517919056
0.010463472541703767,0.0020263328084663135,0.01393995725343744,0.0005130025227284563
4.071991954734955e-08,0.0005966551264630082,0.0005428656583612579,0.005965306269071102
0.00012233203459721675,7.231799610352141e-05,0.0023007197768967202,0.0013793497901906093
0.007234142877409755,0.002419883699060321,0.010022333549568718,0.007466005158163647
0.0029268341801588216,0.031190405330217108,0.001373072090601113,0.02084377911329094
0.0005944063889741225,0.015562597815165446,0.0005139048826180437,0.016675742762377044
0.0019201269244086827,0.044368103315851504,0.00042219195384896047,0.05338286278050208
0.005628981925633325,0.04968943165460116,0.007442828873366891,0.05082301750529217
0.020042064395109582,0.009276953729571602,0.023716319904825922,0.015710083766684035
0.008859545128116375,0.02031378362764158,0.008166602860620098,0.023831236947523204
0.01960559310841381,0.00011938319420634613,0.031838951720547626,0.0027785118181473667
0.007071148750067757,3.3267364677791456e-05,0.006641280704756003,8.373637558745095e-05
0.004142713139673515,0.0038572690803486687,0.0008645156820025202,0.0020816869073438937
0.0010365495777328038,0.018476870592232464,0.00018455828695151943,0.023753513968386097
0.01104482826459574,0.015275370492930151,0.015179220908855595,0.025304814439504275
0.031404875168196456,0.005773081001964053,0.034130662900953235,0.012757161158849395
8.002894038128261e-06,7.237307632523837e-06,0.007824319807068547,0.0021756028527502025
0.00353340222594023,0.013518871308983993,0.0011859628404617961,0.009355951308857913
0.04337002097652076,0.021904938477902425,0.05391619019009908,0.0392768564803363
0.0059005425116266386,0.059126882705970885,0.0043709712828949865,0.05386580029903765
0.003217091773380698,0.00014506380004908337,0.006876702781161703,0.0003345539469250536
0.07620639870215129,0.06598358567144358,0.05003329845227955,0.06662644422896791
0.005002651866819807,0.004528336268093791,0.008972579877611464,0.007505966124893959
0.018229901622125677,0.012917374295520423,0.026402912328591932,0.01020088731208546
0.0067683955030614085,0.0004918214848420588,0.011000320395201713,0.0014887751228798152
0.006648247643854188,0.000397924282585449,0.0011747002777172666,0.0013232150100439544
0.023734494886044177,0.011035907945789347,0.024745559982393472,0.017648366473066335
0.017095644383261388,0.0018692245827315324,0.025476436932546087,0.01187359927934084
0.03907401875529082,0.0013949396362760158,0.04284064163835366,0.0002917092069518734
0.00731720164997951,0.003312235276828779,0.013952262696929396,0.002064864676124989
0.02658201132481286,0.003984271430025221,0.019593867304332102,0.0021776879096535584
0.02403183229575634,0.015721243402438412,0.023789534516952315,0.01785900888175962
0.0010109804007162326,0.005404399296793927,4.8748824664768264e-06,0.004708409605528985
0.0010985620299900356,0.00339478577903618,0.005559907290043298,0.0033216072434449906
0.07773089745660122,0.06276039687923718,0.06494624262899629,0.04357100245016787
0.0031954508503473367,0.0006764142453677957,0.0038264465763440114,0.006732048472618768
0.0033272487252384852,0.016124951668976317,0.008498677690724432,0.017622578655053567
0.0231667080622725,0.0390184522946222,0.021790219331656924,0.02654147828254494
0.0056956201420635955,0.04323451409751,0.004836477893995106,0.04874639365105626
0.02246650100898895,0.00025425996940864337,0.012955234872711219,0.000966822967179648
0.006251101753335986,0.0013568854430670019,0.0055894123091515535,0.0006241045948361945
0.00941440322017173,0.0016125450536007557,0.008074881092103303,0.0038805321530734904
0.006282838198866769,0.04994215959655535,0.007716530346796979,0.054175509795230004
0.006141842071088033,0.032901943047417115,0.004299688630733156,0.037852383690366365
0.05769652262135805,0.03469337922387561,0.04294201266650044,0.013037891022801507
0.0417564556529183,0.0005112058678982123,0.025571327111080344,8.53825859348234e-05
0.002988395959890422,0.0004106645801597031,0.0028037618206232517,2.02218716371938e-06
0.00016972795794811812,0.00014220382898522121,9.98717899119983e-05,0.00010793120368390863
0.0179754873226583,0.011075768347260095,0.023827784561436194,0.011956783167063723
0.023313987511311862,0.0047524784011026,0.015353162492942163,0.00822400285320346
0.010585944715699291,0.0005795113861122303,0.015324530593858299,0.00023237999942749
0.0007196834379905592,0.0012169197962238476,6.914039322847287e-06,0.012609023302680544
0.002320562121674863,0.004505953160843346,0.001493559635150521,0.0009951830692620511
0.011161936913354542,0.011720095833347544,0.01399267158043871,0.00042678555304975774
0.002036489628263638,0.01099788975133964,0.0008640926855713049,0.011999919475778276
9.896705011613882e-06,0.0030484914251007744,0.003954519612896945,0.0007217014339602201
0.0012220055004601438,0.006808629261288224,0.0011979867902773833,0.014932441862953505
0.01089961735513012,0.021709072712640998,0.008771410405730817,0.025728164396371933
0.022180606915582546,0.003817089486916947,0.023672105114384556,0.0025476661639493026
5.08869321491634e-06,0.019461509680621436,0.00015095512223883834,0.014768669456231454
0.0015332668707397357,0.004192193309955683,0.0005356932406537229,0.006752989324787517
0.07293551285795974,0.046902341508502254,0.04833768541309025,0.05135234387053467
0.0012769569011872317,0.0005695156823996017,1.5021663474112934e-05,3.336304005663315e-05
0.00011165294012127625,0.005752124106700007,0.0007232352443590218,0.003968863245782828
2.653848127087688e-05,0.00168929403593987,5.883214935220593e-06,0.0005770064582333312
3.8525313895143576e-05,0.0015627622218311599,0.002714596524502677,0.00042366204604393776
0.0010834098147257665,0.00022910481484750278,0.004527218775921993,0.010019486624612828
0.002515092962250942,0.000221360864796738,0.0014867724600677867,0.0022537472360107946
0.04511062639290275,0.0023106085672487398,0.036995547955425034,9.315759406991475e-06
8.265359496828495e-08,0.013507821892235317,9.713226773677697e-06,0.0065099923813094485
0.01567948212618875,0.004964997054547782,0.031127972853046915,0.008194713269447207
0.005442925837067292,0.020458394409280767,0.004789325814558598,0.00973708612006352
0.0006390196824078709,0.03211130233076831,4.731242986910633e-05,0.026271410295579223
0.0017743116612461973,0.012729113550856153,0.005415162812109964,0.01657213080721487
0.04114533160114231,0.007607368667709946,0.03333091119213516,0.014205530532514166
0.013108683289356216,8.564765303264998e-05,0.016654404895155128,0.0009560284795911977
0.0011154787715113024,0.006541415481199464,0.0003109949677041479,0.0116673882765016
0.003661897570733985,4.476181697121717e-05,0.005357465666569694,0.004295529257681507
0.008011303957498273,0.006358982494962806,0.010982710232064097,0.005360093402063448
0.00028565364411770044,0.00041178691442889104,0.00062005861764447,0.0016697233864081396
0.00040301841252277093,0.032819014272027824,0.0037388732968876015,0.04684297938050119
0.008255643339358354,0.010850306637691709,0.007242189917214592,0.004074273493826608
0.01639493086118815,0.006355018535796897,0.006397546535352072,0.005727218509778864
0.01624438452364685,0.005160090266415729,0.024693409313739423,0.01961515390641444
0.0047009224715173215,0.05326533095714614,0.00037706273507809307,0.04632328918863926
0.001293676974922664,0.006451491234097051,0.0018717387169389088,0.017231550025564202
0.015711992471023062,2.4108140334044847e-06,0.014524464194835773,0.004029817264507796
0.01105236449789393,0.03700554615407836,0.015553966901019178,0.02732098341826994
0.03714071669601915,0.0056185119990448396,0.030253490804258654,0.008750576211568495
0.0005826370620845012,0.004047719429702612,0.0017722715983381487,0.0006833979298042081
0.003827893692502804,0.0003978229726281368,0.002891979346285045,5.537798967292229e-05
0.006993371775313562,0.0030982324759812885,0.008222528225440784,0.0009138709343066154
0.002433914212466859,0.01784736400364928,0.002638483956266091,0.016086803240813463
0.00828883385985102,0.002418214171934552,0.014042722414927433,0.008732005497943618
0.04870941456541089,0.018853835619677572,0.04153065082732854,0.013037517227938555
0.0023145108627373734,0.0034024522825443215,0.00023038140057529688,6.389195063016828e-07
0.03195057320520678,0.00043213779312378797,0.030323072980524723,0.005085299213305916
0.0005436996629077928,1.3302677726034773e-07,0.004000454004062237,3.6855405411428954e-05
1.9810476184711767e-05,0.002720289018708355,0.0004642211831814569,0.00034696280972590365
0.042440788113779604,0.024161424493371664,0.04946282656279444,0.021889337738939973
0.0004959014634058345,0.005966906246126391,0.000875635235925265,0.0055880729627708625
0.007560452594217115,0.006055301750885866,0.02000582340822077,0.019656501180226216
0.0031928751970147218,0.006960174932117313,0.008642130660712843,0.00944135783901412
0.0011756219257396117,7.520104156422125e-05,0.0003343784607232614,0.002505330067330669
0.0061377927590955395,0.012552246098058273,0.008216972879413587,0.005034674614448953
0.10795887838619467,0.003290807099066928,0.09570711928225373,0.0026099838105947404
0.04937896325678026,0.0006071981927290304,0.04402667109342928,0.0027314783895493466
0.0017593466638201605,0.00504542369314398,0.0013430634082405302,0.00387171556362631
0.01711238156731809,0.031194587289960052,0.012450239314054423,0.037678391185198556
0.03806725035073488,0.004119200144814039,0.035945726141770606,0.002567798420087253
0.0022477761870153268,0.014475900069789605,0.005242170191282036,0.02251338988557061
0.0013559096076088961,0.03659835286990265,0.00029377708195521546,0.03046319948036147
0.030020212128834545,0.01977716075379088,0.024620786717649,0.023881731743110812
0.002785643488210976,0.023302951191894627,0.0017839029899388015,0.01607903213537265
0.0005362620702389354,0.003077127498676724,0.00790675774630345,0.0005788453855669617
0.00037955510485898625,0.004188047073109269,0.0005650618529067231,0.0013180074483232218
0.0007015268773554739,0.036251222806282346,0.00479595122509624,0.0469383957854268
0.08067276886199415,0.003950306634079359,0.07451982401094748,0.009747296135300565
0.0028291330006273707,0.002427433157612846,0.0047822284295468975,0.0013135453790874552
0.0006742814083218196,0.0007874630438063912,1.0329984581058937e-06,0.001889059431464446
0.0005539530378653179,0.024428384301656614,3.269726167975939e-05,0.02052552355341941
0.024873853479397412,0.023940599285915853,0.021596162233678773,0.016693728560670307
0.000911690875553095,0.017645905876512047,0.0017770181518061978,0.031078520987273706
0.025830171342587915,0.0007849749862065547,0.043072839307753075,0.0002024360902076472
0.03011409994219405,0.00883143074446946,0.009902205883962845,0.009039841143290261
0.0018031226316809201,0.004390161443768692,0.00022614335220538795,0.013500720300973823
0.0009764191685391888,0.009431899945255395,2.981098989440767e-06,0.013613316668317
0.014141126486542754,0.004447802941806134,0.009658392293984686,0.0002713380684168376
0.0007198602879585625,0.013718068633308267,0.001462764013449247,0.003788281336390642
0.001057234842536614,0.01781618774226157,0.00023136861585837387,0.010952807878398252
5.749030604018657e-06,0.031281942477754954,0.000288535240218768,0.02089375724964826
0.02711985526688887,0.014210669767353079,0.044093079024570714,0.010227326141863502
0.010781805634550778,0.00577066946611926,0.004145401073379795,0.01260862091099002
0.04958282991174012,0.060918165220622544,0.055287496252011126,0.05710089368042792
0.02647513669547219,0.0154440488615325,0.02827067477624612,0.01873914279373612
3.982902750576667e-05,0.0002843115907925631,0.0011235655195576122,6.135667994788818e-07
0.0023608880981862423,0.00021936836242442137,0.0034289966457090593,0.00019858474811274007
0.00026990645370561506,0.008517986791333976,0.0020810844187780786,0.004301573118667301
0.011200819046793042,0.00030463398881097614,0.01983778483289944,3.4485447805154834e-06
0.007329383285143765,0.0051804217121936835,0.004693933242707282,0.012528423400040345
0.011802185040874269,0.0010104624540802076,0.008594566594232522,0.00011228967300025428
0.03056673610708971,0.04015199466194841,0.02223774270254164,0.027030792161791384
0.031724199753664584,0.004107853000780315,0.014286960677560523,0.004701216904048788
7.731530552335109e-06,0.01166888896497853,0.00044380068224703084,0.00656048613701099
0.006482010382244163,0.0026046281027020113,0.01183873070657282,0.0017519817235546187
0.01259665145633937,0.0002969904323280037,0.007733441795573226,0.00121354434477694
0.015730917897593955,0.027197140889652527,0.011470877885172648,0.02251789802783999
0.020493842667580364,0.0006281540142547559,0.02023279947882317,0.0003204041270150615
0.03024518568965817,0.01696497577158973,0.029799479901303272,0.014298846861944714
0.0014353968811662288,0.0034786592030966457,0.0004231459407099125,0.002797092756037012
0.010757521959786742,0.012659470923851557,0.004311376497975639,0.005783118033616308
0.0020080733659783023,0.00999197184381928,4.482036189334959e-05,0.003379937222726781
0.0040133878250887545,0.005535997425063721,0.002677924132076126,0.002342598652151806
0.01185748065035086,0.005615388823225098,0.013204964304409872,0.013375888041463058
0.023411435533741143,0.0019619374412619406,0.014284728218658671,0.002959920054381948
0.022400518453000062,0.01725143670499818,0.010099264622629112,0.004554817494455743
0.0034678659268065903,0.0003415740588952332,0.0022140916423630808,0.0010832545354461098
0.008287466696615065,0.000907559699648508,0.002674698212529414,0.0010471996020933183
0.000379562023670732,0.004879394227932821,0.00682439371344723,0.0179632396378252
0.004362855936996701,0.027835199618459594,0.006087266275543901,0.03987305058255752
3.570193561452939e-06,0.006400502321244672,0.003512059917069821,0.0035854700875344037
1.043882164775134e-05,0.0032799108950883893,7.317757633928945e-05,0.0036120188364732186
0.020368803385016787,0.0015498083515486094,0.010230678864673992,3.466288632625325e-05
0.005574602486639435,0.00514576788111154,0.003952923528534047,0.0034527963607372536
0.025578869950749983,0.06423966359044153,0.01011706564345305,0.028881213004137818
2.3876084729645974e-05,0.0004800656748207288,0.00015187273787820033,0.0006825842573427998
0.0006027478058612257,0.015431679358100858,0.0015873907557054645,0.013711336407145391
0.008454442264030915,0.000999038532536467,0.0066717016520506656,0.004165219164752321
0.000519282232890439,0.0036694365825221675,1.102079853898541e-05,0.0009978304245019665
0.011740006974213957,0.024933695335078943,0.011613913591110636,0.027821745857267155
0.016085223386507974,0.015550210099938289,0.019866121395877068,0.025234132236713225
2.5210770323802478e-05,0.026904777025934745,2.0570687631393803e-05,0.01606202290453307
0.00030910295172503766,0.0015960061561093308,0.0011437895990814573,0.001341043594224045
0.0016202484201796041,0.0030924522656016196,0.013004015930981216,0.0009101071573156538
0.0004605711450503813,0.00020147259158798114,0.002408117914680541,0.0004784070530533535
0.0002656989199333326,0.004696990872983364,0.00028568317379396024,0.006063821288194937
0.0019086783920944095,0.00012787420192739152,0.002533442854203316,0.0002240712905000608
0.0077867772656528,0.009973049341837403,0.0019301630251595814,0.015061184306869313
3.0189152055881685e-05,0.0016058089492760885,0.002931031015585117,0.0005356730967222001
0.013778363453230247,0.004463768810568647,0.006641112260448723,0.004516233495417299
0.014072991803401713,0.004277903697636587,0.007649893761144555,0.002561405644412207
0.01584543214258738,0.006904160006345084,0.02779155573767278,0.03161853042315399
0.02795858160795006,0.0429499633069762,0.022602856979953345,0.03254262795866725
0.05893721924829132,0.007465850081488812,0.0622192034282365,0.009674958636397779
0.00838822715128984,0.000647432840027995,0.004106557457859483,1.3129018458957198e-05
0.0010270079761476314,0.011924742198471394,0.0004220830262240405,0.004924662062486873
0.0006094290517597578,0.002048522638647632,0.0009773030122091075,0.01244147829201181
0.022690370406007965,0.022463206382560275,0.024781366095379398,0.01806200678994052
0.002031303832016218,0.005050480248976363,0.0028564633597953915,0.017472089389355294
0.009129486539586673,0.06798303711699782,0.011913792883245788,0.06391496256070195
0.006164079510514342,0.0004143367443855128,0.009646605127211938,0.003487238022072181
0.022747329266919247,0.019739886722169198,0.0179233318959493,0.027090247528970823
0.0022321236800236788,0.0010540063484444362,0.002867481037176045,0.002896989697762753
0.04491312722568297,0.007623441242069928,0.01842427229955723,0.003190644036835777
0.008280309222521431,0.0011212666172123464,0.011126653883088533,6.394293979983257e-05
0.06941589613941113,0.0009320326946657964,0.05667513029105631,0.0013247599977825875
0.04044463389764119,0.02092817943097136,0.02999924759445749,0.012142520437265047
0.012918893346723248,0.06390924441989076,0.007726887225455781,0.03861011152618998
7.821567118571071e-05,0.0042677714242115306,0.0028256347222876954,0.0008037997434717781
0.01216137381962612,0.025759999327403582,0.015520289465365211,0.022674721589703517
0.046476110200994736,0.030196222082025326,0.03975719249830545,0.017001793309827207
0.011199617545378904,0.00024152522684794953,0.02807558512952124,0.008272933821329653
0.008537964549696797,3.701595215499509e-05,0.0042671359830660505,3.673345807564399e-05
0.07167727357943798,0.02660329361756253,0.03624689675422321,0.02307793748744058
0.014617535019335604,0.03682673710720874,0.007299733257199681,0.02845534358690527
0.0044913510575248505,0.0024416013891473964,0.005194912535569363,0.0007728452398759744
0.0031604712012553993,0.01707790553248756,0.012061970119897958,0.014805168620199094
0.00029784194017123955,0.01102165792455323,0.0006018267345819783,0.020768039523668125
0.00075611859104463,3.732256872468476e-05,0.00016328420695499446,0.006657218552582833
0.002160841982606243,0.0012966443011896978,0.00218100595517845,0.0015972136540171045
0.052376585019915156,0.009049991592561368,0.05127937367538671,0.0012693312222445963
0.004137712335924193,0.00020604645297261914,0.004099921123026484,7.418387084301425e-05
6.467072870441903e-05,0.01414228953850305,0.001985513716129206,0.009984384079326114
0.06986049091829494,0.0005379442460207162,0.062188983378617224,0.0002554480676804083
0.009796710426753674,1.704397216328868e-05,0.023891096913591703,0.0016402941199398224
0.0003961964186970368,0.00035021953515657067,0.000122981930555488,5.1879366076756916e-05
0.0030052474509575378,0.0013484940149949276,0.0017914054776719812,0.0026956349375694133
0.022295322446723054,0.0006046922999417559,0.022319397805799057,5.327497051288432e-07
0.015046174196243434,0.007453534152437213,0.01208967307107578,0.004162128389161079
0.020621831032368587,0.043262086464064486,0.019463915557250466,0.03427208794334147
0.001231710629835625,0.0029820854700002286,0.0006374639790119874,0.00420450768935865
0.008682613330149413,0.023874117336946443,0.0032931867170024054,0.029001843968495145
0.003569831404909296,0.006461196239069045,0.012902248704555364,6.104687369201667e-05
0.019472916042042043,0.011938366371847198,0.01837578590568545,0.011320207402275573
0.000443687681480065,0.05812411539661888,7.242501875548424e-05,0.04665843744929277
0.019295455025590935,0.01190266897654546,0.015317050326212445,0.004455086071677106
0.003981000553083369,0.021666262818185622,0.0035191332057389335,0.01235583983430033
0.01061714801006386,0.008542905316477611,0.01837387829574466,0.0033388723907904483
0.0012872212352271761,0.006227280972675664,0.00023059813147874308,0.0036555909485574967
0.00908795909711757,0.06217062818770214,0.01784597853378045,0.03676480970530838
0.0012610337887141165,7.367150937365174e-05,0.0057025541564827975,2.5576533299598303e-05
0.021531542538438475,0.02607218231740216,0.019958703199374206,0.027974187884683088
0.04198755319882319,0.06811427292312988,0.03614820653711881,0.06241922181667747
0.008172444403165668,0.0016022140609269764,0.008194091061504483,0.0014390738056910823
0.0006388623048018127,0.0006824073272827524,0.0009223507001742126,0.0021185547161843843
0.0004444320166693272,0.00025108178387434066,0.0006834550274840145,0.0022103231562666803
0.0025755472618730346,0.006504108808614628,0.004152932196573422,0.008187238324038115
0.13716744429810113,0.1453806379401381,0.1135056845012371,0.13123642265553725
0.012837615068982955,0.041028380140709086,0.02607820101411573,0.04669317478926971
0.000413237424853663,0.0038551291066969418,0.0017568052812146906,0.0008690272309467284
0.019132111426525156,0.0003133203702508913,0.016683131233633963,0.00046159639143028564
6.333497909238872e-05,0.0002758471277978236,0.00035259416213584416,0.0009595733919521843
7.79912773714031e-05,0.002350003413478241,0.00018017985021479,0.005443612349365856
1.3893159723332715e-05,0.005628550306590929,0.0010265125099027106,0.010564116302499316
0.079001949251023,4.073489248690443e-06,0.06330288985067989,0.0002565908452031307
0.0012430494388889768,0.0003401018329149963,6.408333200891292e-05,0.00011862407384333196
0.0037151260479011405,0.02054859938848197,0.001288320191332848,0.0190218890054763
0.008883507865352636,0.018386225029877523,0.004389294251214593,0.007031809004623413
0.030844509984165103,0.001969282366145242,0.026733809817312437,0.005098505321444957
0.008338839428950084,0.014284412804727253,0.019069472388127506,0.023798810260331815
0.033344344639138046,0.010606178870401717,0.03886786711442669,0.004076270011182936
0.027042171010846272,0.011434179808287426,0.024154215855759054,0.010667592208927656
0.022601108637599232,0.020811640693323308,0.04752901428659739,0.024566570507544294
0.0002013836651013623,0.06522153309329759,0.0005146721494532214,0.07212551979566406
0.007605299478198657,0.015963037560786097,0.0032974727373036306,0.008367527359122162
0.006301079627901052,0.00429863074629433,0.021753428398277874,0.004342366823129495
0.0007658246296383675,0.022608995588227487,0.00027305833806079427,0.022614826789864817
0.006385865462153917,6.404165937556883e-07,0.004019667742471977,0.0004800120969663535
0.0016346596823543225,0.005280123091503497,0.0007057164402055616,0.004962027631727928
0.013282275958175549,0.007788257880184113,0.008281124966547648,0.01059794276084447
0.035265615450344456,0.004237490826457413,0.01872330557678581,0.0005800200030233738
0.0024347428177077246,0.01228236768619373,0.002864005001816272,0.014620279700315764
0.009100187050625874,0.007823951525277262,0.03349921909411557,0.003173414984718348
0.000910443552805118,0.0054606413979990664,2.879024817425968e-05,0.0018405350445698243
0.042938323732350736,0.0024169411210447356,0.03681338694940528,0.00010872903301750725
0.06447642663416142,0.01136631494014817,0.06619637102527887,0.008472083171477407
0.06845051987840123,0.0007117056836323243,0.04329077108684343,1.906111250815634e-05
0.0018983530397022053,0.0006473021862958284,0.0013092432149253153,0.0029932879619861685
0.009233802188167828,0.027845627976049836,0.0048901891192822955,0.019849965136497394
0.001961085469810886,4.8920365179339065e-05,0.00010256716960443946,0.0021027685358072645
0.0005939496508952091,0.0033810949170119953,0.0005004330955703518,0.010509011765359344
0.0032861399801270563,0.0007885411244115126,4.079638901599569e-05,0.00235074464273044
4.304053283887832e-06,0.00491103181649466,0.0003315904250070778,0.001892851146370722
0.0011725467317840188,0.004760559712408963,2.4520844999931235e-05,0.009918113534385875
0.01187150405797388,0.004108807429325512,0.015857932419318876,0.0010832289631689251
0.0018537291999884964,0.0016968571270953303,0.001572180815330504,0.006710512147300451
0.09677384462797256,0.06038780434558155,0.05708587419594635,0.06255235678218485
0.0011853053269534897,0.011042768932493896,0.002195606649644577,0.007593966895138249
0.003845707363098083,0.023051765751032405,0.0020584217592611864,0.013508848293698805
6.655651572984311e-05,0.0006711495503376463,0.0001569224400070901,0.0006431294054902725
3.3405829824473265e-05,0.0022181363836651924,1.7598646899763537e-05,0.004846110317766383
0.002426478567156498,0.011521033838866712,0.0015850700666836248,0.002073295683702403
0.00011605448581930577,0.004145449887144048,0.0005833758701424552,0.02309992396439009
0.06694365228386678,0.02591071927607369,0.043271915885665035,0.018428091348254627
0.005983671444352412,0.0023420987071116617,0.0028870248489832884,0.0013685710528033024
0.027459266749882194,0.009634626750487096,0.021694201003469193,0.0025800522043546437
0.013080637734554146,0.004734736729023803,0.015896027311900207,0.0014616566633783856
0.005408229464367809,1.2177838606852731e-05,0.001259320554608978,0.0007613191156160548
0.0014674426055542034,0.0035608847873714877,0.0003636331924559144,0.008484892998752769
0.062104244953180565,0.07068560849645333,0.05704046425214171,0.04258698711357112
0.0008493478772513274,0.005611830849704069,0.0010677613197505043,0.011749314331550909
0.0013120060393586597,0.004681893179287133,0.0027319462665470473,0.004878600712676429
0.019049000319015907,1.8976726490871343e-05,0.010293305017940901,2.0051559477263226e-06
0.0010433840007484374,0.0670697519445701,0.002871091841720408,0.040973002781623635
0.018625560746469483,0.002366529620058788,0.021852282665865808,0.00030943385523962696
0.016427975863258726,0.0009629689345010961,0.01669302009074336,0.0007993587955875681
0.009944598152862416,0.0046458724357612,0.009769428803266145,0.003929967407569901
0.0773340166928379,0.04074375999881419,0.0837856950567124,0.036785379526714124
0.011403909506840337,0.00639646769166724,0.013820300251111917,0.026571893328138474
0.043063863034676464,0.05636349962849885,0.046308814652725294,0.0521877413446995
0.0021502630043552795,0.03501469646282729,0.0016560498418417557,0.012189532303662265
0.002798444880327655,2.8203424019213053e-05,0.006319873726218228,7.769542897506643e-05
0.030329797020865246,0.014096145376829905,0.016298532966091295,0.007628266009690354
0.028788826951805402,0.0012347378124831776,0.06376063532870657,0.001225861351056623
0.0045143715198388,0.01703003610226006,0.007527328324406057,0.007259115685871231
0.00010659805010038159,0.014888432688302866,9.329031905425111e-05,0.017697051200390446
9.911313303612168e-05,0.0005917698039544783,0.0037653412725235924,0.003464788835936261
0.012521774272313047,0.006192440487609474,0.008821690216377132,0.0052729306179722935
0.0032844252298471766,0.000743226921175677,4.240064987959258e-05,0.0005932960650495422
0.0007142595504692206,0.008268490821505603,0.006760473562572589,0.005752247209171113
0.008877657487883717,0.010206870968828552,0.00439788909180816,0.008394385735818743
0.0002904428642243051,0.004562785051048124,8.45198288974558e-05,0.013877907752865126
0.012488332268030922,0.0006838554665790086,0.0002579142474774532,0.001616044912822523
0.031112856512616416,0.002753636366472856,0.030986587756367423,0.0020911701016638196
0.00046760348411800656,4.7294396085861834e-05,0.0005626883038298836,0.0001942187690563424
0.022726157968469107,0.060937342278894135,0.019120352182228406,0.06356500126042441
0.0587929275586726,0.0014970218246952438,0.05679525360364257,0.0006421043032136531
0.005594966614578034,0.0001244738993928518,0.0067831610932804765,0.0008382868740473004
0.07231985797104379,0.014484634823251352,0.08657992435035111,0.016235160990546005
0.005355039468481593,0.008817144025172419,0.0037942337305539864,0.001028660341564902
0.030822389630522307,0.00011201295945828527,0.02118384107562654,0.0035447015198090126
0.007529557318641578,0.014244484340180441,0.009792491448294083,0.010668012588937237
0.0005830030242790496,0.00519210986170382,5.68230924099522e-05,0.0033326091272676273
0.005113076771833258,8.535569029355372e-09,0.005995785302560175,0.00010611108337432729
0.021227799884121823,0.04326283397845132,0.01972176509078405,0.04156102243280613
4.7599945956045e-05,0.001943216507488521,0.00010272510949638214,0.007376892587625639
0.0004984146926098054,0.013881882261983725,0.00011853295771402372,0.014603595172728578
0.012601768902442467,0.038764203370913464,0.006473540909933351,0.03474846758989636
0.005677620088590074,0.02334127325950064,0.0050350909662038035,0.018057213974609576
0.00044354333300644644,0.0033162396988352105,0.0019832114376383547,0.007499137673566469
1.2687933294230902e-05,0.01650131324445825,2.555014436667058e-05,0.01981015262278052
0.002860068438530705,0.0019260375048831824,0.005106904580586047,0.00038382366493328046
0.0007610567576508132,0.002714880544127274,0.0001556769057687868,0.005509427121149879
0.007417666194659223,0.02345182975778437,0.006210790733349292,0.02099213132046407
0.007850105707779442,0.0025622472438375787,0.009245237947104523,0.008446387170316538
0.006339855808696004,0.00020257871295337182,0.0040945065665111136,0.001243125711467119
0.04590428143397873,0.019852562735427126,0.026558737894145423,0.006159394792997319
0.02593082342993469,0.0011863265024139036,0.024550798334715185,0.0022670478036960207
0.0003294944030081126,7.842975106808758e-05,0.004083664327046432,0.004686538875610102
0.00125035999660017,0.0014679792304961303,0.012824940943659824,0.017870504215824923
0.03187094062132467,0.00380028002237609,0.041985016329958214,0.003304795281766415
0.10272084794318659,0.0036748131589776634,0.08988379693388093,0.0025273765015840777
0.00022321266445979315,0.034483928695335675,0.00030164764862417037,0.03285946098484738
0.010904765170896225,0.05159495419485749,0.007434984486049179,0.046425354393146656
0.00022034184343922014,0.015786337235160097,0.004770669051422982,0.04103600081668812
0.005763475494332315,0.0008915739944324041,3.4106207645878683e-06,0.0005469732410338102
0.03231772529325938,0.008613451799372562,0.03614210425848685,0.015483638222107965
0.0003285408996547279,2.7628247873945355e-06,0.0007121035883017601,0.00015644923147295486
0.030681343527540483,0.005461069657932249,0.02064616998513291,0.0019924618280309225
0.008652952651168722,0.010246643822434787,0.016052807680600467,0.0071173093566356815
0.02062103246211,0.005001003911072943,0.020875958446817444,0.004159742522824472
0.0012807239522633074,0.02843243223612979,0.0002486488674704468,0.025898054505236412
0.031933623611203554,0.032082595165943584,0.015698196964610056,0.013392340895985066
0.00817202500740466,0.001063836650289418,0.012791167973289608,0.0011524474432998977
0.0012595166917049871,0.010846430027411591,0.0020976700358524836,0.009346192061093439
0.01090435142539925,0.009054246479807015,0.004293689443851112,0.006463322561187312
0.013236060969169183,0.03381884467924645,0.013825251286116003,0.026314411951157246
0.0002137518707072683,0.0038707264540619457,0.0028364184621108013,0.0006217236464083342
0.00015337600113007888,0.010996135237305582,0.0005557692124004143,0.00788903213690384
0.03331918428076741,0.01470356199040157,0.010587900074684131,0.016602274701667752
0.00506285933946149,0.002534192042251582,0.0027372264736361673,0.000478648865129494
0.000181008935921656,0.005797916692333538,0.0009254638878489763,0.0038444053906534492
0.02493042840186166,0.0003360164267700583,0.04189324353733903,0.003052900727897767
0.0010794618607037343,0.004425632295232296,0.000766640026719223,0.0015918268500643151
1.5539178610524118e-08,0.013344668813662919,0.00048395032350068146,0.02191290524889722
0.003295881784528887,0.0015518290986371586,0.002708774127228142,3.774120057042918e-05
0.00027109174975670225,0.031842336363849144,0.004259558152142406,0.032196127666550556
0.02214198891992114,0.001714666341894211,0.03731551346140061,0.0008454534312312134
0.009986757291310155,0.06128856787878778,0.02260718164164277,0.054899811164180745
1.4763558399355503e-05,0.02326522044482704,0.00044968385095145447,0.0019277025148591864
2.5045018998692825e-06,0.028109322621444277,0.000894606096613848,0.05536416249080178
0.0007754783051293623,0.012118114284903614,0.0001994728912202426,0.016176001387305794
0.0043841628767039564,0.0007141575448724735,9.085448716406042e-05,0.005879317136581741
0.002459419631371529,0.036228784775017786,7.737423256215514e-06,0.022550067988971523
0.0043854149223020444,0.000824320716589666,0.0015616416408076317,0.002975897944614281
0.012418900164014812,0.0010613754656507712,0.005833959774266817,8.71556056761813e-05
0.037777011610912736,0.001962044675080765,0.0503757152235772,0.0037648807240499016
6.023655806797201e-05,0.05624578490929533,0.000610969133392758,0.11671705872188032
0.0024152135323883828,0.007794813398445122,0.0018796180685450858,0.0021632334597058156
0.0020505962048513737,0.04092246646978981,0.005715581421913862,0.04773571496133444
0.08139505137040437,0.015485007515583349,0.07206447615887912,0.02343371081434875
0.001836882516021765,0.0005214395727440868,0.0006653018539959366,0.00014583472401696884
0.02365613931629207,0.06862380302883553,0.02091874427446394,0.03367157261299103
0.007270959327449589,0.0004989546542816248,0.0014007326475276027,0.0017824149051762772
0.008283473442318945,0.005717598576765792,0.004888679577619293,0.0043366165167950665
0.009770772170434427,0.0007774327849567886,0.003502110779610823,0.007691745644258452
0.0016598661880870003,0.0020352786988470095,0.0026985574043664196,0.0002095157074846199
0.009138013502485554,0.017386112604088733,0.009238473280705817,0.024251525513440453
0.0019205297183778614,0.003070455735497357,0.0005344193047036594,0.0020145103854354307
0.015512394573838129,0.007568713710918384,0.015361138911850425,0.003693629156496292
0.0038940633691347815,0.06198467476600855,0.001006020334867519,0.06706315264048723
0.005882369823386191,0.011293456957839454,0.008306219742353349,0.0032325002421460525
0.06788004840158268,0.017301892984453504,0.05839974353800548,0.01945711454720267
0.006569865388421414,0.006236175755616857,0.016993927992637547,3.476704924199048e-05
0.0004095500071614744,3.7792449632645386e-05,9.973492862047628e-05,0.0008362092701075241
0.0020069867257639373,0.11432262129056481,0.007132445289244949,0.09358227805892949
1.7817029894784397e-06,0.0005727841848012227,0.0005786446199529394,0.0013588620242542815
0.009558170391168908,0.007658086052927393,0.014090593461312473,0.01217932938823274
0.0007677054319448207,0.003259468226592621,0.0006591196501714025,0.0025888581711102088
4.537659160086527e-05,0.0013356982695804653,0.00017279619227217324,5.928492933904295e-06
0.002978267462577344,0.019938034323382037,0.002175764215574305,0.014361638640657093
0.022239391778174356,0.0008735310694284459,0.020797192996451885,0.0009210889960039603
0.02547316634396035,0.004900077242544154,0.02254133435844241,0.009340329945209835
0.003246487638607687,0.081744950749845,0.008287223893636564,0.08437847563438816
0.017528658154595256,0.000351393542139089,0.00906151667927313,0.001960957432126653
0.01880556321289306,0.002386170650407027,0.03367815125956641,6.13120938833811e-05
0.00014384281825974288,0.0005812633684065815,0.0023461099570776245,0.0014418507481377407
0.0007372927494433412,0.007117850288757777,0.0024304086458486474,0.002850728681356607
0.03727200676668241,0.00450095333873235,0.019469625514070388,0.01620290196884644
0.043304859004867025,0.008976526772300208,0.04704477018562303,0.015097896782382936
0.006868033203923374,0.005686778767510781,0.0024844416692394455,0.00149186909742971
0.0034212847912294952,0.006525757406606325,0.007147807676701423,0.003681010829052256
0.07365398187769934,0.11951183355754913,0.054914919585154265,0.12139143273731512
0.00034663019813863105,0.014582091667560082,0.0006231122703149738,0.008966458224812457
0.013907101538777944,0.010413781283617474,0.00781602802545811,0.011374414356239981
0.001439448698649537,0.05696551808981709,0.0032739427018643186,0.04071176651897057
0.004676532077164897,4.819972640568437e-06,0.0016773455073175736,0.0015272300200114275
0.001623630826571243,0.0021364171365759743,0.00017630054106432258,0.0011574261622216975
0.024179255048631387,0.020814886450742365,0.04093011121976109,0.01720176845333743
0.011858047192905952,0.022458908834859792,0.011849400159685497,0.025627213913559932
0.027548253407840284,0.006110126715124009,0.013804754357097715,0.0022187174338308413
0.005663809819656862,0.008052724962300695,0.014338429925394802,0.024368554857696734
0.003023358668789,0.006963064572093947,0.006047737790014662,0.0072179429023810915
0.0038862862240046647,0.015792348104022524,0.007897215573460903,0.007425438706955112
0.06799617263151148,0.03033086431756815,0.057954862109452554,0.02685999565333108
0.013149823228657542,0.021767776851193132,0.007213408144965183,0.012593239741501505
0.006672276187084658,0.007917359291858994,0.0138409308252041,0.004240433738509131
0.015213486694970135,0.0033767541545971502,0.015152138139050808,0.005372074032311103
0.009733406154363577,0.003177238588070397,0.024212824236098496,0.013333304297772797
0.015736966495887406,0.00011089248882201197,0.01827460683336668,0.0009814084927323163
0.009964329866706034,0.05856625415899308,0.010922259297014625,0.06233283969113301
0.025958218494823826,0.02380199437540842,0.03579361453125263,0.018020860746687184
0.010295058690422798,0.0026917847923437765,0.00906792721762295,0.0028504706323038143
0.009011635007764252,0.07499755692679289,0.009668941828662736,0.07121933383033263
0.0027022890847224756,0.003410537240410738,0.005704119683828668,0.0046990122021828284
2.9040898685828154e-08,0.0011473963071877424,0.00041211881795488736,0.0009772284677398435
0.021078137307860234,0.0360591021773754,0.02320918265094163,0.03955183399326567
0.024486470892703505,0.006767752789560655,0.020873946358405338,0.0042518395459829605
0.0006849810255965538,0.0001707452367327722,0.001314420078038392,0.00019640533440645758
0.009317030169745832,0.028368815172046702,0.012794066454303477,0.033006897835117566
0.020618345423030537,0.018255109842994832,0.01847054857438546,0.014630996773496885
0.03249321228079405,5.0071663587503146e-05,0.04953852939120773,2.164936241433324e-05
0.002559533369272282,0.010980772803816707,0.009631463871955237,0.005423218602354063
0.05535637228187329,0.004327803966642674,0.05143964786993671,0.0009301563988424189
0.0024941945136519594,0.0014828837034963627,2.023671322737286e-07,0.0071029329566837385
0.009408496963523638,0.01654868194452852,0.015057045472724684,0.02196498918081735
0.027654359078838064,0.003249527777564265,0.015676740061948302,0.004849691845699722
0.006184845256014926,0.017170491541440236,0.005033822292407009,0.020873773772280835
0.004464606551297323,0.0004052484337656592,0.005750015370325823,0.0025020691455194255
0.009786049091006332,0.005349828430149195,0.0023526412359825555,0.003918969816137263
0.0034772004661841605,9.949525843211404e-07,0.003582871785963948,5.2066477192025395e-05
0.04083299119923367,0.004491077011333111,0.05092726914254009,0.0007566355289404525
0.0014548087596891746,0.007678458419040579,0.00040945381601487085,0.006916750472390265
0.004140485402907457,0.009075824727320492,0.004678519349174515,0.0035980712577784457
0.01565174672373104,0.0027273978800805843,0.0156765435213988,0.0015746823974731594
0.002999141632139435,0.017392104231450767,0.0037311726708346704,0.013673360464336537
0.008979741115952344,0.015213588044515558,0.01185230454483388,0.01193228024323012
0.0038197157066316434,0.011079457062221576,0.005090054356214679,0.01369949116567426
0.015386866872334704,1.7671556790777032e-05,0.002442674594764771,0.0005890438998620295
0.00016707646685965027,0.011976277204601704,0.0031412647609517785,0.012799877228033996
0.05613560570102105,0.010854298387561134,0.060275604295004004,0.018420033142372616
0.0017785145263793378,0.016166019704744627,0.0006767908477267603,0.01871372034324048
0.01662652595056191,0.013427774038901164,0.015508111613921849,0.011329286308844222
0.003354353892398243,0.0008797888645145635,8.288179335325108e-05,0.001685213645781447
0.0020814647788394147,0.0031152335698511058,0.0025165354150062935,0.011072975654452977
0.0027132041619237768,0.0031978966311613233,0.009965256858882166,0.0003524308012134991
0.006012893294597976,0.004526602138071101,0.01929136508384177,0.015583606725908195
0.02580848833142879,0.017177389802428777,0.01694599233179317,0.014389725499451278
0.0026245823644206467,0.024766628643400512,0.0067226929636213795,0.023738700795371326
0.004991655939711959,0.004969600278621589,0.0062152529737550255,0.0007631794052851415
0.0022116310748486745,0.0004236886511059801,0.0015090441255165565,0.0004516300464944001
0.019685053838172317,0.11993852495695667,0.007851123514611924,0.1426071210981965
0.010711474979549496,0.0018413557757378518,0.006901154232693774,0.0009112278457062972
0.005644016916554473,0.031898907316035285,0.0029875483956882665,0.040471064931435596
0.02628889588782435,0.004601531516016499,0.014774001364433631,0.002168654832822914
0.002903220314420807,0.0012150074830504787,0.007286115502060375,3.569578640338911e-05
0.0008943254073023876,0.011113540858011084,9.904474936428542e-06,0.0012313290291910972
0.013072301739181946,0.05315745773358993,0.01906932083834978,0.05336514500097156
0.0005777688592828456,0.008436545980851418,0.0011139129881141407,0.01467302616684607
0.021229336105941465,0.0030988100088458204,0.02852469041944905,0.00385079069030303
0.00024495336886476426,0.00020614479466296576,0.0006016498601613129,0.004683944005912544
0.05329696397291306,0.02615169062842282,0.0514344245749051,0.017607413007243555
0.00954617929126833,0.0014444853147834724,0.0019767932627645646,0.004911063332899812
0.00035191061890960107,0.03408295860841215,0.0007508088648690014,0.020500905673023873
0.036398231545129,0.0036499590496263945,0.031263821490066124,0.007986479334899155
0.0009002528109176566,0.0009771822291634313,0.00033432325672044794,0.0026507361339016544
0.0012893692558648695,0.00010687541664711198,2.6020510623281368e-05,0.00021405659764850427
0.015166744125854503,0.000722630556919901,0.009702664834051133,2.597565893758258e-05
0.04670189895319532,0.00871420322911931,0.04352534959444321,0.016510426639813502
0.00116795804455605,0.0008405168377138006,0.002128261954061017,0.0033183386847025487
0.06343751949161269,3.1344892896134624e-05,0.06348381399888336,0.0001198409176419446
0.005309755771002789,0.0016762549511233349,0.005749578134123023,0.003810369523732371
0.07453572943957143,0.07779579785071822,0.07886245321927654,0.057706483406460785
0.0378594595110332,0.007876067434308243,0.03926297820168356,0.0009067103004162247
0.04468890544085735,0.051417940182509,0.04045409131150213,0.04337997687752926
0.04820576875524374,0.0037981991345642507,0.03709521243764358,0.0005647055740610751
0.00531516993749237,0.006528609532926,0.002330064814860644,0.005382312395626365
0.00020955257289501095,0.004050337324702058,3.63705733614772e-05,0.007948139283967426
0.0238354301954663,0.0011486606299363489,0.030247433103876564,0.0028052469990221818
0.0031267660441405276,0.00033942776816697773,0.006075039721766262,6.191690324131027e-05
2.3740649525261226e-05,0.0034407186465427175,0.0005273338169504704,0.005065905117644043
0.006217180798448241,0.02297461794193134,0.006987791889939476,0.03193054772919379
0.017686027162484907,0.029949328244680218,0.01202473777167401,0.025469514780554703
0.0014316542736410032,5.295058181142842e-06,0.004591038595538444,0.0005213951035496489
0.0011867885843453996,0.013629488432677417,0.0020756772907801757,0.019934844576316335
0.0008718355822208146,0.0031458002461837165,0.0019691602365512484,0.00901795684968254
0.02712102653612225,0.01858492635376019,0.0487275866057586,0.03446813756490297
0.0020085679210958274,0.0617995814835639,0.0019304483824656993,0.04559440298611794
0.025710650010206892,5.823543594363212e-05,0.022055667671830537,0.0006849789497157532
0.015615959713621286,3.574476856171849e-05,0.0062078862407706215,2.8575057653412728e-08
0.03482025227010965,8.205623815504826e-05,0.029686396501987455,0.0004827631637962515
0.0007313653658775898,0.02269608497246145,0.002000376912816848,0.026803754577269023
0.019798630604741185,0.0019523815173629888,0.006277104183855964,0.002543670942112719
0.008436946297048387,0.02932421720253864,0.0065630801701048735,0.04869835895468211
0.006350307522181131,0.004000038577910647,0.0036548521418824365,0.011760564958677944
0.06716931749770105,0.0446315724710713,0.06170967074118683,0.036061215833733895
0.0031249620600770633,0.004285928767254754,0.0022935669375037104,0.001321482924317774
0.00038757258552657436,7.539344150975236e-05,0.0003867988305172876,9.509245763039686e-07
0.00081542247333799,0.001209858919244966,0.0017749500612089797,7.72515267949414e-05
0.007693016852437173,0.002640124376063091,0.003345629728954469,0.0008424338761323646
0.002689726265209913,0.018378796115361973,0.004907415413743732,0.016120259435150608
0.007927365819238141,0.00042383676414137206,0.007068231399966929,0.0011459514415509409
0.005843235995074081,0.00011823227119234225,0.00924093867138176,9.062731587261563e-05
0.019600846470768096,0.0030514665429017818,0.014251535262531867,0.002704849946217336
0.0008583336029521771,0.011953857515720645,0.002830550392774689,0.016077034698268045
0.007790327887162607,0.002138193776080377,0.006083892228579857,0.0006011179945670797
0.0004093011877828179,0.00022168392632060385,0.011927161063297609,0.0011261208410496826
0.00037620794990145257,0.00031285688889148844,0.00012079502445627721,0.0063824611655893815
0.005188082610103839,0.007903542829177601,0.010705328468895714,0.0015138391159459363
0.0018527788259792288,0.003174209498412295,0.0004448521519827553,0.0006474590532888902
0.021101179971090622,6.247118996483003e-05,0.022566709625460257,8.803834280457501e-05
0.002644268465985311,0.010130222283049273,0.0014139279244486103,0.010308936139435843
0.05876033940606684,0.004348629113406943,0.0547301787397978,0.00031198290564249387
0.004841682628903721,0.004891634479855744,0.004365464989212864,0.0011542797281057782
0.01637957733801254,0.008605046970182828,0.017126226305774095,0.01450509549125023
0.05202089523648412,0.006364557928231651,0.05256584326381086,0.007662763012384111
0.010913777843834183,0.00447564982881643,0.0048599852848763,0.0033396428781552467
0.03714264461430017,0.06694251508087257,0.017141434446603876,0.05332871210557233
0.0027277628208970395,0.0030244560169340184,0.0033360818442339513,0.0024824029680541315
0.0022081245732047394,0.005507485722031968,0.010606273165505664,4.053384776714353e-06
0.014809585441320827,0.030285653154835224,0.011269933835070689,0.032869340853506235
0.0036840576072385556,0.0007644632637563431,0.002555002733476197,8.370082039965698e-05
0.0229478871443759,0.0024996835459457634,0.02565637543511745,0.00375925347398387
0.0018851298607099887,0.046788097141792995,0.0011369366292189875,0.034961524732862626
3.2901220523240404e-05,0.007676988734900192,5.4930374523420866e-05,0.013582446955369809
0.013147960335417097,0.01841603838760264,0.0176758419399784,0.025969652076964334
1.1915603355783233e-05,0.011489331456389862,0.00041080919507641145,0.017662596051737922
0.0015167652561502987,0.01505157259708123,1.9648576738418022e-05,0.012271229041714404
0.001270309325543173,0.012638333961125792,0.0007092899403235986,0.02132822939467649
0.001208515356150408,0.005080731834895547,4.959480538413441e-05,0.007507909601069729
0.03216384422834451,0.0174279460569704,0.03160075357045555,0.04142638180313285
0.0011628591975355596,2.273422127552216e-06,0.00042541155519548735,0.0015790597487205238
0.0010883576098829062,0.033435265730830444,0.002035194631366033,0.02474735794124505
0.030323872073505953,0.00020150436852361953,0.027987822912991844,0.0001979438100671027
0.008151377134129612,0.008798519529074955,0.0014634297477402747,0.018161918112374553
0.015945258261573447,0.001702594301613125,0.009373446820270082,0.0018480218956485883
0.00034978228690607516,0.009775671676666708,0.0003385866103412516,0.013158530705938754
0.009017775334354217,0.00025530147731878117,0.0045998136843216075,3.685348982751524e-05
0.04221757862547082,0.033479105585663804,0.020007735590617637,0.042724244077464446
0.008691669299842664,0.008013940011915466,0.016931830914601598,0.004229289706758621
0.0015091211407716187,0.0009682876073436875,0.00311548188898525,0.0018245120764550649
0.02174587748212109,0.011206051593738664,0.02604365965178823,0.011071987315130483
0.0005175095454047485,0.004374149067880029,0.0017154283894184053,0.004755948962474998
1.967120657697663e-06,0.021785682359646508,0.0037630970081863335,0.004089634644877327
0.004953370627183928,0.02230368589413445,0.006565893993610072,0.020333827215451183
0.006481831801744997,0.0004007009138542461,0.0022769826720151487,0.004765039523705772
0.0016328475795638342,0.0016384627374648186,0.002557369085763872,1.000275276330509e-05
0.025106759758217634,0.009961830700918162,0.015185131610035207,0.012095940502186209
0.009983334245000752,0.008213992564699901,0.005745529136167993,0.003213558309228537
0.031194211459188437,0.021525055038076335,0.03174181576462387,0.031157427453806674
0.048496638477941056,0.013486564539540447,0.03646200024029622,0.02478712130612648
0.010409298077270313,0.023234700910881978,0.007311717942809159,0.03421901650618908
0.0006162667307009206,0.0011336290119557946,0.0013639656947782575,0.0001242148141343824
0.0018753419558611428,0.018525110656913313,0.0001642522620560749,0.012983109055287212
0.0006674076835982978,0.015446906012828054,0.0002727356018500382,0.01608522533380219
0.0022822632689391,0.014272826714127551,0.0028992342423218576,0.017722685024892493
0.0033132522512846485,0.0021383783507090692,0.0010935059568200067,2.0066559525133698e-10
0.0005209420828212741,0.030062402154266366,0.003423247943622476,0.01126455782880953
0.02297551535603648,0.005783248903841742,0.03328856109684819,0.009807229309927834
1.4336322490815512e-05,0.005938456840992479,0.0010369938403451684,0.00677454179258663
0.013712713716726,2.77071350208713e-05,0.008511354762184453,0.0007684059242892838
0.0027469560261110804,0.00013783229178876422,3.7141047415034656e-05,0.0001372468064453347
0.006588801770226804,0.002754084160586756,0.011857283872595326,0.005019903223600797
0.00027273346810974264,0.0290679556630713,0.004596471490010301,0.03749009050224128
0.015813879886559135,0.012378865441473264,0.023620634646561944,0.013298783717736296
0.03388378874853237,0.002635383044736983,0.023776388140603788,0.005087240987130315
0.028012926042247588,0.0019895304561885485,0.019826459915721295,9.306372690498499e-05
0.04459298703161074,0.07191711940852474,0.05532791507659829,0.04466170034664807
0.021139677516256894,0.0016591457686806477,0.020456242498533395,2.9474422882924678e-05
0.0013832067906954792,0.0008626233139935602,0.0007831437887164672,0.00020732487163022117
9.60138650475395e-05,0.006087977517509224,0.0010746793207377925,0.004097510810649796
0.0002496502953864832,7.425886577727692e-05,0.004782391587403012,0.0001523316325484636
0.0005248820299550427,0.004140339004857663,0.0008437069612826642,0.01033159474804124
0.013889456133248435,0.009397769469180361,0.021757872436789394,6.645535583305051e-05
7.884138665070761e-05,0.005922332369325822,0.001556839510710506,5.473669408151416e-05
0.006719678697486686,0.0007220952620310417,0.004916838582587402,0.0003972124179512093
0.0039089199777136985,0.025322631492869396,0.00023531697707668275,0.024338969326244797
3.5136709782834785e-06,0.011704929312048695,0.00011860669578100946,0.010462060492565595
0.0011159035449646026,0.029479400147900958,0.0004885623144760265,0.022820033783132243
2.5927060108510425e-05,0.010333507029110067,0.00011067598139180568,0.02024763707562982
0.021367754008704387,0.015766599782116142,0.01581112986537947,0.010668617169426464
0.010405963739203106,0.004800706179853398,0.011578169488581924,0.009959702153589212
7.202155865027038e-06,0.003054338737904949,0.000171059002653573,0.002129278112026123
0.023272956526598665,0.02015637078850463,0.03568862075589452,0.022918786580058415
0.009745819266081757,0.01458561306536954,0.014182114936115986,0.03027787675177862
0.014348347536222716,8.02782487869802e-05,0.01112427977587327,0.00047485365654398315
0.011885641004954928,3.8521087682430455e-05,0.004148315806522529,0.0016843076850083794
0.0003059167342498448,0.0017318603774734154,0.001396205996261335,0.00450111931598518
0.003193578067518521,0.005438758010809841,0.0005595366720965167,0.0009480193561309802
0.010240777791916122,0.003456578274627642,0.003444361716597344,0.019398398212840617
0.003575909681269973,0.002914823494477803,0.0006990754687500322,0.005445453924885935
1.3515106427108847e-05,0.015188294176426642,0.001820492643838545,0.031602116124464175
0.06437533968964304,0.011345975800054253,0.041109204940848576,0.0032513882345243106
0.01734395158093316,0.01707653033955525,0.014865118655156384,0.02314603170107077
0.006579094429900345,0.0065499530365825676,0.006670987519571625,0.0005841513301362289
0.0252646922023102,0.0014000078911392544,0.019162440693183846,0.0024372739188571746
0.015490825842709999,8.113966411793516e-05,0.007299224146847472,0.0014155868358167734
0.0007100630651697415,0.0232296804843779,5.505453678500416e-07,0.015382613039782722
0.019328129441115394,0.004007551522723252,0.02228064729280721,0.00602544101012048
0.03696952706767542,1.5803265918101772e-07,0.018216192685824306,0.0008961456244410693
0.0018724709976013498,0.0003715508847298432,0.006854225367609379,0.0005528175550373327
0.005256994140230842,0.030943370295557937,0.00272571659913734,0.06514465012020598
0.004457654800650079,0.0015032947046880185,0.014225467538568792,0.011873814195135335
0.012894923446200024,0.0009330815807446768,0.02844762566660497,0.0014591678322986024
0.04567935411704893,0.001067554766168488,0.03670738175145283,0.0008402847494390908
0.012372234001504445,0.022722546888514827,0.022150618565323854,0.0424485549249588
0.008141082794991261,0.00013884027791000175,0.003076940728176214,0.0018466997941979368
0.0007434204805413236,0.0008807965995965006,0.00046048774985618657,0.006995533353646888
4.550689931948071e-05,0.004437468992538385,7.974510333408347e-06,0.0012090593155078544
0.0012996106409266517,0.052382830412893155,0.002680314818099938,0.04264811359591991
0.0047436576766551886,0.0010085638104733174,0.014299968768206606,0.0007676502423202836
0.038264171584459716,0.003669161513723873,0.029582093063783454,0.0017594648868973772
0.07850625551644652,0.10583397321597943,0.08393758557841702,0.11878153136806469
0.01680276746959275,0.0011939118663248927,0.008083197782051577,0.00013735966824968138
0.0024485966876259813,0.008839522228436536,1.9693394765485372e-05,0.016766537284457095
0.005488649326259254,0.013800820592376084,0.0077475437150944515,0.014901120717831895
0.00391234592757872,0.016241377231889342,0.005728691218441884,0.036022628848800586
0.0016700170062510233,0.009832976776843805,0.00085663538705949,0.009125312251037077
0.004175370401639844,0.0014782565960680394,0.008459231600229766,0.0007704232008077794
0.007457315353670668,0.0488387254540531,0.004423936592017785,0.027187481885366127
0.0033970330909252056,0.01575491433221332,0.007441874181284391,0.026500267837127556
0.057935809552756234,0.0007437118046943469,0.047539567682803985,0.001013775769495795
0.04534638615709252,0.009521444787659927,0.04792295891819087,0.01409060001587803
0.0010487936389781405,0.023830754104078533,0.0017693527744025994,0.0206624455376323
0.019663144798307775,0.0072971476797906165,0.011005723473716977,0.004938098615818509
0.019509270356848574,0.01434447321105281,0.022140494045698178,0.023495853201196293
0.02545497923956186,0.05271961613455267,0.02326189809715462,0.0492929743514936
0.0005347513186111374,0.03262397151132557,0.0032939486677426855,0.03075757053590822
8.198596978148398e-05,0.05862209843442845,0.0015887339338186424,0.06546801345960584
0.003555824676439001,0.018465150008594944,0.001401935475275673,0.02467727531903452
0.0026492330666627595,0.0006458579850315838,0.008131467214219978,0.00026638864614747515
0.07298109988854418,0.003335899519672947,0.05326742768190196,0.0017134414921360364
0.0008800217197909577,0.005455169564917761,0.002603962440444252,0.013013421911877265
0.0002795948267876325,0.015585894331364258,0.002327818580766805,0.019388266943396237
5.651312006982323e-05,0.00838753180693308,0.0021353442779415976,0.00654134960622299
0.008024682997496924,0.0005234489787274699,0.008081959903728952,2.7903460803058167e-06
0.0018220287713039962,0.011465247966955805,0.00017943185550661767,0.00898996715950029
0.016870234221946112,0.010682898653104012,0.02773056425750753,0.010907858154573957
0.029031830495481414,0.01968696941969883,0.02397137457144194,0.01890294373604473
0.023421803530808694,0.03307955259479145,0.01322802979701776,0.029390320022437577
0.009079616376492239,0.005151106486019796,0.001462938681789705,0.028295646040344513
0.001284454321867301,0.022977665431872407,3.4076385427850298e-06,0.03383023235201421
0.01384720603740186,3.6894095124084814e-05,0.0008959716046432753,0.004154660684936751
0.10822929189009434,0.0250211707085497,0.0866433906634585,0.012273451225808474
0.005126328691639204,0.021736217386791323,0.005503091570269292,0.02449998202167758
0.00017490312011203546,0.0011674068858223974,8.4351920362713e-05,1.3032428018755482e-05
0.005206183971595113,0.009743636843997927,0.012291896089129284,0.018454527821089695
0.0023728704677125068,0.05457542962414419,0.00028413907086111134,0.05534414819539035
0.0031866640916349276,0.01901001224760457,0.0033761875040587697,0.00885380885441811
0.013149218548644592,0.023469527074866936,0.03424436749841897,0.03853552357958212
0.0038107728065549518,0.023053523589908198,0.002864747385417088,0.007513503666856103
0.0051518290330434535,0.0020205077793455928,0.0048788927316405495,0.001709906579615783
0.0046538876163115805,0.0404755215727034,0.005562890914467267,0.0311114536518734
0.0009108353721803963,0.0005114692823549039,7.519643712994295e-05,0.0010120300146653216
0.0583470809463883,0.00022290167121330473,0.037315148145091404,0.0028584727056981674
0.007306218759631888,0.00770732700419019,0.008647736532828354,0.003846290235531291
0.017785823080084806,0.0008162666626448933,0.010962135066971301,0.00014898511967054162
0.016537207762511774,0.0036135447675702537,0.009798121171231133,0.006881216735818763
0.005409062822509636,0.003444493019257089,1.6628647350858117e-05,0.002460690167132018
0.01001347625533855,0.03817501863727135,0.0012135013466532119,0.02346032506326845
0.002581223832187507,0.0008560659444214469,0.005989903712874112,0.0010574803207100691
0.004067491710335602,0.03816648980930615,0.00686216124329031,0.027075575497303883
0.019108468256896383,1.1980046987769555e-07,0.006309267780942207,0.002484058987576976
0.009927061632312273,0.02018208998149751,0.005326829607300132,0.008398733077317977
0.01012233973317922,0.022076673510219913,0.002462206498264785,0.018550445657401826
0.0033427689323332066,0.001387330645650997,0.0021306674024609285,0.0010837449161923418
0.010331358587754136,0.0024690081514626705,0.002571637408814942,0.0025586409364434237
3.3208360047387586e-06,0.029018845088688905,0.00012222286457397313,0.04294123103059466
0.020563250628186425,0.04659323523209746,0.024451850277746767,0.032422498147298695
8.460042459201844e-05,0.0012052447012395051,0.0004266770217842275,0.0004253377087154453
0.001966363865425147,0.0011422564050508344,6.897404046390943e-05,0.000992444263604897
0.0011152438550400268,0.001439814315202237,0.0019816598461119828,0.0002459107387045023
0.013359064503742357,0.006170387324246462,0.020326448137101605,0.014231721952735366
0.02337870583209478,0.0007906915490587529,0.01713087312050865,0.0056108290969651975
0.0038218883661305103,0.004671027824854401,0.002300415132967859,0.014968920190728041
0.0018923145536495767,0.04609392922427724,0.0017108118309282494,0.03540187830343278
0.00803411129506959,0.011914115279279325,0.009929911134402003,0.006261712191230839
0.0005211305275135691,0.02575677850057012,0.00016524196346712205,0.010549339238810851
0.0005315816869361223,0.062366257584784424,0.0008424764842355215,0.03858235532941512
0.05944679291115551,0.01747857625381144,0.0683205998647678,0.029691904807525482
0.00255446275604454,0.05298210475616005,0.0020024319891152054,0.06867714140710146
0.0005853847745774798,3.3599480275814386e-07,7.361900504643248e-05,0.00135888814078855
0.01335156730309428,0.0006197690049405402,0.021686213747285743,0.0024848672876675026
0.03722280506130515,0.010859737193386287,0.015907437040129757,0.011653692008522842
0.017968328818559032,0.006892958781013925,0.021231392397582982,0.008042830574302662
0.03109224953766132,0.091824841521161,0.019933017985277357,0.06672694700000525
0.000877334016261555,0.04114487567368519,0.0017073117501199553,0.02213470752589264
0.0002152580052267039,0.04781017461994341,0.005300553879789671,0.019372240057204726
0.0014198464590632343,0.006884020144388381,0.005896395392273712,0.0006967655506533443
0.0030091371334048933,0.009705000312774215,0.0002959080420371629,0.016715228801420845
0.019204815842467138,0.017744584673805353,0.009189900757151759,0.04140485982877318
0.008988659321938042,0.0014584498043462846,0.0033715293216788345,0.0006754266167775524
0.008355360469241235,0.009491518643099273,0.0004249500731698941,0.0039454995519737635
0.010756806827865284,0.00495485220954428,0.00917466929428934,0.005097052789880041
0.0004616842597159332,0.02024455963576699,0.0003115257807889682,0.01357704755122402
0.009913182372890184,0.008620912800853198,0.014129743813883322,0.005110719372559802
0.012829320811874267,0.028579102695311165,0.00575934831840319,0.0220039520535269
7.03093129301724e-05,0.0009080470418918463,0.0026524863772456886,0.0005706155983554728
0.0005873473910741334,0.0008706012755829162,0.0009159368720246253,0.00338295908465136
2.9291935023101345e-05,0.009611092314468217,0.0006128800725254679,0.018577258814400643
0.0018654610705990393,0.00075602841347433,0.00275687985557882,0.0003654585533188204
0.0006692892971466025,0.00298612580258506,0.00034433448388215826,0.0018813611403144526
4.102910794445691e-07,0.015172950346444058,4.359509445106546e-06,0.0057354799009894375
0.0064937648390989144,0.0036796869838940927,0.019901935627394507,0.005713621613065767
0.005550675122772297,0.0024736017331895566,0.0040354889036493535,6.65731216241694e-05
0.03097991133454281,0.0007394037417814969,0.01864187631457548,0.0012021068761102205
0.015220858434792484,0.016737385042809416,0.010287679858633991,0.01165151084530569
0.00803836296656335,0.0004828677940416082,0.01084362624842894,0.0026679414592052364
0.006459628837098275,2.124745496279168e-05,0.0012650176760449217,0.0012843656862678854
0.002432092634129468,0.00020835421249743025,0.0011590036536872628,2.8993600968973965e-06
0.015030126752284656,0.07525672713730946,0.004030056898940537,0.0593187620832174
0.012157420142505981,0.0009821443417843412,0.003803809608393882,0.00026330977393806965
0.0014046273608313564,9.74563724154276e-06,0.0009281650376590234,0.0032794639795339364
0.01125026617108138,0.00018962520919674208,0.004336650606982406,7.295921769623348e-05
0.00011608550438935161,0.02135089059670159,0.0011646248390724256,0.020059674947157435
9.383084814129639e-06,0.02236176022284142,0.0015825019987411038,0.016826936533524628
0.004905942209320946,0.0015376173415748706,0.002041065787776075,5.146552583090713e-05
0.000698896883167266,0.0011160015983269211,0.0009340823947495691,2.433844844451638e-05
0.001197880382713401,0.02149238710317003,0.0005435057792164688,0.015360310105838937
0.0005497922383544962,0.020624817483166358,0.00016967490522390438,0.022897810747647296
0.0004264790068033708,0.017583518679957,0.0016346362473242948,0.038992367859235544
0.0032603939941390214,0.0009875761138832262,0.010730410324098716,0.004321610635123818
7.462106673683522e-06,2.739581234090238e-07,0.0004155918127505265,0.0036356371745117633
0.0038927299316298125,0.01312414231210135,0.002463821228429919,0.011938294675067462
0.00157535933291153,0.0015504591937643974,0.00040049750781911975,0.0005264698729917638
0.037218519863182475,0.002238099176107511,0.02592962885047667,0.011777633520830277
0.051229725353682865,0.02545169333665409,0.04487725669225284,0.02129083004886323
0.013650192652343685,0.054763056222463136,0.006711845290881646,0.05548362362705339
0.0032310642269355316,0.028319669699487293,0.0014939652703593875,0.026023400992180146
0.009832232462593238,0.0009665820245545742,0.006861677084909923,0.0005627116032392854
0.03814559407266316,0.0003111073241894857,0.01925412769982815,2.868706665659637e-05
0.012380509518989724,0.005488055565722294,0.01835015177432009,0.00572517901041647
0.0063199093914378945,0.005419976261593962,0.011005790869565546,0.0028454142781905167
0.00041261183781904354,0.02366638177792968,0.00042959412406551323,0.027049908169920034
0.014749045356704849,0.03186567152062081,0.022752214611846622,0.0307710380861157
0.012205057905304795,0.00043359922386909666,0.005574830667334552,6.127528787736036e-05
0.018890177535978325,0.00017205336113268466,0.006912887032135551,0.0003347962405001459
0.014920206364986921,5.591050229025729e-05,0.01308310335286178,7.1991246330394e-05
0.0011082152730264028,0.0013415475762149631,0.0004813554894830263,0.004561537649847125
0.0002067626187207683,0.0028214394174250756,2.439543244281417e-05,0.0013444670751179277
0.012596615305256353,0.017932138723758984,0.014119107855933177,0.014756310869056488
0.00017978658574158146,0.04791006194861691,0.00019959075839370843,0.051571677338343336
0.009135118756159022,9.756755118217608e-05,0.0027813996355602333,1.1815069812293189e-05
0.010495557128504585,3.7167848798702607e-09,0.016745089158740845,0.00041202723468702906
0.0007121701044560114,0.010011943604407714,4.32289932010832e-05,0.009827361942724266
0.040748092872112784,0.00656117767337927,0.06535747927927549,0.014763797752252117
0.007112022732616685,0.01668952024973913,0.0042301147797386696,8.93002230850648e-05
0.0014514736843598275,0.002407742631821752,0.0006904879016931265,0.0008092666684059724
0.051433231456782136,0.00913455847938438,0.055561759653495524,0.010900608275072998
0.0013276023598641773,0.0017091486439079207,0.0007686351968021476,0.004548383768648856
0.00034288894929468405,0.00021582261123620494,9.182323313572383e-05,0.002578764929267896
0.01875603667885206,0.00016601081598766054,0.019622532637778467,0.0016851680392993007
0.003883983308382133,0.0009368837424021947,8.835890598724028e-05,0.003016617945197031
0.001588103330578905,0.0017472534566096432,0.0008429621905490237,0.002122136179200429
0.06679866072270157,0.023353766838952073,0.05219824358242264,0.015359951627756052
0.01075747671340499,0.005976586034139086,0.005877247610739045,0.005533534468870727
0.018771404186230356,0.005002108721362641,0.00664160910114997,0.008389467492665337
0.07702886381883434,0.00020804481751479642,0.057349889940137566,0.001117041401849539
0.0030040805048136,0.0792480007875992,0.004315440642768453,0.05559190097809297
0.006572702381102302,2.111362576551201e-06,0.007495887105612997,0.0005938594221158722
0.03297692259793816,9.526807590432007e-05,0.025599802895351242,0.0013455898599539218
5.1218959636001316e-05,0.015933892623117174,0.00020564337707151825,0.017930560070659407
0.002083986096933832,0.0003208073097317188,2.20701307804827e-05,0.0022082400824749993
0.030795590311823107,0.0023061934341578327,0.009190536630807378,0.0005693692165499309
0.021501982024968558,0.005092718494361215,0.02185988439028519,0.0008692426410025211
0.04451440683510943,0.010248530383241139,0.054066697979435085,0.013644284294011877
0.008448369349939866,0.01568196311184622,0.007680576288284224,0.018068617677813092
0.006280448721313059,0.004479054273653249,0.0081928551173589,0.024237406790688087
0.05902412170646443,0.0028005246792508487,0.032103391042689,7.96976895311996e-06
0.012409368187871306,0.034217278387814076,0.026459859594390567,0.04517275100543294
0.029392356418440957,0.031840190156506076,0.022497528427746993,0.04238999406996047
0.005751587016643356,0.04329004426923155,0.0015292315965839132,0.03652644728271959
5.9019809580673765e-06,4.129086573267937e-05,7.168460532547272e-05,8.640242463719972e-06
0.016948600348248966,0.0010521439469699523,0.009571714338993176,0.0023596329726421894
0.06744778570595267,0.02937385968144879,0.06792671395919159,0.023628297873813597
0.013358147428633504,0.008684202062443802,0.004363665505040637,0.015860994187006483
0.006843000344890493,0.009417665040838297,0.002098075857154602,0.008002174241500848
9.426917757415776e-05,0.006713822604459407,0.0002628502066706062,0.007261890049758524
0.0002190189058033365,0.010263270831472937,0.00013648662627729902,0.005354344557777613
0.0003925902179526819,1.0652206661188046e-06,0.0019248130460494117,5.312501950804904e-05
0.0018756191759662366,0.010683870726443168,7.819754279481117e-05,0.015035869911898647
0.006811925119662332,5.70065507881079e-05,0.003094667680378027,0.00765364103307542
0.007813551008127528,0.011009493434733897,0.004873901788259416,0.008293345948505837
0.022517666453557017,0.03053771413780737,0.03385995828339616,0.042589940217618305
0.0023644667617093162,0.01995088727434957,0.0030591357674177866,0.016571679214337
0.0833035811774312,0.0005743411226107886,0.055369100796690995,0.0002637061404969776
8.78750153984198e-05,0.014998296239845055,0.0009957798630332304,0.005514591696566651
0.00040147882805419144,0.001950020304780864,0.00031801064861303185,0.00027308541991977187
0.004262046015381049,0.01908059733210521,0.005925806756294727,0.020940553643637783
0.0023371546335119175,0.001528880043235592,0.008166581417108465,0.001158660598085337
0.03662372206715436,0.012035599295632249,0.023028473163222762,0.012907154776426233
0.016836358364455073,0.046605289656933335,0.013081202805404701,0.03480147473660211
0.0003052375950255426,0.0040891313378559335,0.0011700636397884434,0.005382014036671601
0.054856118354443595,0.0031811864856933214,0.06550868889554673,0.001436492576859294
0.038698643813799505,0.0025512133714968854,0.034393219881931225,0.006204820286633939
0.015653496267563183,0.008351253788477342,0.015952362382606444,0.005329018818472364
0.00015506540146537073,0.005222510711584305,0.000547757340437216,0.0031481105919545227
0.029428832769975877,0.017665412274933234,0.019921415465266934,0.03703270973991424
3.228870518579008e-05,0.010192299138311212,6.335948246904977e-05,0.00373692394889491
4.1832011619113985e-06,0.00928593052087634,0.0007294724689945742,0.0045214136614322165
0.008773168109033724,0.007876202129536436,0.000346667756410457,0.008518154818027535
0.0040113997858364225,0.023592029447320417,0.0024569758883403736,0.01082654139439132
4.19442457136876e-05,0.003253026520073976,0.0006941873137905619,0.001793001678473738
0.0024292494786326557,0.012263633062069235,0.008852864527227777,0.02538496513844446
0.054002473989672284,0.0014118300844094822,0.054022166292612916,0.0010461137201351889
0.008368364219085489,0.01810057591952563,0.005192290316029191,0.008383403652682198
0.0004570926463219882,0.0031655309872663517,0.00010368754795253565,0.006945563829561352
4.389257389858514e-05,0.0036176030190947506,0.0006101201011332602,0.0012642764879715607
0.0056428086522853915,0.0028291722446118772,0.014723045545392055,0.007885324955171247
5.174813831254621e-05,0.003800704051865056,0.000448724766910491,0.005662255323061194
0.006473456644888187,0.03053909278868172,0.009912394974165739,0.025818643454909584
0.0017105292975720943,0.006642944816242835,0.0019465018181560323,0.0148094411753249
2.054385199101727e-05,0.00011092006266189003,0.0006289821624337888,0.0013916928048162136
2.21277590587432e-05,0.004908312310338059,0.004988724954488655,0.0005235041783219208
0.0001948025083631233,0.0072010411830865095,0.0034847289193186137,0.013004942989147672
0.05619128313667199,0.006573628274042731,0.020952706688725842,0.002068961008566239
0.001021043509303543,0.006555756001322299,0.0035288848613894697,0.005966033893732181
0.04170673019087279,0.00011530715988194995,0.02559790166900222,0.006289033664941379
0.007921834762328106,0.005507984253338982,0.011212336901240016,0.009299565293924061
0.00882503983252747,0.0014552831070762107,0.0007015053094101553,0.0002825188424663283
0.03112496240069973,0.0160765597092275,0.039627160210455536,0.009181821797932588
0.010783752806640123,0.010320712949671629,0.009581675781235921,0.005076828130376909
0.0009380914501910809,0.00341947151047306,0.003063638209084618,0.003590812114873887
0.00674180562519211,0.006088028478718477,0.00044541315728141573,0.0027931989065070884
0.005330117282712155,0.00463415042866977,0.00038780534295990154,0.003700099156541903
0.05184715599311751,0.00611823420313562,0.08872667917293664,0.013770376018445885
0.0037130163927098225,0.004483657802258123,0.00799181297609386,0.012074437643143976
0.003812655815472188,0.004432147932199926,0.006029891021953615,0.004140330060062425
2.1276639317058255e-07,0.0020121107045705244,0.004427978020906775,2.0304513744462405e-05
0.0019986443418923416,0.009268057422113563,0.00010581663938780128,0.00689559886871427
0.014820665963347746,0.010896499074830146,0.0016074002219246264,0.018423766624836246
0.00011905033260783959,5.520399588787583e-06,0.001559888356353345,0.0019124439160165263
0.0026350312288904165,9.722166072201333e-08,0.004700887137994769,3.604999679551746e-06
0.0007129992070434854,0.0173766780003074,0.000995251636387029,0.0038577015424305916
0.0038425484037468705,0.004255990152970068,0.0035268190998771765,2.284887104664346e-05
0.0019893467842567736,0.0007482490110626294,0.0012230101249287584,0.0007102016067438433
0.00026303665149085553,0.014007830445460945,1.3348129599743963e-05,0.0056577522287010185
0.01056621302023919,0.008141950143838561,0.004460413574996269,0.018623012783436255
0.0003839347668986859,0.0034798785938303656,2.0798546342182256e-05,0.0050070251529089616
0.01693919845355929,0.0015383064939228364,0.01436936204645134,0.002058665667864612
0.002551352854847977,0.026896601379262197,7.905611190739403e-05,0.026875520417526833
0.020879364210835805,0.03887544652978736,0.03159692328477748,0.04162264113746561
0.0010173554436653243,0.056533186570220106,0.003123658085836034,0.07640308384941263
0.01797892273349755,0.08049230338277458,0.01360435353106948,0.07767138414111185
0.0012129464612052887,0.0009889410355926609,0.003644262788957131,0.010074141219434729
0.03821459056270682,0.00521366769175613,0.027026206755314752,0.009252866503749901
0.026640035954430097,0.008161027433483015,0.024505847213188825,0.015106442777218065
0.0008200227680877914,0.002470610152218611,0.00028019897730402477,3.49406043276268e-06
8.740168513587943e-05,0.003481732015471195,0.0021153835613350047,0.00015873499802820934
0.0009120753149907124,0.010316113866543963,6.438975574951655e-08,0.01000353770926632
0.0010390819780127236,0.0006787143989576139,0.00026554376121157297,0.0006500446422859074
0.009864234715337927,0.014379915255319342,0.014350530130297523,0.01185506784190038
0.008225068378700406,0.0013136367346047173,0.003733379912584267,0.0006027796251529827
0.006039613565763879,0.0032400822074257762,0.001974481750983803,0.004509208641690909
0.04377141645093241,0.0021947430169270143,0.03600622772176343,0.00041737294107691003
0.0018665222162892459,0.04505246015305964,0.006059355789357901,0.036312916634346215
4.0633209159923744e-05,0.015002509060986102,0.00013606173861957505,0.02624175486381708
0.0017758357602731811,0.013561988966364624,0.0002662194030651488,0.005554967744724193
0.002719691447977013,1.6127077803518297e-05,0.0010211890913005561,0.0001191455573407163
2.7111029007431675e-05,0.017549408655867738,0.00028091520656958746,0.021935039851140536
0.014101637022823077,0.007119438052187843,0.025719836723396283,0.007031314472915495
0.0019514063128811543,0.014789018211393556,0.0014974867874659736,0.011843454128676378
0.021736142998274866,8.534510689361952e-05,0.009700783383011946,0.002648435081876066
0.006293246259988172,0.015315373142473665,0.005647434745143953,0.019338345211357688
0.0066501191956647165,0.010687364372869101,0.002276117718232884,0.00878769522205225
0.0019149652791571325,0.009891478778030316,0.0031774994258807476,0.00640828634177637
0.0143819548891162,6.028598813234698e-05,0.004989443599390464,0.002625755937830765
0.0005805021630524987,6.279225689798107e-05,0.0074646973933878424,0.002154324956946563
0.001649612973654846,0.018600607206198272,0.0033764388201287243,0.019317670304743073
1.8265525449923103e-06,0.00019960516617667512,0.0005896961301817827,1.6654506959534743e-05
0.004112712537032159,0.032482755142399955,0.0009022180296348603,0.038159843541479166
0.002964364421618848,0.009902721058724029,0.005173821080593166,0.007206105860937839
0.0006659787202576428,0.025369045556519754,0.0018855046242657325,0.02870307975355968
0.0028192221114470284,0.03840815014528287,0.004897037823436201,0.059072149109309136
0.0011327778688364765,0.01837887918717418,0.0009399876489948333,0.015333855479948033
0.01152078888038266,0.008315132761076316,0.018646047646034503,0.005223723200782127
0.012451289355760009,0.006749620754043617,0.009024784905288796,0.0036534890893656913
0.0040563298632938505,0.014903750372055158,0.0020137361821139788,0.020939919833097842
0.01004292381677685,0.06992477849421008,0.01417232985055239,0.07883000656890671
0.03217990329522402,0.021360564767567758,0.039033739173520265,0.028819312310009337
3.6054685559339106e-07,0.07781966669292206,0.0007641450060927868,0.07886955904620407
0.044546196785363645,0.009979363225570026,0.0430542260708765,0.013878957528710933
0.04239042225840062,0.04889776045161087,0.021129991342395793,0.028327384571059433
4.507234646178304e-06,0.009482373947847789,0.00022075283485833985,0.013670873688950036
1.8788117148949013e-05,0.0036305076392816327,0.003289896572176154,0.003811460187275628
3.74802587527201e-05,0.0001718497791247664,0.0006590340466193778,6.703006736663575e-06
0.011090047636912681,0.026589749018704034,0.024625939040232803,0.021621095414359526
0.005190981538690798,0.013094410859606165,0.000595351093003238,0.010648653346543857
0.010113981189914134,0.010427957484418937,0.02780364024610571,0.01703760914325192
0.0002028435415751817,1.893592110890907e-06,0.0006813475124146651,3.5298638644265523e-06
0.015141751467724007,0.00312963572456737,0.016228858409876756,0.0001421274430256636
0.018239901313409135,0.0002514406006565162,0.02343895757200154,0.0004398767251375668
0.029439366423143376,1.4808623724382741e-05,0.04374965485153093,0.00033924833257381604
0.002530584641360578,0.008739534231164137,0.01000229341112202,0.007194992429511049
0.0029907758256639827,0.039102282212855055,0.00274113871497772,0.022945795953470016
0.05391924952439975,0.02497477710933571,0.07580459566688413,0.041311001063212394
0.013612569917085926,0.016654125285660903,0.015267405978680593,0.01110690561189731
0.014987082248618222,0.013262861854655972,0.007907764842876808,0.012229940287884156
0.01693117091807461,0.01709757682404156,0.011328864215915058,0.00955040009388286
0.0002534206310965681,0.005309467244778321,0.0002908071044487315,0.0011721744197045192
0.003453871506859163,0.0160013464977643,0.01060208487172598,0.01903303814976476
0.027806686089302812,0.0025815319250551694,0.02525595615559395,0.0023986812826344295
0.0015825218226802606,0.0049323515650364635,0.004157698416416888,0.014816914351703403
0.03741943390104341,0.0005618468177120972,0.044803160977201495,0.0008369097196786468
0.011987295268633513,0.01679267600068224,0.012647374718211313,0.018415699362151705
0.06801131699748786,0.011378378006250522,0.05977782526134423,0.010351641104316855
1.7789766760700765e-05,2.6997466595624076e-08,0.004397249669607417,0.005884443446877441
0.020957675924543007,0.009281119029233564,0.021941667810312704,0.009377555358199507
0.004988492025140956,0.015136503130435242,0.0018359069394735528,0.019536323791525034
0.013348730850123558,0.002552224586367613,0.01811042901212756,0.007257901494520658
0.0005713984567908836,0.01404364532970781,0.00010480888903452446,0.010731852175439593
0.04999069331212336,0.0017246799684728087,0.03611007076052275,0.001175219529718441
0.0016622378022357331,0.0014315390253447635,0.00237471607359363,0.008012468927298566
0.00016069408597108037,0.024781566079211115,8.093880808912601e-07,0.02666120753076706
0.0009679872325677463,1.6739983629388e-05,0.00022800290296975945,1.6036342255776326e-05
0.034634317042326335,0.0007068861644022872,0.045517772980319116,0.0022556284149033434
0.0005319718946253937,3.472444971774902e-05,0.0008414075617454442,0.0012370709596557505
0.008454091797047814,0.11274246743738459,0.012072201916154324,0.09984521795690449
0.010402632743304108,0.0010433093943167382,0.00990100509040237,1.2855943533063297e-06
0.005705197749513835,0.00015964342121066455,0.004045145064843103,0.0032149177065703416
0.001556175623057543,0.011418049759361337,6.743515888807394e-06,0.010396441254860944
0.08549825186138926,0.09749182745127116,0.07183746113599654,0.08660555295736883
0.008670518484491851,0.03815329080386576,0.0063146150363972975,0.032682105368520675
0.0011583684041335252,0.0030635641855188966,0.002100580467151003,0.003582173818933665
0.00981300349227432,0.000591249135768801,0.006606624656282811,0.001720865794663573
0.03388938232743555,0.05403096953809505,0.0265047679414131,0.044772520000184945
0.0011812102720940576,0.01747278480308878,0.003166924198659049,0.003618508152398947
0.05783956391127343,0.0790506850575865,0.05239330681056864,0.0806725350511478
0.011419425935973337,0.01582367988724287,0.009491223782884695,0.015672612512909856
0.02598243540954881,0.0002079105754902999,0.02439618181683212,3.8456191498892345e-05
0.0006591451486652744,0.008429660954470175,0.00035851950858356574,0.0032436221732135007
0.02735908099343909,0.013550727061123369,0.03455870969924524,0.01307051448801888
0.0023776070564883733,0.003854878538112172,0.007902770085489341,0.006177677711704188
0.0015835851039863735,0.0008365695882990298,0.005003570776810018,9.002517590861459e-05
6.186314816292171e-05,0.0016587254865553236,0.004182060480003025,0.007259821306494385
0.000757440812642729,0.0263703328405831,0.002029294566757933,0.015133416584901083
0.0004371297535593621,0.0014963237761855819,0.0061084173766546845,0.00015107720835683125
0.005206295845748721,0.00043722228998099855,0.0033784925104080044,0.002167658511112336
0.00022603862115022633,0.027849869316942222,0.0008115503223186105,0.036871767289189394
0.0032882034265817595,0.0011352853677423225,0.00195896626757619,2.7509895055066735e-05
0.0001222530138349498,0.015926525912818956,0.0019445118771984626,0.023720803626241183
0.005282631135917093,0.02752710779209888,5.114638210734768e-06,0.04697740736610456
0.010416712343743528,0.034603639311843626,0.01327841511412664,0.04582016308273562
0.00010067965158810921,0.036778105638072045,0.00029968695532278655,0.03612682247189258
0.008459480963426191,0.007787626141843029,0.011512846837208768,0.006767102443155704
0.0013004681386928896,0.010283960463487563,0.0003287556519113721,0.013965525126695688
0.012401778075398995,0.013611644459436412,0.02758768032983716,0.016392869763951157
0.024656062688770963,0.013487231730855975,0.04870190315976908,0.005051782343791444
0.02566524374910306,0.00021855242468704628,0.014635781458280595,0.0025961849798470382
0.007131645943238896,0.01129678398316969,0.001688447776545532,0.01933929581289251
0.012863467508116178,4.057160035741969e-05,0.01655386844800666,0.00015791780244200915
0.0003582888206120627,0.004198438129693671,4.706633971451879e-09,0.0006592953007132918
0.04341425608325844,0.00010923871662449347,0.03029740561888883,1.9967444394031197e-05
0.02384127190596097,8.098393390898462e-05,0.021396598860045524,1.5558139931481918e-05
0.0006361325355621616,0.0025589383537172328,6.277742777038853e-05,0.004227200347119875
0.008755599760342236,0.028268413186256502,0.016454917797020574,0.034823430671899414
0.00020692523832910314,0.014464607812444408,0.0006946537364628247,0.040453006640701394
0.041039739073641335,0.0016676426623302154,0.04624088674406723,0.0033673114000417614
0.0010764379114246436,0.0042476155878434785,0.0018100757947228097,0.013055464313735277
0.0008406629520143483,0.010515129838783444,0.008593345585282575,0.009655062524089209
0.02502374089162296,3.019240783175281e-05,0.025244444275672073,0.0005899455919408103
0.029688781000113074,0.010866931645718059,0.02155043456933503,0.005151973441121616
0.018277241189977977,0.01854489751763655,0.01932932816535682,0.021482402890275254
0.0004577456948577918,9.497681653369838e-06,0.002972453140408282,0.00012908904952657618
0.009916961876036523,0.039693446523119014,0.0053618069792430445,0.02988526182101503
7.547060289647689e-05,0.017857818271825532,0.00030483754823840137,0.01658126531607096
0.006314890939234541,8.489349154183756e-05,0.014208840713736848,0.0008242083591131211
0.029026731456119448,0.03775649147370941,0.03560086448417821,0.018017531880398452
0.0058984252470500875,0.02095379003235054,0.007398668808023978,0.008184985863709415
0.00014617279380491066,0.010669861225800603,0.0003981091218216992,0.003505778516773028
0.007472915730643126,0.0007486886204013388,0.008719006451022082,0.005200105558517243
0.0001796730874544794,0.0016430102943819636,0.0006386044121322598,0.004439923552483793
0.004727367999536547,0.01032013445169433,0.0007060870734272306,0.012631732718620503
0.0015473354462155475,0.026334593525160765,0.00047545228032541687,0.016005049670958393
0.004669866212734908,0.032562620569248635,0.0016077941871526225,0.024113970926223915
0.016808367494357435,0.000809024438723327,0.017071188687895145,0.0012008452461284014
0.015148976759601585,0.0005946064433186571,0.013288842767947173,0.0012214524751666955
0.004434555377767269,0.0022037922838297197,0.003210900819237694,0.0020412413756296655
0.004432926456334529,0.003560979597621361,0.0037863048744677386,0.0009680946968930737
0.0006481256130874691,0.0006111776265612656,5.302495477410574e-05,0.00042258855476318136
0.018819547556250704,0.12357731160096952,0.024903095479074433,0.11765468944774837
0.00040247297807161075,0.000597159636541833,0.0025135495334296376,9.466339098929133e-06
0.02811452676306081,1.3367621436999322e-05,0.012131749971303951,0.0005080180549161817
0.022294180264436636,0.00421862288553887,0.014655436040233782,0.0008039204935854638
0.01002061736404214,0.0030588940239918427,0.014761782870328033,0.0009475942196967013
0.014877911013231548,0.0001089656198297595,0.04063246671692877,0.00045544225997329324
0.0028116152727979404,0.0007351915779966189,0.0072523660693559755,0.002485670016649344
0.0039811479300359,8.850325963793981e-05,0.004622430821348611,4.247271209512071e-06
0.010048664278494823,4.710439949207057e-08,0.015506879454581513,3.6401554432519134e-05
0.02072504992673696,3.358416944576614e-05,0.012878803367824543,0.0009152241520584692
0.00020004549464336385,6.67632447337585e-05,0.0010784887454510228,0.00021061616772932723
0.02015768661229722,0.009446614233642459,0.012544008027247533,0.004656325217251345
0.0041444264043285495,0.0026473364221591966,0.002627420045479445,0.009011623708105931
0.02985999227330094,0.04678355325942474,0.033039193747950835,0.06367811493415021
8.666412032454218e-11,0.020755886631343423,0.0027350645176069666,0.01043537085650681
0.007205094258042943,0.037736647928555245,4.1611561645948925e-05,0.010157037551155379
0.012525835677824393,0.002879464156495093,0.010023036338378422,0.005201069978273853
0.0043336632055346325,0.005403448936242672,0.0051616137638019755,0.0008059543321208285
0.010048163096999407,0.019048799016746165,0.0052033419736180475,0.020224678481162495
0.0004440551450690666,0.00039800941409628976,0.001992603864044762,1.556738983543582e-05
0.006656559670628059,0.00012550344296569094,0.003594190420879495,0.0006290701080097216
0.10171895667829245,0.08172932422952706,0.06482582657628211,0.0416953658194299
0.052694961396651196,0.03464661593510032,0.0588510619093382,0.018186769037923378
0.0046686658520527224,0.018203611916794538,0.0033245424808119317,0.009209417633830763
0.023318751903820156,0.01642155105152887,0.024941198976142887,0.006557587816931387
0.0014036241788749626,0.0005526229766213975,0.0014622204515548631,9.145259072251832e-08
0.0003889672453692983,0.00047605831693087186,7.306169685117325e-05,0.00038485563474699447
0.029205156780338526,0.042785693240424916,0.03088702654624742,0.053704622260044466
0.023696423920617993,0.0009804533231791979,0.022138848395264032,0.001000481737913228
0.0049820076722253415,0.002007870707310677,0.0015983262780454588,1.863278348390729e-05
0.0018357293253382645,0.011239559321171266,0.0038545188154741616,0.019341226760219432
0.002492741896423567,0.012814999715883735,0.00704789661601235,0.021246071354370066
0.009808102140904884,0.00031760710351580457,0.008895159159001076,0.0003357128025837097
0.0026276465932760784,0.0014783500890450663,0.006820405940618279,0.006434312015114019
0.002527177353340515,0.010905114399933136,0.004492415140077255,0.003998468866206917
0.07453474300107987,2.3737753883423807e-05,0.08275654914976727,2.9911397086967995e-06
0.0035496371638372715,0.005437950518320633,0.011121875411871818,0.007875593932507363
0.0031048245989624412,0.013494071864173396,0.008940013782305467,0.021239210855442225
0.0001967125494082289,0.008407995902085186,5.7991275908775286e-05,0.02429248354988267
0.014765574998450326,0.009356450721296872,0.03277744933644977,0.016075833866523337
3.8366283793278555e-06,0.01763563776600685,0.0002585900813729669,0.011827166008697265
0.0025987254688281114,0.000290253296627907,0.0014150862908864914,0.0010607141785374807
0.04424947584081451,0.0037435204440281478,0.05096352727408748,0.0029638786375757453
0.0031179929419389296,0.0007525564506114524,0.0003255297510701416,0.0008778892116252379
0.00152391935546059,0.0022412056119924806,0.003841670098688743,1.536683889846735e-05
0.0017377687505467643,0.020852816645119066,0.00029578852211320505,0.00860347734867195
0.00046448155066403096,0.003776809666543035,0.0017969938089696935,0.003423042708935564
0.07425847808776798,0.033143015009613475,0.053356842708043195,0.02628398592198622
0.001411423512959531,0.0006351538104758525,0.0005969357544706178,0.0020413633839353462
0.023579043334539307,0.0013288465952502326,0.02397658370565947,0.001006315983751227
8.327725309076328e-05,0.0025451390106439042,0.004239920582517209,0.004470592976497101
0.003911779676173399,0.010375871192178976,0.001919385823277442,0.008759112260034674
0.005846432429871262,0.0038913164003533396,0.0005048023428887438,0.0005968531280871048
0.008068511627985275,0.024549765627696063,0.005235974410718214,0.018045573472611487
0.006472858744217658,0.055887829829432745,0.006202498919489541,0.04504984742844009
0.0016154420723637486,0.004643710726183747,0.00037394258365242017,0.003015820452769602
0.0007132379421515012,0.0006631120996382078,0.0013066757598096945,0.006419710071473461
0.0010377862364397972,0.008160977908210798,0.00012906032757953323,0.012159288077705943
8.874473964548546e-05,0.002900495303873263,0.0029401243209875583,0.0024944004734454017
4.8287662549384436e-05,0.005108461927899488,0.0002842420459152617,0.0015658392786126463
0.0001302220800170062,0.006053893686534861,0.00033917734116051257,0.013122465631939306
0.010449685241928575,0.012821677528482622,0.006444346482158192,0.01932493493338394
0.0005072366628876557,0.0015231573469857151,0.0020670171855478037,5.095651679498658e-06
0.013798841419668029,0.00013769826371856642,0.006910013193747955,1.1876445698999483e-05
0.012204056553233311,0.00046291988872293466,0.012721001969207113,0.004052372814124738
0.013555171218295081,0.0049321523494079145,0.007358862182642811,0.005526486460499913
0.0034508370001238298,0.009421813742124585,0.000539667202167804,0.0026942430911549575
0.007135653648446261,0.0001413956394187288,0.012929556210330984,0.004830250782055567
0.008612048541295492,0.022566286913139666,0.008587893936481183,0.025603198461082055
1.707720004295865e-07,0.095167460460857,1.3500522254572545e-06,0.10331050210315085
0.04124320987239616,0.05706839790817164,0.0276115980923598,0.05211356500972686
0.0015354730303914765,0.0161514948095276,0.0005561439909588239,0.012554636741654579
0.006978165574806128,0.0012918920118416555,0.0022742437019783734,0.0006106834357785251
0.00039537494758412617,0.03643246081475171,0.005039722651662304,0.027057991327053776
0.10793559369313166,0.005883649574194849,0.08499260239941031,0.00954909267863413
0.0011136410096569405,0.0005110456705034183,0.0003649764987434523,0.0035636052250308525
0.007740128907382404,5.222265477833332e-07,0.01874344348238477,0.0018476628092266578
0.007206425073826628,0.0036291296983860244,0.008294543692360157,1.9915368147271906e-05
0.002168500197733847,0.006039666900478635,0.00012946549762105075,0.008129744697972341
0.0001138530459238174,0.02033070448897334,0.00010360535130971016,0.035757182549329136
0.007901990810249115,0.0046740629234527376,0.005349425350954395,0.003754076719473587
0.0037864380995914493,0.006802327371168371,0.006403535292689222,0.00037002430855914703
3.086100327187591e-05,0.058204868734914594,0.002046554871840911,0.05048903224540102
0.05272578921781257,0.033630074010636335,0.05426241313482427,0.010497097553642365
0.00014193351116953412,0.031795333510622914,6.772499022122958e-05,0.018808398129546267
0.02303093561846148,0.0007847954726983852,0.015435069787152589,0.0010527192578829725
0.0032422121366310064,0.005762833437294779,0.006220690338322177,0.00449396974998173
0.0005483559195667009,0.0004209900435848679,7.434170847653299e-05,0.0003159970567889747
0.05917649900707456,0.01756227203182792,0.04349469169095144,0.021356333347961165
0.019048270362083675,0.0318667890196791,0.018173642008949664,0.026738319642501063
0.00038986794270245984,0.009988422753508863,0.0012665027705847098,0.02387831669010576
0.004449848696302605,0.000917328200141676,0.009122751301161691,0.0005224931893090812
0.008889065416365471,0.02322347606023123,0.01163728765378036,0.0062616483957552704
0.02428092616897115,0.10494334405844985,0.02628154524434123,0.10732745146909783
0.003349993384353933,0.006702144295014811,0.004466650335975486,0.004740737391102923
0.004467368572014019,0.005602819498209621,0.0087796777078758,0.00782482292807063
0.007048467485266996,0.024977767881294244,0.011051270532991042,0.03585481247305178
0.00014915924463698715,0.013237661882326113,0.0015851898619159144,0.014891466416079302
0.005471345940448957,0.001558315839647051,0.00379985640054481,0.0023818537386823824
0.0073633309641307765,0.0032022188139494423,0.015427271641226814,0.00021110894886522402
0.0009334349996513724,0.0012361722846642165,0.0013869940890365307,0.004226787284562938
0.0005520226083982616,0.005033598483435431,0.0017908387894441935,0.0033469166992665667
0.00222833847747983,0.0009787373503412633,0.0030740601804338796,0.00038170127688397226
0.003969287166220914,0.005472212124169928,0.0012645534080827359,0.0190329039075966
0.011216622028705547,0.006331101068484002,0.006757620464362124,0.0032975497051570546
0.007692254405256782,0.0363029743578871,0.01299733621973631,0.03507207188130568
0.006063807054069059,0.01130783752970499,0.00439305914981758,0.02055774092474527
0.0025351887515353555,0.0032514918568303797,0.0017742815141440493,0.0004034831219966728
0.0001745813018120268,0.0011545867135911436,0.0016940732944374925,0.0012632600684447937
0.0020882119242202624,0.0300417369409538,0.00504896113596387,0.04383262912168451
0.0678662715551579,0.10141658200791281,0.08823302840693725,0.11362524931717766
0.017853285848877465,0.05654153045624688,0.028407630566570363,0.05877745848445137
0.0010065463051099899,7.967179384515966e-05,0.0016477221677905218,8.052319169515876e-05
0.0033926109898096968,0.019820814774750062,0.0009962769590570186,0.012298115681647181
0.0015143817799392334,0.01220489017643922,0.0002939851189898146,0.013001410916460121
0.0016404199600456026,0.00769579646937979,0.00512404194770999,0.01071875726696736
0.022844069512717002,0.014399034762545226,0.009167215941431661,0.01035340502621973
0.04884798548860947,0.0038758563584228023,0.037279641739787706,0.00048573569983423326
0.11805643190062631,0.0035485087177286045,0.1184023427039097,0.005800381616273498
0.02728208341000138,0.003655832587615593,0.015998627135370813,0.0077830294161685964
0.007094557938039703,0.004853815975907283,0.006496436002518147,0.002794969021825855
0.04161217387685823,1.1425137824150333e-05,0.060608656638506564,0.00041959756514442503
0.000522661259012458,0.0063391702042679965,0.0016955275805663472,0.006489905149377528
0.055323998524947626,0.028741974985024954,0.03258629021061532,0.009502437043001799
0.0006765500364614985,0.003557636466641978,8.04833185019671e-06,6.735718127925949e-05
0.029080195979658163,0.03309927996173834,0.03681561122262411,0.03022634258055823
0.00011119741387199955,0.010829676365450847,0.00047120647658871473,0.012185284636714644
0.0003677450164872864,7.337748416613721e-05,0.0006086732983933141,0.001948928507646941
0.0004997211477867358,0.0008286994852702012,4.2299328804285e-05,0.0007021983297142986
3.623537970787183e-07,0.0002583089381813508,0.00036823432003207923,1.6386264067747014e-05
0.0018681425285875797,0.016395965633414278,0.0012055428366315457,0.013449614673485377
0.00024047869753884843,0.018034745811599917,0.001238940026628832,0.007094207887732851
0.003290785709935795,0.00928285500574244,0.008529342309067767,0.022409640817959375
0.005990569108959343,0.0025475057261192813,0.0047721344126735454,0.004247298753008444
6.28829161547495e-05,7.999225866139881e-07,0.001360043628709895,0.002285545040247472
0.0055022803781654694,6.0133212636870326e-05,0.006668798992319869,0.0008819206416371683
0.03009921450855302,0.0024064083255372903,0.0350103546526902,0.0059942819371201495
0.09704356269207892,0.04742310484423373,0.08456201343591896,0.06221809641162945
0.00017136979267562413,0.007185398318011349,0.0047686211959433455,0.018009024953003716
0.01472690197461346,0.00012851971708671694,0.00648539453736352,2.6389033910612092e-05
0.07837371837573337,0.015481306673648443,0.050130673487142285,0.007857700331753148
0.005000703302576515,0.01462048421625517,0.013238785691367494,0.0056888954776336265
2.6302017284152157e-06,0.00845088284228479,0.002955652996618041,0.0010657691204956077
0.02219088857980811,0.0020754008723249395,0.029029153938013308,0.0010100680595854783
0.002715340393999899,0.0008331825466667553,0.0023792346790733054,0.002809246990584602
5.538055891318727e-06,0.0021972461936803356,0.0035001397161359415,0.0007400623063145151
0.0022747776555511745,0.042978312700635235,0.004462482522256894,0.03392602859068594
0.002285625301461258,0.028809204920599796,0.0008907521551152486,0.025467699706815172
0.006232895318388332,0.0011752975700159984,0.011723648510075013,0.00028265461864429575
0.0026027896151376018,0.011970099077718399,0.0022481088257645387,0.007575968971183511
0.05920696756958532,0.004677869451288563,0.05077165190228983,0.002071617646141388
0.0018849951203701032,0.0004510021389863006,0.0015329095938363402,0.0013295365345944443
0.005945061558796705,0.06051527188517147,0.007740815463546213,0.07693813611792566
0.0007008671235113617,0.0016543940263453738,0.0015028035428580333,0.0007680529633019573
0.04173537877186284,0.0015461907065600355,0.04812170153345874,0.001133700518290981
0.004516923309475285,2.636032997094251e-05,0.0090343615823133,0.00016880436426303103
0.010301317486119621,0.014946389473753485,0.0045450158169163535,0.007445208153131211
0.0022985152712857726,0.000712488864140659,0.004130927312538946,4.821443901403821e-05
0.0017782430042861952,0.01980397264757283,0.0035337747291668276,0.009640444138534043
0.0054955992312542,0.004939692458433176,0.007254538499279262,0.002711282068990517
0.0020628861861973213,0.00768952128692757,0.0005817188024281883,0.0071533609558264155
0.003206562093094667,1.3074671423196627e-05,0.009236840001103808,0.0035461190688818034
0.0006697826120227734,0.01914751558588834,1.4491344762390668e-05,0.011344947639160607
0.0072650792617267035,0.007457750900929261,0.012984351830443108,0.011588899888013926
0.0007493276142936933,0.023475715530060448,2.223809594747994e-05,0.004001820892129859
0.0017009077070520018,0.0007945817303971481,0.0010268485564258745,0.0023269285280129726
2.6941606677488572e-05,2.577298235539871e-05,9.12079581194547e-07,0.00028707721575038647
0.029788309379687017,0.046439699339102636,0.031762582018751706,0.06819709911734895
0.001676456148545502,0.04389785949028435,0.0014950455595582612,0.04272336242361052
0.00622900233422452,0.0008669918455727066,0.003404368394449908,1.6257690083065768e-08
0.0020441928732509718,0.009059285023854557,3.675076082487738e-05,0.00663917243930634
0.0016576049159368056,5.714904842313295e-05,0.013724605071805618,4.1668325367894e-07
6.571225672191705e-05,0.008097788364688552,0.002019434075711146,0.010719975212778121
0.002236498590297731,0.005106924802986801,0.011764057126508631,9.653798481834563e-05
0.032593643101883396,0.00840923284138595,0.03442683872436347,0.012016101788753342
0.024235328985363958,0.007280104065627735,0.02767334277584832,0.01203666993856134
0.006511446977864321,2.5496464673202546e-05,0.00512295144708852,0.0007741024849150513
0.027505358798714186,0.0005516575140590563,0.009151378437257884,0.0020224421186916253
0.020666493989592527,0.0052257420546899525,0.02221596077320309,0.0012465851828010743
0.006543161551231691,0.0009433163816945367,0.006443600658692206,0.0003756058135493401
0.008086300425834803,3.374878656992042e-05,0.0020329352983978755,4.3925990578230767e-07
0.020553333852825317,0.022248511652370073,0.017526449350441564,0.01293014828743555
0.00018579206847024743,0.01321419141425284,0.00038857467678576896,0.028661847868180934
5.401743852273544e-05,0.00021245786079093776,3.4329909343044918e-06,1.7244199118526815e-05
0.03323480350875596,0.004742463917262851,0.051689271682111126,0.009709120794444637
0.00887964531001817,0.00308860073473205,0.0038699387019639486,0.003220377333614688
0.007025767795862392,0.011873271683903175,0.007510245469351418,0.01358748080608585
0.0009006629998798976,0.04483609443772618,0.0025085494049109647,0.047774411485003054
0.0042571665198811726,0.023181242338267127,0.003985076777652141,0.00918243725765222
0.01885882518991111,0.013143698056440889,0.00853713140822454,0.014029822845959772
0.002027778974275196,0.0034222882903375274,0.002617456491447623,0.0038680794114868133
0.007168460425928003,0.005692294427797062,0.004076956130518838,0.009948680528915621
0.000613501151470297,0.02557264498386247,0.0001225186732276562,0.03208293973724774
0.015085459597016904,0.0007603238988291849,0.02496107234091194,0.004710307026277172
0.011429267177301083,0.01314898582629076,0.01628807409027877,0.008703057873141518
0.0100360812296022,0.017759844322777996,0.012234993440111253,0.03993551233039483
0.00035706426561488147,0.021413194512752698,0.0002288275213966351,0.022165911831936502
0.00555801023972502,0.02000010914109973,0.0028621711849057263,0.00557629108829083
0.009849512534345295,0.018319105393921342,0.0013059623974991386,0.015420442664861311
0.04138919980888134,0.008008886846477492,0.023990818681839388,0.007553530741003178
0.0017970671256607451,0.0566635314963464,0.0013110924157194725,0.0650380278137982
0.0002244492685017363,0.023632797936252503,0.0010020527806002821,0.019002776472454408
0.008448325384135758,0.0023507285007972056,0.014073605373975284,0.0034001513226933344
0.05097982529304401,0.005716986449281314,0.05648545673364591,3.6023798158701936e-05
0.004149324326275461,0.0001295232272686686,0.001442818329543405,0.000769750493001542
0.01694847936111621,0.0043887528904288375,0.015061212164776072,0.012078532311740386
0.0008831948314065308,0.028584259646320165,0.0011082161704148996,0.033073507396922275
0.04431732616013284,0.006676582365282124,0.0657279408316328,0.023025631407266323
0.002644891198516408,0.0041166624856854295,0.0031879144458581976,0.004030743124985414
0.019953517786826414,0.00846208102575019,0.017121441100965362,0.0020247854817019295
0.0050253603580942,0.013866316851863458,0.001774553916890631,0.01242603760051475
0.012161540673142124,0.015205677047816835,0.02343313126816582,0.014615099931439612
0.018323519250931453,0.0034095384651667837,0.016064601687570845,0.004312179444397324
0.00725761324219143,0.0012011570601524468,0.01591338581125723,0.0024507215812121785
0.0006687199367194641,0.008912952250128003,0.00019065973971776895,0.0023447663629744264
0.008174854427213774,0.006223402255757904,0.014227743464130582,0.009902725203589036
0.001703552486729265,0.006526255280285942,0.0014665355005006875,0.009722831504699214
6.264926915877655e-05,0.018574363853812947,0.0019451330943039968,0.03881780415100933
0.0014234361940709261,0.009701405076475877,0.0029415235231626813,0.008151682843801744
0.0028648536685260684,0.0002946409879233114,0.0037179827422562095,0.002407532064237272
0.09594603258688172,0.019852183401270818,0.09506549776912154,0.012971413310758795
0.004441080044160328,0.02156043679181696,0.004188430499179052,0.019889912672560905
0.022080020925690502,0.0012197507969268218,0.034828948458405784,0.000812117277805946
0.002531824785137693,5.1833722714555996e-05,0.0006821992625283269,0.004840195618250331
0.014726385722085067,0.0024898025845542238,0.03132646538935491,0.0011829631287929576
0.0040934046961218495,0.025214822266411585,0.0033037287044407337,0.011893679018186498
0.009074612554249573,0.01574727518875685,0.007519324269736227,0.013887004411301862
0.00015471249130127873,0.010934702654916917,2.5114213353383263e-07,0.02741717103132968
0.007893925584554151,0.0010780374871165455,0.0006409332921527566,0.006644111459749302
0.019094562355016498,0.016420846299207703,0.016479043322317644,0.007994441660354346
0.0076331104713397435,0.005247853718459705,0.008237566880194724,0.002897523657972023
0.0011167039292128145,0.000918802967859067,0.0003096223565388634,0.0011036635491294966
0.002823403573858907,0.0033396812961205002,0.0024783654975883973,0.00717315821211284
0.00011862398624562509,0.005021177082779271,0.0007735557266617121,0.013051568558926863
8.622387596612935e-05,0.00021893838493691753,0.0006070439051062415,0.0010403887211729579
0.023359207483252042,0.059013567061182104,0.011340610579565258,0.04764048071277516
0.0010234996033315902,0.036799704781970255,0.0009904088008247935,0.043067027431067384
0.0016878895017211626,0.007252665565570915,0.008834204566392279,0.0017829575212104931
0.02564947800818529,0.01172315123558021,0.015173031855928332,0.0022004050722491675
0.002940731078346248,0.03583382003076019,0.0001534247433765401,0.03674310612426834
0.0028120099434321144,0.022031055404295175,0.010824054993994525,0.005072482762800146
0.0030016494631489588,0.0023167522520004535,0.002212052552942545,0.005897444239923333
0.027688731146647605,0.0001852228601809669,0.02233152150546691,0.0015777561622868364
0.0058430104625218915,0.020719885691851236,0.012165334272882244,0.025287251571735614
0.02108002034676648,0.04753412373646482,0.023527253109209556,0.02944253265339869
0.006809229237791925,0.02556380258546631,0.004577626881896002,0.025573064670503687
0.0058514042718524895,0.00042831474844040596,0.0010726504168546702,5.598965381548027e-06
0.0056207998113233515,0.0017955744156342712,5.369843706481969e-05,0.004733387760750052
7.374258531989142e-05,0.00970318657036473,0.00022225028582112394,0.007072774692091888
5.8667218696850654e-05,0.00402922981636511,0.0006422371765811841,0.0027390922901331383
8.471896946526947e-06,1.0102931082278666e-05,0.00280470577701164,0.003701217547889879
0.02432398940160374,0.03164827890918731,0.01952784794506701,0.03733478628216713
0.00038284939910371296,0.0054383293651907305,0.001314180941043297,0.0011647397537755122
0.013352310525457933,0.00311988964302623,0.010631652724916396,0.0002910801837215926
0.011694041369320285,0.01145849428413781,0.02055562621182705,0.0167329770551089
0.0039589158144262004,0.03494730110216493,0.0005330452172259692,0.016372605616941982
0.004473987752806052,0.00031828768722075296,0.0018841100407966938,0.00032048383919824897
0.03158488321850639,0.005299162190923856,0.020148175160711657,0.0012809615381897954
0.013075040719815023,0.005350109722889962,0.012056062968589187,0.0035229328852464104
0.000824742624628616,0.0001435421781954549,8.136792585955455e-05,0.00016494206065265082
0.012139898552523176,0.0038119779033946033,0.005840546192697471,0.005128357779955239
0.00014268167470310456,0.001965470036619066,0.0006616811303823411,0.003139257879588686
0.0064624914024556945,0.02697881680339609,0.0038043948734129973,0.02047309364988259
0.0070748372602317255,0.025701700411962958,0.005857497548848234,0.010782707529582214
0.0024287235975638533,5.940551938898864e-05,0.0036411484233269675,0.0006384509203950506
0.0004854624446511968,0.0021713524452225963,0.006264971488159521,0.004778149986704561
0.0013239629236756478,0.0004196229573367738,0.0008619292803706546,0.004993984210644453
0.0007752970575329865,0.05812706917933774,0.0015230337046373554,0.06114542687209279
0.004835591625618196,0.010552948829971931,0.0037044196074614844,0.013138380703414887
0.0069287487297932104,0.046348181881269435,0.003270304673143598,0.03594302934277749
0.014555166233550132,0.0015460766477510823,0.015888622129954122,0.0022469983721729037
0.0007347988366371849,0.011133959110405711,9.028548241984957e-05,4.237967244868912e-05
0.012941214268743395,0.017655889490934884,0.011749368934556692,0.018867177500067944
0.003895939862312847,0.026194226758306738,0.006751479625697665,0.018893416147549247
0.022059761484671925,0.01577888502343594,0.030230385534798954,0.012089698813062544
0.01546485673089526,0.013324574324737326,0.015663503199803697,0.0334375068480518
0.005536727157572807,0.005778846983960251,0.00297453722635288,0.014983384655126275
0.004534609038156057,0.007453185336512624,0.0003375685021119734,0.008855480465841836
0.010091819761137044,0.0009069219234865145,0.00812161564039815,0.0020971169529353517
0.0009747708152446632,0.012351038427740324,0.005307073252612371,0.019740792969491494
0.005781625892156472,0.022138042663548907,0.013488823376904269,0.03226153009444921
0.003156110465936557,7.873992457652079e-05,0.00628428662142666,0.00014294279519977415
0.009699286281703579,0.004062443662724902,0.00392845815354903,0.0027520361133379634
0.0004172960708681561,0.001981147475177414,0.0002713580374167357,0.00635886392073981
0.0007775196879099555,0.002951316974510898,0.011142898909363264,0.0006932209181498283
0.00015485682331095596,0.006797710844314353,5.526191650950807e-07,0.0025835032986992745
0.0014019460026244435,0.004706344035733445,0.00023547636546972228,0.0039065450371956745
0.0057678511261082255,0.0013131819955248814,0.010895522013474546,0.002944206454972509
0.0006445426963459511,0.05975032610988773,9.744733723970889e-05,0.0464307444396268
0.023046991590199406,0.0005354917075530707,0.019160781184168196,0.0002598898040434561
0.0005022662639628805,0.0001825932607120162,0.00023324731805607346,0.0048403120756967954
0.018438193620242016,0.03882329232749726,0.017899240433730368,0.07178254018692598
0.0034962001514781127,0.002971492201326642,9.094610656878999e-05,0.0005628812624749457
0.00010999987941651135,0.03925599823511183,0.0004946669789860358,0.02645734834572422
0.01785717347348037,0.0330212089065679,0.015585324541620094,0.03327049098717383
0.029206037602067636,0.05857271007528375,0.03091570520932141,0.06558045700772697
0.0012493593204527809,0.0033477459203943294,0.00019461113963714638,0.005979829403884418
0.004716661981036818,0.009060935658134595,0.002207673372177754,0.012057744095752776
9.878609202218502e-05,0.003293324328515701,1.7477374757435271e-06,0.009877053619437137
0.0034804307535136747,7.670635745693488e-05,0.00484369771435611,3.307632190363563e-08
0.0020380658468479584,0.007961908255263217,0.0009965155830476968,0.007117814548531554
0.01122341133632776,0.007249893848901845,0.011413644440965709,0.006955374782649182
0.0706237755910154,0.009907604768488065,0.05621072956121087,0.0020136708276984328
0.00010418266081524408,0.0004932341354703107,0.0030984983050390547,0.001417952927120547
2.8848289272964678e-06,0.004297258950801797,0.0019329281774715934,0.007724927947372895
0.000177152528453961,0.008219922353406406,0.0023123512218194975,0.015005538383386141
0.06779506149258296,0.04197787528151797,0.04644833618332522,0.020717415144075435
0.0004101874381188253,0.015682999696401745,0.0003965449887751715,0.028764752005487115
0.022079690319299572,0.023188257864019346,0.020263392396756008,0.012483357096176206
0.015059353825652155,0.0035853892300682366,0.015873226382061345,0.0030824204304019664
0.017310287134250424,0.0033328193668422657,0.02458591128328358,0.0061867501675200165
0.0013522874048590428,0.0011037593395174516,0.0062411927710440684,0.0030181802490648613
0.00477258798092306,0.0003755426386364835,0.0014660795653282932,0.0016680215805736642
0.0010657495226208402,0.029634960768127216,5.108564669287219e-06,0.01616518404096401
0.0007150814084079249,0.00027815019182886314,1.1461202755302935e-05,1.970289417618787e-06
0.010375290442523277,0.00045446568366047657,0.02145346060163933,0.00010424685907162168
0.008735644364281536,0.019372665138307488,0.0028139994816333003,0.012285941359281294
0.005641343561355927,0.04200769204548627,0.010213361883732452,0.043409171352741804
0.01086115531891474,0.018179802828869662,0.010439173544784741,0.016561343239264836
0.032711287729166094,0.0037329298751589413,0.018722110311438445,0.0013215470880250102
0.0009481327604878853,3.0464518901207605e-05,0.0002866496593246781,0.004777701277747903
0.006246133498097661,0.05551297722586901,0.00022573330738806519,0.027894584035566883
8.430423422334243e-05,0.03142240260683882,0.0003891909389650561,0.029733591025790096
0.008739332807794264,0.009247326947221635,0.008829326070952215,0.015386989241299331
6.942314860969301e-05,0.0017110564888538349,0.0004831973193670791,0.0006519161943092655
0.005523375872635294,0.012458321845784659,0.003114157467139167,0.013171628174189931
6.246197131709597e-05,0.0008118221026978123,0.0009824819657207051,0.0003632443457715073
3.447504077769281e-07,0.002243140102380581,0.0035883180199014486,0.0035434516463023202
1.7559845542747254e-05,0.01152798249835596,0.0015315551547551154,0.013181165436978892
0.027329757489330753,0.00013952664716532226,0.025643054199912974,0.0012314239343605982
0.0018808339431456433,0.0005631846886610115,0.001818763172714899,0.005071420240510105
0.018145863979966204,0.0029747618969039324,0.010374500003499265,0.000493404376836537
0.002432034219747581,0.017582705706696955,0.0017532272675772065,0.018532677163187627
0.013303278155643916,0.01787432002486633,0.012049784716449574,0.0061483574248988315
4.783780330186449e-05,0.0014573561941992885,0.0015791766042195787,0.000227240054116562
0.0009915603620689328,0.00012115803988166363,0.0015580489404423137,0.00032785593727435725
3.412787502998782e-05,0.003101406673387763,0.005312173946628529,0.0021504274984373017
0.0004942393801871114,3.319994286077321e-05,0.0020526344833161625,1.6164143725516666e-05
0.011736600996621105,0.020033021974048326,0.004498383117808702,0.03379010703887786
0.007726813156778034,0.001274604454187367,0.00637846597677838,0.0008256113620572769
0.0025357239807963783,0.003368573425371002,0.002035402348551596,1.9335149547217156e-05
0.004016732660917288,0.00012813443696846338,0.011834493467057783,0.0038330303978072466
0.0017030327387315136,6.513694357102029e-05,0.0006267240456282464,0.0005248824981880507
0.008632889220258955,0.04634587970926196,0.010830909971920266,0.04002739851062631
0.01813165613808898,0.02433473650064788,0.015099048061253395,0.0120418254137592
0.011016451336347322,0.003022431655726021,0.0059910885843369455,0.0019024271723009356
0.022560479301991787,0.05179461337167546,0.019580407409438116,0.040882891344744876
0.004562786999028234,0.08177382265249233,0.0026828915163032985,0.07192947703547947
1.0184850468997197e-05,0.01049854584944554,0.001088061061025547,0.024999433999056464
0.001355236656637615,0.00043196880528417747,0.00013822138171049048,0.0020033358731905704
0.028371762573951576,0.0063087343001949625,0.03915105764483662,0.003034124615211242
0.0015533365130577792,0.006749021826415458,0.002569879021590449,0.010091300166188866
0.0014636466915617374,5.6667988681535775e-06,0.007015949797609888,0.0003670113130858077
0.0008936990656261967,0.0013699707270787842,0.010544871705160164,0.006268691862705844
0.005227852037452019,0.005825567376439689,0.005580198397696856,0.0013214364700404602
1.1046401274361628e-05,0.0002929603802619418,0.0032445907071034785,0.00036293989913604996
0.0020450452417642984,0.03736483327709683,0.004853825932180533,0.030703271061046755
3.586911110764479e-05,0.0007482787121108059,0.00015280062270583983,0.0025988508003877975
0.0012221750419362243,0.0005856367292759179,0.0005097722991717069,1.4551695369791062e-06
0.03853996837811946,0.13588520391213565,0.047873106022694234,0.1551028898762764
0.017801160877799926,0.028126131861915482,0.02397987577940186,0.023716377682476697
0.00020726087846245633,0.019812764869316934,4.875188091113536e-05,0.018905401219935558
0.0012406925869671293,0.019120316334599097,0.005372086316327573,0.030952182914366855
0.014758000760319079,0.01766089494721479,0.024294753963852722,0.010656470557733444
0.009367446089872167,0.10125199520119221,0.009504755735686765,0.07871742678616622
0.01765286803754651,0.00792807583526045,0.008879574529506051,0.009273013323568557
0.03573627245376665,0.0013053058321612632,0.04580875126175743,0.00013952237550929336
0.04712715179823257,0.010877343520187543,0.015425457047157809,0.004167182604738029
0.006499723012355019,0.0031315079122868905,0.006436595086071417,1.7365678847802712e-05
0.021725709324440734,0.019407498489032005,0.011646464919989552,0.012204292607568168
0.0195569011724529,0.0011357093746219293,0.015615959714043504,0.001232565955753162
8.011008615649295e-05,0.02566044395834366,3.108428746023684e-05,0.02939131735232703
0.0004387654762848525,0.0006438241976720604,0.0009153173757561195,0.000357636672929984
0.06329313327363295,0.0015608147695717056,0.03380936011763014,2.4265926580890884e-05
0.013089474300473913,0.003255760389889395,0.006803029696530349,0.0020821808221547222
0.007250360874541784,0.00509141110142175,0.0069482071489549435,0.004955072082875156
0.002653704490406361,0.0009407859195447177,0.002788747127943969,0.00045386596618723907
0.041103712899672185,0.004749694217421663,0.035549037071420875,0.001349976777806794
0.001020243620184269,0.02434977526807791,0.0007758818909284759,0.017782636904074778
0.0042190166411061325,0.00766015236451878,0.002086081862492817,0.00649876008919259
1.944497210981666e-05,0.00622268919574509,0.00011951308122870596,0.0025330717066985864
0.015584691369853076,0.0009406312364815816,0.00876385824105419,4.898941639153165e-05
0.00033521419652737805,0.007766748364377851,0.0014666308110258264,0.015311316051557333
0.0583869615416861,0.03486676891813778,0.04633469390728184,0.02772551058273609
0.0442813999443159,0.00014055476704111225,0.05450233135784521,0.0023178686439767615
0.01771182655380732,0.026829711488515207,0.02181982055927345,0.04359483040149692
0.03748411784304351,0.0015989363958101022,0.033064279617900594,0.005113513429816252
0.010925338071601676,0.004390260111438282,0.019694652814981617,0.00511430156997339
0.032047274015240546,3.982305854777213e-05,0.035157011944217165,0.0020051625613312085
0.019792573384054157,0.004021641104125062,0.019349619030440524,0.00849218922748085
0.00026417174273596356,0.004185080991504386,3.130843664655991e-05,0.004594692679028678
0.015664991588470123,0.00777886639164882,0.012275887386515305,0.005341834078266938
0.013180060695715756,0.013297627245239085,0.004781606741800171,0.0022320983109372916
0.00015522833705827743,0.02185377080756723,0.00031495918323576344,0.019627066613581712
0.020602302979248588,0.005059167021153499,0.010867083469306094,0.0014233978933290148
0.050616290225949934,0.02951292784800663,0.06327524983167987,0.046849804728313016
3.1195764297331507e-06,0.003463449392910989,6.626499929285323e-05,0.0010327620268733018
0.0041038912616045975,7.3744247894858e-05,0.0061913030902446264,0.0010027853459678715
0.0008645568723647523,0.01795720110848753,2.575936285342806e-05,0.007790315231088307
0.0485715120428597,0.0007438205118488472,0.05118017451023649,0.0027231321215376303
0.00439352620506539,8.915794470321092e-05,0.010704860778018799,0.0006975799460632315
0.0038857312747071493,0.0007079263269833547,0.002159292012996472,3.076134948654108e-06
0.00029931187175857854,0.024569801491224896,0.0016593218524570963,0.030817285259184035
0.048323714550961294,0.002311196813898464,0.05436190587676337,3.897222977511383e-05
0.05397122663115228,0.004375666971364267,0.05491344846824209,0.005612606494791117
0.04483836083209469,0.04438078191542816,0.04757115894385622,0.04811795066866187
0.02517822409248971,0.0002371527828441966,0.027029091430853636,1.05577254037037e-05
2.581283866986972e-06,0.0006348078511593247,0.000736737193399728,3.1075401543123604e-05
0.018978469161527456,0.003196751460490921,0.022982407520285575,0.003050043444162931
0.004003952805347488,0.004912881984725392,0.007999308804021887,0.01124678417842817
0.016086650117005274,0.0017276172414997237,0.023911835001136805,0.0032674568240609325
0.012440312836907053,0.004356076118094521,0.0188093307317041,0.01215314397995615
0.0018359977453888954,0.013391625540013385,0.004568467402949583,0.021899221207108854
0.016035065599095066,0.040397051550467244,0.025186205331615086,0.03982396494729534
0.003744398042284436,0.003399590516370843,0.002521620798130675,0.0031970520292136095
0.008514567898228798,0.00678252425454573,0.002923438113271115,0.0032398107603969217
0.11320668609606244,0.0052544269650920405,0.15230700427858712,0.00869403395879531
0.0011665597069594469,0.004722029718498333,0.000616786466083763,0.01269456299441396
0.0020884680506308984,0.021082368023742415,0.0006598369560230077,0.01626738177849929
0.013226527302500735,0.00040331929777903675,0.015662192143264586,0.00022544511733857409
0.006889918937162731,0.012831770842831158,0.006442640395008747,0.0035599402581217854
0.002759336279944291,0.0012065210483025446,0.0002052996932063733,0.0005033813452425262
7.175509775358968e-05,0.0016217249909199483,1.1747833572606226e-07,8.907459928664263e-05
1.5698579548528713e-06,0.00836100661310435,5.150074669890703e-05,0.003985852766039466
0.0006480221732204638,0.010727715657012915,1.0555637322440248e-05,0.003489305503297846
0.016504966066693494,0.0006847176665532029,0.02880654436453911,0.0006752132846773451
0.003291123028449916,0.0240622166750325,0.008979545890485663,0.025534378053357565
0.056253355605535904,0.0702493079181169,0.044363360816422115,0.061707594244686526
0.0295146136500527,0.028858821967475246,0.031368486822634156,0.04655772335663588
0.0029333499860663137,0.0006663494668154302,0.00037911142517987884,0.0019835452919915175
0.001249527325005273,0.013921656157424911,0.001455580035578552,0.01431107726315739
0.0037021390582283598,0.007784648884156309,0.0002405396803826232,0.007082290852991613
0.00022696653106824005,0.007084318254924837,0.0029408102259543822,0.018993325346853385
0.00013321394304366407,0.005608198589967084,1.1794336664538996e-05,0.005086473782770717
0.008413940442347223,0.029139625098459687,0.014502561410793868,0.030596032505736726
0.0016568616444216921,0.011403982415611358,0.0023327222203625153,0.010543338185871276
0.0019157010977105537,0.012707562580627885,0.0004384426748981207,0.009254747649562245
0.00027412916282498756,0.03102330554297361,0.00030684630895783105,0.022947928361914616
0.0024604859196154516,0.010706226608265923,0.00011973581575297487,0.002839399543951515
0.002347104792575605,0.002810462456133034,0.0008990745539910749,0.003339404336413998
0.003821754951176204,0.004334236191039453,0.010005560079905051,0.012931759790143493
0.00017918388711590794,0.004948989418646188,0.0041350682960408225,0.0020279856913864025
0.016840925731205103,0.03284202367738831,0.00952446016868913,0.026618262103165646
0.04087925877911691,0.004816992409142906,0.028023212681578147,0.003569520094165446
0.023863618015535715,0.010909377316600466,0.038950612647845495,0.013052931618205865
0.0009495016297520475,0.011404165454487858,0.00030186371745521967,0.031122798568956167
0.0011111861916711652,8.058779409070294e-05,0.0034015918026855108,0.002116304471927566
0.002468312415423224,0.001631613340593363,0.002590468749761321,0.00562752910588038
0.0017368549606681105,0.03157159111527186,0.00013992864292922125,0.017364476670116424
0.0024742055776190153,1.2677310422870569e-05,0.0009009466001267397,0.0003674785811024206
0.0010733437850718452,0.00040589926012191135,0.005618409216860076,0.0022983992061910152
0.03083128691130277,0.003365129654517407,0.014332977863621532,0.004294092856325427
0.01670193228110073,0.00010410054720810802,0.02447225299340794,3.218496678003557e-05
0.0005273987424303517,0.006067538555803664,0.00385663119705304,0.0014581007881817598
0.049339005997495744,0.006572094314828969,0.05682826317370271,0.002725332510985834
0.04314463744952812,0.015878940315948387,0.04621411532213604,0.0319936971057273
0.002381393497788542,0.0010688715288856843,0.0002480941807417869,0.0027304030166039883
0.00028456535583476494,0.0014261053288014969,0.00421641982300669,0.006181922719466826
0.006912847755761731,0.0014950252711716239,0.0015285695802084165,0.00016982743210858242
0.0007508418342941914,0.014578297996171385,8.756760073336256e-05,0.008846739274988913
0.03514854713886051,0.004814628543787225,0.02996233957542882,0.006796044403882373
0.00022434250389780086,0.003650375839452713,0.003586407038231876,0.004769061576155531
0.008639432004616254,0.01161347089736553,0.004117731979837114,0.009080054060467968
0.005310476521051544,0.0007962781844450539,0.009913788254233835,0.000167471638486405
0.03705116336560288,0.06135135658615298,0.01294430666677393,0.054635821891615644
9.076657308215719e-05,0.018200657828048028,0.0010056979919743636,0.008734145355966061
0.007660928082460106,1.1505643010667477e-05,0.010496176974695515,0.0010798857593630196
0.00025533877801475757,0.02008459463380219,6.303213772040905e-06,0.01732270947647019
0.02163498382436846,0.0012434552373880026,0.017378463585583925,0.005595423445324155
0.0010578881584469846,0.008777358599556528,0.000486512194421751,0.003923713314920585
0.0006104625819038922,0.005044072775053476,0.003981107389064209,0.001526371692320061
0.04451342387296986,0.0015543781263608336,0.028957498440533636,0.002826704148307657
0.0003058996637141931,0.002226878840710711,0.00016902091951942477,0.000139196192903146
0.05663172900799118,0.04882591603267272,0.047649827929301836,0.034787981974191085
0.009475254846169179,0.026049915589794748,0.010579030964568581,0.02286036150696147
0.004895181126210901,0.0024178766848925726,0.008421618498574035,0.0005496912743339077
0.048669866258344685,0.0006690926196133429,0.03982517193053359,0.00024928911611887816
0.0016286951498409863,0.0008112724982517472,0.004124142370808603,0.0003289746068599886
0.017322828824109404,0.0007400186999433345,0.017462515662751033,0.007006883392924879
0.003495378018501083,0.0022839014368887245,0.003879427723015527,0.0006843501409926622
0.07125371021144888,0.018102235282988488,0.08274250425849095,0.03252562397373471
0.0019354228947691121,6.272264239992609e-06,0.002554118894827817,1.7320965929545906e-05
0.03528743456531602,0.060832250847070224,0.031040830544084463,0.08414447350536813
0.0016937389726973118,0.009796017383895572,0.006422979907681037,0.01310689323958747
0.0005719118883461549,0.0009045741893222159,0.0029765583901667503,0.006014822148249888
0.00564047363771758,0.005062587715532807,0.0011942254144429176,0.0008136710361369426
0.007063654037744782,0.004200055545994119,0.00809762937269809,0.0035524978271594954
0.033960454430448705,0.017423824872181748,0.021869099912293244,0.0035336690465049836
0.01338906157549602,0.00012439386189599944,0.0034027753348642165,3.915774069884748e-06
0.019903738186210385,0.004612108316625729,0.006455605939586495,0.0028812906263898652
0.0009755706213950832,0.028538189532153257,5.35093577558321e-06,0.043441154967938767
0.0037134141766929085,0.013417020919755274,0.004327315993600589,0.008094161675714195
0.00017873797574330386,0.011060565379652054,0.0001692401450357206,0.00321957910726256
0.03584873359328844,0.0011004562413683416,0.00875172816746006,7.026997055081807e-05
0.00031352339935952767,0.0006198929408541831,0.00010431572441915726,0.0003498058850988084
0.014787453303887754,0.0021868726854412657,0.0029377915855045567,0.0015117510694132585
0.009212161789716733,0.021121214124064536,0.0070564242412226585,0.00734237093796708
0.0052152162933178925,0.022307642916418846,0.007672342078494099,0.027246661963552632
0.010675227238465701,0.0009519991775578385,0.011040960945737033,6.370029608659955e-05
0.006570619075622175,0.0019113853458466723,0.002366687775320675,0.001491529730506591
0.003207557148892315,0.011829330397170712,0.011858696276028646,0.015441397185979144
0.0036370659202626943,0.012769483645615143,0.011978036652360413,0.014204260386979639
0.01087657754205229,0.009605522163606772,0.008622213480738217,0.018012896489104424
0.002859823681125695,0.01746979865652476,0.0019663708560642146,0.03135321869024188
0.015382701601497795,0.006404849748834152,0.008308489332658042,0.0019475877057333335
0.013968417513722242,0.013134780799533563,0.019043144370456955,0.013103505544940997
0.015222638394231991,0.03804023503823717,0.012476148442154611,0.05353514252091629
0.002536700240358014,0.01858452465112992,0.002635273336924926,0.03189812199397235
0.027627337878885827,0.006976051353584589,0.025266420801954403,0.010509639965158857
0.0004112575639957372,0.0038019467361820602,0.0011945702608332498,0.00023296965365138256
0.010444913686444735,0.012304177335598188,0.01631295217451112,0.02887292014497933
0.00028416627383109905,4.825348395354201e-05,1.3230707551437071e-05,0.00012822282006286212
0.00017238708277456105,0.00603360678032161,0.0005097803397896561,0.0020469908715582408
0.0004182269940480321,0.00174751941122675,4.0137119116545605e-05,0.0003816020293807565
0.007176405747190695,0.0010755682347605156,0.003994781482890342,0.00034484546693913654
0.0023689392503510875,0.0010136468878286786,1.601781199056518e-05,8.243832048115962e-06
2.4097366102093787e-05,0.009726011815678781,0.00042624952719405584,0.0031128649837247613
0.018905739611716044,0.01676278682620469,0.013158911334738232,0.009328142064623401
0.0412637407559614,0.021743726589402934,0.03957009571614967,0.02619692000677276
0.0014250757604360453,0.014717401504521721,0.00017407061221530462,0.0137911789668278
0.02817197345934974,0.009981369367653814,0.01833237401053711,0.016245129076441156
0.0010069903884638576,0.015460971073796737,1.700763535561478e-07,0.02159684956685315
0.014069405247599032,0.06915621369467384,0.008509926967714465,0.06943861256341122
0.0045892221230499075,0.00014623084238718498,0.0075366550573781055,0.0002444275333036705
1.2661172781758268e-05,0.0006112653940106849,0.004996233466499578,0.0013167195912557883
0.0007792231846829312,0.001289941512315651,0.002868833238578228,6.309204154675285e-07
0.012748144947608897,0.001609181297971829,0.005342386400152832,0.0005109080248314468
0.012191009172969891,8.566749291649689e-05,0.005214144183657399,3.4296167768621544e-05
0.003038250220920302,0.0025145032810993673,0.00655485993330418,0.004127560264621466
0.004221214164256026,0.002462377529630966,0.002421622461404649,0.012710233326553522
0.004585682731871321,0.003947726087424663,0.00011425343099946694,0.0013417401267012963
0.018085425144618084,0.00010218599777556125,0.025027826666096487,0.0002611644931932444
0.0280365533955671,0.030879707382347354,0.032279045519496674,0.03127485903572491
0.008734550411744535,0.0010311731621840403,0.010662337519513176,0.0005339270120118256
0.009380710429293337,0.00862735280035476,0.0020942702167230376,0.020066013029527263
0.07103464687650674,0.026814513636646442,0.07028977115198642,0.007695042712572375
0.053134751711572115,0.025717850232617523,0.06652306565840849,0.03636769144940566
0.020161895367019067,0.03204489462318438,0.018729261728930857,0.0413942379177038
0.003141915340414525,0.008042002250562286,0.0023188450454333376,0.0035407398340348006
0.014186109210638231,1.737815499514017e-05,0.002064556045498045,0.0013435400762875638
0.0004329613492347617,0.0004407409863116385,0.001310355273252073,0.00011642140892731412
0.06325262453945746,0.006415596781190636,0.05057248594705166,0.00814500292195841
0.005095035857117125,8.233943465407734e-05,0.000717238627655381,0.001034094242930772
2.305788404655118e-08,0.004142138131911222,0.0008900678962729947,1.1285267187965964e-05
0.002150214350906232,0.005146708634893971,0.006652798760772627,0.0005522127240147334
0.0017047168655572875,9.254136993031015e-05,4.235297218269096e-06,3.166024089995556e-05
0.048266091822815715,0.007807295790715818,0.06084896203374479,0.0037414291719506387
0.005575607415699957,0.009874208948094543,0.0018495394305557689,0.007319908886391446
0.01347811056102366,0.023577122216512758,0.02237089908246792,0.0489689220585916
0.00037437625741110203,0.0035388282473891586,3.833072874648291e-05,0.012225641611279592
0.0022719757084381786,0.0411690898160233,0.000630405784285748,0.03874481543871389
0.0004513569779533988,0.010775220066092661,2.6346537990162844e-06,0.010179799341515472
0.0038480261584914466,0.01352522149048685,0.002407261810314365,0.0035581744366153245
0.010566421646892366,0.012334378506208998,0.015796666722754704,0.015067412013325066
0.005690614040630759,0.046619035552937116,0.0049915419153721,0.043173647367937606
0.0010911235753208182,0.0035491716664792783,0.0017435932382807717,0.008360021909453175
0.04606714446144333,0.04316648933550993,0.026360234180012543,0.04682545446345032
0.03944175278859474,0.012150970841348974,0.04346354010249098,0.0029638314031597
0.0189621229216842,0.0036338530441640815,0.023395149759500966,0.002404078000207588
1.377821462200668e-05,0.04359935135184123,0.0003486092249922468,0.033991440707567655
0.020295234585964383,0.02720715710562993,0.032571042571431175,0.015825628748154297
8.669664419880263e-05,0.0031068052261058465,0.0024764590854012836,0.003639469910673876
0.0004801983110772623,0.007233036616125177,5.942405083214641e-05,0.00733812700766423
0.0034052362425623928,0.0073100922542636,0.004274909156464557,0.008574920119878149
0.01120814065987874,0.006466813818239658,0.010740399236566334,0.006403778273720628
0.0009786651789701617,0.008903260822671899,7.293108964812056e-05,0.0083768820997977
0.007271559290348395,0.03189960240558387,0.006595929841741399,0.027532143066814285
0.023657383858205705,0.0018165145244667391,0.03111231813153692,3.244306793437346e-06
0.08688741288524848,0.03742345249517631,0.0657778675862547,0.01928142620899087
0.0026524913168624042,0.006220257691164854,0.007869208719457066,0.0038367837741194455
0.1243608084038933,0.041103242745695434,0.1645127401025307,0.04311399701899077
0.002356545538253707,5.944585989681173e-06,0.0006000501708660622,0.0006874992069204611
0.013495553934012916,0.0005909620653353764,0.0023761957033034964,6.686223907192979e-05
0.0012103244369385813,0.010650259461337908,0.0006379946293529892,0.004817174670460389
0.02014303827226427,0.003234856928468033,0.0062890285976379134,0.002348009761746761
0.0002104051158203779,1.0839823344488408e-06,0.00046617055233011406,0.000965741069125392
0.0036991899041889376,0.0029452873196155194,0.0004068329162867368,0.0004411212709088952
0.008026564692286131,0.018464230257081438,0.006839222925177801,0.019686011519955082
0.006343749537659149,0.00033565365707299843,0.0036310861610316936,5.44206885003673e-05
0.0848123890642919,0.048238622788018604,0.06600360777201819,0.02762286418952975
0.0038911367724178136,0.0041792090479505495,0.0055048449246452025,0.0010474323094517013
0.015490652793005877,0.0072002060741935825,0.01326171521331998,0.01047686086526911
0.014304021431015057,0.01858401142619215,0.015361035210706642,0.019641136507826618
0.04183940656528318,0.05157733685556598,0.05728258787260487,0.035612917039224645
0.01992104969273978,0.006548011232494488,0.034972359750552906,0.0013156006980441504
0.003864245571751024,0.0016172284788060765,0.0032057600942232423,8.059735285748104e-05
0.0028694670707841707,0.0073817477776276785,0.007664008216321072,0.023722588264434297
0.00696992815693942,0.019193025839978728,0.013921553997744196,0.04077870596113098
0.010223602581928004,0.005587158903847866,0.007849766795676838,0.014814384512881307
0.1727433971235529,0.06734348576921534,0.14139834539122553,0.04968972676544303
0.0063225013291230425,0.019602789873018334,0.011500822352067286,0.017790605829730355
0.0036580402682836466,0.008978129822918346,0.00811054062417682,0.0038113516324469465
0.006535073970293626,0.005923048562870514,0.0011688688104544154,0.0043401760634826925
0.008954809179271495,0.0042539318062436715,0.011163625379040809,0.0008872157450545703
0.028256802182402785,0.02255968854361101,0.035745169580256975,0.009216943869885141
0.007189221815286362,0.001847488175877321,0.01631051300456221,0.001426599992420119
0.042863940001268475,0.009122359006418446,0.04632176263750287,0.011418789687939745
0.04651908362486057,0.03542336177681604,0.051708236205299074,0.02730362319088453
0.0003840286478489219,0.007916725619252718,3.994066442691846e-06,0.013712235331907019
0.009099355739979553,0.0037512297059140165,0.002669176530799122,0.0019298910344685005
0.0003496591065736965,0.0003708604294774265,0.00039707162052948775,0.0001281940597538389
0.03360026953389883,0.000896260868307186,0.04217959489878986,0.0018279578016466846
0.015630173214358667,0.00565853208712952,0.00951792980007915,0.006060925655781202
0.03128907030431449,0.018634368600695783,0.02492671871057406,0.022324237906309663
0.014568208490332246,0.008812663535751608,0.02825051628568942,0.011668685284722646
0.004011536309723396,0.04099824119459383,0.011782064670360692,0.04581659433447405
0.006869074296847799,0.0034005617835700663,0.0032271943619929244,0.0013558508588611407
0.0006420622157387035,0.00037329872713798284,0.00031008561709011673,0.0008919256908697104
0.0023176561459672396,0.015177493395709063,1.69690464011385e-05,0.006402679314500781
0.02401669903709991,0.09467736751640965,0.01186802676103138,0.0823512523538884
0.004108378048687467,0.0015274830111339233,0.009044409219496674,0.00802586897814861
0.0005546225859578424,0.010800511096968779,5.2337256578049995e-05,0.011008190528727702
0.053047455631256124,0.010161602423709781,0.06889478383307579,0.0207856508913542
0.031088555335612833,0.0025701040525833996,0.02530412653320957,0.0037896141270372663
0.0076294051864397305,0.009252061192124184,0.011447925305652862,0.003025496487023993
0.010583767925051557,0.0012513269223075607,0.00439050544708719,2.962271862039234e-05
0.002987972979579423,0.0001286651301874997,0.0024838081011826496,0.0032680648125258394
0.005982111135811152,0.001112484416545989,0.003433971691119031,0.000132742190628643
0.011841345385363078,0.01536798788308491,0.0066169400189904914,0.0029043809349568184
0.024473740138724276,0.018378260818538217,0.029983491140188945,0.014611737638469569
0.005835073860150253,0.004477431999469816,0.010879908829321772,0.0010153531912545644
0.02388882722462249,0.044992844371193774,0.025672735001389335,0.04585935412538067
0.0045506041402813,0.02371297927985827,0.0003704237649931885,0.03216148304080357
0.0008165064698633095,0.008750827860144472,0.0125085025368733,0.0011285608714542983
0.019550483638020588,0.0237139050644124,0.01671922011875704,0.013080623989731976
0.10967661315470367,0.05847236580609538,0.11008268762312401,0.046007323853595516
0.0003607015801654345,0.06807680145061712,0.0013893614245289454,0.09640664002837429
0.004853282176922602,0.0044220864782889,0.005108696989746586,0.005212708063130789
0.02993150422311619,0.008346851754870821,0.02493612283736557,0.024445126371318016
0.007683783072143235,0.0011405928726658798,0.006266343343882208,0.00015568693505829678
0.004864288495662339,0.015852204436912154,0.022033805105690973,0.029215675582805245
0.0017572255994405817,0.003264556941544261,0.012187739878951054,0.0002749377989511581
0.0002171952873584182,0.019830400198371456,5.7272034657440685e-05,0.01599574367148915
0.022912817948159914,0.0001323239005206478,0.014868234110062106,0.0006589673868871992
5.055000058540315e-07,0.0027434201356149046,4.221447353680574e-05,0.0011055816861599288
1.5474677165228101e-06,9.942244450278359e-06,0.0001049399744242896,0.0015213861271399232
0.012113504307442735,0.005207549906071973,0.0169193956531013,0.005700631442144055
0.0001952614743572223,2.5473490249394715e-06,0.00027841952508700363,0.0013364430995461696
0.015435399625637003,0.00941151241861582,0.014852685129653986,0.010757033443415498
8.86692703254699e-05,0.002228806977754294,0.00015221847492630225,0.0001057630325624892
0.00222798130668056,0.009370363996616171,0.008746769608884875,0.013366347237576237
4.445204786485135e-05,0.002031621007300477,8.345346524940567e-09,0.004228699360853905
0.046586516440913384,0.04107698765171974,0.06125070432276192,0.04112891967707921
0.025092175544000783,6.7135439052457e-06,0.00933236228933898,0.00022165087756864654
0.006958806551314867,0.007858986709925353,0.010240634526459402,0.011758588669921077
0.01543826095943035,0.012166497372846141,0.010279083961784674,0.03438409632505046
0.0024354999000455457,0.0499876473767652,0.00040476596994620806,0.025296944448998993
0.0006670881269587037,0.010341050225876836,0.001524975348136004,0.005821412992603192
0.00012423740239220216,0.008441207347639756,0.000733736841837529,0.019224648896621455
0.009594203806051249,0.017670794787132516,0.0038178972141543754,0.012290358000538015
0.002044362020540258,0.008789597017371586,0.0053354807038209495,0.0028154146315432227
0.01120364774416005,0.030493261245701953,0.0033565463931923833,0.021040406587614968
0.0004874681101806333,0.003808101366175709,0.0011397849070895472,0.0004229261045910482
0.00014736452780328424,0.016234405131409613,4.0284335191209664e-05,0.029331772891526553
0.006457613197928591,0.034663156079396074,0.0034140220045130176,0.025866293220628833
0.0026068865440889155,0.044025235151425535,0.001724128282376447,0.028920009155123272
0.0012024076772575443,0.013160154905051735,0.0027243183382705816,0.020345470042343106
0.00022374253083479179,0.05782401960659078,0.0028332005191310516,0.03407176242570742
0.008922754052148152,0.0033825234783527725,0.021033593341973078,0.0016840286586746744
0.00944082520535805,0.0009508051941128359,0.01040988690483613,0.0004315639891593337
0.007266652264561246,0.020776957160730247,0.015757234856132785,0.03168136980984948
0.008335576585166038,0.001022661928532398,0.006576649287671432,0.0003144485731682023
0.028703766695914013,0.0007570872320621369,0.01588339955847695,0.0007726840220488862
0.013615490207948944,0.009750679390547856,0.0077477552346874035,0.008803389612595636
0.016364348471959222,0.009345464850750829,0.0020735390792754327,0.00290970371050725
3.3835866618314725e-05,0.00463836441923593,0.0029134662053930116,0.0020318132864164395
0.010035632544039497,0.00207951694199604,0.022924735515332806,0.007004086028573386
3.275388832268966e-05,2.3984573197521897e-06,0.007620436738528191,0.004480584169447521
0.023032953573624892,0.011629424330158566,0.027473454820254872,0.021171382490795088
0.018598290796303596,0.006542898377773665,0.012726098834407007,0.0008065585991836599
0.01767855476476554,0.0006286913760461532,0.015616579384380325,0.013271104032768988
0.045015374008096076,0.020378179406998376,0.03449773609687656,0.014973498312958133
0.0015032397184560065,0.009759440904559935,0.002207398358199386,0.023765648922995153
0.00024581849646121423,0.018642776528133842,0.0008429753575996957,0.011476896093772782
0.018579274753250385,0.007682081268816532,0.016090470689026692,0.009098216972028172
0.001456031312967343,2.2084389670662397e-05,0.0004713391166398795,2.112495058537167e-05
0.03178386851231341,0.02300576590970138,0.03300498299479926,0.010420182266872136
0.0007003578976946256,5.466155916633575e-05,0.0006594581842741531,0.00828899391212734
0.01346111354158619,0.018394185108730143,0.010532829201922445,0.0228116586288013
0.01488628886678589,0.010032167734606245,0.005357660744211068,0.011038157318569941
0.005862863658446904,0.009981205212625577,0.012007935040136752,0.019878180843810545
0.021229611270317306,0.03753444061686795,0.018435671151629363,0.02077008915317058
0.0037330737545768766,1.2555453460683097e-05,0.006159325903979385,0.0004103223654335908
0.001329530974000348,0.0023431324057986425,0.0038199111607484237,0.002252853187566961
0.0003156679579909838,0.01687906435042741,0.0002674037074567037,0.015055857075467971
0.005762444635452613,1.8185231511647082e-05,0.014196381623977294,0.00044538116237091696
0.045964542017666976,0.029928608502947096,0.043941127976254046,0.056958116274100745
0.005668361964345614,0.003759557849038808,2.501274686261823e-05,0.0007363952014576292
1.48125450245562e-05,0.019922516465936124,2.830314253932098e-05,0.02051176463294402
0.010154118667056622,0.05579850559499833,0.003807169634030161,0.058354422512802984
0.04115017495175399,0.00482858130376318,0.04973020292845054,0.01416976325492414
0.008234040576312607,0.004295843376790565,0.003414102914578776,0.003113379995068666
0.00010644452108465874,0.0006884317276003582,4.583903011945445e-06,0.0016248334520631014
0.005521722143372099,0.01581893698969883,0.012728940941515998,0.020676303626360415
0.010940179453924781,0.0001876409503648313,0.0034070037628267658,1.3713847436536142e-06
0.012552590594712365,0.007495850284469863,0.015057235578184835,0.02258830808308865
0.0001394629439223083,1.7317012387163544e-05,0.00011895009013684898,0.0011868886372685683
0.006772308896827561,0.005652547757637683,0.009101102021247698,0.004510932903897036
0.0024043167958430756,0.00013447724198312194,0.006656555970610212,0.0034965362669056033
0.01151303018740657,0.008322100810450928,0.008910965964789352,0.017488932855041606
0.006661303062413526,0.027344771890544628,0.0012539501210157011,0.01775452535232258
0.002383948283741111,0.003028461889741485,0.0003324983224483047,0.0016879992033956848
0.003938285233757832,0.017702824338515666,0.0021505436390168997,0.008575463063181687
0.0035207383650185387,0.018702811246797624,0.0013542900661832613,0.03837687078340968
0.015710109041612075,0.01044080209524545,0.009138704575934353,0.01000475812203594
0.01303256749750692,0.0032127776342972814,0.007235431259365321,0.00010975777863486691
0.0001535885511454449,0.012866503353582193,0.0010100738680040022,0.021739038214773077
0.0022355225249611754,5.5181578596852354e-05,0.006913122470841193,8.738572855659932e-06
0.0009494623377004352,0.015594691461894516,0.0020833791216799957,0.009172232931428548
0.02853350983403269,0.014160722494355515,0.030515983264246316,0.007737274609837863
0.01455838764081896,0.0018644389435508169,0.009518895334557409,0.0016338776534059463
0.0003703766562948019,0.015574924805486834,0.003815165796504094,0.026501779513227075
0.007774281830590146,0.04511619296544911,0.013474154487515766,0.0524023995161258
0.016470536881074582,0.007313544008640704,0.019584271553407917,0.009991106116410076
0.0002490354267387085,0.0031823995373869707,0.0009657126879007993,0.002882561936023764
0.0002537678369149976,0.006413149244920646,0.001213486014798315,0.009707197351598307
0.0010714506686093639,0.011329068608337711,0.002187768372750698,0.009287075236909081
0.0031864674484817224,0.0008080717587213293,0.0034356452161058426,0.0035249432887682897
0.000999346803112755,0.003198015718543057,2.2574526253094085e-05,0.0017661319065004344
0.013553399007289357,0.0006227677165722145,0.004726375900609314,0.001233295593873307
0.0017998594310064675,0.006339854392257149,0.001522343687158756,0.004544880324972245
0.07381893678930096,0.020730834352713945,0.0762177671726143,0.0319651724460851
0.014053437391405521,0.009571699845279502,0.027991315051045573,0.0032142941245590917
0.0010398690322664939,0.0034701587778668275,0.0018242842939947268,0.00020486477749637189
0.005802345394356645,0.0010058208530059343,0.01317324333784764,0.0006037168393245862
0.00047615205768147817,0.00028742590738128904,0.0016457401752840717,0.0010781059331917975
0.005808300114431231,2.2541785691387872e-06,0.01532057831865008,0.00015244696504912447
0.0036822349961290746,0.023878843541306538,0.0015896008627073188,0.014631486246595826
0.0012175970493153443,0.01690951791276074,0.0023708818657782738,0.022206233924713326
3.775030349206787e-06,0.03570733313231478,0.00013226677253175279,0.053063489976651335
0.00012735591775225874,0.013293341597108377,0.0026536219158510566,0.021133735578213186
0.021246200853255903,0.02401726408705096,0.03308852610646473,0.03683906249863078
0.018899737358677005,0.020132369160124508,0.014755104111516149,0.016025432066621215
0.030640709318112358,0.005855914953056263,0.02763266975371892,0.00018221689570629973
0.009046748964153029,4.807387863425827e-05,0.012280451389507396,0.0021285131484362063
0.003713501765854499,0.053040793349311444,0.00021194493432086237,0.03113732513263212
0.002713675144761063,0.007408943954100744,0.005908696002253744,0.005837918010210941
0.0026155210575743437,5.7639191975322746e-05,0.004416500333114026,0.0013013232808676278
0.044989447538113514,0.01332015371907136,0.04351792927051723,0.013921032331838057
0.05670516292303662,0.014002940539285968,0.04421727375082518,0.025740357032555394
0.008545708123380291,6.286914642006369e-05,0.011098910392449035,0.0012957556813087967
0.0029076188336262243,0.025517932151364775,0.0004371088011750901,0.022926485160847276
0.00047580394873747434,0.00311675583714377,0.0023768190271343803,0.01758187547947898
0.003613779330370104,0.002488707616810637,0.0005189735771982118,0.010609829530750514
0.00386371907592431,0.018794089183311935,0.005765143483757118,0.018786817680984336
4.357054398385074e-07,0.004556669848230888,0.0007141401034276296,0.005298959011474813
0.02976166671520286,0.007472730562487873,0.018745669027520506,0.0021856777132731597
0.0019992854373220847,0.02296607670569939,0.0016580628718618762,0.014175002534013381
0.01112922990136278,1.8545583679863142e-07,0.02503040883380414,0.0004806393531562314
0.002072655189210515,0.002461145284522237,0.005962681340387355,0.0005163076980020387
0.00016082483339774356,0.0017062814835955287,0.0005458828322622011,0.008218070113185427
0.0001263179489779942,0.006822106926778648,1.3904486071303346e-05,0.01855582884181084
0.0007787674876187367,0.0003395907681874588,0.0014775732328884406,0.0013228478437754543
0.009084152989177863,0.014606923456656706,0.023216395928711053,0.009699276880550944
0.0089701619180802,0.0030242653552615684,0.01192983961102756,0.004298176501000284
0.0014499425986777004,0.04203772102296288,0.00724100941032102,0.016854129782257532
0.007531596020106002,0.0501174232021564,0.019149558799403277,0.06914200486173094
0.03861155330577648,0.001634892388217457,0.028238497628350845,0.004099047056584371
0.05861216418340487,0.02537246380480751,0.04119176576845007,0.029620081677113608
0.03403724642761441,0.0029486080823412086,0.04771621054224062,0.007156179581032651
0.006229846518083781,0.001708815584512191,0.006849724859004258,0.001252497510121131
0.0032024886622691318,0.010129063426105422,0.0005486443925227791,0.0032219464210149207
0.003977078364404862,0.01848104814554874,0.004940098474877419,0.025991610587102754
0.007001799675540155,0.03065914736373021,0.002063963415167347,0.02468059062674066
0.0007097704462744048,0.010965702767552932,0.0018478372705448276,0.00923192594420219
0.01134718124606604,0.0007021172727338376,0.02171261117933876,0.0027899776295947643
1.3676815580510038e-05,0.006975740827682486,0.0006275266282688152,0.021736236677158294
9.333906353503618e-05,0.01966149091596714,0.001251141291945257,0.017651192387937553
0.015444956839168023,0.02522491682346606,0.015250657864445571,0.02346561437615502
0.001979815332857404,0.02382875754033409,0.0005168497073987366,0.037529957279325066
0.01097797943740686,0.0005666318276789095,0.0046498999143378406,0.00030124991720248406
0.004627392838287392,0.00021021653961916797,0.002228200755881482,0.0002910902401009885
0.0005159969576659096,0.0016462369833698531,0.0005329561390438053,0.0034014658342814696
0.00778977078464449,0.001093652479600249,0.0019802601856344637,0.001298885109940251
0.013281665930756636,0.027556279587669485,0.010299786027407665,0.014799579150211462
0.009734914521407179,0.0006199773889452587,0.007776311469259611,0.0004783925653852883
0.0004409734933547016,0.007310248938480091,0.0002616465850081573,0.01086045491464438
0.0030139459983697936,0.037662033920332405,0.005413241281655878,0.03378871731551214
0.003642170531433231,0.009410363643903241,0.00468625267388878,0.0032409973058307173
0.0049165675534006414,2.6868320901485276e-08,0.004409730368153175,0.005040418126622481
0.03999822765167027,0.011578808038599231,0.038599470704632544,0.013958287007458048
0.0002867003654251077,0.0028919671619394016,1.2786377141527083e-06,0.0015158759533597799
0.03881464447047289,0.0007608654793155312,0.038824340815331815,0.0007805889811415279
0.0030999049100854936,0.04126917121483731,0.0009629488450347834,0.028884506267616183
0.013274573410376078,0.024065933020280594,0.0017778701076670567,0.012687877776089151
0.046193752836760194,0.0033853740964212564,0.0400312226677324,0.002313684775375191
0.004089953944331315,0.0011064614615838853,0.0005691522532316196,0.0007365130808931752
4.3768527802079404e-07,0.023213315630959963,9.493758984846501e-06,0.019438395118617335
0.0056926870542450825,0.002459268711973661,0.004133564020854075,0.005789862749324359
0.00556323619585708,0.01591872705010633,0.0004534766662041001,0.024250285610598832
0.00010535246980525326,0.00439785993889219,0.00019953495128210985,0.005146539998627464
0.0006292449058941108,0.005759485492354943,0.0021861080068248384,0.009643946585093266
0.00010996533385632112,0.00761113010797676,0.0023879319093700335,0.00711236075346966
0.008935772645350726,0.010634313676202156,0.0070027846386829795,0.019440869023951035
0.022824596827945243,0.0021068395870038614,0.009813139856120978,0.011152345385037066
0.007332929117519704,0.0010239448239526272,0.012985015104352349,3.976742992950477e-05
0.0028076355146197107,0.027055375706530493,0.003096863323575616,0.016132468098740582
0.006945840187967067,0.0008883058622927154,0.02090276081770448,0.002030857561444499
0.002377922045909475,4.32034302955131e-06,0.008352578160953694,0.00014785774365955184
2.191378276328315e-05,0.003587060786049423,0.0008550126502070432,0.000530283481533389
0.008298536081282504,0.00019852772388728734,0.016224085247393716,0.0032040403616122592
0.02725798076014363,0.0002582158955354297,0.04164571985452681,0.0021246756307732317
0.004916037462645018,0.00566115847899773,0.00715199445171133,0.0015776104564345639
0.02858873017856267,0.0025469210923410035,0.01595667910378229,0.002912097389052515
0.04991694455815199,0.002796000680458488,0.056820408595802396,0.0009044420752802873
0.005672551437076789,0.00498959121347442,0.007368696206508929,0.0014291572792979323
0.02394246287945878,0.008433192240493992,0.033419095059559756,0.005816082087391927
0.0028054852882866133,0.017751093113522853,0.0022712496917143277,0.009176829833068889
0.0003133038271715405,0.0009549708993503714,0.004439731397350655,0.0001297620408151623
0.003186516003684803,0.006139969352494279,0.01000902476094545,0.001554220168324516
0.0015546747830653684,0.0007338809192964924,0.0007456847010113288,0.0015022753334671402
0.0005178356734848455,0.011012814478345123,0.00345270832575173,0.018810688538263398
0.005036613920715638,0.004840167114257499,0.006894475286590485,0.0029485699477707072
0.004076014373496806,0.0014445694455883507,0.010436215772293811,0.00039602806663396883
0.01103957898610819,0.0022944060789130694,0.01201781951695191,1.3359739555740546e-05
0.00012161917571174019,1.9133957556149994e-06,0.0004445467975547901,0.01114295394448006
0.06238771486313721,0.05129729522281001,0.03602463221163221,0.04041426176553231
0.026653362557473192,0.011769529435773474,0.01800191754140501,0.0032049359966274116
0.03111845672166269,0.00406816686741851,0.02644504771161449,0.0061304807581797904
0.08203311326977714,0.0016069270880230135,0.06091095376242961,0.005612905701972815
0.0006022019843502369,0.011632404772123683,1.1204154160004975e-08,0.016521492011068006
6.324633800791624e-05,0.015215137602525797,0.0014917746938597487,0.0142387125974065
0.011633767789794414,0.00823588378487039,0.015327555848236862,0.0023281984539983425
0.007025955925846983,0.0003459869815128913,0.0011026141967704906,0.0030440619374468847
7.277738900701713e-05,2.441062415314832e-06,8.522602128469003e-07,0.00010742176427469552
0.008624147928934844,0.0002814219801553497,0.002796487814459181,0.00220004859996481
0.03386064579741732,0.0009926218195231984,0.024341553116569603,0.0002689761237842925
0.0003418978830762587,0.010403639293714462,0.0004076552133938094,0.01844942834646901
0.02121053834690978,0.03476547781138828,0.010648348606453473,0.03453437434566975
0.021971429849573232,0.004021717039784822,0.02868284229392204,0.004315457612693363
0.00039444605848082404,0.004002952071197607,1.177520590578407e-05,0.0001402099739321594
0.005200935468081314,0.06026435881126335,0.008925246783167307,0.04610367570374119
0.0004258197478613779,0.004109750418557323,0.0010098342030880891,0.006054615578282796
0.0009918958878639694,8.279288958412678e-06,0.00043526382207970116,0.005527477038840267
0.007366706660735911,0.01848802359951862,0.0026708406287960784,0.03343390506966504
0.006267164278691895,0.0013509181505204637,0.001072907601612716,0.0057186067075523095
0.000832648310017392,0.0027349683185911022,0.0005991675702343713,0.0049015821723197295
0.00518575978726199,0.002736088168639794,0.002239505250572482,0.000660437836327854
0.00345860009592025,0.01418671061945087,0.0036129863061394873,0.012495189305562815
0.00256063793062955,0.007051660959211614,0.00026490986317873055,0.003805322536809541
0.016554441058435065,0.0008355520806885286,0.012371330201896402,0.002330523610228674
0.0019751893814656807,0.017419497241766613,0.0011096134805994584,0.012124005730599685
1.2254917800547105e-06,0.004850921231350891,1.6295607586647165e-06,0.002801540866071761
0.1112143587980664,0.0016509468292659202,0.093680321733979,0.0019145513754816879
0.015524716683656958,0.04988732617958047,0.021101652619963884,0.06060646856200569
0.003782458703053715,0.006932342057014207,0.00022097345241900435,0.0048081992620486735
0.00045996356211552847,3.66509595168818e-05,0.004108869420853756,0.005608482726035091
0.007182201906631325,0.0006605121568598049,0.008052094818622457,0.003344519243583477
0.00025640063326481943,0.0029327487777287553,0.004593391706024907,0.002864792275654171
0.00744183577782187,0.008262806088868757,0.007581105039748182,0.001351595367135694
0.014277326089023767,0.0010388618090281243,0.008091721913030203,0.0004126302888922684
0.0160485600339606,0.0006145860674749981,0.015916230303151258,1.3203283936835675e-05
0.00497367783244651,0.0016616616699176578,0.008936136182664423,0.0016600288092555315
0.00678372093811952,0.010191838377569762,0.004971528280831028,0.00392780721181285
0.002199186475861925,0.021159224674380916,0.0015123672073189542,0.018860601711438885
0.005397998831467854,3.29454700531695e-06,0.01662172774118431,0.010229989484944135
0.001996107220013643,1.2215707642204698e-05,1.24318400018808e-08,0.0006916494667142947
0.004572968419645829,0.002150519879439927,0.011526935422447648,0.00014609525240238952
0.010598958205227826,0.05018324865210566,0.014432121699428868,0.05595007115209372
0.0014706480137738343,8.972037580079473e-05,0.0030524710531215637,3.9379373320103106e-05
0.00021372985325862626,0.006642319619473702,0.00021260198228567617,0.006981060890457913
0.0017929458657020003,0.015135980245551739,6.0423246536212005e-06,0.02679647367723459
0.007727990494519332,1.5759304308193833e-06,0.012123083404424473,0.0014770760849658338
0.0009216265787126421,7.387468583841539e-05,4.97130115097999e-05,7.164027243766746e-06
0.0007943028401911079,0.004081179570157745,0.0010524413666969101,0.009491978237295418
0.016717975006297348,0.003493808083839478,0.008587831081213304,0.000168475634854226
0.041039876839369493,0.14615547715549682,0.023161321470644647,0.0689874266859406
0.00031676614672382364,0.0029244264101617734,0.0002483284647414319,3.6240607304782735e-05
0.008034028779354774,0.0015640405757011422,0.01605477243948561,0.006134005509648044
0.0103340953585076,0.022535530333171905,0.011002982166353759,0.03337618918252261
0.05077698438139955,0.018930824697063864,0.025861306290437036,0.030175318942422757
2.0523083232859562e-10,0.027197126368848523,0.00050510115310054,0.01774331907720761
0.03383115579782381,0.009973964885796494,0.03336402836989072,0.007306425995385557
0.0005900939203546951,0.0025564027670895717,0.002025441150841467,0.018917485747629303
0.001084243687123343,0.0004686419900513661,0.011280123570406975,0.00254385191421147
0.012902084254117208,0.016783369620899102,0.02775302378387201,0.034736670269022496
0.013756826348792717,0.013146774009421436,0.0020186892725108097,0.003176183418383438
0.03232058307539987,0.024272934100223797,0.03374004265273123,0.03088169226570403
0.0010568108098324425,6.803305514946345e-05,0.0018026855190003133,0.00040837602352250535
0.04382850211755762,0.0427376614228111,0.0427199553120815,0.025026444237050804
0.015854582298155062,0.002295941120771028,0.01239889706195163,0.00295472157390142
0.015185547695123924,0.013513672878295302,0.020558917440676838,0.007320875442772823
0.024938250586506783,0.00032405131101076456,0.022320192250613435,0.005733172302142653
0.007586447821101072,0.008385407706247738,0.02122288122986704,0.0006624117176701194
0.01429208408728444,0.04334802442659036,0.0068872471353237374,0.04556944625685866
0.0011100438084465925,0.01054592321530412,0.0025257654178667543,0.004753315012581583
0.0012775617262223982,0.0010410901314180654,0.003948196626989531,0.0031760191601371
0.000155966707102273,0.004095633586132852,2.368726496926321e-05,0.008519574268823105
0.004333824700117894,0.0037285805124483984,0.010708721122648313,0.0033806820531133708
0.0040323099761782055,0.029173861356654784,0.001129092002458476,0.010453856233909042
0.01589325251017837,0.001711843023977866,0.016833768638576996,2.816217368195595e-07
0.001434238604215432,0.012802036984846832,0.00017890937488518333,0.0038307450929258025
1.9961352452080305e-06,0.0010042253616440178,7.997357007982764e-05,0.0024493478987286377
2.5484990780477723e-05,0.0011251273331975842,0.00011989362996855935,0.00021869611125313604
0.0025169910336194645,0.004119118237079555,0.0038198517901926188,0.005146311726373143
0.008038458296532935,3.9932707963985514e-05,0.005640831610739472,5.711258140717046e-05
0.00039450768670001857,0.06773656730759114,0.002056466769359999,0.08850918662119467
0.0030910259942533713,0.00033678061022790473,0.0056504431610887584,0.005569284879296088
0.02700055147449254,0.10117561251107565,0.0260252364450142,0.10529253504889435
0.01845412213323039,0.002968923881407015,0.013745589014756088,0.0014691604941946546
0.0009065278256797926,0.00598426477879932,0.006438327502111263,0.010498680194463317
0.027850005149657964,0.012392281596719568,0.007392951285483007,0.004496376303317118
0.00743671281000946,2.465952730901222e-08,0.008036516175009112,0.0006817421208684671
0.0001437482390609368,0.011803020798581643,0.00011675985036629921,0.02651934123753974
2.3016437356027097e-07,0.000646039022039191,0.0005171798699575847,0.00021699099522032306
6.585618235632751e-05,0.007330179696302452,0.00061973659825032,0.010010696720657908
0.002125560341368682,0.0563442979317228,0.0070217771808887,0.024475564747177825
0.0005693304168316038,0.030398368499397033,5.056246174861556e-06,0.015473241002271987
0.00019836691110319826,0.0005615696052225783,0.0005999861523312555,0.0010775082307606931
0.024168144902626865,0.003356254208443654,0.018421120263610424,0.006664259043909437
0.02955815441269294,0.004116451548381805,0.01253760614313204,0.001302327672795145
0.02183433395803991,0.04754831277873284,0.014514004140289694,0.043088563354458875
0.0022723136707959446,7.13711812283524e-06,0.01111932862112508,0.0003059210300414561
0.0010158981093633113,0.016818870453430113,1.549913896248256e-05,0.02809528603500011
0.002088006501247741,0.0031289401165176534,0.001278372846386544,0.008804990147032399
0.0005017093558596919,0.0006840203089528707,3.2380467772652466e-06,0.0028933877640964223
0.0074082109163721155,0.0003408361256642678,0.008015251818967006,0.005862135016341807
0.002940580686861649,0.025153021456999713,0.0010366773569083776,0.016129863624670393
5.928448841396872e-05,0.0024807165065080516,0.0008195550556546749,0.004395024266438896
0.001255583566653673,0.01007130869693329,0.0009209362996674963,0.018081625343231544
0.03382659460889392,0.03996804144432897,0.03256383996863366,0.025349312860717954
0.0023637094623810695,0.009504718360462405,0.00540936077631593,0.011961692377703947
0.016040249081735625,0.03267788944545058,0.010311811849505581,0.022442725483383108
0.010840382380744584,0.0056573065311854576,0.0023546315267570783,0.0017247493722551965
0.009580156308774512,0.0012116603029296291,0.014402284999863513,0.0005057862092376908
0.10945452666061439,0.13192187203541006,0.1227872853764066,0.14820909300815766
0.04589056653541823,0.03924408829604731,0.04817874224936525,0.029753279237409447
0.008958334953014013,0.0032040295248930706,0.014654878714650543,0.004484232527718013
0.02602095384002079,0.00805138635225966,0.01559272560588032,0.019582488556582067
0.02856909253630968,0.006250510408045917,0.027992140011623756,0.006500558309168514
0.03703070520773155,0.02139426780018827,0.023720192602000645,0.01243891983046097
0.0009942695680317248,0.00509933650784844,0.003468876462679793,0.011016191998800218
0.03599041796440716,0.00013299992245818792,0.0166700150781538,0.0005989023492413148
0.023183911570876514,0.020150172023891355,0.04096788522756745,0.03246129915863982
0.01262770450085493,0.01902057689118075,0.02755989701091155,0.01973763224278302
0.0025790183594155414,0.0009153897940255007,0.0007993797634258115,0.00013332361198015175
0.008330814398542996,0.007081424010575321,0.002810547972269317,0.005363080701849321
0.010289303671422334,0.023870240509983875,0.02345331078365065,0.025330996558161623
0.03597289330795672,0.002594222014576486,0.037411391216949696,0.0037284828039128026
0.01888323177736817,0.006257028394212494,0.011372701621193526,1.930046682763198e-05
0.005806627200702352,0.00911525093651322,0.013277667141187388,0.01761676876952678
0.04267365200041873,0.0362464042045435,0.04252481286545651,0.03238496593534601
0.040330272087202856,0.01841402396178249,0.02263503069397621,0.01580396150285468
0.006522713678843495,0.009601718768607492,0.002429562378602368,0.020859198250204547
0.005847197096980672,0.06524497701786636,0.007388738316033261,0.056778977522667695
8.516308342754186e-06,0.0015975444075384537,0.003919502311325873,0.004918661376293709
0.013994831008493747,0.002965716636935567,0.02551974472230767,0.00920837521523199
0.0005774789489004784,0.03944113577562314,0.003063123369294596,0.05850684768811498
0.0002022046983556347,0.04873918246693698,0.0020079406985075154,0.0441174961748545
0.02481867660111181,0.031582262659547444,0.018838231766003077,0.06024182235694864
0.024404571386625107,0.007905583580078868,0.031109583560225862,0.012981460392687771
0.006697159802917518,0.002707066115497536,0.00776666174195495,0.0016614479603676013
1.6954442043637385e-06,0.002998876145307139,0.001504822616584578,0.0014265230760384107
9.940149665255138e-05,0.0018063930247239623,0.001260995888155314,0.010126791631640875
0.017567115047827486,0.029577456779016464,0.015158711852142126,0.037096122933921394
0.0033393875119873684,0.00040486854178267695,0.016814896867283435,0.00279436047560222
0.00014268025502439663,0.0116371618864064,0.0021753380026685587,0.01547253960254713
0.00026965524049038514,0.007461522251589359,0.0004732134485545547,0.018110748015479183
0.046584643247590485,0.002809270371074035,0.02992343415912524,0.0026766186444877604
0.008498268380114693,0.011602457808205568,0.009894003605114499,0.010983322330553102
0.0005039168200421384,0.002141637422219067,6.428478594877607e-05,0.0027514806881278053
0.04163792638428421,0.017399557493157247,0.051443515422568975,0.01510916566318743
0.0017933058187129536,0.000529300530504595,0.0010621007493063495,0.00022124317699168117
0.006252382100696896,0.00025887165669347123,0.012065734432502584,0.0033758660999545498
0.0018658820620209848,0.00011196056848827851,0.00011160260467735217,0.00019988178867547113
0.0007316456298220864,0.020557783888047187,0.0003905728850296386,0.022373071618480234
0.0015915316108912059,0.00046632629853116114,0.0004942170714262728,0.0015631044016760631
4.572368299204932e-06,0.02835371337131698,2.049483294186416e-08,0.023687636906928655
0.004320164768658485,0.0022739581593899105,0.009692191428323116,0.0014810412018861907
2.47736684833022e-07,0.009349129366068687,0.00025755847094421913,0.004099393402314022
0.09891643665202066,0.010113854828274094,0.07036347950256217,0.005673493816570452
0.0005343734469663852,0.0020671338249658167,0.0036563064500506615,0.011618509987246672
0.006763325235905837,0.00167571234121755,0.01270234272974713,0.0006594474403469608
0.012479338757333092,0.02382691737501963,0.006556490115851021,0.021241405807215674
0.02204219558049214,0.019056448316578822,0.026762958394141667,0.029442047339564792
0.018181096419980003,0.03247573805356718,0.004169681286773974,0.0394397502983298
0.02479025306007876,0.009006060328423326,0.024745132549304105,0.01724987641893594
0.000801749615509384,0.04567982205782317,0.0020769359817227606,0.049927637223749044
0.002273429521723158,0.0066426393327225774,1.141456485598269e-05,0.0017373151397834796
0.0006938058818747317,0.012488359026854967,0.0006967808266289399,0.010701101080372588
0.0012187037962767544,0.0035305688039141137,2.84130986460962e-06,0.0009581185076619203
0.020132320474832377,0.0019941462827992584,0.013546500665593042,0.0009934097685307952
0.001633619720323276,3.358857231072765e-05,0.00036362729833738783,9.014580399757666e-05
0.0007003861166232639,3.9183321134395044e-05,0.0012093840379385767,1.2571858800769498e-05
0.023368905145773722,0.0023506593283958432,0.024967628008835674,0.010906320546779869
0.02854188175625516,0.01988036165311491,0.03572788292653983,0.02120645044902314
0.012943965801499258,9.460072218914206e-07,0.0027521777055394825,0.0032501661258446113
0.008515278638690837,0.0008189222367808169,0.004603232487613074,0.0003046043749361793
0.006142811335572929,0.009870936125585095,0.0058541325134739974,0.01618713144858208
0.011881094523999214,1.9669836535229912e-05,0.007091006609114547,0.003134348801586029
0.005821282561456087,0.012360099021663351,0.00651011518506428,0.005954054975754963
0.00784596232354251,0.0006083618970986748,0.01154541469449133,0.007189515727108686
0.001688135945175806,0.002956906677900384,9.678401032764405e-05,0.0003449467221688929
0.002655730950119062,5.2231336947761164e-06,0.0005926287762851867,0.00048559279507731645
4.872428891933289e-05,0.002677637554360679,0.0011535582392144805,0.0035158407573501194
0.014767253762685173,0.0007392594069384195,0.01184769720425427,0.002444593668664119
0.00208527606726272,0.0015404117408903684,0.0007692205629640236,0.00015070970352093482
0.005383891368499927,0.008251179284316734,0.002905872276736887,0.00528144502849992
0.009728808554238078,0.02113908339499382,0.015511347777719675,0.004979335169190469
0.0033459902110655193,0.001296895898516226,0.005955552398141051,0.0002921209651703949
0.0008675653306667863,0.00010783623068466586,0.0035664042791273554,0.0009665967907914741
0.001450402513482052,0.021895782570580336,0.0029725650940644055,0.013746440770297186
0.09450810873399607,0.030971333053111727,0.07325171504966044,0.01712276845740257
1.810773911647967e-05,0.022049533562472523,0.0017167904840588166,0.021294956543872035
0.0021885927943952055,0.0011000245211415516,0.0025153679862471856,2.0351470722101972e-05
0.06916041379930848,0.0016587518403210488,0.043247136281776344,0.00027008466992672897
0.043435829612036625,0.007413336069337251,0.0323575131886229,0.005387562593791806
0.0001132494661284511,0.005455970957108591,0.0001412179931132851,0.0026214181388389823
0.0007792832708538588,0.0015382362687059725,0.0037029960658284677,0.009321331222851503
0.0025839554922130192,0.009831551920199355,0.00019836905902459456,0.0007289286820328922
0.002273794906746507,0.004821137708555079,0.0001574390799234937,0.0018208423467996893
0.012741631809604859,0.0012698802952569865,0.009540626110850714,0.00014112793936060797
0.01031861765865405,0.012980479329444572,0.0022697625209443517,0.005060038792495614
0.08055598203506054,0.028530540466864318,0.05413695538790453,0.014397766188898653
0.01037362031165212,0.014758291976112115,0.017843867686365478,0.009886177307186883
0.007058600062091358,0.014237818224615895,0.004181690018167261,0.005180879729075216
0.0006662151761109847,0.009253577292382742,2.932883238981887e-05,0.021005765106216767
0.0010719884757476317,0.007918773154611425,0.0007394673297508314,0.005442188482256083
0.0016048770292098613,0.003164790274346019,0.00012164609721632136,0.005765071377373365
0.00795161807024547,0.012957671727074738,0.016860203975475496,0.007196902050662257
0.004113490431784439,0.0004996988018429738,0.011965048409839252,2.0805711551385997e-06
0.006328480762826105,0.0003245430401107585,0.0015317213666501406,3.335942061610808e-05
0.0016310742582578142,0.008880927036355568,0.0010139321306829041,0.007379424736319695
0.0005254837668954293,0.0029630053314908533,0.00039789638133169714,0.009779720463978236
0.00045533359887550695,0.04675950410223728,5.382302752598989e-06,0.04907552575220042
0.024090985751051952,0.005878360222194012,0.009385103354654145,0.007391081103228947
0.020348851021350978,0.0017726380656611918,0.008762350845258782,0.0022884289697637783
0.006603761253705098,2.1405735054935704e-05,0.0059127059521520975,0.0012821580998525484
0.0006052669261897847,0.0019843753528436814,0.0009191401358004114,0.005436405521184295
0.0009432426115683068,0.009772468852502492,0.00020789893720662977,0.013180007782717884
0.00015555317147797343,0.006659544710484799,9.603144363967697e-05,0.002395546407809368
8.741550767910056e-06,0.0039020222527912374,0.0005479327941634304,0.0038321608182455558
0.0061132059360492486,0.003936905899865728,0.01048515288642049,0.009971341450184412
0.000586898243359224,0.008111101958910072,0.00010545056000432762,0.005003140665155392
0.00733974476767707,0.00113430175137208,0.004038288607236207,2.517250145217531e-05
0.010951420940937151,0.0067479552854295966,0.004882731214637004,0.0014679718986865264
0.0006708501660533939,0.0005887036081146935,4.5187846665628584e-05,0.00017246270958182208
0.009718521551115633,0.054393507440448574,0.021541128995251846,0.0476467971619029
0.013269808615224088,9.414652367745191e-05,0.012073718154904212,3.583454789568563e-07
0.0010055078634000347,0.009890769867426319,0.0008710193007538392,0.013669716231349938
0.02256448856505522,0.018391493176161178,0.01754764380504259,0.005019304194139873
0.0003153320315990582,0.0016581289217839634,0.002811329840171184,0.0008822810945763315
0.013927628535809644,0.0004505961618779253,0.007402693135640792,0.00011995439496703675
0.0018784419697510657,0.01396836039438254,0.00553237006645646,0.02507138857618274
0.012328388776195243,0.039360399999209594,0.02897351828869288,0.0627954924694627
0.013133096549281298,0.012318970083908254,0.014338958418063874,0.029741484645622762
0.021075101195314416,1.3308762049080158e-05,0.03078537991711161,0.001207917018868132
0.000620724922991589,0.0004507613091747631,0.000116828075933606,2.1239716191168156e-05
0.012424060192035458,0.02887618777493184,0.0180243193960834,0.03649434227146908
0.018308020191844854,0.015548127244056298,0.011369647038402708,0.0061457443855930105
0.004729573502952333,0.005116909330116326,0.00848073158777951,0.021194848005632094
2.661936492720507e-05,0.005155174958999642,0.00359436301136562,0.008166506540063345
0.02606779207879073,0.009000701876139328,0.016209647864516286,0.0013059671032238374
0.008807622324847109,0.0002704302982518003,0.004329623701534446,0.005781758440064677
0.00034747031978943355,0.002419656705925699,0.005550761528843928,0.0001614139179463292
