id,phenotype,in_85_longitudinal,receptor,setting,conductance,quantity,value
112288,IMAGEN,False,AMPA,ampa_low,0.004,dNP,1.88377913
458976,IMAGEN,False,AMPA,ampa_low,0.004,dNP,0.21676618
829055,HC,False,AMPA,ampa_low,0.004,dNP,0.91517095
1647364,IMAGEN,True,AMPA,ampa_low,0.004,dNP,1.10840716
2190836,HC,False,AMPA,ampa_low,0.004,dNP,-0.36220248
2270310,HC,False,AMPA,ampa_low,0.004,dNP,-0.68346161
2695459,IMAGEN,True,AMPA,ampa_low,0.004,dNP,0.55781731
2904393,HC,False,AMPA,ampa_low,0.004,dNP,2.00490828
3287674,HC,False,AMPA,ampa_low,0.004,dNP,1.21305319
4254555,IMAGEN,False,AMPA,ampa_low,0.004,dNP,-0.20913046
4631192,HC,False,AMPA,ampa_low,0.004,dNP,2.79720238
4794212,IMAGEN,True,AMPA,ampa_low,0.004,dNP,0.09746953
4885471,IMAGEN,False,AMPA,ampa_low,0.004,dNP,0.05853893
5182386,IMAGEN,True,AMPA,ampa_low,0.004,dNP,0.21918587
5432841,HC,False,AMPA,ampa_low,0.004,dNP,0.78524644
5901115,IMAGEN,True,AMPA,ampa_low,0.004,dNP,1.60072923
5978534,HC,True,AMPA,ampa_low,0.004,dNP,1.94819907
6000160,IMAGEN,False,AMPA,ampa_low,0.004,dNP,0.81126744
6314205,HC,False,AMPA,ampa_low,0.004,dNP,1.42279139
6502630,HC,False,AMPA,ampa_low,0.004,dNP,0.99744793
7127936,HC,False,AMPA,ampa_low,0.004,dNP,-0.55356867
7478069,IMAGEN,True,AMPA,ampa_low,0.004,dNP,0.58457148
7764421,HC,False,AMPA,ampa_low,0.004,dNP,1.6067823
8043474,HC,False,AMPA,ampa_low,0.004,dNP,-0.5425544
10058298,IMAGEN,False,AMPA,ampa_low,0.004,dNP,2.77455542
10121092,IMAGEN,True,AMPA,ampa_low,0.004,dNP,1.43008074
11922061,IMAGEN,True,AMPA,ampa_low,0.004,dNP,-0.13809209
12029891,HC,False,AMPA,ampa_low,0.004,dNP,-0.6674263
13471924,IMAGEN,True,AMPA,ampa_low,0.004,dNP,0.10772448
14759699,IMAGEN,True,AMPA,ampa_low,0.004,dNP,0.23049783
14783858,IMAGEN,False,AMPA,ampa_low,0.004,dNP,0.21775394
14850118,HC,False,AMPA,ampa_low,0.004,dNP,0.92728202
14893890,IMAGEN,True,AMPA,ampa_low,0.004,dNP,1.85519765
15059321,IMAGEN,True,AMPA,ampa_low,0.004,dNP,0.03863191
16190159,IMAGEN,True,AMPA,ampa_low,0.004,dNP,-0.8863775
16275727,IMAGEN,True,AMPA,ampa_low,0.004,dNP,2.09639075
16708319,HC,False,AMPA,ampa_low,0.004,dNP,-0.23283648
17213220,IMAGEN,True,AMPA,ampa_low,0.004,dNP,1.24661315
17696979,IMAGEN,False,AMPA,ampa_low,0.004,dNP,2.0822208
18455372,IMAGEN,False,AMPA,ampa_low,0.004,dNP,-0.96918635
18801650,IMAGEN,True,AMPA,ampa_low,0.004,dNP,0.24408295
18904077,HC,True,AMPA,ampa_low,0.004,dNP,1.21566107
18952353,HC,False,AMPA,ampa_low,0.004,dNP,1.64482182
19031295,HC,False,AMPA,ampa_low,0.004,dNP,0.93073611
19316057,HC,False,AMPA,ampa_low,0.004,dNP,1.21903386
19432693,IMAGEN,False,AMPA,ampa_low,0.004,dNP,0.67463166
20051604,HC,False,AMPA,ampa_low,0.004,dNP,1.80338046
20830744,HC,True,AMPA,ampa_low,0.004,dNP,-0.34904658
21053574,HC,True,AMPA,ampa_low,0.004,dNP,-1.35976354
21313420,IMAGEN,True,AMPA,ampa_low,0.004,dNP,-0.10063394
22084493,HC,False,AMPA,ampa_low,0.004,dNP,1.56622311
23343892,HC,False,AMPA,ampa_low,0.004,dNP,1.44432172
24115048,HC,True,AMPA,ampa_low,0.004,dNP,-1.22556993
24495953,IMAGEN,True,AMPA,ampa_low,0.004,dNP,0.79184267
25000478,HC,True,AMPA,ampa_low,0.004,dNP,0.5597476
25067315,IMAGEN,True,AMPA,ampa_low,0.004,dNP,1.0219494
25356336,IMAGEN,True,AMPA,ampa_low,0.004,dNP,3.31659064
25517914,IMAGEN,True,AMPA,ampa_low,0.004,dNP,0.0797094
25821028,HC,False,AMPA,ampa_low,0.004,dNP,2.26668256
26901488,IMAGEN,True,AMPA,ampa_low,0.004,dNP,1.29693262
27363295,HC,False,AMPA,ampa_low,0.004,dNP,-1.38992802
27578624,IMAGEN,True,AMPA,ampa_low,0.004,dNP,1.34372381
28113492,HC,True,AMPA,ampa_low,0.004,dNP,2.58318779
28264513,HC,False,AMPA,ampa_low,0.004,dNP,1.30171229
29658673,IMAGEN,True,AMPA,ampa_low,0.004,dNP,2.02327222
29751086,IMAGEN,True,AMPA,ampa_low,0.004,dNP,1.57874505
29871328,IMAGEN,True,AMPA,ampa_low,0.004,dNP,1.98791111
30151696,HC,False,AMPA,ampa_low,0.004,dNP,0.48269061
30276332,IMAGEN,True,AMPA,ampa_low,0.004,dNP,-1.98398408
30649663,HC,True,AMPA,ampa_low,0.004,dNP,-0.17810838
30779144,IMAGEN,True,AMPA,ampa_low,0.004,dNP,1.70539195
31070544,IMAGEN,True,AMPA,ampa_low,0.004,dNP,0.35776223
31171219,IMAGEN,True,AMPA,ampa_low,0.004,dNP,2.00533753
31825112,IMAGEN,True,AMPA,ampa_low,0.004,dNP,0.4728056
31851798,IMAGEN,True,AMPA,ampa_low,0.004,dNP,-0.60527231
32581973,HC,False,AMPA,ampa_low,0.004,dNP,0.70182859
34458922,HC,False,AMPA,ampa_low,0.004,dNP,1.86208182
35704260,IMAGEN,True,AMPA,ampa_low,0.004,dNP,1.18307653
36383037,HC,False,AMPA,ampa_low,0.004,dNP,0.69957303
37280746,HC,False,AMPA,ampa_low,0.004,dNP,-0.85023741
37805580,HC,True,AMPA,ampa_low,0.004,dNP,1.1267078
38072766,HC,False,AMPA,ampa_low,0.004,dNP,0.43284326
38521433,IMAGEN,True,AMPA,ampa_low,0.004,dNP,0.62508839
38666520,HC,False,AMPA,ampa_low,0.004,dNP,0.72768613
39453204,HC,False,AMPA,ampa_low,0.004,dNP,0.50789112
39583981,HC,False,AMPA,ampa_low,0.004,dNP,2.71993825
39776858,IMAGEN,True,AMPA,ampa_low,0.004,dNP,1.62526009
40201562,HC,False,AMPA,ampa_low,0.004,dNP,0.08722688
41213271,HC,False,AMPA,ampa_low,0.004,dNP,1.34381011
41383458,IMAGEN,True,AMPA,ampa_low,0.004,dNP,-1.32888672
41429086,IMAGEN,True,AMPA,ampa_low,0.004,dNP,-0.08951599
41548748,HC,False,AMPA,ampa_low,0.004,dNP,2.79283549
42449851,HC,True,AMPA,ampa_low,0.004,dNP,1.90628946
42823353,IMAGEN,True,AMPA,ampa_low,0.004,dNP,-0.36647666
43525440,HC,True,AMPA,ampa_low,0.004,dNP,0.55276861
43720294,IMAGEN,True,AMPA,ampa_low,0.004,dNP,1.96579937
43926786,IMAGEN,True,AMPA,ampa_low,0.004,dNP,1.33476183
44576096,HC,False,AMPA,ampa_low,0.004,dNP,3.32776331
45544719,IMAGEN,False,AMPA,ampa_low,0.004,dNP,1.52865656
48028426,IMAGEN,False,AMPA,ampa_low,0.004,dNP,2.09241612
48054415,HC,False,AMPA,ampa_low,0.004,dNP,0.77457169
50395729,IMAGEN,True,AMPA,ampa_low,0.004,dNP,2.78023516
51076110,HC,False,AMPA,ampa_low,0.004,dNP,1.31420183
51649816,HC,False,AMPA,ampa_low,0.004,dNP,2.03974592
52071148,HC,False,AMPA,ampa_low,0.004,dNP,1.40873858
52801880,IMAGEN,True,AMPA,ampa_low,0.004,dNP,0.56473962
53120454,IMAGEN,True,AMPA,ampa_low,0.004,dNP,1.24963319
54633971,HC,False,AMPA,ampa_low,0.004,dNP,-0.70383843
54741718,IMAGEN,True,AMPA,ampa_low,0.004,dNP,-0.80833409
55417875,HC,False,AMPA,ampa_low,0.004,dNP,0.53828848
55499880,HC,False,AMPA,ampa_low,0.004,dNP,1.40286271
55619168,IMAGEN,True,AMPA,ampa_low,0.004,dNP,0.69492403
55836894,HC,False,AMPA,ampa_low,0.004,dNP,0.92785514
56819618,IMAGEN,True,AMPA,ampa_low,0.004,dNP,0.73865371
57172435,HC,False,AMPA,ampa_low,0.004,dNP,0.96257251
57348284,IMAGEN,True,AMPA,ampa_low,0.004,dNP,1.1627519
57930100,HC,True,AMPA,ampa_low,0.004,dNP,1.43333464
57968987,IMAGEN,True,AMPA,ampa_low,0.004,dNP,0.69127801
59057693,HC,False,AMPA,ampa_low,0.004,dNP,0.56838472
59343528,HC,False,AMPA,ampa_low,0.004,dNP,2.11692252
60184938,HC,False,AMPA,ampa_low,0.004,dNP,0.9294534
60186708,HC,False,AMPA,ampa_low,0.004,dNP,-0.09894943
60281382,IMAGEN,True,AMPA,ampa_low,0.004,dNP,0.55421463
60334165,HC,False,AMPA,ampa_low,0.004,dNP,1.43815163
60530234,HC,False,AMPA,ampa_low,0.004,dNP,0.73342916
61581707,HC,True,AMPA,ampa_low,0.004,dNP,0.61749963
61756624,IMAGEN,True,AMPA,ampa_low,0.004,dNP,0.67571753
63213959,IMAGEN,False,AMPA,ampa_low,0.004,dNP,0.98510594
63218063,HC,False,AMPA,ampa_low,0.004,dNP,1.44297881
63989137,IMAGEN,False,AMPA,ampa_low,0.004,dNP,0.63287772
64043761,HC,False,AMPA,ampa_low,0.004,dNP,1.16663508
64082948,HC,False,AMPA,ampa_low,0.004,dNP,-0.64207397
64309040,HC,False,AMPA,ampa_low,0.004,dNP,0.62401968
65620046,IMAGEN,False,AMPA,ampa_low,0.004,dNP,0.48677239
66092324,IMAGEN,False,AMPA,ampa_low,0.004,dNP,1.40995914
66847819,IMAGEN,False,AMPA,ampa_low,0.004,dNP,0.27246808
67342911,IMAGEN,True,AMPA,ampa_low,0.004,dNP,0.95400298
67844279,IMAGEN,True,AMPA,ampa_low,0.004,dNP,2.17627375
68000499,IMAGEN,True,AMPA,ampa_low,0.004,dNP,-0.66455678
69159223,IMAGEN,True,AMPA,ampa_low,0.004,dNP,0.13677193
69366941,IMAGEN,True,AMPA,ampa_low,0.004,dNP,1.81908414
69973472,IMAGEN,True,AMPA,ampa_low,0.004,dNP,1.02635057
70910152,IMAGEN,True,AMPA,ampa_low,0.004,dNP,1.62299618
72155879,IMAGEN,True,AMPA,ampa_low,0.004,dNP,-0.99744062
72358748,IMAGEN,True,AMPA,ampa_low,0.004,dNP,-0.10341424
79630427,IMAGEN,True,AMPA,ampa_low,0.004,dNP,0.03740541
80301458,IMAGEN,True,AMPA,ampa_low,0.004,dNP,-0.85183608
80461839,IMAGEN,True,AMPA,ampa_low,0.004,dNP,-0.39041203
82149344,IMAGEN,True,AMPA,ampa_low,0.004,dNP,1.28013979
83490451,IMAGEN,True,AMPA,ampa_low,0.004,dNP,2.01868766
84037702,IMAGEN,True,AMPA,ampa_low,0.004,dNP,3.01248061
84828767,IMAGEN,True,AMPA,ampa_low,0.004,dNP,-1.02537215
90973178,IMAGEN,True,AMPA,ampa_low,0.004,dNP,0.45571973
92159995,IMAGEN,False,AMPA,ampa_low,0.004,dNP,0.13503746
92432902,IMAGEN,True,AMPA,ampa_low,0.004,dNP,-0.45909353
92523261,IMAGEN,True,AMPA,ampa_low,0.004,dNP,1.40529771
94345446,IMAGEN,True,AMPA,ampa_low,0.004,dNP,0.92396038
94998851,IMAGEN,True,AMPA,ampa_low,0.004,dNP,0.45285557
97970921,IMAGEN,True,AMPA,ampa_low,0.004,dNP,3.86654253
110841481,MDD,False,AMPA,ampa_low,0.004,dNP,3.04001484
110937433,MDD,False,AMPA,ampa_low,0.004,dNP,1.9435415
111086310,MDD,False,AMPA,ampa_low,0.004,dNP,-0.15420075
111096801,MDD,False,AMPA,ampa_low,0.004,dNP,2.92390196
111844771,MDD,False,AMPA,ampa_low,0.004,dNP,1.24195518
112091464,MDD,False,AMPA,ampa_low,0.004,dNP,1.88538101
112517217,AUD,False,AMPA,ampa_low,0.004,dNP,2.14720259
112917188,AUD,False,AMPA,ampa_low,0.004,dNP,1.77659415
112957066,MDD,False,AMPA,ampa_low,0.004,dNP,2.57559738
113174215,MDD,False,AMPA,ampa_low,0.004,dNP,2.80180879
113237194,AUD,False,AMPA,ampa_low,0.004,dNP,2.17791909
113387068,MDD,False,AMPA,ampa_low,0.004,dNP,1.76648741
114552708,MDD,False,AMPA,ampa_low,0.004,dNP,2.79345226
115212275,AUD,False,AMPA,ampa_low,0.004,dNP,1.08216554
117385823,MDD,False,AMPA,ampa_low,0.004,dNP,4.05991706
118382279,MDD,False,AMPA,ampa_low,0.004,dNP,1.0695228
121801833,AUD,False,AMPA,ampa_low,0.004,dNP,0.63446875
122083369,AUD,False,AMPA,ampa_low,0.004,dNP,2.55779751
122408481,MDD,False,AMPA,ampa_low,0.004,dNP,2.78585729
123660597,MDD,False,AMPA,ampa_low,0.004,dNP,3.65301045
123930959,MDD,False,AMPA,ampa_low,0.004,dNP,3.59842779
124782577,AUD,False,AMPA,ampa_low,0.004,dNP,1.62121164
125237313,MDD,False,AMPA,ampa_low,0.004,dNP,2.40833089
125339679,AUD,False,AMPA,ampa_low,0.004,dNP,1.27678989
125524260,AUD,False,AMPA,ampa_low,0.004,dNP,2.20403992
130293488,MDD,False,AMPA,ampa_low,0.004,dNP,1.85652139
130597088,MDD,False,AMPA,ampa_low,0.004,dNP,2.45106593
134330542,MDD,False,AMPA,ampa_low,0.004,dNP,1.81655329
135517362,MDD,False,AMPA,ampa_low,0.004,dNP,1.83624246
135672596,AUD,False,AMPA,ampa_low,0.004,dNP,0.9157346
135736530,MDD,False,AMPA,ampa_low,0.004,dNP,1.92369014
136295480,AUD,False,AMPA,ampa_low,0.004,dNP,1.89188371
136348275,AUD,False,AMPA,ampa_low,0.004,dNP,0.25408359
136981533,MDD,False,AMPA,ampa_low,0.004,dNP,0.74252604
137280633,MDD,False,AMPA,ampa_low,0.004,dNP,1.32363011
138390224,AUD,False,AMPA,ampa_low,0.004,dNP,1.2428318
140267022,MDD,False,AMPA,ampa_low,0.004,dNP,2.73440205
141253295,MDD,False,AMPA,ampa_low,0.004,dNP,5.87830786
141542924,MDD,False,AMPA,ampa_low,0.004,dNP,9.82229262
141831212,MDD,False,AMPA,ampa_low,0.004,dNP,5.93615933
142392893,MDD,False,AMPA,ampa_low,0.004,dNP,5.61794861
143669176,AUD,False,AMPA,ampa_low,0.004,dNP,1.63178802
144855245,MDD,False,AMPA,ampa_low,0.004,dNP,5.7148778
144964754,MDD,False,AMPA,ampa_low,0.004,dNP,6.72804875
146042158,MDD,False,AMPA,ampa_low,0.004,dNP,1.27639601
146061521,AUD,False,AMPA,ampa_low,0.004,dNP,1.3729143
146906985,MDD,False,AMPA,ampa_low,0.004,dNP,8.18332111
147701848,MDD,False,AMPA,ampa_low,0.004,dNP,6.10426751
147906886,MDD,False,AMPA,ampa_low,0.004,dNP,8.44892913
148868119,MDD,False,AMPA,ampa_low,0.004,dNP,8.02910236
148952494,AUD,False,AMPA,ampa_low,0.004,dNP,0.23257386
149709982,MDD,False,AMPA,ampa_low,0.004,dNP,7.12719863
149839536,AUD,False,AMPA,ampa_low,0.004,dNP,3.01927323
150038288,MDD,False,AMPA,ampa_low,0.004,dNP,7.64388048
150237087,AUD,False,AMPA,ampa_low,0.004,dNP,1.58875804
150299361,AUD,False,AMPA,ampa_low,0.004,dNP,1.22844951
151408587,AUD,False,AMPA,ampa_low,0.004,dNP,1.90172837
152769231,AUD,False,AMPA,ampa_low,0.004,dNP,1.17094256
152958814,AUD,False,AMPA,ampa_low,0.004,dNP,2.66577258
153450897,MDD,False,AMPA,ampa_low,0.004,dNP,8.657082
154461990,MDD,False,AMPA,ampa_low,0.004,dNP,6.38865749
154704064,AUD,False,AMPA,ampa_low,0.004,dNP,2.31486234
155190506,AUD,False,AMPA,ampa_low,0.004,dNP,1.3160345
155379621,MDD,False,AMPA,ampa_low,0.004,dNP,6.42613349
156021841,MDD,False,AMPA,ampa_low,0.004,dNP,8.58833493
157312444,MDD,False,AMPA,ampa_low,0.004,dNP,8.31065851
157655614,MDD,False,AMPA,ampa_low,0.004,dNP,5.9510346
157691935,AUD,False,AMPA,ampa_low,0.004,dNP,2.12240376
159066706,MDD,False,AMPA,ampa_low,0.004,dNP,16.23437045
160259456,MDD,False,AMPA,ampa_low,0.004,dNP,6.32637932
161239003,AUD,False,AMPA,ampa_low,0.004,dNP,0.47633876
162353055,AUD,False,AMPA,ampa_low,0.004,dNP,1.232399
162354840,AUD,False,AMPA,ampa_low,0.004,dNP,-0.07005776
163186746,AUD,False,AMPA,ampa_low,0.004,dNP,1.55174521
164064591,AUD,False,AMPA,ampa_low,0.004,dNP,0.56211453
164824205,MDD,False,AMPA,ampa_low,0.004,dNP,8.16011893
164874291,AUD,False,AMPA,ampa_low,0.004,dNP,0.68534524
165288521,MDD,False,AMPA,ampa_low,0.004,dNP,6.49970406
165369327,MDD,False,AMPA,ampa_low,0.004,dNP,8.31612747
165959237,AUD,False,AMPA,ampa_low,0.004,dNP,1.06295422
166274725,AUD,False,AMPA,ampa_low,0.004,dNP,-0.08597653
166338974,MDD,False,AMPA,ampa_low,0.004,dNP,0.51918956
166386545,MDD,False,AMPA,ampa_low,0.004,dNP,0.78423811
166471280,AUD,False,AMPA,ampa_low,0.004,dNP,0.74867613
166741227,MDD,False,AMPA,ampa_low,0.004,dNP,0.78496397
166922849,MDD,False,AMPA,ampa_low,0.004,dNP,0.87048944
168370463,MDD,False,AMPA,ampa_low,0.004,dNP,0.9360229
168641000,MDD,False,AMPA,ampa_low,0.004,dNP,0.41103777
169786920,MDD,False,AMPA,ampa_low,0.004,dNP,1.02744061
171526079,MDD,False,AMPA,ampa_low,0.004,dNP,0.81577722
171674018,AUD,False,AMPA,ampa_low,0.004,dNP,0.13588158
171990823,MDD,False,AMPA,ampa_low,0.004,dNP,0.60584296
172283288,MDD,False,AMPA,ampa_low,0.004,dNP,1.06711069
172442389,MDD,False,AMPA,ampa_low,0.004,dNP,0.87469843
174433203,MDD,False,AMPA,ampa_low,0.004,dNP,0.73102903
174603925,MDD,False,AMPA,ampa_low,0.004,dNP,-0.12300884
175029071,AUD,False,AMPA,ampa_low,0.004,dNP,0.38559533
175924853,MDD,False,AMPA,ampa_low,0.004,dNP,0.26895605
176214110,AUD,False,AMPA,ampa_low,0.004,dNP,1.39543285
176617846,AUD,False,AMPA,ampa_low,0.004,dNP,1.86434104
177344780,AUD,False,AMPA,ampa_low,0.004,dNP,0.52638296
177528314,MDD,False,AMPA,ampa_low,0.004,dNP,-0.01558014
177688664,AUD,False,AMPA,ampa_low,0.004,dNP,0.22247874
177896969,AUD,False,AMPA,ampa_low,0.004,dNP,1.57427805
178045655,AUD,False,AMPA,ampa_low,0.004,dNP,0.74083759
178282579,AUD,False,AMPA,ampa_low,0.004,dNP,2.82719178
178684006,AUD,False,AMPA,ampa_low,0.004,dNP,2.39879977
178998455,AUD,False,AMPA,ampa_low,0.004,dNP,0.43851323
181526703,AUD,False,AMPA,ampa_low,0.004,dNP,1.08782838
182136619,AUD,False,AMPA,ampa_low,0.004,dNP,-0.94169914
183176019,AUD,False,AMPA,ampa_low,0.004,dNP,2.19954176
183475605,MDD,False,AMPA,ampa_low,0.004,dNP,0.68354878
183762098,AUD,False,AMPA,ampa_low,0.004,dNP,2.98061898
184059377,AUD,False,AMPA,ampa_low,0.004,dNP,-1.00640561
186213995,AUD,False,AMPA,ampa_low,0.004,dNP,1.6001632
186940717,MDD,False,AMPA,ampa_low,0.004,dNP,0.77306902
187495574,MDD,False,AMPA,ampa_low,0.004,dNP,1.03724269
188448101,AUD,False,AMPA,ampa_low,0.004,dNP,-0.14243782
188764715,MDD,False,AMPA,ampa_low,0.004,dNP,1.87082101
190042837,AUD,False,AMPA,ampa_low,0.004,dNP,1.88434627
191170875,AUD,False,AMPA,ampa_low,0.004,dNP,-0.86270941
191996808,AUD,False,AMPA,ampa_low,0.004,dNP,0.30823201
193109536,MDD,False,AMPA,ampa_low,0.004,dNP,0.87253939
195112416,MDD,False,AMPA,ampa_low,0.004,dNP,1.10065556
195135326,MDD,False,AMPA,ampa_low,0.004,dNP,0.55349499
195145348,AUD,False,AMPA,ampa_low,0.004,dNP,1.79007975
195166026,AUD,False,AMPA,ampa_low,0.004,dNP,2.13320569
195629783,AUD,False,AMPA,ampa_low,0.004,dNP,2.29096176
195966822,MDD,False,AMPA,ampa_low,0.004,dNP,1.95986548
197382673,AUD,False,AMPA,ampa_low,0.004,dNP,2.86808135
198118454,MDD,False,AMPA,ampa_low,0.004,dNP,0.98290307
199436480,MDD,False,AMPA,ampa_low,0.004,dNP,1.48011523
112288,IMAGEN,False,AMPA,ampa,0.0044,dNP,1.7019812
458976,IMAGEN,False,AMPA,ampa,0.0044,dNP,0.89249719
829055,HC,False,AMPA,ampa,0.0044,dNP,1.23090312
1647364,IMAGEN,True,AMPA,ampa,0.0044,dNP,0.87162276
2190836,HC,False,AMPA,ampa,0.0044,dNP,-0.48659879
2270310,HC,False,AMPA,ampa,0.0044,dNP,-1.15899028
2695459,IMAGEN,True,AMPA,ampa,0.0044,dNP,-0.04318475
2904393,HC,False,AMPA,ampa,0.0044,dNP,1.86557363
3287674,HC,False,AMPA,ampa,0.0044,dNP,1.68440075
4254555,IMAGEN,False,AMPA,ampa,0.0044,dNP,-0.00790787
4631192,HC,False,AMPA,ampa,0.0044,dNP,1.28744536
4794212,IMAGEN,True,AMPA,ampa,0.0044,dNP,-0.62892836
4885471,IMAGEN,False,AMPA,ampa,0.0044,dNP,-0.12118219
5182386,IMAGEN,True,AMPA,ampa,0.0044,dNP,0.56300427
5432841,HC,False,AMPA,ampa,0.0044,dNP,0.72872069
5901115,IMAGEN,True,AMPA,ampa,0.0044,dNP,0.69002709
5978534,HC,True,AMPA,ampa,0.0044,dNP,0.93680984
6000160,IMAGEN,False,AMPA,ampa,0.0044,dNP,0.90771862
6314205,HC,False,AMPA,ampa,0.0044,dNP,1.67188597
6502630,HC,False,AMPA,ampa,0.0044,dNP,1.49695157
7127936,HC,False,AMPA,ampa,0.0044,dNP,-0.94252699
7478069,IMAGEN,True,AMPA,ampa,0.0044,dNP,0.59260853
7764421,HC,False,AMPA,ampa,0.0044,dNP,2.47481819
8043474,HC,False,AMPA,ampa,0.0044,dNP,-0.32312685
10058298,IMAGEN,False,AMPA,ampa,0.0044,dNP,2.88696006
10121092,IMAGEN,True,AMPA,ampa,0.0044,dNP,1.18332648
11922061,IMAGEN,True,AMPA,ampa,0.0044,dNP,-0.92355316
12029891,HC,False,AMPA,ampa,0.0044,dNP,-0.84590808
13471924,IMAGEN,True,AMPA,ampa,0.0044,dNP,0.84549511
14759699,IMAGEN,True,AMPA,ampa,0.0044,dNP,-0.98006911
14783858,IMAGEN,False,AMPA,ampa,0.0044,dNP,-0.71110092
14850118,HC,False,AMPA,ampa,0.0044,dNP,1.08161793
14893890,IMAGEN,True,AMPA,ampa,0.0044,dNP,2.43364395
15059321,IMAGEN,True,AMPA,ampa,0.0044,dNP,-1.03208582
16190159,IMAGEN,True,AMPA,ampa,0.0044,dNP,0.0274475
16275727,IMAGEN,True,AMPA,ampa,0.0044,dNP,1.47439744
16708319,HC,False,AMPA,ampa,0.0044,dNP,-0.06640201
17213220,IMAGEN,True,AMPA,ampa,0.0044,dNP,1.48480272
17696979,IMAGEN,False,AMPA,ampa,0.0044,dNP,0.85648343
18455372,IMAGEN,False,AMPA,ampa,0.0044,dNP,-0.33601386
18801650,IMAGEN,True,AMPA,ampa,0.0044,dNP,0.32792934
18904077,HC,True,AMPA,ampa,0.0044,dNP,0.86423037
18952353,HC,False,AMPA,ampa,0.0044,dNP,1.20769522
19031295,HC,False,AMPA,ampa,0.0044,dNP,0.32143899
19316057,HC,False,AMPA,ampa,0.0044,dNP,0.79362451
19432693,IMAGEN,False,AMPA,ampa,0.0044,dNP,0.68665746
20051604,HC,False,AMPA,ampa,0.0044,dNP,1.70372594
20830744,HC,True,AMPA,ampa,0.0044,dNP,-0.47857292
21053574,HC,True,AMPA,ampa,0.0044,dNP,2.10283055
21313420,IMAGEN,True,AMPA,ampa,0.0044,dNP,0.56295705
22084493,HC,False,AMPA,ampa,0.0044,dNP,1.28615376
23343892,HC,False,AMPA,ampa,0.0044,dNP,1.76249287
24115048,HC,True,AMPA,ampa,0.0044,dNP,-0.82602107
24495953,IMAGEN,True,AMPA,ampa,0.0044,dNP,1.8625412
25000478,HC,True,AMPA,ampa,0.0044,dNP,0.9869571
25067315,IMAGEN,True,AMPA,ampa,0.0044,dNP,1.28400378
25356336,IMAGEN,True,AMPA,ampa,0.0044,dNP,1.92189698
25517914,IMAGEN,True,AMPA,ampa,0.0044,dNP,-0.69107095
25821028,HC,False,AMPA,ampa,0.0044,dNP,1.11046081
26901488,IMAGEN,True,AMPA,ampa,0.0044,dNP,1.43540802
27363295,HC,False,AMPA,ampa,0.0044,dNP,0.55419789
27578624,IMAGEN,True,AMPA,ampa,0.0044,dNP,1.14022226
28113492,HC,True,AMPA,ampa,0.0044,dNP,1.02748805
28264513,HC,False,AMPA,ampa,0.0044,dNP,1.95344661
29658673,IMAGEN,True,AMPA,ampa,0.0044,dNP,0.86039132
29751086,IMAGEN,True,AMPA,ampa,0.0044,dNP,1.6539096
29871328,IMAGEN,True,AMPA,ampa,0.0044,dNP,0.89308226
30151696,HC,False,AMPA,ampa,0.0044,dNP,0.36387336
30276332,IMAGEN,True,AMPA,ampa,0.0044,dNP,-0.76899167
30649663,HC,True,AMPA,ampa,0.0044,dNP,-0.24405442
30779144,IMAGEN,True,AMPA,ampa,0.0044,dNP,1.21737974
31070544,IMAGEN,True,AMPA,ampa,0.0044,dNP,0.23338255
31171219,IMAGEN,True,AMPA,ampa,0.0044,dNP,0.19045072
31825112,IMAGEN,True,AMPA,ampa,0.0044,dNP,0.58951029
31851798,IMAGEN,True,AMPA,ampa,0.0044,dNP,-0.76117338
32581973,HC,False,AMPA,ampa,0.0044,dNP,-0.8478299
34458922,HC,False,AMPA,ampa,0.0044,dNP,1.81552299
35704260,IMAGEN,True,AMPA,ampa,0.0044,dNP,0.66370977
36383037,HC,False,AMPA,ampa,0.0044,dNP,1.21415568
37280746,HC,False,AMPA,ampa,0.0044,dNP,0.03276213
37805580,HC,True,AMPA,ampa,0.0044,dNP,1.11467845
38072766,HC,False,AMPA,ampa,0.0044,dNP,0.22726906
38521433,IMAGEN,True,AMPA,ampa,0.0044,dNP,0.34827175
38666520,HC,False,AMPA,ampa,0.0044,dNP,-0.90510867
39453204,HC,False,AMPA,ampa,0.0044,dNP,-0.20115205
39583981,HC,False,AMPA,ampa,0.0044,dNP,2.3039962
39776858,IMAGEN,True,AMPA,ampa,0.0044,dNP,0.50520426
40201562,HC,False,AMPA,ampa,0.0044,dNP,-1.16741725
41213271,HC,False,AMPA,ampa,0.0044,dNP,0.07119434
41383458,IMAGEN,True,AMPA,ampa,0.0044,dNP,-0.92788876
41429086,IMAGEN,True,AMPA,ampa,0.0044,dNP,0.11254966
41548748,HC,False,AMPA,ampa,0.0044,dNP,2.21085076
42449851,HC,True,AMPA,ampa,0.0044,dNP,2.19635717
42823353,IMAGEN,True,AMPA,ampa,0.0044,dNP,-0.48698889
43525440,HC,True,AMPA,ampa,0.0044,dNP,0.27252152
43720294,IMAGEN,True,AMPA,ampa,0.0044,dNP,1.35824853
43926786,IMAGEN,True,AMPA,ampa,0.0044,dNP,0.42837132
44576096,HC,False,AMPA,ampa,0.0044,dNP,2.13864889
45544719,IMAGEN,False,AMPA,ampa,0.0044,dNP,1.73017541
48028426,IMAGEN,False,AMPA,ampa,0.0044,dNP,1.7037842
48054415,HC,False,AMPA,ampa,0.0044,dNP,-0.07705504
50395729,IMAGEN,True,AMPA,ampa,0.0044,dNP,2.24535303
51076110,HC,False,AMPA,ampa,0.0044,dNP,0.13141088
51649816,HC,False,AMPA,ampa,0.0044,dNP,1.22635103
52071148,HC,False,AMPA,ampa,0.0044,dNP,1.364699
52801880,IMAGEN,True,AMPA,ampa,0.0044,dNP,0.37939074
53120454,IMAGEN,True,AMPA,ampa,0.0044,dNP,-0.26518816
54633971,HC,False,AMPA,ampa,0.0044,dNP,-0.4708933
54741718,IMAGEN,True,AMPA,ampa,0.0044,dNP,-0.75460654
55417875,HC,False,AMPA,ampa,0.0044,dNP,0.92930699
55499880,HC,False,AMPA,ampa,0.0044,dNP,1.68747864
55619168,IMAGEN,True,AMPA,ampa,0.0044,dNP,0.41649647
55836894,HC,False,AMPA,ampa,0.0044,dNP,2.10118014
56819618,IMAGEN,True,AMPA,ampa,0.0044,dNP,0.53074499
57172435,HC,False,AMPA,ampa,0.0044,dNP,1.13639083
57348284,IMAGEN,True,AMPA,ampa,0.0044,dNP,0.51337703
57930100,HC,True,AMPA,ampa,0.0044,dNP,1.52046479
57968987,IMAGEN,True,AMPA,ampa,0.0044,dNP,-0.43832532
59057693,HC,False,AMPA,ampa,0.0044,dNP,1.61735651
59343528,HC,False,AMPA,ampa,0.0044,dNP,0.31083588
60184938,HC,False,AMPA,ampa,0.0044,dNP,-0.10490133
60186708,HC,False,AMPA,ampa,0.0044,dNP,0.7261668
60281382,IMAGEN,True,AMPA,ampa,0.0044,dNP,0.96940893
60334165,HC,False,AMPA,ampa,0.0044,dNP,1.18224772
60530234,HC,False,AMPA,ampa,0.0044,dNP,0.26786405
61581707,HC,True,AMPA,ampa,0.0044,dNP,0.51240486
61756624,IMAGEN,True,AMPA,ampa,0.0044,dNP,0.70441535
63213959,IMAGEN,False,AMPA,ampa,0.0044,dNP,-1.57406642
63218063,HC,False,AMPA,ampa,0.0044,dNP,1.01742732
63989137,IMAGEN,False,AMPA,ampa,0.0044,dNP,0.67219696
64043761,HC,False,AMPA,ampa,0.0044,dNP,1.11152216
64082948,HC,False,AMPA,ampa,0.0044,dNP,-0.85863939
64309040,HC,False,AMPA,ampa,0.0044,dNP,0.14172914
65620046,IMAGEN,False,AMPA,ampa,0.0044,dNP,0.1587927
66092324,IMAGEN,False,AMPA,ampa,0.0044,dNP,0.18563659
66847819,IMAGEN,False,AMPA,ampa,0.0044,dNP,0.26659991
67342911,IMAGEN,True,AMPA,ampa,0.0044,dNP,0.65457192
67844279,IMAGEN,True,AMPA,ampa,0.0044,dNP,1.85469433
68000499,IMAGEN,True,AMPA,ampa,0.0044,dNP,-1.09976725
69159223,IMAGEN,True,AMPA,ampa,0.0044,dNP,0.33963875
69366941,IMAGEN,True,AMPA,ampa,0.0044,dNP,1.62538335
69973472,IMAGEN,True,AMPA,ampa,0.0044,dNP,1.27671834
70910152,IMAGEN,True,AMPA,ampa,0.0044,dNP,-0.48339764
72155879,IMAGEN,True,AMPA,ampa,0.0044,dNP,-0.65154574
72358748,IMAGEN,True,AMPA,ampa,0.0044,dNP,0.05326916
79630427,IMAGEN,True,AMPA,ampa,0.0044,dNP,0.96932163
80301458,IMAGEN,True,AMPA,ampa,0.0044,dNP,-0.19548039
80461839,IMAGEN,True,AMPA,ampa,0.0044,dNP,-1.09855954
82149344,IMAGEN,True,AMPA,ampa,0.0044,dNP,0.77428622
83490451,IMAGEN,True,AMPA,ampa,0.0044,dNP,0.69915838
84037702,IMAGEN,True,AMPA,ampa,0.0044,dNP,2.78364198
84828767,IMAGEN,True,AMPA,ampa,0.0044,dNP,-0.29972363
90973178,IMAGEN,True,AMPA,ampa,0.0044,dNP,0.98525728
92159995,IMAGEN,False,AMPA,ampa,0.0044,dNP,-0.0256442
92432902,IMAGEN,True,AMPA,ampa,0.0044,dNP,-1.44962914
92523261,IMAGEN,True,AMPA,ampa,0.0044,dNP,0.34431166
94345446,IMAGEN,True,AMPA,ampa,0.0044,dNP,0.79372771
94998851,IMAGEN,True,AMPA,ampa,0.0044,dNP,0.42604649
97970921,IMAGEN,True,AMPA,ampa,0.0044,dNP,3.13575402
110841481,MDD,False,AMPA,ampa,0.0044,dNP,2.38156626
110937433,MDD,False,AMPA,ampa,0.0044,dNP,1.56991795
111086310,MDD,False,AMPA,ampa,0.0044,dNP,1.00012292
111096801,MDD,False,AMPA,ampa,0.0044,dNP,2.22210078
111844771,MDD,False,AMPA,ampa,0.0044,dNP,0.14085822
112091464,MDD,False,AMPA,ampa,0.0044,dNP,1.21281676
112517217,AUD,False,AMPA,ampa,0.0044,dNP,0.87026832
112917188,AUD,False,AMPA,ampa,0.0044,dNP,1.74200626
112957066,MDD,False,AMPA,ampa,0.0044,dNP,1.31590901
113174215,MDD,False,AMPA,ampa,0.0044,dNP,1.02130594
113237194,AUD,False,AMPA,ampa,0.0044,dNP,1.56298791
113387068,MDD,False,AMPA,ampa,0.0044,dNP,0.18169181
114552708,MDD,False,AMPA,ampa,0.0044,dNP,2.2352056
115212275,AUD,False,AMPA,ampa,0.0044,dNP,1.19103638
117385823,MDD,False,AMPA,ampa,0.0044,dNP,1.71750602
118382279,MDD,False,AMPA,ampa,0.0044,dNP,0.81697846
121801833,AUD,False,AMPA,ampa,0.0044,dNP,0.94486681
122083369,AUD,False,AMPA,ampa,0.0044,dNP,1.69096173
122408481,MDD,False,AMPA,ampa,0.0044,dNP,2.22523324
123660597,MDD,False,AMPA,ampa,0.0044,dNP,1.05348612
123930959,MDD,False,AMPA,ampa,0.0044,dNP,2.63096741
124782577,AUD,False,AMPA,ampa,0.0044,dNP,1.96094808
125237313,MDD,False,AMPA,ampa,0.0044,dNP,0.64175249
125339679,AUD,False,AMPA,ampa,0.0044,dNP,1.35714829
125524260,AUD,False,AMPA,ampa,0.0044,dNP,0.30604519
130293488,MDD,False,AMPA,ampa,0.0044,dNP,1.33782318
130597088,MDD,False,AMPA,ampa,0.0044,dNP,1.37101778
134330542,MDD,False,AMPA,ampa,0.0044,dNP,-0.05252883
135517362,MDD,False,AMPA,ampa,0.0044,dNP,1.14855873
135672596,AUD,False,AMPA,ampa,0.0044,dNP,1.83378579
135736530,MDD,False,AMPA,ampa,0.0044,dNP,0.17759665
136295480,AUD,False,AMPA,ampa,0.0044,dNP,2.24445182
136348275,AUD,False,AMPA,ampa,0.0044,dNP,0.42482514
136981533,MDD,False,AMPA,ampa,0.0044,dNP,0.8617035
137280633,MDD,False,AMPA,ampa,0.0044,dNP,1.44106788
138390224,AUD,False,AMPA,ampa,0.0044,dNP,1.04378273
140267022,MDD,False,AMPA,ampa,0.0044,dNP,-1.612904
141253295,MDD,False,AMPA,ampa,0.0044,dNP,0.48726485
141542924,MDD,False,AMPA,ampa,0.0044,dNP,2.06423967
141831212,MDD,False,AMPA,ampa,0.0044,dNP,0.34661299
142392893,MDD,False,AMPA,ampa,0.0044,dNP,0.73294119
143669176,AUD,False,AMPA,ampa,0.0044,dNP,1.36561504
144855245,MDD,False,AMPA,ampa,0.0044,dNP,0.21329637
144964754,MDD,False,AMPA,ampa,0.0044,dNP,-0.02425404
146042158,MDD,False,AMPA,ampa,0.0044,dNP,0.09613987
146061521,AUD,False,AMPA,ampa,0.0044,dNP,2.00825662
146906985,MDD,False,AMPA,ampa,0.0044,dNP,1.21413941
147701848,MDD,False,AMPA,ampa,0.0044,dNP,0.61222052
147906886,MDD,False,AMPA,ampa,0.0044,dNP,0.9738691
148868119,MDD,False,AMPA,ampa,0.0044,dNP,2.17914045
148952494,AUD,False,AMPA,ampa,0.0044,dNP,0.57663204
149709982,MDD,False,AMPA,ampa,0.0044,dNP,2.02646576
149839536,AUD,False,AMPA,ampa,0.0044,dNP,2.09490348
150038288,MDD,False,AMPA,ampa,0.0044,dNP,0.32157832
150237087,AUD,False,AMPA,ampa,0.0044,dNP,1.52845945
150299361,AUD,False,AMPA,ampa,0.0044,dNP,1.40605335
151408587,AUD,False,AMPA,ampa,0.0044,dNP,1.35895153
152769231,AUD,False,AMPA,ampa,0.0044,dNP,0.1481784
152958814,AUD,False,AMPA,ampa,0.0044,dNP,1.63183807
153450897,MDD,False,AMPA,ampa,0.0044,dNP,0.91765028
154461990,MDD,False,AMPA,ampa,0.0044,dNP,1.4171039
154704064,AUD,False,AMPA,ampa,0.0044,dNP,2.77617956
155190506,AUD,False,AMPA,ampa,0.0044,dNP,0.58132454
155379621,MDD,False,AMPA,ampa,0.0044,dNP,0.42692598
156021841,MDD,False,AMPA,ampa,0.0044,dNP,1.1368338
157312444,MDD,False,AMPA,ampa,0.0044,dNP,0.42435213
157655614,MDD,False,AMPA,ampa,0.0044,dNP,-0.54745153
157691935,AUD,False,AMPA,ampa,0.0044,dNP,-0.1760234
159066706,MDD,False,AMPA,ampa,0.0044,dNP,3.86855142
160259456,MDD,False,AMPA,ampa,0.0044,dNP,1.7640296
161239003,AUD,False,AMPA,ampa,0.0044,dNP,0.43535706
162353055,AUD,False,AMPA,ampa,0.0044,dNP,0.3544089
162354840,AUD,False,AMPA,ampa,0.0044,dNP,-0.81791338
163186746,AUD,False,AMPA,ampa,0.0044,dNP,1.68792035
164064591,AUD,False,AMPA,ampa,0.0044,dNP,0.11689462
164824205,MDD,False,AMPA,ampa,0.0044,dNP,0.76660374
164874291,AUD,False,AMPA,ampa,0.0044,dNP,1.44042568
165288521,MDD,False,AMPA,ampa,0.0044,dNP,1.54436258
165369327,MDD,False,AMPA,ampa,0.0044,dNP,0.27745927
165959237,AUD,False,AMPA,ampa,0.0044,dNP,0.6467373
166274725,AUD,False,AMPA,ampa,0.0044,dNP,0.03431799
166338974,MDD,False,AMPA,ampa,0.0044,dNP,1.04889223
166386545,MDD,False,AMPA,ampa,0.0044,dNP,0.49140399
166471280,AUD,False,AMPA,ampa,0.0044,dNP,0.68652777
166741227,MDD,False,AMPA,ampa,0.0044,dNP,1.03268324
166922849,MDD,False,AMPA,ampa,0.0044,dNP,1.86749187
168370463,MDD,False,AMPA,ampa,0.0044,dNP,0.37521095
168641000,MDD,False,AMPA,ampa,0.0044,dNP,0.46875073
169786920,MDD,False,AMPA,ampa,0.0044,dNP,0.68994978
171526079,MDD,False,AMPA,ampa,0.0044,dNP,0.308962
171674018,AUD,False,AMPA,ampa,0.0044,dNP,-0.37446635
171990823,MDD,False,AMPA,ampa,0.0044,dNP,0.17353157
172283288,MDD,False,AMPA,ampa,0.0044,dNP,0.4648949
172442389,MDD,False,AMPA,ampa,0.0044,dNP,0.36953452
174433203,MDD,False,AMPA,ampa,0.0044,dNP,0.96270991
174603925,MDD,False,AMPA,ampa,0.0044,dNP,1.0774882
175029071,AUD,False,AMPA,ampa,0.0044,dNP,0.25827903
175924853,MDD,False,AMPA,ampa,0.0044,dNP,0.74959576
176214110,AUD,False,AMPA,ampa,0.0044,dNP,1.43060584
176617846,AUD,False,AMPA,ampa,0.0044,dNP,2.16761815
177344780,AUD,False,AMPA,ampa,0.0044,dNP,0.37084084
177528314,MDD,False,AMPA,ampa,0.0044,dNP,0.49141681
177688664,AUD,False,AMPA,ampa,0.0044,dNP,-0.17247242
177896969,AUD,False,AMPA,ampa,0.0044,dNP,1.38763923
178045655,AUD,False,AMPA,ampa,0.0044,dNP,0.73006585
178282579,AUD,False,AMPA,ampa,0.0044,dNP,1.50929708
178684006,AUD,False,AMPA,ampa,0.0044,dNP,1.16489716
178998455,AUD,False,AMPA,ampa,0.0044,dNP,1.58591212
181526703,AUD,False,AMPA,ampa,0.0044,dNP,1.00074063
182136619,AUD,False,AMPA,ampa,0.0044,dNP,-0.51671292
183176019,AUD,False,AMPA,ampa,0.0044,dNP,1.66976625
183475605,MDD,False,AMPA,ampa,0.0044,dNP,1.28767619
183762098,AUD,False,AMPA,ampa,0.0044,dNP,1.38825992
184059377,AUD,False,AMPA,ampa,0.0044,dNP,1.12200981
186213995,AUD,False,AMPA,ampa,0.0044,dNP,1.21182855
186940717,MDD,False,AMPA,ampa,0.0044,dNP,0.26566583
187495574,MDD,False,AMPA,ampa,0.0044,dNP,0.36816479
188448101,AUD,False,AMPA,ampa,0.0044,dNP,-0.27504586
188764715,MDD,False,AMPA,ampa,0.0044,dNP,1.92047895
190042837,AUD,False,AMPA,ampa,0.0044,dNP,2.01802171
191170875,AUD,False,AMPA,ampa,0.0044,dNP,-1.48660601
191996808,AUD,False,AMPA,ampa,0.0044,dNP,0.01074393
193109536,MDD,False,AMPA,ampa,0.0044,dNP,0.8367911
195112416,MDD,False,AMPA,ampa,0.0044,dNP,0.76206136
195135326,MDD,False,AMPA,ampa,0.0044,dNP,1.17060566
195145348,AUD,False,AMPA,ampa,0.0044,dNP,1.53088839
195166026,AUD,False,AMPA,ampa,0.0044,dNP,1.42402062
195629783,AUD,False,AMPA,ampa,0.0044,dNP,1.4718873
195966822,MDD,False,AMPA,ampa,0.0044,dNP,1.05784768
197382673,AUD,False,AMPA,ampa,0.0044,dNP,2.08469096
198118454,MDD,False,AMPA,ampa,0.0044,dNP,1.27623381
199436480,MDD,False,AMPA,ampa,0.0044,dNP,1.80008545
112288,IMAGEN,False,AMPA,ampa_high,0.0048,dNP,1.32750933
458976,IMAGEN,False,AMPA,ampa_high,0.0048,dNP,1.27276258
829055,HC,False,AMPA,ampa_high,0.0048,dNP,0.60693802
1647364,IMAGEN,True,AMPA,ampa_high,0.0048,dNP,0.57100746
2190836,HC,False,AMPA,ampa_high,0.0048,dNP,-0.41033379
2270310,HC,False,AMPA,ampa_high,0.0048,dNP,-0.97285481
2695459,IMAGEN,True,AMPA,ampa_high,0.0048,dNP,-0.62259007
2904393,HC,False,AMPA,ampa_high,0.0048,dNP,2.27567191
3287674,HC,False,AMPA,ampa_high,0.0048,dNP,2.2547912
4254555,IMAGEN,False,AMPA,ampa_high,0.0048,dNP,-0.45008622
4631192,HC,False,AMPA,ampa_high,0.0048,dNP,1.10705891
4794212,IMAGEN,True,AMPA,ampa_high,0.0048,dNP,0.24838827
4885471,IMAGEN,False,AMPA,ampa_high,0.0048,dNP,0.54318538
5182386,IMAGEN,True,AMPA,ampa_high,0.0048,dNP,-0.12874932
5432841,HC,False,AMPA,ampa_high,0.0048,dNP,0.89634457
5901115,IMAGEN,True,AMPA,ampa_high,0.0048,dNP,1.37585775
5978534,HC,True,AMPA,ampa_high,0.0048,dNP,-0.32156217
6000160,IMAGEN,False,AMPA,ampa_high,0.0048,dNP,0.34711714
6314205,HC,False,AMPA,ampa_high,0.0048,dNP,0.91532731
6502630,HC,False,AMPA,ampa_high,0.0048,dNP,1.60736929
7127936,HC,False,AMPA,ampa_high,0.0048,dNP,-0.96432977
7478069,IMAGEN,True,AMPA,ampa_high,0.0048,dNP,0.17680386
7764421,HC,False,AMPA,ampa_high,0.0048,dNP,2.95665243
8043474,HC,False,AMPA,ampa_high,0.0048,dNP,-0.92759338
10058298,IMAGEN,False,AMPA,ampa_high,0.0048,dNP,2.5756315
10121092,IMAGEN,True,AMPA,ampa_high,0.0048,dNP,1.54235676
11922061,IMAGEN,True,AMPA,ampa_high,0.0048,dNP,-0.39618527
12029891,HC,False,AMPA,ampa_high,0.0048,dNP,-0.69617708
13471924,IMAGEN,True,AMPA,ampa_high,0.0048,dNP,0.01888387
14759699,IMAGEN,True,AMPA,ampa_high,0.0048,dNP,-0.95842657
14783858,IMAGEN,False,AMPA,ampa_high,0.0048,dNP,-0.07648098
14850118,HC,False,AMPA,ampa_high,0.0048,dNP,2.60857931
14893890,IMAGEN,True,AMPA,ampa_high,0.0048,dNP,2.08099085
15059321,IMAGEN,True,AMPA,ampa_high,0.0048,dNP,0.10377508
16190159,IMAGEN,True,AMPA,ampa_high,0.0048,dNP,1.5403651
16275727,IMAGEN,True,AMPA,ampa_high,0.0048,dNP,1.15521429
16708319,HC,False,AMPA,ampa_high,0.0048,dNP,-0.13450328
17213220,IMAGEN,True,AMPA,ampa_high,0.0048,dNP,0.99861289
17696979,IMAGEN,False,AMPA,ampa_high,0.0048,dNP,1.41619514
18455372,IMAGEN,False,AMPA,ampa_high,0.0048,dNP,-1.21708654
18801650,IMAGEN,True,AMPA,ampa_high,0.0048,dNP,-0.70358518
18904077,HC,True,AMPA,ampa_high,0.0048,dNP,1.15197741
18952353,HC,False,AMPA,ampa_high,0.0048,dNP,1.296587
19031295,HC,False,AMPA,ampa_high,0.0048,dNP,0.96155637
19316057,HC,False,AMPA,ampa_high,0.0048,dNP,1.69328507
19432693,IMAGEN,False,AMPA,ampa_high,0.0048,dNP,1.43375735
20051604,HC,False,AMPA,ampa_high,0.0048,dNP,2.90493444
20830744,HC,True,AMPA,ampa_high,0.0048,dNP,-0.71206594
21053574,HC,True,AMPA,ampa_high,0.0048,dNP,4.81312626
21313420,IMAGEN,True,AMPA,ampa_high,0.0048,dNP,0.74733974
22084493,HC,False,AMPA,ampa_high,0.0048,dNP,-0.28419977
23343892,HC,False,AMPA,ampa_high,0.0048,dNP,0.85263393
24115048,HC,True,AMPA,ampa_high,0.0048,dNP,-0.48401124
24495953,IMAGEN,True,AMPA,ampa_high,0.0048,dNP,1.4293461
25000478,HC,True,AMPA,ampa_high,0.0048,dNP,0.80040742
25067315,IMAGEN,True,AMPA,ampa_high,0.0048,dNP,-0.77892138
25356336,IMAGEN,True,AMPA,ampa_high,0.0048,dNP,1.42552917
25517914,IMAGEN,True,AMPA,ampa_high,0.0048,dNP,-0.78798092
25821028,HC,False,AMPA,ampa_high,0.0048,dNP,1.1362688
26901488,IMAGEN,True,AMPA,ampa_high,0.0048,dNP,1.94632421
27363295,HC,False,AMPA,ampa_high,0.0048,dNP,1.12460406
27578624,IMAGEN,True,AMPA,ampa_high,0.0048,dNP,1.28652124
28113492,HC,True,AMPA,ampa_high,0.0048,dNP,0.20704076
28264513,HC,False,AMPA,ampa_high,0.0048,dNP,1.67683128
29658673,IMAGEN,True,AMPA,ampa_high,0.0048,dNP,0.40849085
29751086,IMAGEN,True,AMPA,ampa_high,0.0048,dNP,2.13943926
29871328,IMAGEN,True,AMPA,ampa_high,0.0048,dNP,1.85165579
30151696,HC,False,AMPA,ampa_high,0.0048,dNP,0.86680887
30276332,IMAGEN,True,AMPA,ampa_high,0.0048,dNP,-0.64913649
30649663,HC,True,AMPA,ampa_high,0.0048,dNP,-0.32457337
30779144,IMAGEN,True,AMPA,ampa_high,0.0048,dNP,1.56290373
31070544,IMAGEN,True,AMPA,ampa_high,0.0048,dNP,0.07421341
31171219,IMAGEN,True,AMPA,ampa_high,0.0048,dNP,-1.43405934
31825112,IMAGEN,True,AMPA,ampa_high,0.0048,dNP,2.43733471
31851798,IMAGEN,True,AMPA,ampa_high,0.0048,dNP,-0.53737638
32581973,HC,False,AMPA,ampa_high,0.0048,dNP,-0.79170495
34458922,HC,False,AMPA,ampa_high,0.0048,dNP,1.61734558
35704260,IMAGEN,True,AMPA,ampa_high,0.0048,dNP,-0.87590276
36383037,HC,False,AMPA,ampa_high,0.0048,dNP,0.71123353
37280746,HC,False,AMPA,ampa_high,0.0048,dNP,0.40936121
37805580,HC,True,AMPA,ampa_high,0.0048,dNP,1.66077454
38072766,HC,False,AMPA,ampa_high,0.0048,dNP,-0.33821433
38521433,IMAGEN,True,AMPA,ampa_high,0.0048,dNP,-0.2987619
38666520,HC,False,AMPA,ampa_high,0.0048,dNP,-1.66804184
39453204,HC,False,AMPA,ampa_high,0.0048,dNP,0.03066045
39583981,HC,False,AMPA,ampa_high,0.0048,dNP,1.87576086
39776858,IMAGEN,True,AMPA,ampa_high,0.0048,dNP,1.40011824
40201562,HC,False,AMPA,ampa_high,0.0048,dNP,-2.36500813
41213271,HC,False,AMPA,ampa_high,0.0048,dNP,0.73389561
41383458,IMAGEN,True,AMPA,ampa_high,0.0048,dNP,-0.59099483
41429086,IMAGEN,True,AMPA,ampa_high,0.0048,dNP,1.1700383
41548748,HC,False,AMPA,ampa_high,0.0048,dNP,0.25287536
42449851,HC,True,AMPA,ampa_high,0.0048,dNP,1.27440738
42823353,IMAGEN,True,AMPA,ampa_high,0.0048,dNP,-1.77435825
43525440,HC,True,AMPA,ampa_high,0.0048,dNP,0.27577034
43720294,IMAGEN,True,AMPA,ampa_high,0.0048,dNP,0.96196613
43926786,IMAGEN,True,AMPA,ampa_high,0.0048,dNP,0.39925508
44576096,HC,False,AMPA,ampa_high,0.0048,dNP,1.69551859
45544719,IMAGEN,False,AMPA,ampa_high,0.0048,dNP,1.13865684
48028426,IMAGEN,False,AMPA,ampa_high,0.0048,dNP,0.96322679
48054415,HC,False,AMPA,ampa_high,0.0048,dNP,0.14914905
50395729,IMAGEN,True,AMPA,ampa_high,0.0048,dNP,0.74719649
51076110,HC,False,AMPA,ampa_high,0.0048,dNP,-0.73224459
51649816,HC,False,AMPA,ampa_high,0.0048,dNP,-0.28207829
52071148,HC,False,AMPA,ampa_high,0.0048,dNP,0.98084817
52801880,IMAGEN,True,AMPA,ampa_high,0.0048,dNP,1.19670006
53120454,IMAGEN,True,AMPA,ampa_high,0.0048,dNP,-0.55497966
54633971,HC,False,AMPA,ampa_high,0.0048,dNP,-0.62607615
54741718,IMAGEN,True,AMPA,ampa_high,0.0048,dNP,-2.87435192
55417875,HC,False,AMPA,ampa_high,0.0048,dNP,-0.25727463
55499880,HC,False,AMPA,ampa_high,0.0048,dNP,2.03147076
55619168,IMAGEN,True,AMPA,ampa_high,0.0048,dNP,-0.68878909
55836894,HC,False,AMPA,ampa_high,0.0048,dNP,1.54092969
56819618,IMAGEN,True,AMPA,ampa_high,0.0048,dNP,0.0045361
57172435,HC,False,AMPA,ampa_high,0.0048,dNP,0.84322349
57348284,IMAGEN,True,AMPA,ampa_high,0.0048,dNP,0.97881753
57930100,HC,True,AMPA,ampa_high,0.0048,dNP,1.69822386
57968987,IMAGEN,True,AMPA,ampa_high,0.0048,dNP,-0.82718622
59057693,HC,False,AMPA,ampa_high,0.0048,dNP,1.87419939
59343528,HC,False,AMPA,ampa_high,0.0048,dNP,0.95566329
60184938,HC,False,AMPA,ampa_high,0.0048,dNP,0.32606886
60186708,HC,False,AMPA,ampa_high,0.0048,dNP,0.53308653
60281382,IMAGEN,True,AMPA,ampa_high,0.0048,dNP,0.12668957
60334165,HC,False,AMPA,ampa_high,0.0048,dNP,1.36704643
60530234,HC,False,AMPA,ampa_high,0.0048,dNP,0.38180829
61581707,HC,True,AMPA,ampa_high,0.0048,dNP,0.1890352
61756624,IMAGEN,True,AMPA,ampa_high,0.0048,dNP,0.31823322
63213959,IMAGEN,False,AMPA,ampa_high,0.0048,dNP,-0.95014501
63218063,HC,False,AMPA,ampa_high,0.0048,dNP,2.89359156
63989137,IMAGEN,False,AMPA,ampa_high,0.0048,dNP,0.22676115
64043761,HC,False,AMPA,ampa_high,0.0048,dNP,-0.00083145
64082948,HC,False,AMPA,ampa_high,0.0048,dNP,-0.59966934
64309040,HC,False,AMPA,ampa_high,0.0048,dNP,1.20040039
65620046,IMAGEN,False,AMPA,ampa_high,0.0048,dNP,0.18881689
66092324,IMAGEN,False,AMPA,ampa_high,0.0048,dNP,-0.35259863
66847819,IMAGEN,False,AMPA,ampa_high,0.0048,dNP,-1.04050928
67342911,IMAGEN,True,AMPA,ampa_high,0.0048,dNP,0.76222351
67844279,IMAGEN,True,AMPA,ampa_high,0.0048,dNP,1.76422741
68000499,IMAGEN,True,AMPA,ampa_high,0.0048,dNP,-0.45604385
69159223,IMAGEN,True,AMPA,ampa_high,0.0048,dNP,-0.20417708
69366941,IMAGEN,True,AMPA,ampa_high,0.0048,dNP,1.40357147
69973472,IMAGEN,True,AMPA,ampa_high,0.0048,dNP,0.34728205
70910152,IMAGEN,True,AMPA,ampa_high,0.0048,dNP,-0.38895172
72155879,IMAGEN,True,AMPA,ampa_high,0.0048,dNP,-1.73034139
72358748,IMAGEN,True,AMPA,ampa_high,0.0048,dNP,-0.09043116
79630427,IMAGEN,True,AMPA,ampa_high,0.0048,dNP,0.3753398
80301458,IMAGEN,True,AMPA,ampa_high,0.0048,dNP,-0.26694336
80461839,IMAGEN,True,AMPA,ampa_high,0.0048,dNP,-0.30605815
82149344,IMAGEN,True,AMPA,ampa_high,0.0048,dNP,3.12977208
83490451,IMAGEN,True,AMPA,ampa_high,0.0048,dNP,-0.62324949
84037702,IMAGEN,True,AMPA,ampa_high,0.0048,dNP,4.4176955
84828767,IMAGEN,True,AMPA,ampa_high,0.0048,dNP,1.43760887
90973178,IMAGEN,True,AMPA,ampa_high,0.0048,dNP,3.28376755
92159995,IMAGEN,False,AMPA,ampa_high,0.0048,dNP,-1.06562197
92432902,IMAGEN,True,AMPA,ampa_high,0.0048,dNP,-0.18718532
92523261,IMAGEN,True,AMPA,ampa_high,0.0048,dNP,1.72917187
94345446,IMAGEN,True,AMPA,ampa_high,0.0048,dNP,1.89137666
94998851,IMAGEN,True,AMPA,ampa_high,0.0048,dNP,1.86394263
97970921,IMAGEN,True,AMPA,ampa_high,0.0048,dNP,3.38405203
110841481,MDD,False,AMPA,ampa_high,0.0048,dNP,1.20195154
110937433,MDD,False,AMPA,ampa_high,0.0048,dNP,0.49416874
111086310,MDD,False,AMPA,ampa_high,0.0048,dNP,1.10455545
111096801,MDD,False,AMPA,ampa_high,0.0048,dNP,1.18803471
111844771,MDD,False,AMPA,ampa_high,0.0048,dNP,0.08906169
112091464,MDD,False,AMPA,ampa_high,0.0048,dNP,1.19759371
112517217,AUD,False,AMPA,ampa_high,0.0048,dNP,1.22067663
112917188,AUD,False,AMPA,ampa_high,0.0048,dNP,1.33301287
112957066,MDD,False,AMPA,ampa_high,0.0048,dNP,2.51731248
113174215,MDD,False,AMPA,ampa_high,0.0048,dNP,2.25172
113237194,AUD,False,AMPA,ampa_high,0.0048,dNP,1.58483159
113387068,MDD,False,AMPA,ampa_high,0.0048,dNP,-0.56969337
114552708,MDD,False,AMPA,ampa_high,0.0048,dNP,1.85734751
115212275,AUD,False,AMPA,ampa_high,0.0048,dNP,1.56697205
117385823,MDD,False,AMPA,ampa_high,0.0048,dNP,2.31550098
118382279,MDD,False,AMPA,ampa_high,0.0048,dNP,6.0171677
121801833,AUD,False,AMPA,ampa_high,0.0048,dNP,1.36515386
122083369,AUD,False,AMPA,ampa_high,0.0048,dNP,1.14792948
122408481,MDD,False,AMPA,ampa_high,0.0048,dNP,5.69917622
123660597,MDD,False,AMPA,ampa_high,0.0048,dNP,9.05072091
123930959,MDD,False,AMPA,ampa_high,0.0048,dNP,9.05455045
124782577,AUD,False,AMPA,ampa_high,0.0048,dNP,0.39647212
125237313,MDD,False,AMPA,ampa_high,0.0048,dNP,6.81421031
125339679,AUD,False,AMPA,ampa_high,0.0048,dNP,0.12444445
125524260,AUD,False,AMPA,ampa_high,0.0048,dNP,3.02257263
130293488,MDD,False,AMPA,ampa_high,0.0048,dNP,8.12121178
130597088,MDD,False,AMPA,ampa_high,0.0048,dNP,7.92351909
134330542,MDD,False,AMPA,ampa_high,0.0048,dNP,5.62019513
135517362,MDD,False,AMPA,ampa_high,0.0048,dNP,9.19780949
135672596,AUD,False,AMPA,ampa_high,0.0048,dNP,2.22020868
135736530,MDD,False,AMPA,ampa_high,0.0048,dNP,6.0925561
136295480,AUD,False,AMPA,ampa_high,0.0048,dNP,0.71067093
136348275,AUD,False,AMPA,ampa_high,0.0048,dNP,0.87823096
136981533,MDD,False,AMPA,ampa_high,0.0048,dNP,7.27546951
137280633,MDD,False,AMPA,ampa_high,0.0048,dNP,7.25348664
138390224,AUD,False,AMPA,ampa_high,0.0048,dNP,2.39401607
140267022,MDD,False,AMPA,ampa_high,0.0048,dNP,6.51377329
141253295,MDD,False,AMPA,ampa_high,0.0048,dNP,4.70432215
141542924,MDD,False,AMPA,ampa_high,0.0048,dNP,10.62254682
141831212,MDD,False,AMPA,ampa_high,0.0048,dNP,6.33090255
142392893,MDD,False,AMPA,ampa_high,0.0048,dNP,7.15283827
143669176,AUD,False,AMPA,ampa_high,0.0048,dNP,-0.0768537
144855245,MDD,False,AMPA,ampa_high,0.0048,dNP,5.31397537
144964754,MDD,False,AMPA,ampa_high,0.0048,dNP,7.55498414
146042158,MDD,False,AMPA,ampa_high,0.0048,dNP,2.38205469
146061521,AUD,False,AMPA,ampa_high,0.0048,dNP,2.94514496
146906985,MDD,False,AMPA,ampa_high,0.0048,dNP,7.73973663
147701848,MDD,False,AMPA,ampa_high,0.0048,dNP,6.29571294
147906886,MDD,False,AMPA,ampa_high,0.0048,dNP,7.67774962
148868119,MDD,False,AMPA,ampa_high,0.0048,dNP,7.31271827
148952494,AUD,False,AMPA,ampa_high,0.0048,dNP,2.38455204
149709982,MDD,False,AMPA,ampa_high,0.0048,dNP,8.93595403
149839536,AUD,False,AMPA,ampa_high,0.0048,dNP,1.72956109
150038288,MDD,False,AMPA,ampa_high,0.0048,dNP,7.10408471
150237087,AUD,False,AMPA,ampa_high,0.0048,dNP,3.37616462
150299361,AUD,False,AMPA,ampa_high,0.0048,dNP,0.27080562
151408587,AUD,False,AMPA,ampa_high,0.0048,dNP,1.11125806
152769231,AUD,False,AMPA,ampa_high,0.0048,dNP,0.55962491
152958814,AUD,False,AMPA,ampa_high,0.0048,dNP,2.75383466
153450897,MDD,False,AMPA,ampa_high,0.0048,dNP,7.73376596
154461990,MDD,False,AMPA,ampa_high,0.0048,dNP,7.6399495
154704064,AUD,False,AMPA,ampa_high,0.0048,dNP,3.08281376
155190506,AUD,False,AMPA,ampa_high,0.0048,dNP,1.26927811
155379621,MDD,False,AMPA,ampa_high,0.0048,dNP,6.12751348
156021841,MDD,False,AMPA,ampa_high,0.0048,dNP,0.81679215
157312444,MDD,False,AMPA,ampa_high,0.0048,dNP,-0.43234398
157655614,MDD,False,AMPA,ampa_high,0.0048,dNP,0.04145455
157691935,AUD,False,AMPA,ampa_high,0.0048,dNP,0.71897984
159066706,MDD,False,AMPA,ampa_high,0.0048,dNP,3.46132184
160259456,MDD,False,AMPA,ampa_high,0.0048,dNP,0.91926604
161239003,AUD,False,AMPA,ampa_high,0.0048,dNP,1.22382091
162353055,AUD,False,AMPA,ampa_high,0.0048,dNP,-0.35354934
162354840,AUD,False,AMPA,ampa_high,0.0048,dNP,-0.2508916
163186746,AUD,False,AMPA,ampa_high,0.0048,dNP,1.80265641
164064591,AUD,False,AMPA,ampa_high,0.0048,dNP,-0.29881549
164824205,MDD,False,AMPA,ampa_high,0.0048,dNP,0.65732674
164874291,AUD,False,AMPA,ampa_high,0.0048,dNP,0.42402147
165288521,MDD,False,AMPA,ampa_high,0.0048,dNP,0.47939568
165369327,MDD,False,AMPA,ampa_high,0.0048,dNP,0.17413441
165959237,AUD,False,AMPA,ampa_high,0.0048,dNP,1.68343544
166274725,AUD,False,AMPA,ampa_high,0.0048,dNP,0.26316465
166338974,MDD,False,AMPA,ampa_high,0.0048,dNP,0.31566085
166386545,MDD,False,AMPA,ampa_high,0.0048,dNP,0.39180883
166471280,AUD,False,AMPA,ampa_high,0.0048,dNP,0.65519113
166741227,MDD,False,AMPA,ampa_high,0.0048,dNP,0.18899895
166922849,MDD,False,AMPA,ampa_high,0.0048,dNP,0.84668608
168370463,MDD,False,AMPA,ampa_high,0.0048,dNP,0.384179
168641000,MDD,False,AMPA,ampa_high,0.0048,dNP,0.41301448
169786920,MDD,False,AMPA,ampa_high,0.0048,dNP,1.04607295
171526079,MDD,False,AMPA,ampa_high,0.0048,dNP,0.77864982
171674018,AUD,False,AMPA,ampa_high,0.0048,dNP,0.34865317
171990823,MDD,False,AMPA,ampa_high,0.0048,dNP,-0.0542792
172283288,MDD,False,AMPA,ampa_high,0.0048,dNP,1.73270689
172442389,MDD,False,AMPA,ampa_high,0.0048,dNP,0.06421571
174433203,MDD,False,AMPA,ampa_high,0.0048,dNP,1.11305876
174603925,MDD,False,AMPA,ampa_high,0.0048,dNP,-0.47818491
175029071,AUD,False,AMPA,ampa_high,0.0048,dNP,1.34077549
175924853,MDD,False,AMPA,ampa_high,0.0048,dNP,0.75760001
176214110,AUD,False,AMPA,ampa_high,0.0048,dNP,1.71568647
176617846,AUD,False,AMPA,ampa_high,0.0048,dNP,1.03109771
177344780,AUD,False,AMPA,ampa_high,0.0048,dNP,1.23421426
177528314,MDD,False,AMPA,ampa_high,0.0048,dNP,-0.76801047
177688664,AUD,False,AMPA,ampa_high,0.0048,dNP,-0.02104998
177896969,AUD,False,AMPA,ampa_high,0.0048,dNP,1.88657003
178045655,AUD,False,AMPA,ampa_high,0.0048,dNP,1.86332456
178282579,AUD,False,AMPA,ampa_high,0.0048,dNP,1.3388062
178684006,AUD,False,AMPA,ampa_high,0.0048,dNP,1.06697572
178998455,AUD,False,AMPA,ampa_high,0.0048,dNP,0.24081177
181526703,AUD,False,AMPA,ampa_high,0.0048,dNP,0.34873623
182136619,AUD,False,AMPA,ampa_high,0.0048,dNP,-0.0393088
183176019,AUD,False,AMPA,ampa_high,0.0048,dNP,2.02949215
183475605,MDD,False,AMPA,ampa_high,0.0048,dNP,0.30464253
183762098,AUD,False,AMPA,ampa_high,0.0048,dNP,-0.20436319
184059377,AUD,False,AMPA,ampa_high,0.0048,dNP,1.53595571
186213995,AUD,False,AMPA,ampa_high,0.0048,dNP,1.42009458
186940717,MDD,False,AMPA,ampa_high,0.0048,dNP,0.64940055
187495574,MDD,False,AMPA,ampa_high,0.0048,dNP,-0.23993061
188448101,AUD,False,AMPA,ampa_high,0.0048,dNP,-0.24516592
188764715,MDD,False,AMPA,ampa_high,0.0048,dNP,2.23610489
190042837,AUD,False,AMPA,ampa_high,0.0048,dNP,2.47586764
191170875,AUD,False,AMPA,ampa_high,0.0048,dNP,-0.29715018
191996808,AUD,False,AMPA,ampa_high,0.0048,dNP,-0.11675183
193109536,MDD,False,AMPA,ampa_high,0.0048,dNP,1.16631988
195112416,MDD,False,AMPA,ampa_high,0.0048,dNP,0.58489905
195135326,MDD,False,AMPA,ampa_high,0.0048,dNP,1.53379881
195145348,AUD,False,AMPA,ampa_high,0.0048,dNP,1.42994212
195166026,AUD,False,AMPA,ampa_high,0.0048,dNP,1.14453608
195629783,AUD,False,AMPA,ampa_high,0.0048,dNP,0.92676533
195966822,MDD,False,AMPA,ampa_high,0.0048,dNP,1.67722927
197382673,AUD,False,AMPA,ampa_high,0.0048,dNP,1.59358447
198118454,MDD,False,AMPA,ampa_high,0.0048,dNP,0.95602779
199436480,MDD,False,AMPA,ampa_high,0.0048,dNP,1.75576979
112288,IMAGEN,False,GABA-A,gaba_low,0.0035,dNP,2.9487682
458976,IMAGEN,False,GABA-A,gaba_low,0.0035,dNP,3.26903323
829055,HC,False,GABA-A,gaba_low,0.0035,dNP,2.95238875
1647364,IMAGEN,True,GABA-A,gaba_low,0.0035,dNP,4.710893
2190836,HC,False,GABA-A,gaba_low,0.0035,dNP,0.39266052
2270310,HC,False,GABA-A,gaba_low,0.0035,dNP,2.93125978
2695459,IMAGEN,True,GABA-A,gaba_low,0.0035,dNP,1.54255628
2904393,HC,False,GABA-A,gaba_low,0.0035,dNP,6.13802466
3287674,HC,False,GABA-A,gaba_low,0.0035,dNP,2.80868951
4254555,IMAGEN,False,GABA-A,gaba_low,0.0035,dNP,1.45416517
4631192,HC,False,GABA-A,gaba_low,0.0035,dNP,4.20941626
4794212,IMAGEN,True,GABA-A,gaba_low,0.0035,dNP,3.22040876
4885471,IMAGEN,False,GABA-A,gaba_low,0.0035,dNP,5.05191406
5182386,IMAGEN,True,GABA-A,gaba_low,0.0035,dNP,5.75470911
5432841,HC,False,GABA-A,gaba_low,0.0035,dNP,2.55530728
5901115,IMAGEN,True,GABA-A,gaba_low,0.0035,dNP,1.72704097
5978534,HC,True,GABA-A,gaba_low,0.0035,dNP,2.30138674
6000160,IMAGEN,False,GABA-A,gaba_low,0.0035,dNP,2.27746342
6314205,HC,False,GABA-A,gaba_low,0.0035,dNP,3.66372613
6502630,HC,False,GABA-A,gaba_low,0.0035,dNP,4.71863359
7127936,HC,False,GABA-A,gaba_low,0.0035,dNP,0.65259097
7478069,IMAGEN,True,GABA-A,gaba_low,0.0035,dNP,1.68429809
7764421,HC,False,GABA-A,gaba_low,0.0035,dNP,1.53906641
8043474,HC,False,GABA-A,gaba_low,0.0035,dNP,0.70553636
10058298,IMAGEN,False,GABA-A,gaba_low,0.0035,dNP,3.25298036
10121092,IMAGEN,True,GABA-A,gaba_low,0.0035,dNP,0.56134077
11922061,IMAGEN,True,GABA-A,gaba_low,0.0035,dNP,2.57518544
12029891,HC,False,GABA-A,gaba_low,0.0035,dNP,6.12490437
13471924,IMAGEN,True,GABA-A,gaba_low,0.0035,dNP,1.10941331
14759699,IMAGEN,True,GABA-A,gaba_low,0.0035,dNP,2.32709746
14783858,IMAGEN,False,GABA-A,gaba_low,0.0035,dNP,1.3111097
14850118,HC,False,GABA-A,gaba_low,0.0035,dNP,4.27737334
14893890,IMAGEN,True,GABA-A,gaba_low,0.0035,dNP,4.24987869
15059321,IMAGEN,True,GABA-A,gaba_low,0.0035,dNP,1.36773316
16190159,IMAGEN,True,GABA-A,gaba_low,0.0035,dNP,-0.0031615
16275727,IMAGEN,True,GABA-A,gaba_low,0.0035,dNP,4.21314888
16708319,HC,False,GABA-A,gaba_low,0.0035,dNP,2.21135746
17213220,IMAGEN,True,GABA-A,gaba_low,0.0035,dNP,1.63313149
17696979,IMAGEN,False,GABA-A,gaba_low,0.0035,dNP,1.84283968
18455372,IMAGEN,False,GABA-A,gaba_low,0.0035,dNP,-0.08965534
18801650,IMAGEN,True,GABA-A,gaba_low,0.0035,dNP,0.41162567
18904077,HC,True,GABA-A,gaba_low,0.0035,dNP,1.5174141
18952353,HC,False,GABA-A,gaba_low,0.0035,dNP,2.11769367
19031295,HC,False,GABA-A,gaba_low,0.0035,dNP,1.02409652
19316057,HC,False,GABA-A,gaba_low,0.0035,dNP,2.8526643
19432693,IMAGEN,False,GABA-A,gaba_low,0.0035,dNP,1.13101822
20051604,HC,False,GABA-A,gaba_low,0.0035,dNP,2.19524658
20830744,HC,True,GABA-A,gaba_low,0.0035,dNP,-0.81865329
21053574,HC,True,GABA-A,gaba_low,0.0035,dNP,0.62331962
21313420,IMAGEN,True,GABA-A,gaba_low,0.0035,dNP,1.72284063
22084493,HC,False,GABA-A,gaba_low,0.0035,dNP,0.77263348
23343892,HC,False,GABA-A,gaba_low,0.0035,dNP,4.3608833
24115048,HC,True,GABA-A,gaba_low,0.0035,dNP,4.46311733
24495953,IMAGEN,True,GABA-A,gaba_low,0.0035,dNP,4.36167814
25000478,HC,True,GABA-A,gaba_low,0.0035,dNP,2.26370465
25067315,IMAGEN,True,GABA-A,gaba_low,0.0035,dNP,0.52020285
25356336,IMAGEN,True,GABA-A,gaba_low,0.0035,dNP,3.25762438
25517914,IMAGEN,True,GABA-A,gaba_low,0.0035,dNP,3.65652411
25821028,HC,False,GABA-A,gaba_low,0.0035,dNP,1.16203381
26901488,IMAGEN,True,GABA-A,gaba_low,0.0035,dNP,2.16605001
27363295,HC,False,GABA-A,gaba_low,0.0035,dNP,0.89927328
27578624,IMAGEN,True,GABA-A,gaba_low,0.0035,dNP,4.99010116
28113492,HC,True,GABA-A,gaba_low,0.0035,dNP,3.082779
28264513,HC,False,GABA-A,gaba_low,0.0035,dNP,3.03382281
29658673,IMAGEN,True,GABA-A,gaba_low,0.0035,dNP,5.24280408
29751086,IMAGEN,True,GABA-A,gaba_low,0.0035,dNP,3.66384399
29871328,IMAGEN,True,GABA-A,gaba_low,0.0035,dNP,4.51368194
30151696,HC,False,GABA-A,gaba_low,0.0035,dNP,6.71780195
30276332,IMAGEN,True,GABA-A,gaba_low,0.0035,dNP,0.20450348
30649663,HC,True,GABA-A,gaba_low,0.0035,dNP,1.12851437
30779144,IMAGEN,True,GABA-A,gaba_low,0.0035,dNP,4.53850642
31070544,IMAGEN,True,GABA-A,gaba_low,0.0035,dNP,1.92009055
31171219,IMAGEN,True,GABA-A,gaba_low,0.0035,dNP,2.8096964
31825112,IMAGEN,True,GABA-A,gaba_low,0.0035,dNP,0.6525822
31851798,IMAGEN,True,GABA-A,gaba_low,0.0035,dNP,0.80522451
32581973,HC,False,GABA-A,gaba_low,0.0035,dNP,0.85014307
34458922,HC,False,GABA-A,gaba_low,0.0035,dNP,3.14826956
35704260,IMAGEN,True,GABA-A,gaba_low,0.0035,dNP,2.35615768
36383037,HC,False,GABA-A,gaba_low,0.0035,dNP,2.92591577
37280746,HC,False,GABA-A,gaba_low,0.0035,dNP,-0.37226843
37805580,HC,True,GABA-A,gaba_low,0.0035,dNP,1.9943315
38072766,HC,False,GABA-A,gaba_low,0.0035,dNP,3.09185597
38521433,IMAGEN,True,GABA-A,gaba_low,0.0035,dNP,3.24437648
38666520,HC,False,GABA-A,gaba_low,0.0035,dNP,-0.31787323
39453204,HC,False,GABA-A,gaba_low,0.0035,dNP,1.37112099
39583981,HC,False,GABA-A,gaba_low,0.0035,dNP,5.06334938
39776858,IMAGEN,True,GABA-A,gaba_low,0.0035,dNP,4.55092213
40201562,HC,False,GABA-A,gaba_low,0.0035,dNP,2.86874464
41213271,HC,False,GABA-A,gaba_low,0.0035,dNP,0.24922331
41383458,IMAGEN,True,GABA-A,gaba_low,0.0035,dNP,1.81024183
41429086,IMAGEN,True,GABA-A,gaba_low,0.0035,dNP,3.92466378
41548748,HC,False,GABA-A,gaba_low,0.0035,dNP,3.20973747
42449851,HC,True,GABA-A,gaba_low,0.0035,dNP,5.26578927
42823353,IMAGEN,True,GABA-A,gaba_low,0.0035,dNP,2.81554504
43525440,HC,True,GABA-A,gaba_low,0.0035,dNP,1.20496547
43720294,IMAGEN,True,GABA-A,gaba_low,0.0035,dNP,3.49068954
43926786,IMAGEN,True,GABA-A,gaba_low,0.0035,dNP,2.6904475
44576096,HC,False,GABA-A,gaba_low,0.0035,dNP,3.63349002
45544719,IMAGEN,False,GABA-A,gaba_low,0.0035,dNP,6.86029563
48028426,IMAGEN,False,GABA-A,gaba_low,0.0035,dNP,4.13372153
48054415,HC,False,GABA-A,gaba_low,0.0035,dNP,2.1027438
50395729,IMAGEN,True,GABA-A,gaba_low,0.0035,dNP,1.21173967
51076110,HC,False,GABA-A,gaba_low,0.0035,dNP,5.01915623
51649816,HC,False,GABA-A,gaba_low,0.0035,dNP,2.23922423
52071148,HC,False,GABA-A,gaba_low,0.0035,dNP,1.62258396
52801880,IMAGEN,True,GABA-A,gaba_low,0.0035,dNP,2.78160985
53120454,IMAGEN,True,GABA-A,gaba_low,0.0035,dNP,2.77646755
54633971,HC,False,GABA-A,gaba_low,0.0035,dNP,1.28682572
54741718,IMAGEN,True,GABA-A,gaba_low,0.0035,dNP,-0.43400825
55417875,HC,False,GABA-A,gaba_low,0.0035,dNP,2.90983137
55499880,HC,False,GABA-A,gaba_low,0.0035,dNP,4.03728313
55619168,IMAGEN,True,GABA-A,gaba_low,0.0035,dNP,2.04791277
55836894,HC,False,GABA-A,gaba_low,0.0035,dNP,3.05847934
56819618,IMAGEN,True,GABA-A,gaba_low,0.0035,dNP,5.44763859
57172435,HC,False,GABA-A,gaba_low,0.0035,dNP,1.43597944
57348284,IMAGEN,True,GABA-A,gaba_low,0.0035,dNP,4.65536024
57930100,HC,True,GABA-A,gaba_low,0.0035,dNP,2.65343402
57968987,IMAGEN,True,GABA-A,gaba_low,0.0035,dNP,0.75602061
59057693,HC,False,GABA-A,gaba_low,0.0035,dNP,2.32132318
59343528,HC,False,GABA-A,gaba_low,0.0035,dNP,6.71759011
60184938,HC,False,GABA-A,gaba_low,0.0035,dNP,1.01224273
60186708,HC,False,GABA-A,gaba_low,0.0035,dNP,2.37726285
60281382,IMAGEN,True,GABA-A,gaba_low,0.0035,dNP,4.52078482
60334165,HC,False,GABA-A,gaba_low,0.0035,dNP,5.97946469
60530234,HC,False,GABA-A,gaba_low,0.0035,dNP,4.2589342
61581707,HC,True,GABA-A,gaba_low,0.0035,dNP,1.65143831
61756624,IMAGEN,True,GABA-A,gaba_low,0.0035,dNP,3.57456861
63213959,IMAGEN,False,GABA-A,gaba_low,0.0035,dNP,-0.07051819
63218063,HC,False,GABA-A,gaba_low,0.0035,dNP,4.99495257
63989137,IMAGEN,False,GABA-A,gaba_low,0.0035,dNP,2.07805369
64043761,HC,False,GABA-A,gaba_low,0.0035,dNP,3.19177865
64082948,HC,False,GABA-A,gaba_low,0.0035,dNP,2.91233875
64309040,HC,False,GABA-A,gaba_low,0.0035,dNP,-0.21399839
65620046,IMAGEN,False,GABA-A,gaba_low,0.0035,dNP,0.62550137
66092324,IMAGEN,False,GABA-A,gaba_low,0.0035,dNP,4.19229467
66847819,IMAGEN,False,GABA-A,gaba_low,0.0035,dNP,5.21722112
67342911,IMAGEN,True,GABA-A,gaba_low,0.0035,dNP,2.95323652
67844279,IMAGEN,True,GABA-A,gaba_low,0.0035,dNP,2.04719223
68000499,IMAGEN,True,GABA-A,gaba_low,0.0035,dNP,1.25699083
69159223,IMAGEN,True,GABA-A,gaba_low,0.0035,dNP,3.39831339
69366941,IMAGEN,True,GABA-A,gaba_low,0.0035,dNP,3.28620609
69973472,IMAGEN,True,GABA-A,gaba_low,0.0035,dNP,4.62477437
70910152,IMAGEN,True,GABA-A,gaba_low,0.0035,dNP,2.20866842
72155879,IMAGEN,True,GABA-A,gaba_low,0.0035,dNP,3.61648107
72358748,IMAGEN,True,GABA-A,gaba_low,0.0035,dNP,2.20621323
79630427,IMAGEN,True,GABA-A,gaba_low,0.0035,dNP,5.95682988
80301458,IMAGEN,True,GABA-A,gaba_low,0.0035,dNP,0.70398175
80461839,IMAGEN,True,GABA-A,gaba_low,0.0035,dNP,1.33174013
82149344,IMAGEN,True,GABA-A,gaba_low,0.0035,dNP,4.45668614
83490451,IMAGEN,True,GABA-A,gaba_low,0.0035,dNP,6.36416879
84037702,IMAGEN,True,GABA-A,gaba_low,0.0035,dNP,2.37820192
84828767,IMAGEN,True,GABA-A,gaba_low,0.0035,dNP,1.24003286
90973178,IMAGEN,True,GABA-A,gaba_low,0.0035,dNP,1.57186651
92159995,IMAGEN,False,GABA-A,gaba_low,0.0035,dNP,0.26342127
92432902,IMAGEN,True,GABA-A,gaba_low,0.0035,dNP,3.04959283
92523261,IMAGEN,True,GABA-A,gaba_low,0.0035,dNP,3.13910714
94345446,IMAGEN,True,GABA-A,gaba_low,0.0035,dNP,1.33775593
94998851,IMAGEN,True,GABA-A,gaba_low,0.0035,dNP,3.43189974
97970921,IMAGEN,True,GABA-A,gaba_low,0.0035,dNP,3.41841909
110841481,MDD,False,GABA-A,gaba_low,0.0035,dNP,1.72421854
110937433,MDD,False,GABA-A,gaba_low,0.0035,dNP,3.9146997
111086310,MDD,False,GABA-A,gaba_low,0.0035,dNP,4.50065472
111096801,MDD,False,GABA-A,gaba_low,0.0035,dNP,6.27471574
111844771,MDD,False,GABA-A,gaba_low,0.0035,dNP,3.62335908
112091464,MDD,False,GABA-A,gaba_low,0.0035,dNP,5.92826023
112517217,AUD,False,GABA-A,gaba_low,0.0035,dNP,2.03094785
112917188,AUD,False,GABA-A,gaba_low,0.0035,dNP,3.5312778
112957066,MDD,False,GABA-A,gaba_low,0.0035,dNP,3.376614
113174215,MDD,False,GABA-A,gaba_low,0.0035,dNP,2.94456663
113237194,AUD,False,GABA-A,gaba_low,0.0035,dNP,2.7708193
113387068,MDD,False,GABA-A,gaba_low,0.0035,dNP,-0.30391286
114552708,MDD,False,GABA-A,gaba_low,0.0035,dNP,0.20289398
115212275,AUD,False,GABA-A,gaba_low,0.0035,dNP,3.88627312
117385823,MDD,False,GABA-A,gaba_low,0.0035,dNP,2.54184981
118382279,MDD,False,GABA-A,gaba_low,0.0035,dNP,1.62822219
121801833,AUD,False,GABA-A,gaba_low,0.0035,dNP,9.96543745
122083369,AUD,False,GABA-A,gaba_low,0.0035,dNP,3.53567244
122408481,MDD,False,GABA-A,gaba_low,0.0035,dNP,3.48011304
123660597,MDD,False,GABA-A,gaba_low,0.0035,dNP,3.90420772
123930959,MDD,False,GABA-A,gaba_low,0.0035,dNP,1.91347529
124782577,AUD,False,GABA-A,gaba_low,0.0035,dNP,3.86775286
125237313,MDD,False,GABA-A,gaba_low,0.0035,dNP,2.32241033
125339679,AUD,False,GABA-A,gaba_low,0.0035,dNP,3.37866871
125524260,AUD,False,GABA-A,gaba_low,0.0035,dNP,3.75070532
130293488,MDD,False,GABA-A,gaba_low,0.0035,dNP,3.76559942
130597088,MDD,False,GABA-A,gaba_low,0.0035,dNP,5.05969034
134330542,MDD,False,GABA-A,gaba_low,0.0035,dNP,0.55948012
135517362,MDD,False,GABA-A,gaba_low,0.0035,dNP,0.99884584
135672596,AUD,False,GABA-A,gaba_low,0.0035,dNP,4.05435373
135736530,MDD,False,GABA-A,gaba_low,0.0035,dNP,-0.84368534
136295480,AUD,False,GABA-A,gaba_low,0.0035,dNP,6.57737744
136348275,AUD,False,GABA-A,gaba_low,0.0035,dNP,2.45491099
136981533,MDD,False,GABA-A,gaba_low,0.0035,dNP,-0.09294927
137280633,MDD,False,GABA-A,gaba_low,0.0035,dNP,0.85905284
138390224,AUD,False,GABA-A,gaba_low,0.0035,dNP,6.94137708
140267022,MDD,False,GABA-A,gaba_low,0.0035,dNP,3.28632556
141253295,MDD,False,GABA-A,gaba_low,0.0035,dNP,2.16982777
141542924,MDD,False,GABA-A,gaba_low,0.0035,dNP,3.00917516
141831212,MDD,False,GABA-A,gaba_low,0.0035,dNP,1.82991402
142392893,MDD,False,GABA-A,gaba_low,0.0035,dNP,2.64857213
143669176,AUD,False,GABA-A,gaba_low,0.0035,dNP,3.91818702
144855245,MDD,False,GABA-A,gaba_low,0.0035,dNP,0.69193534
144964754,MDD,False,GABA-A,gaba_low,0.0035,dNP,1.38276692
146042158,MDD,False,GABA-A,gaba_low,0.0035,dNP,1.38370054
146061521,AUD,False,GABA-A,gaba_low,0.0035,dNP,2.91719266
146906985,MDD,False,GABA-A,gaba_low,0.0035,dNP,1.54307337
147701848,MDD,False,GABA-A,gaba_low,0.0035,dNP,3.28591577
147906886,MDD,False,GABA-A,gaba_low,0.0035,dNP,2.30588855
148868119,MDD,False,GABA-A,gaba_low,0.0035,dNP,4.10166459
148952494,AUD,False,GABA-A,gaba_low,0.0035,dNP,1.75079974
149709982,MDD,False,GABA-A,gaba_low,0.0035,dNP,2.44582135
149839536,AUD,False,GABA-A,gaba_low,0.0035,dNP,2.50871204
150038288,MDD,False,GABA-A,gaba_low,0.0035,dNP,1.00352263
150237087,AUD,False,GABA-A,gaba_low,0.0035,dNP,5.6913663
150299361,AUD,False,GABA-A,gaba_low,0.0035,dNP,2.79076391
151408587,AUD,False,GABA-A,gaba_low,0.0035,dNP,2.67689366
152769231,AUD,False,GABA-A,gaba_low,0.0035,dNP,2.45060152
152958814,AUD,False,GABA-A,gaba_low,0.0035,dNP,5.63121287
153450897,MDD,False,GABA-A,gaba_low,0.0035,dNP,2.25187144
154461990,MDD,False,GABA-A,gaba_low,0.0035,dNP,3.1332707
154704064,AUD,False,GABA-A,gaba_low,0.0035,dNP,5.1869765
155190506,AUD,False,GABA-A,gaba_low,0.0035,dNP,1.41045651
155379621,MDD,False,GABA-A,gaba_low,0.0035,dNP,1.76718382
156021841,MDD,False,GABA-A,gaba_low,0.0035,dNP,0.42349625
157312444,MDD,False,GABA-A,gaba_low,0.0035,dNP,5.41641268
157655614,MDD,False,GABA-A,gaba_low,0.0035,dNP,1.27699843
157691935,AUD,False,GABA-A,gaba_low,0.0035,dNP,4.07558944
159066706,MDD,False,GABA-A,gaba_low,0.0035,dNP,6.2961644
160259456,MDD,False,GABA-A,gaba_low,0.0035,dNP,1.10448136
161239003,AUD,False,GABA-A,gaba_low,0.0035,dNP,2.21887867
162353055,AUD,False,GABA-A,gaba_low,0.0035,dNP,2.51759087
162354840,AUD,False,GABA-A,gaba_low,0.0035,dNP,1.61456855
163186746,AUD,False,GABA-A,gaba_low,0.0035,dNP,1.53378669
164064591,AUD,False,GABA-A,gaba_low,0.0035,dNP,1.68723728
164824205,MDD,False,GABA-A,gaba_low,0.0035,dNP,3.96522554
164874291,AUD,False,GABA-A,gaba_low,0.0035,dNP,2.02168293
165288521,MDD,False,GABA-A,gaba_low,0.0035,dNP,6.45349545
165369327,MDD,False,GABA-A,gaba_low,0.0035,dNP,7.9844841
165959237,AUD,False,GABA-A,gaba_low,0.0035,dNP,1.70957004
166274725,AUD,False,GABA-A,gaba_low,0.0035,dNP,3.69168295
166338974,MDD,False,GABA-A,gaba_low,0.0035,dNP,8.68927351
166386545,MDD,False,GABA-A,gaba_low,0.0035,dNP,8.16888879
166471280,AUD,False,GABA-A,gaba_low,0.0035,dNP,0.98788567
166741227,MDD,False,GABA-A,gaba_low,0.0035,dNP,9.28704894
166922849,MDD,False,GABA-A,gaba_low,0.0035,dNP,10.42406065
168370463,MDD,False,GABA-A,gaba_low,0.0035,dNP,8.16125934
168641000,MDD,False,GABA-A,gaba_low,0.0035,dNP,9.33290017
169786920,MDD,False,GABA-A,gaba_low,0.0035,dNP,8.30975546
171526079,MDD,False,GABA-A,gaba_low,0.0035,dNP,8.00908358
171674018,AUD,False,GABA-A,gaba_low,0.0035,dNP,2.32790519
171990823,MDD,False,GABA-A,gaba_low,0.0035,dNP,7.7543399
172283288,MDD,False,GABA-A,gaba_low,0.0035,dNP,7.65379189
172442389,MDD,False,GABA-A,gaba_low,0.0035,dNP,4.19255203
174433203,MDD,False,GABA-A,gaba_low,0.0035,dNP,8.23812528
174603925,MDD,False,GABA-A,gaba_low,0.0035,dNP,8.72532361
175029071,AUD,False,GABA-A,gaba_low,0.0035,dNP,5.874837
175924853,MDD,False,GABA-A,gaba_low,0.0035,dNP,7.73826306
176214110,AUD,False,GABA-A,gaba_low,0.0035,dNP,1.63411373
176617846,AUD,False,GABA-A,gaba_low,0.0035,dNP,2.10458357
177344780,AUD,False,GABA-A,gaba_low,0.0035,dNP,4.60243763
177528314,MDD,False,GABA-A,gaba_low,0.0035,dNP,5.80612232
177688664,AUD,False,GABA-A,gaba_low,0.0035,dNP,5.26121028
177896969,AUD,False,GABA-A,gaba_low,0.0035,dNP,2.08054679
178045655,AUD,False,GABA-A,gaba_low,0.0035,dNP,3.22451108
178282579,AUD,False,GABA-A,gaba_low,0.0035,dNP,5.37199243
178684006,AUD,False,GABA-A,gaba_low,0.0035,dNP,4.55183357
178998455,AUD,False,GABA-A,gaba_low,0.0035,dNP,3.65444499
181526703,AUD,False,GABA-A,gaba_low,0.0035,dNP,4.51267437
182136619,AUD,False,GABA-A,gaba_low,0.0035,dNP,2.9605757
183176019,AUD,False,GABA-A,gaba_low,0.0035,dNP,3.0877537
183475605,MDD,False,GABA-A,gaba_low,0.0035,dNP,5.52783451
183762098,AUD,False,GABA-A,gaba_low,0.0035,dNP,6.25802228
184059377,AUD,False,GABA-A,gaba_low,0.0035,dNP,6.63793045
186213995,AUD,False,GABA-A,gaba_low,0.0035,dNP,2.42312125
186940717,MDD,False,GABA-A,gaba_low,0.0035,dNP,4.38884952
187495574,MDD,False,GABA-A,gaba_low,0.0035,dNP,5.77096868
188448101,AUD,False,GABA-A,gaba_low,0.0035,dNP,0.66489263
188764715,MDD,False,GABA-A,gaba_low,0.0035,dNP,7.07107835
190042837,AUD,False,GABA-A,gaba_low,0.0035,dNP,4.3880018
191170875,AUD,False,GABA-A,gaba_low,0.0035,dNP,4.44986133
191996808,AUD,False,GABA-A,gaba_low,0.0035,dNP,2.08530265
193109536,MDD,False,GABA-A,gaba_low,0.0035,dNP,9.53671214
195112416,MDD,False,GABA-A,gaba_low,0.0035,dNP,1.30449151
195135326,MDD,False,GABA-A,gaba_low,0.0035,dNP,0.64397262
195145348,AUD,False,GABA-A,gaba_low,0.0035,dNP,1.06570239
195166026,AUD,False,GABA-A,gaba_low,0.0035,dNP,3.52513818
195629783,AUD,False,GABA-A,gaba_low,0.0035,dNP,2.29349021
195966822,MDD,False,GABA-A,gaba_low,0.0035,dNP,1.54112113
197382673,AUD,False,GABA-A,gaba_low,0.0035,dNP,4.18566665
198118454,MDD,False,GABA-A,gaba_low,0.0035,dNP,2.3528459
199436480,MDD,False,GABA-A,gaba_low,0.0035,dNP,1.73620545
112288,IMAGEN,False,GABA-A,gaba,0.004,dNP,3.26346947
458976,IMAGEN,False,GABA-A,gaba,0.004,dNP,3.90179571
829055,HC,False,GABA-A,gaba,0.004,dNP,3.54442838
1647364,IMAGEN,True,GABA-A,gaba,0.004,dNP,4.4624822
2190836,HC,False,GABA-A,gaba,0.004,dNP,0.48106912
2270310,HC,False,GABA-A,gaba,0.004,dNP,2.38281187
2695459,IMAGEN,True,GABA-A,gaba,0.004,dNP,1.79079833
2904393,HC,False,GABA-A,gaba,0.004,dNP,6.6044486
3287674,HC,False,GABA-A,gaba,0.004,dNP,2.51139739
4254555,IMAGEN,False,GABA-A,gaba,0.004,dNP,1.218373
4631192,HC,False,GABA-A,gaba,0.004,dNP,3.92592911
4794212,IMAGEN,True,GABA-A,gaba,0.004,dNP,4.40213171
4885471,IMAGEN,False,GABA-A,gaba,0.004,dNP,4.71791244
5182386,IMAGEN,True,GABA-A,gaba,0.004,dNP,5.39958485
5432841,HC,False,GABA-A,gaba,0.004,dNP,2.49511253
5901115,IMAGEN,True,GABA-A,gaba,0.004,dNP,2.0317684
5978534,HC,True,GABA-A,gaba,0.004,dNP,2.06653192
6000160,IMAGEN,False,GABA-A,gaba,0.004,dNP,1.32370797
6314205,HC,False,GABA-A,gaba,0.004,dNP,3.36649321
6502630,HC,False,GABA-A,gaba,0.004,dNP,4.88098435
7127936,HC,False,GABA-A,gaba,0.004,dNP,1.30788319
7478069,IMAGEN,True,GABA-A,gaba,0.004,dNP,1.7705058
7764421,HC,False,GABA-A,gaba,0.004,dNP,2.24636369
8043474,HC,False,GABA-A,gaba,0.004,dNP,0.76044569
10058298,IMAGEN,False,GABA-A,gaba,0.004,dNP,3.11171061
10121092,IMAGEN,True,GABA-A,gaba,0.004,dNP,0.37289697
11922061,IMAGEN,True,GABA-A,gaba,0.004,dNP,1.85126906
12029891,HC,False,GABA-A,gaba,0.004,dNP,6.10680945
13471924,IMAGEN,True,GABA-A,gaba,0.004,dNP,1.17282034
14759699,IMAGEN,True,GABA-A,gaba,0.004,dNP,2.08371732
14783858,IMAGEN,False,GABA-A,gaba,0.004,dNP,1.08959302
14850118,HC,False,GABA-A,gaba,0.004,dNP,2.76923532
14893890,IMAGEN,True,GABA-A,gaba,0.004,dNP,3.80781351
15059321,IMAGEN,True,GABA-A,gaba,0.004,dNP,0.84455843
16190159,IMAGEN,True,GABA-A,gaba,0.004,dNP,-0.15442902
16275727,IMAGEN,True,GABA-A,gaba,0.004,dNP,4.66466485
16708319,HC,False,GABA-A,gaba,0.004,dNP,2.09237328
17213220,IMAGEN,True,GABA-A,gaba,0.004,dNP,2.07116488
17696979,IMAGEN,False,GABA-A,gaba,0.004,dNP,1.96676107
18455372,IMAGEN,False,GABA-A,gaba,0.004,dNP,0.14417479
18801650,IMAGEN,True,GABA-A,gaba,0.004,dNP,0.07342832
18904077,HC,True,GABA-A,gaba,0.004,dNP,1.47021463
18952353,HC,False,GABA-A,gaba,0.004,dNP,3.52828104
19031295,HC,False,GABA-A,gaba,0.004,dNP,1.31929407
19316057,HC,False,GABA-A,gaba,0.004,dNP,3.2418281
19432693,IMAGEN,False,GABA-A,gaba,0.004,dNP,0.90033447
20051604,HC,False,GABA-A,gaba,0.004,dNP,2.38524709
20830744,HC,True,GABA-A,gaba,0.004,dNP,-0.77091639
21053574,HC,True,GABA-A,gaba,0.004,dNP,2.33061061
21313420,IMAGEN,True,GABA-A,gaba,0.004,dNP,2.20038739
22084493,HC,False,GABA-A,gaba,0.004,dNP,1.57650365
23343892,HC,False,GABA-A,gaba,0.004,dNP,3.17662381
24115048,HC,True,GABA-A,gaba,0.004,dNP,3.97287114
24495953,IMAGEN,True,GABA-A,gaba,0.004,dNP,4.25387885
25000478,HC,True,GABA-A,gaba,0.004,dNP,3.08047244
25067315,IMAGEN,True,GABA-A,gaba,0.004,dNP,0.14407807
25356336,IMAGEN,True,GABA-A,gaba,0.004,dNP,2.77478452
25517914,IMAGEN,True,GABA-A,gaba,0.004,dNP,3.20019738
25821028,HC,False,GABA-A,gaba,0.004,dNP,0.35349808
26901488,IMAGEN,True,GABA-A,gaba,0.004,dNP,1.43269554
27363295,HC,False,GABA-A,gaba,0.004,dNP,1.05223564
27578624,IMAGEN,True,GABA-A,gaba,0.004,dNP,5.40814626
28113492,HC,True,GABA-A,gaba,0.004,dNP,3.1947882
28264513,HC,False,GABA-A,gaba,0.004,dNP,2.78614098
29658673,IMAGEN,True,GABA-A,gaba,0.004,dNP,4.37288943
29751086,IMAGEN,True,GABA-A,gaba,0.004,dNP,3.39507305
29871328,IMAGEN,True,GABA-A,gaba,0.004,dNP,4.93673793
30151696,HC,False,GABA-A,gaba,0.004,dNP,7.06592232
30276332,IMAGEN,True,GABA-A,gaba,0.004,dNP,0.61498948
30649663,HC,True,GABA-A,gaba,0.004,dNP,0.94095039
30779144,IMAGEN,True,GABA-A,gaba,0.004,dNP,4.6447752
31070544,IMAGEN,True,GABA-A,gaba,0.004,dNP,1.78493468
31171219,IMAGEN,True,GABA-A,gaba,0.004,dNP,1.65736135
31825112,IMAGEN,True,GABA-A,gaba,0.004,dNP,1.04718548
31851798,IMAGEN,True,GABA-A,gaba,0.004,dNP,0.97536015
32581973,HC,False,GABA-A,gaba,0.004,dNP,0.83227225
34458922,HC,False,GABA-A,gaba,0.004,dNP,2.5741594
35704260,IMAGEN,True,GABA-A,gaba,0.004,dNP,2.72294906
36383037,HC,False,GABA-A,gaba,0.004,dNP,2.62445276
37280746,HC,False,GABA-A,gaba,0.004,dNP,0.05282472
37805580,HC,True,GABA-A,gaba,0.004,dNP,2.18721046
38072766,HC,False,GABA-A,gaba,0.004,dNP,2.78855566
38521433,IMAGEN,True,GABA-A,gaba,0.004,dNP,3.01571025
38666520,HC,False,GABA-A,gaba,0.004,dNP,0.14168733
39453204,HC,False,GABA-A,gaba,0.004,dNP,1.04577604
39583981,HC,False,GABA-A,gaba,0.004,dNP,4.95756624
39776858,IMAGEN,True,GABA-A,gaba,0.004,dNP,4.48625514
40201562,HC,False,GABA-A,gaba,0.004,dNP,2.9848639
41213271,HC,False,GABA-A,gaba,0.004,dNP,0.27222045
41383458,IMAGEN,True,GABA-A,gaba,0.004,dNP,1.51266293
41429086,IMAGEN,True,GABA-A,gaba,0.004,dNP,3.89239211
41548748,HC,False,GABA-A,gaba,0.004,dNP,3.09502834
42449851,HC,True,GABA-A,gaba,0.004,dNP,5.27529661
42823353,IMAGEN,True,GABA-A,gaba,0.004,dNP,1.32653206
43525440,HC,True,GABA-A,gaba,0.004,dNP,1.02457466
43720294,IMAGEN,True,GABA-A,gaba,0.004,dNP,3.70348216
43926786,IMAGEN,True,GABA-A,gaba,0.004,dNP,2.27482608
44576096,HC,False,GABA-A,gaba,0.004,dNP,3.53953762
45544719,IMAGEN,False,GABA-A,gaba,0.004,dNP,6.58707074
48028426,IMAGEN,False,GABA-A,gaba,0.004,dNP,4.0383321
48054415,HC,False,GABA-A,gaba,0.004,dNP,1.89542142
50395729,IMAGEN,True,GABA-A,gaba,0.004,dNP,1.30456211
51076110,HC,False,GABA-A,gaba,0.004,dNP,4.5526412
51649816,HC,False,GABA-A,gaba,0.004,dNP,2.11159357
52071148,HC,False,GABA-A,gaba,0.004,dNP,1.2662105
52801880,IMAGEN,True,GABA-A,gaba,0.004,dNP,2.71628287
53120454,IMAGEN,True,GABA-A,gaba,0.004,dNP,3.11155783
54633971,HC,False,GABA-A,gaba,0.004,dNP,1.54521597
54741718,IMAGEN,True,GABA-A,gaba,0.004,dNP,0.53284913
55417875,HC,False,GABA-A,gaba,0.004,dNP,3.86584038
55499880,HC,False,GABA-A,gaba,0.004,dNP,3.59581988
55619168,IMAGEN,True,GABA-A,gaba,0.004,dNP,1.42921901
55836894,HC,False,GABA-A,gaba,0.004,dNP,3.35015477
56819618,IMAGEN,True,GABA-A,gaba,0.004,dNP,5.06479469
57172435,HC,False,GABA-A,gaba,0.004,dNP,1.0326039
57348284,IMAGEN,True,GABA-A,gaba,0.004,dNP,5.02425033
57930100,HC,True,GABA-A,gaba,0.004,dNP,2.59393867
57968987,IMAGEN,True,GABA-A,gaba,0.004,dNP,1.01653475
59057693,HC,False,GABA-A,gaba,0.004,dNP,2.49168365
59343528,HC,False,GABA-A,gaba,0.004,dNP,6.43281712
60184938,HC,False,GABA-A,gaba,0.004,dNP,0.81052366
60186708,HC,False,GABA-A,gaba,0.004,dNP,2.05596764
60281382,IMAGEN,True,GABA-A,gaba,0.004,dNP,5.36206699
60334165,HC,False,GABA-A,gaba,0.004,dNP,5.86898545
60530234,HC,False,GABA-A,gaba,0.004,dNP,4.12787521
61581707,HC,True,GABA-A,gaba,0.004,dNP,2.33840048
61756624,IMAGEN,True,GABA-A,gaba,0.004,dNP,4.51153943
63213959,IMAGEN,False,GABA-A,gaba,0.004,dNP,0.205355
63218063,HC,False,GABA-A,gaba,0.004,dNP,3.71096172
63989137,IMAGEN,False,GABA-A,gaba,0.004,dNP,2.27965197
64043761,HC,False,GABA-A,gaba,0.004,dNP,1.70568835
64082948,HC,False,GABA-A,gaba,0.004,dNP,2.45550184
64309040,HC,False,GABA-A,gaba,0.004,dNP,-0.16359289
65620046,IMAGEN,False,GABA-A,gaba,0.004,dNP,1.29745537
66092324,IMAGEN,False,GABA-A,gaba,0.004,dNP,3.14200095
66847819,IMAGEN,False,GABA-A,gaba,0.004,dNP,5.5061309
67342911,IMAGEN,True,GABA-A,gaba,0.004,dNP,1.81421684
67844279,IMAGEN,True,GABA-A,gaba,0.004,dNP,2.29550185
68000499,IMAGEN,True,GABA-A,gaba,0.004,dNP,0.6542434
69159223,IMAGEN,True,GABA-A,gaba,0.004,dNP,3.11711505
69366941,IMAGEN,True,GABA-A,gaba,0.004,dNP,3.2889039
69973472,IMAGEN,True,GABA-A,gaba,0.004,dNP,4.64292557
70910152,IMAGEN,True,GABA-A,gaba,0.004,dNP,3.21205153
72155879,IMAGEN,True,GABA-A,gaba,0.004,dNP,3.65196905
72358748,IMAGEN,True,GABA-A,gaba,0.004,dNP,2.29212624
79630427,IMAGEN,True,GABA-A,gaba,0.004,dNP,5.91051845
80301458,IMAGEN,True,GABA-A,gaba,0.004,dNP,0.27952572
80461839,IMAGEN,True,GABA-A,gaba,0.004,dNP,1.27461389
82149344,IMAGEN,True,GABA-A,gaba,0.004,dNP,3.82219064
83490451,IMAGEN,True,GABA-A,gaba,0.004,dNP,4.52920133
84037702,IMAGEN,True,GABA-A,gaba,0.004,dNP,1.83046137
84828767,IMAGEN,True,GABA-A,gaba,0.004,dNP,0.88243523
90973178,IMAGEN,True,GABA-A,gaba,0.004,dNP,1.40800667
92159995,IMAGEN,False,GABA-A,gaba,0.004,dNP,0.08704345
92432902,IMAGEN,True,GABA-A,gaba,0.004,dNP,2.40950386
92523261,IMAGEN,True,GABA-A,gaba,0.004,dNP,3.89250251
94345446,IMAGEN,True,GABA-A,gaba,0.004,dNP,0.82165869
94998851,IMAGEN,True,GABA-A,gaba,0.004,dNP,4.71375818
97970921,IMAGEN,True,GABA-A,gaba,0.004,dNP,2.98295048
110841481,MDD,False,GABA-A,gaba,0.004,dNP,2.29099495
110937433,MDD,False,GABA-A,gaba,0.004,dNP,4.02127577
111086310,MDD,False,GABA-A,gaba,0.004,dNP,4.57308114
111096801,MDD,False,GABA-A,gaba,0.004,dNP,6.22189137
111844771,MDD,False,GABA-A,gaba,0.004,dNP,4.2505083
112091464,MDD,False,GABA-A,gaba,0.004,dNP,5.88139384
112517217,AUD,False,GABA-A,gaba,0.004,dNP,2.03917419
112917188,AUD,False,GABA-A,gaba,0.004,dNP,6.51130282
112957066,MDD,False,GABA-A,gaba,0.004,dNP,2.36737536
113174215,MDD,False,GABA-A,gaba,0.004,dNP,3.1629814
113237194,AUD,False,GABA-A,gaba,0.004,dNP,4.18591059
113387068,MDD,False,GABA-A,gaba,0.004,dNP,-0.05725489
114552708,MDD,False,GABA-A,gaba,0.004,dNP,0.5680398
115212275,AUD,False,GABA-A,gaba,0.004,dNP,3.56946068
117385823,MDD,False,GABA-A,gaba,0.004,dNP,3.0188708
118382279,MDD,False,GABA-A,gaba,0.004,dNP,2.15607678
121801833,AUD,False,GABA-A,gaba,0.004,dNP,10.55872276
122083369,AUD,False,GABA-A,gaba,0.004,dNP,3.17741232
122408481,MDD,False,GABA-A,gaba,0.004,dNP,3.51268301
123660597,MDD,False,GABA-A,gaba,0.004,dNP,3.76744495
123930959,MDD,False,GABA-A,gaba,0.004,dNP,1.59760428
124782577,AUD,False,GABA-A,gaba,0.004,dNP,4.18754401
125237313,MDD,False,GABA-A,gaba,0.004,dNP,2.73181493
125339679,AUD,False,GABA-A,gaba,0.004,dNP,3.65742206
125524260,AUD,False,GABA-A,gaba,0.004,dNP,4.2481714
130293488,MDD,False,GABA-A,gaba,0.004,dNP,3.3274761
130597088,MDD,False,GABA-A,gaba,0.004,dNP,5.17309879
134330542,MDD,False,GABA-A,gaba,0.004,dNP,1.70952082
135517362,MDD,False,GABA-A,gaba,0.004,dNP,0.24441846
135672596,AUD,False,GABA-A,gaba,0.004,dNP,4.27046108
135736530,MDD,False,GABA-A,gaba,0.004,dNP,-0.83296916
136295480,AUD,False,GABA-A,gaba,0.004,dNP,6.23047245
136348275,AUD,False,GABA-A,gaba,0.004,dNP,1.7080954
136981533,MDD,False,GABA-A,gaba,0.004,dNP,0.40757034
137280633,MDD,False,GABA-A,gaba,0.004,dNP,2.71682389
138390224,AUD,False,GABA-A,gaba,0.004,dNP,6.28571465
140267022,MDD,False,GABA-A,gaba,0.004,dNP,1.31260305
141253295,MDD,False,GABA-A,gaba,0.004,dNP,3.00470416
141542924,MDD,False,GABA-A,gaba,0.004,dNP,3.35424493
141831212,MDD,False,GABA-A,gaba,0.004,dNP,0.93334841
142392893,MDD,False,GABA-A,gaba,0.004,dNP,2.46987997
143669176,AUD,False,GABA-A,gaba,0.004,dNP,3.05343762
144855245,MDD,False,GABA-A,gaba,0.004,dNP,0.75828285
144964754,MDD,False,GABA-A,gaba,0.004,dNP,1.36383141
146042158,MDD,False,GABA-A,gaba,0.004,dNP,1.01214265
146061521,AUD,False,GABA-A,gaba,0.004,dNP,2.96480465
146906985,MDD,False,GABA-A,gaba,0.004,dNP,1.66250634
147701848,MDD,False,GABA-A,gaba,0.004,dNP,3.77630157
147906886,MDD,False,GABA-A,gaba,0.004,dNP,1.88165411
148868119,MDD,False,GABA-A,gaba,0.004,dNP,3.42892207
148952494,AUD,False,GABA-A,gaba,0.004,dNP,1.30764779
149709982,MDD,False,GABA-A,gaba,0.004,dNP,1.73068023
149839536,AUD,False,GABA-A,gaba,0.004,dNP,1.835623
150038288,MDD,False,GABA-A,gaba,0.004,dNP,0.8600742
150237087,AUD,False,GABA-A,gaba,0.004,dNP,4.54910217
150299361,AUD,False,GABA-A,gaba,0.004,dNP,3.10677428
151408587,AUD,False,GABA-A,gaba,0.004,dNP,2.94885809
152769231,AUD,False,GABA-A,gaba,0.004,dNP,1.61654613
152958814,AUD,False,GABA-A,gaba,0.004,dNP,5.60582841
153450897,MDD,False,GABA-A,gaba,0.004,dNP,2.04660049
154461990,MDD,False,GABA-A,gaba,0.004,dNP,2.10237638
154704064,AUD,False,GABA-A,gaba,0.004,dNP,5.43765235
155190506,AUD,False,GABA-A,gaba,0.004,dNP,1.48929763
155379621,MDD,False,GABA-A,gaba,0.004,dNP,1.90323787
156021841,MDD,False,GABA-A,gaba,0.004,dNP,0.11605915
157312444,MDD,False,GABA-A,gaba,0.004,dNP,4.45467882
157655614,MDD,False,GABA-A,gaba,0.004,dNP,1.40089702
157691935,AUD,False,GABA-A,gaba,0.004,dNP,4.28384065
159066706,MDD,False,GABA-A,gaba,0.004,dNP,5.31631163
160259456,MDD,False,GABA-A,gaba,0.004,dNP,1.20234656
161239003,AUD,False,GABA-A,gaba,0.004,dNP,2.0808733
162353055,AUD,False,GABA-A,gaba,0.004,dNP,2.53760578
162354840,AUD,False,GABA-A,gaba,0.004,dNP,2.06137084
163186746,AUD,False,GABA-A,gaba,0.004,dNP,2.07808267
164064591,AUD,False,GABA-A,gaba,0.004,dNP,1.80808062
164824205,MDD,False,GABA-A,gaba,0.004,dNP,4.40980995
164874291,AUD,False,GABA-A,gaba,0.004,dNP,1.31708625
165288521,MDD,False,GABA-A,gaba,0.004,dNP,3.12045656
165369327,MDD,False,GABA-A,gaba,0.004,dNP,1.7006808
165959237,AUD,False,GABA-A,gaba,0.004,dNP,1.73092311
166274725,AUD,False,GABA-A,gaba,0.004,dNP,4.18606815
166338974,MDD,False,GABA-A,gaba,0.004,dNP,3.27162223
166386545,MDD,False,GABA-A,gaba,0.004,dNP,-0.34454262
166471280,AUD,False,GABA-A,gaba,0.004,dNP,1.02152332
166741227,MDD,False,GABA-A,gaba,0.004,dNP,4.07969594
166922849,MDD,False,GABA-A,gaba,0.004,dNP,6.78533691
168370463,MDD,False,GABA-A,gaba,0.004,dNP,4.37332281
168641000,MDD,False,GABA-A,gaba,0.004,dNP,2.31257055
169786920,MDD,False,GABA-A,gaba,0.004,dNP,3.2820016
171526079,MDD,False,GABA-A,gaba,0.004,dNP,2.49726246
171674018,AUD,False,GABA-A,gaba,0.004,dNP,2.16741171
171990823,MDD,False,GABA-A,gaba,0.004,dNP,1.19546553
172283288,MDD,False,GABA-A,gaba,0.004,dNP,2.85226594
172442389,MDD,False,GABA-A,gaba,0.004,dNP,1.59277123
174433203,MDD,False,GABA-A,gaba,0.004,dNP,1.91035543
174603925,MDD,False,GABA-A,gaba,0.004,dNP,1.54032391
175029071,AUD,False,GABA-A,gaba,0.004,dNP,5.01597525
175924853,MDD,False,GABA-A,gaba,0.004,dNP,2.06270019
176214110,AUD,False,GABA-A,gaba,0.004,dNP,1.68377345
176617846,AUD,False,GABA-A,gaba,0.004,dNP,2.69148747
177344780,AUD,False,GABA-A,gaba,0.004,dNP,5.02026574
177528314,MDD,False,GABA-A,gaba,0.004,dNP,0.96817318
177688664,AUD,False,GABA-A,gaba,0.004,dNP,5.14319406
177896969,AUD,False,GABA-A,gaba,0.004,dNP,1.86409825
178045655,AUD,False,GABA-A,gaba,0.004,dNP,3.69094711
178282579,AUD,False,GABA-A,gaba,0.004,dNP,5.02208219
178684006,AUD,False,GABA-A,gaba,0.004,dNP,4.28488624
178998455,AUD,False,GABA-A,gaba,0.004,dNP,3.19123697
181526703,AUD,False,GABA-A,gaba,0.004,dNP,3.90016097
182136619,AUD,False,GABA-A,gaba,0.004,dNP,2.22219394
183176019,AUD,False,GABA-A,gaba,0.004,dNP,3.71916962
183475605,MDD,False,GABA-A,gaba,0.004,dNP,0.9710417
183762098,AUD,False,GABA-A,gaba,0.004,dNP,5.55156098
184059377,AUD,False,GABA-A,gaba,0.004,dNP,6.06645024
186213995,AUD,False,GABA-A,gaba,0.004,dNP,2.17619333
186940717,MDD,False,GABA-A,gaba,0.004,dNP,1.95766719
187495574,MDD,False,GABA-A,gaba,0.004,dNP,2.61835624
188448101,AUD,False,GABA-A,gaba,0.004,dNP,0.74526596
188764715,MDD,False,GABA-A,gaba,0.004,dNP,1.3232977
190042837,AUD,False,GABA-A,gaba,0.004,dNP,4.28740475
191170875,AUD,False,GABA-A,gaba,0.004,dNP,4.58733978
191996808,AUD,False,GABA-A,gaba,0.004,dNP,2.09334902
193109536,MDD,False,GABA-A,gaba,0.004,dNP,5.99047013
195112416,MDD,False,GABA-A,gaba,0.004,dNP,1.55263896
195135326,MDD,False,GABA-A,gaba,0.004,dNP,1.404732
195145348,AUD,False,GABA-A,gaba,0.004,dNP,1.72111625
195166026,AUD,False,GABA-A,gaba,0.004,dNP,3.23451508
195629783,AUD,False,GABA-A,gaba,0.004,dNP,2.07287587
195966822,MDD,False,GABA-A,gaba,0.004,dNP,0.39148197
197382673,AUD,False,GABA-A,gaba,0.004,dNP,3.13347716
198118454,MDD,False,GABA-A,gaba,0.004,dNP,1.81330069
199436480,MDD,False,GABA-A,gaba,0.004,dNP,1.03029885
112288,IMAGEN,False,GABA-A,gaba_high,0.0045,dNP,3.30350533
458976,IMAGEN,False,GABA-A,gaba_high,0.0045,dNP,4.64597684
829055,HC,False,GABA-A,gaba_high,0.0045,dNP,3.70418562
1647364,IMAGEN,True,GABA-A,gaba_high,0.0045,dNP,3.28282759
2190836,HC,False,GABA-A,gaba_high,0.0045,dNP,0.55806735
2270310,HC,False,GABA-A,gaba_high,0.0045,dNP,2.38604041
2695459,IMAGEN,True,GABA-A,gaba_high,0.0045,dNP,-0.03770964
2904393,HC,False,GABA-A,gaba_high,0.0045,dNP,6.43204996
3287674,HC,False,GABA-A,gaba_high,0.0045,dNP,2.24905418
4254555,IMAGEN,False,GABA-A,gaba_high,0.0045,dNP,1.91902483
4631192,HC,False,GABA-A,gaba_high,0.0045,dNP,4.9407809
4794212,IMAGEN,True,GABA-A,gaba_high,0.0045,dNP,1.78767866
4885471,IMAGEN,False,GABA-A,gaba_high,0.0045,dNP,4.04791153
5182386,IMAGEN,True,GABA-A,gaba_high,0.0045,dNP,5.08771614
5432841,HC,False,GABA-A,gaba_high,0.0045,dNP,2.70890459
5901115,IMAGEN,True,GABA-A,gaba_high,0.0045,dNP,2.34410857
5978534,HC,True,GABA-A,gaba_high,0.0045,dNP,1.56082217
6000160,IMAGEN,False,GABA-A,gaba_high,0.0045,dNP,1.05163911
6314205,HC,False,GABA-A,gaba_high,0.0045,dNP,3.51069162
6502630,HC,False,GABA-A,gaba_high,0.0045,dNP,4.70999444
7127936,HC,False,GABA-A,gaba_high,0.0045,dNP,0.59353639
7478069,IMAGEN,True,GABA-A,gaba_high,0.0045,dNP,1.17062265
7764421,HC,False,GABA-A,gaba_high,0.0045,dNP,2.63110534
8043474,HC,False,GABA-A,gaba_high,0.0045,dNP,0.62495939
10058298,IMAGEN,False,GABA-A,gaba_high,0.0045,dNP,3.66176228
10121092,IMAGEN,True,GABA-A,gaba_high,0.0045,dNP,0.78793087
11922061,IMAGEN,True,GABA-A,gaba_high,0.0045,dNP,2.10118319
12029891,HC,False,GABA-A,gaba_high,0.0045,dNP,5.86894682
13471924,IMAGEN,True,GABA-A,gaba_high,0.0045,dNP,2.30059195
14759699,IMAGEN,True,GABA-A,gaba_high,0.0045,dNP,2.5333342
14783858,IMAGEN,False,GABA-A,gaba_high,0.0045,dNP,1.11244541
14850118,HC,False,GABA-A,gaba_high,0.0045,dNP,2.11412552
14893890,IMAGEN,True,GABA-A,gaba_high,0.0045,dNP,4.27464864
15059321,IMAGEN,True,GABA-A,gaba_high,0.0045,dNP,0.88735769
16190159,IMAGEN,True,GABA-A,gaba_high,0.0045,dNP,0.43168147
16275727,IMAGEN,True,GABA-A,gaba_high,0.0045,dNP,5.2696433
16708319,HC,False,GABA-A,gaba_high,0.0045,dNP,1.20697398
17213220,IMAGEN,True,GABA-A,gaba_high,0.0045,dNP,2.19230945
17696979,IMAGEN,False,GABA-A,gaba_high,0.0045,dNP,0.88281827
18455372,IMAGEN,False,GABA-A,gaba_high,0.0045,dNP,0.46373143
18801650,IMAGEN,True,GABA-A,gaba_high,0.0045,dNP,0.16788016
18904077,HC,True,GABA-A,gaba_high,0.0045,dNP,1.60854289
18952353,HC,False,GABA-A,gaba_high,0.0045,dNP,1.88204329
19031295,HC,False,GABA-A,gaba_high,0.0045,dNP,0.52479473
19316057,HC,False,GABA-A,gaba_high,0.0045,dNP,1.59993244
19432693,IMAGEN,False,GABA-A,gaba_high,0.0045,dNP,1.09018989
20051604,HC,False,GABA-A,gaba_high,0.0045,dNP,2.68595856
20830744,HC,True,GABA-A,gaba_high,0.0045,dNP,-1.01718041
21053574,HC,True,GABA-A,gaba_high,0.0045,dNP,0.21545164
21313420,IMAGEN,True,GABA-A,gaba_high,0.0045,dNP,1.72776104
22084493,HC,False,GABA-A,gaba_high,0.0045,dNP,0.62756575
23343892,HC,False,GABA-A,gaba_high,0.0045,dNP,2.79219899
24115048,HC,True,GABA-A,gaba_high,0.0045,dNP,4.21111122
24495953,IMAGEN,True,GABA-A,gaba_high,0.0045,dNP,4.2427386
25000478,HC,True,GABA-A,gaba_high,0.0045,dNP,2.40490048
25067315,IMAGEN,True,GABA-A,gaba_high,0.0045,dNP,-0.22238587
25356336,IMAGEN,True,GABA-A,gaba_high,0.0045,dNP,3.49664154
25517914,IMAGEN,True,GABA-A,gaba_high,0.0045,dNP,3.85232416
25821028,HC,False,GABA-A,gaba_high,0.0045,dNP,0.18315321
26901488,IMAGEN,True,GABA-A,gaba_high,0.0045,dNP,1.56553241
27363295,HC,False,GABA-A,gaba_high,0.0045,dNP,1.87722418
27578624,IMAGEN,True,GABA-A,gaba_high,0.0045,dNP,4.15683339
28113492,HC,True,GABA-A,gaba_high,0.0045,dNP,2.71916825
28264513,HC,False,GABA-A,gaba_high,0.0045,dNP,2.52497038
29658673,IMAGEN,True,GABA-A,gaba_high,0.0045,dNP,2.64785661
29751086,IMAGEN,True,GABA-A,gaba_high,0.0045,dNP,1.97614981
29871328,IMAGEN,True,GABA-A,gaba_high,0.0045,dNP,4.71652968
30151696,HC,False,GABA-A,gaba_high,0.0045,dNP,5.53896795
30276332,IMAGEN,True,GABA-A,gaba_high,0.0045,dNP,0.3393549
30649663,HC,True,GABA-A,gaba_high,0.0045,dNP,1.59550824
30779144,IMAGEN,True,GABA-A,gaba_high,0.0045,dNP,4.41592517
31070544,IMAGEN,True,GABA-A,gaba_high,0.0045,dNP,2.13888154
31171219,IMAGEN,True,GABA-A,gaba_high,0.0045,dNP,0.89942491
31825112,IMAGEN,True,GABA-A,gaba_high,0.0045,dNP,1.22095006
31851798,IMAGEN,True,GABA-A,gaba_high,0.0045,dNP,0.74525752
32581973,HC,False,GABA-A,gaba_high,0.0045,dNP,0.66783841
34458922,HC,False,GABA-A,gaba_high,0.0045,dNP,2.87223048
35704260,IMAGEN,True,GABA-A,gaba_high,0.0045,dNP,3.59505347
36383037,HC,False,GABA-A,gaba_high,0.0045,dNP,2.39967845
37280746,HC,False,GABA-A,gaba_high,0.0045,dNP,-0.70782152
37805580,HC,True,GABA-A,gaba_high,0.0045,dNP,1.29684492
38072766,HC,False,GABA-A,gaba_high,0.0045,dNP,2.30026197
38521433,IMAGEN,True,GABA-A,gaba_high,0.0045,dNP,2.51066533
38666520,HC,False,GABA-A,gaba_high,0.0045,dNP,-1.44992483
39453204,HC,False,GABA-A,gaba_high,0.0045,dNP,1.04181879
39583981,HC,False,GABA-A,gaba_high,0.0045,dNP,4.83162459
39776858,IMAGEN,True,GABA-A,gaba_high,0.0045,dNP,4.55348324
40201562,HC,False,GABA-A,gaba_high,0.0045,dNP,1.2847449
41213271,HC,False,GABA-A,gaba_high,0.0045,dNP,-0.22849989
41383458,IMAGEN,True,GABA-A,gaba_high,0.0045,dNP,1.46218484
41429086,IMAGEN,True,GABA-A,gaba_high,0.0045,dNP,2.7188527
41548748,HC,False,GABA-A,gaba_high,0.0045,dNP,2.55685266
42449851,HC,True,GABA-A,gaba_high,0.0045,dNP,5.11820069
42823353,IMAGEN,True,GABA-A,gaba_high,0.0045,dNP,1.5687972
43525440,HC,True,GABA-A,gaba_high,0.0045,dNP,0.53801229
43720294,IMAGEN,True,GABA-A,gaba_high,0.0045,dNP,3.77302226
43926786,IMAGEN,True,GABA-A,gaba_high,0.0045,dNP,3.09181821
44576096,HC,False,GABA-A,gaba_high,0.0045,dNP,3.07908969
45544719,IMAGEN,False,GABA-A,gaba_high,0.0045,dNP,6.82410773
48028426,IMAGEN,False,GABA-A,gaba_high,0.0045,dNP,4.31425419
48054415,HC,False,GABA-A,gaba_high,0.0045,dNP,1.62254862
50395729,IMAGEN,True,GABA-A,gaba_high,0.0045,dNP,0.90725827
51076110,HC,False,GABA-A,gaba_high,0.0045,dNP,3.32745301
51649816,HC,False,GABA-A,gaba_high,0.0045,dNP,1.86486198
52071148,HC,False,GABA-A,gaba_high,0.0045,dNP,0.65108402
52801880,IMAGEN,True,GABA-A,gaba_high,0.0045,dNP,2.09230192
53120454,IMAGEN,True,GABA-A,gaba_high,0.0045,dNP,2.48922078
54633971,HC,False,GABA-A,gaba_high,0.0045,dNP,1.71014855
54741718,IMAGEN,True,GABA-A,gaba_high,0.0045,dNP,0.6479693
55417875,HC,False,GABA-A,gaba_high,0.0045,dNP,3.74553288
55499880,HC,False,GABA-A,gaba_high,0.0045,dNP,1.45182451
55619168,IMAGEN,True,GABA-A,gaba_high,0.0045,dNP,1.88694701
55836894,HC,False,GABA-A,gaba_high,0.0045,dNP,3.11059764
56819618,IMAGEN,True,GABA-A,gaba_high,0.0045,dNP,4.96248901
57172435,HC,False,GABA-A,gaba_high,0.0045,dNP,0.46580323
57348284,IMAGEN,True,GABA-A,gaba_high,0.0045,dNP,4.88323201
57930100,HC,True,GABA-A,gaba_high,0.0045,dNP,1.9143039
57968987,IMAGEN,True,GABA-A,gaba_high,0.0045,dNP,1.05974119
59057693,HC,False,GABA-A,gaba_high,0.0045,dNP,2.75539954
59343528,HC,False,GABA-A,gaba_high,0.0045,dNP,6.32271098
60184938,HC,False,GABA-A,gaba_high,0.0045,dNP,-0.16327838
60186708,HC,False,GABA-A,gaba_high,0.0045,dNP,2.32739909
60281382,IMAGEN,True,GABA-A,gaba_high,0.0045,dNP,5.00465775
60334165,HC,False,GABA-A,gaba_high,0.0045,dNP,4.39874806
60530234,HC,False,GABA-A,gaba_high,0.0045,dNP,2.57364492
61581707,HC,True,GABA-A,gaba_high,0.0045,dNP,2.35775615
61756624,IMAGEN,True,GABA-A,gaba_high,0.0045,dNP,3.23371646
63213959,IMAGEN,False,GABA-A,gaba_high,0.0045,dNP,-0.73899474
63218063,HC,False,GABA-A,gaba_high,0.0045,dNP,3.98961889
63989137,IMAGEN,False,GABA-A,gaba_high,0.0045,dNP,2.22264836
64043761,HC,False,GABA-A,gaba_high,0.0045,dNP,1.98778755
64082948,HC,False,GABA-A,gaba_high,0.0045,dNP,1.54019953
64309040,HC,False,GABA-A,gaba_high,0.0045,dNP,-0.00579362
65620046,IMAGEN,False,GABA-A,gaba_high,0.0045,dNP,1.91640693
66092324,IMAGEN,False,GABA-A,gaba_high,0.0045,dNP,2.73026782
66847819,IMAGEN,False,GABA-A,gaba_high,0.0045,dNP,5.56681162
67342911,IMAGEN,True,GABA-A,gaba_high,0.0045,dNP,3.62366761
67844279,IMAGEN,True,GABA-A,gaba_high,0.0045,dNP,3.72310478
68000499,IMAGEN,True,GABA-A,gaba_high,0.0045,dNP,0.34504703
69159223,IMAGEN,True,GABA-A,gaba_high,0.0045,dNP,3.65816345
69366941,IMAGEN,True,GABA-A,gaba_high,0.0045,dNP,3.25695292
69973472,IMAGEN,True,GABA-A,gaba_high,0.0045,dNP,4.86258555
70910152,IMAGEN,True,GABA-A,gaba_high,0.0045,dNP,1.45670979
72155879,IMAGEN,True,GABA-A,gaba_high,0.0045,dNP,2.52520875
72358748,IMAGEN,True,GABA-A,gaba_high,0.0045,dNP,0.7283935
79630427,IMAGEN,True,GABA-A,gaba_high,0.0045,dNP,5.51215269
80301458,IMAGEN,True,GABA-A,gaba_high,0.0045,dNP,0.21210006
80461839,IMAGEN,True,GABA-A,gaba_high,0.0045,dNP,1.98499008
82149344,IMAGEN,True,GABA-A,gaba_high,0.0045,dNP,1.81131189
83490451,IMAGEN,True,GABA-A,gaba_high,0.0045,dNP,4.07651482
84037702,IMAGEN,True,GABA-A,gaba_high,0.0045,dNP,1.76859321
84828767,IMAGEN,True,GABA-A,gaba_high,0.0045,dNP,1.53749242
90973178,IMAGEN,True,GABA-A,gaba_high,0.0045,dNP,1.6370883
92159995,IMAGEN,False,GABA-A,gaba_high,0.0045,dNP,-1.06268376
92432902,IMAGEN,True,GABA-A,gaba_high,0.0045,dNP,2.19735365
92523261,IMAGEN,True,GABA-A,gaba_high,0.0045,dNP,3.71386321
94345446,IMAGEN,True,GABA-A,gaba_high,0.0045,dNP,-0.02344894
94998851,IMAGEN,True,GABA-A,gaba_high,0.0045,dNP,3.33755148
97970921,IMAGEN,True,GABA-A,gaba_high,0.0045,dNP,2.74783504
110841481,MDD,False,GABA-A,gaba_high,0.0045,dNP,3.50399065
110937433,MDD,False,GABA-A,gaba_high,0.0045,dNP,3.81602903
111086310,MDD,False,GABA-A,gaba_high,0.0045,dNP,3.38509845
111096801,MDD,False,GABA-A,gaba_high,0.0045,dNP,5.49192455
111844771,MDD,False,GABA-A,gaba_high,0.0045,dNP,4.01280023
112091464,MDD,False,GABA-A,gaba_high,0.0045,dNP,5.83493146
112517217,AUD,False,GABA-A,gaba_high,0.0045,dNP,1.56024478
112917188,AUD,False,GABA-A,gaba_high,0.0045,dNP,3.55517715
112957066,MDD,False,GABA-A,gaba_high,0.0045,dNP,2.09828378
113174215,MDD,False,GABA-A,gaba_high,0.0045,dNP,2.80262262
113237194,AUD,False,GABA-A,gaba_high,0.0045,dNP,2.12302293
113387068,MDD,False,GABA-A,gaba_high,0.0045,dNP,-0.49433436
114552708,MDD,False,GABA-A,gaba_high,0.0045,dNP,0.67381779
115212275,AUD,False,GABA-A,gaba_high,0.0045,dNP,2.81761427
117385823,MDD,False,GABA-A,gaba_high,0.0045,dNP,3.38158601
118382279,MDD,False,GABA-A,gaba_high,0.0045,dNP,1.23288268
121801833,AUD,False,GABA-A,gaba_high,0.0045,dNP,10.36728774
122083369,AUD,False,GABA-A,gaba_high,0.0045,dNP,2.94977236
122408481,MDD,False,GABA-A,gaba_high,0.0045,dNP,3.10856498
123660597,MDD,False,GABA-A,gaba_high,0.0045,dNP,3.47897731
123930959,MDD,False,GABA-A,gaba_high,0.0045,dNP,1.70846663
124782577,AUD,False,GABA-A,gaba_high,0.0045,dNP,3.44283501
125237313,MDD,False,GABA-A,gaba_high,0.0045,dNP,2.84621307
125339679,AUD,False,GABA-A,gaba_high,0.0045,dNP,3.37320064
125524260,AUD,False,GABA-A,gaba_high,0.0045,dNP,4.29316003
130293488,MDD,False,GABA-A,gaba_high,0.0045,dNP,3.30660419
130597088,MDD,False,GABA-A,gaba_high,0.0045,dNP,5.25646949
134330542,MDD,False,GABA-A,gaba_high,0.0045,dNP,0.79508678
135517362,MDD,False,GABA-A,gaba_high,0.0045,dNP,0.0232848
135672596,AUD,False,GABA-A,gaba_high,0.0045,dNP,4.40764623
135736530,MDD,False,GABA-A,gaba_high,0.0045,dNP,-0.97809028
136295480,AUD,False,GABA-A,gaba_high,0.0045,dNP,5.57469618
136348275,AUD,False,GABA-A,gaba_high,0.0045,dNP,1.90205148
136981533,MDD,False,GABA-A,gaba_high,0.0045,dNP,-0.38592088
137280633,MDD,False,GABA-A,gaba_high,0.0045,dNP,1.39193461
138390224,AUD,False,GABA-A,gaba_high,0.0045,dNP,6.46793942
140267022,MDD,False,GABA-A,gaba_high,0.0045,dNP,2.13630529
141253295,MDD,False,GABA-A,gaba_high,0.0045,dNP,1.12430024
141542924,MDD,False,GABA-A,gaba_high,0.0045,dNP,3.32057559
141831212,MDD,False,GABA-A,gaba_high,0.0045,dNP,0.61604915
142392893,MDD,False,GABA-A,gaba_high,0.0045,dNP,3.53504953
143669176,AUD,False,GABA-A,gaba_high,0.0045,dNP,2.47814547
144855245,MDD,False,GABA-A,gaba_high,0.0045,dNP,-0.12624522
144964754,MDD,False,GABA-A,gaba_high,0.0045,dNP,0.62616482
146042158,MDD,False,GABA-A,gaba_high,0.0045,dNP,1.56387844
146061521,AUD,False,GABA-A,gaba_high,0.0045,dNP,2.5992744
146906985,MDD,False,GABA-A,gaba_high,0.0045,dNP,1.72057674
147701848,MDD,False,GABA-A,gaba_high,0.0045,dNP,3.81682562
147906886,MDD,False,GABA-A,gaba_high,0.0045,dNP,1.31069177
148868119,MDD,False,GABA-A,gaba_high,0.0045,dNP,2.24806856
148952494,AUD,False,GABA-A,gaba_high,0.0045,dNP,1.41456222
149709982,MDD,False,GABA-A,gaba_high,0.0045,dNP,2.89206675
149839536,AUD,False,GABA-A,gaba_high,0.0045,dNP,1.927318
150038288,MDD,False,GABA-A,gaba_high,0.0045,dNP,0.099477
150237087,AUD,False,GABA-A,gaba_high,0.0045,dNP,5.44034577
150299361,AUD,False,GABA-A,gaba_high,0.0045,dNP,2.00757414
151408587,AUD,False,GABA-A,gaba_high,0.0045,dNP,3.33678174
152769231,AUD,False,GABA-A,gaba_high,0.0045,dNP,1.86440933
152958814,AUD,False,GABA-A,gaba_high,0.0045,dNP,3.85582822
153450897,MDD,False,GABA-A,gaba_high,0.0045,dNP,1.8283844
154461990,MDD,False,GABA-A,gaba_high,0.0045,dNP,2.50524394
154704064,AUD,False,GABA-A,gaba_high,0.0045,dNP,4.21882747
155190506,AUD,False,GABA-A,gaba_high,0.0045,dNP,0.63289879
155379621,MDD,False,GABA-A,gaba_high,0.0045,dNP,1.44328917
156021841,MDD,False,GABA-A,gaba_high,0.0045,dNP,-0.34226372
157312444,MDD,False,GABA-A,gaba_high,0.0045,dNP,3.69537453
157655614,MDD,False,GABA-A,gaba_high,0.0045,dNP,0.66818589
157691935,AUD,False,GABA-A,gaba_high,0.0045,dNP,3.90362425
159066706,MDD,False,GABA-A,gaba_high,0.0045,dNP,5.27148954
160259456,MDD,False,GABA-A,gaba_high,0.0045,dNP,-0.06523156
161239003,AUD,False,GABA-A,gaba_high,0.0045,dNP,0.39952066
162353055,AUD,False,GABA-A,gaba_high,0.0045,dNP,1.24425605
162354840,AUD,False,GABA-A,gaba_high,0.0045,dNP,2.12243331
163186746,AUD,False,GABA-A,gaba_high,0.0045,dNP,3.14019914
164064591,AUD,False,GABA-A,gaba_high,0.0045,dNP,2.25085066
164824205,MDD,False,GABA-A,gaba_high,0.0045,dNP,3.47806481
164874291,AUD,False,GABA-A,gaba_high,0.0045,dNP,0.80798372
165288521,MDD,False,GABA-A,gaba_high,0.0045,dNP,2.91666476
165369327,MDD,False,GABA-A,gaba_high,0.0045,dNP,1.09420428
165959237,AUD,False,GABA-A,gaba_high,0.0045,dNP,0.07690343
166274725,AUD,False,GABA-A,gaba_high,0.0045,dNP,4.02190514
166338974,MDD,False,GABA-A,gaba_high,0.0045,dNP,10.34758933
166386545,MDD,False,GABA-A,gaba_high,0.0045,dNP,7.42000697
166471280,AUD,False,GABA-A,gaba_high,0.0045,dNP,1.33640251
166741227,MDD,False,GABA-A,gaba_high,0.0045,dNP,9.250419
166922849,MDD,False,GABA-A,gaba_high,0.0045,dNP,9.74960138
168370463,MDD,False,GABA-A,gaba_high,0.0045,dNP,6.80330505
168641000,MDD,False,GABA-A,gaba_high,0.0045,dNP,8.9418999
169786920,MDD,False,GABA-A,gaba_high,0.0045,dNP,8.84947716
171526079,MDD,False,GABA-A,gaba_high,0.0045,dNP,7.24200748
171674018,AUD,False,GABA-A,gaba_high,0.0045,dNP,1.67817072
171990823,MDD,False,GABA-A,gaba_high,0.0045,dNP,8.73831202
172283288,MDD,False,GABA-A,gaba_high,0.0045,dNP,10.49963332
172442389,MDD,False,GABA-A,gaba_high,0.0045,dNP,5.16721512
174433203,MDD,False,GABA-A,gaba_high,0.0045,dNP,5.9297343
174603925,MDD,False,GABA-A,gaba_high,0.0045,dNP,8.30033873
175029071,AUD,False,GABA-A,gaba_high,0.0045,dNP,4.47142195
175924853,MDD,False,GABA-A,gaba_high,0.0045,dNP,6.40620872
176214110,AUD,False,GABA-A,gaba_high,0.0045,dNP,1.6057891
176617846,AUD,False,GABA-A,gaba_high,0.0045,dNP,3.40359856
177344780,AUD,False,GABA-A,gaba_high,0.0045,dNP,4.73904216
177528314,MDD,False,GABA-A,gaba_high,0.0045,dNP,5.86476346
177688664,AUD,False,GABA-A,gaba_high,0.0045,dNP,5.39717185
177896969,AUD,False,GABA-A,gaba_high,0.0045,dNP,1.42676889
178045655,AUD,False,GABA-A,gaba_high,0.0045,dNP,3.2347858
178282579,AUD,False,GABA-A,gaba_high,0.0045,dNP,5.77854636
178684006,AUD,False,GABA-A,gaba_high,0.0045,dNP,4.23934008
178998455,AUD,False,GABA-A,gaba_high,0.0045,dNP,0.84325105
181526703,AUD,False,GABA-A,gaba_high,0.0045,dNP,4.44149093
182136619,AUD,False,GABA-A,gaba_high,0.0045,dNP,1.46115979
183176019,AUD,False,GABA-A,gaba_high,0.0045,dNP,4.25975025
183475605,MDD,False,GABA-A,gaba_high,0.0045,dNP,4.45894724
183762098,AUD,False,GABA-A,gaba_high,0.0045,dNP,5.02974024
184059377,AUD,False,GABA-A,gaba_high,0.0045,dNP,5.5079463
186213995,AUD,False,GABA-A,gaba_high,0.0045,dNP,1.17507214
186940717,MDD,False,GABA-A,gaba_high,0.0045,dNP,2.93851668
187495574,MDD,False,GABA-A,gaba_high,0.0045,dNP,4.59487254
188448101,AUD,False,GABA-A,gaba_high,0.0045,dNP,0.13202881
188764715,MDD,False,GABA-A,gaba_high,0.0045,dNP,6.63115752
190042837,AUD,False,GABA-A,gaba_high,0.0045,dNP,3.63960577
191170875,AUD,False,GABA-A,gaba_high,0.0045,dNP,3.77540612
191996808,AUD,False,GABA-A,gaba_high,0.0045,dNP,1.18673772
193109536,MDD,False,GABA-A,gaba_high,0.0045,dNP,7.56705559
195112416,MDD,False,GABA-A,gaba_high,0.0045,dNP,2.21847311
195135326,MDD,False,GABA-A,gaba_high,0.0045,dNP,0.69393962
195145348,AUD,False,GABA-A,gaba_high,0.0045,dNP,2.600913
195166026,AUD,False,GABA-A,gaba_high,0.0045,dNP,2.73849662
195629783,AUD,False,GABA-A,gaba_high,0.0045,dNP,0.47331939
195966822,MDD,False,GABA-A,gaba_high,0.0045,dNP,1.31567987
197382673,AUD,False,GABA-A,gaba_high,0.0045,dNP,2.56457777
198118454,MDD,False,GABA-A,gaba_high,0.0045,dNP,1.17507982
199436480,MDD,False,GABA-A,gaba_high,0.0045,dNP,1.18828616
112288,IMAGEN,False,AMPA,ampa_low,0.004,modNP,0.87431834
458976,IMAGEN,False,AMPA,ampa_low,0.004,modNP,-0.15602644
829055,HC,False,AMPA,ampa_low,0.004,modNP,0.16723114
1647364,IMAGEN,True,AMPA,ampa_low,0.004,modNP,0.88385596
2190836,HC,False,AMPA,ampa_low,0.004,modNP,0.31242446
2270310,HC,False,AMPA,ampa_low,0.004,modNP,1.51074884
2695459,IMAGEN,True,AMPA,ampa_low,0.004,modNP,1.66936204
2904393,HC,False,AMPA,ampa_low,0.004,modNP,1.06574645
3287674,HC,False,AMPA,ampa_low,0.004,modNP,0.59722134
4254555,IMAGEN,False,AMPA,ampa_low,0.004,modNP,0.73264436
4631192,HC,False,AMPA,ampa_low,0.004,modNP,1.74243788
4794212,IMAGEN,True,AMPA,ampa_low,0.004,modNP,0.56076718
4885471,IMAGEN,False,AMPA,ampa_low,0.004,modNP,1.22976085
5182386,IMAGEN,True,AMPA,ampa_low,0.004,modNP,0.59807044
5432841,HC,False,AMPA,ampa_low,0.004,modNP,1.06940533
5901115,IMAGEN,True,AMPA,ampa_low,0.004,modNP,2.13602432
5978534,HC,True,AMPA,ampa_low,0.004,modNP,0.89709603
6000160,IMAGEN,False,AMPA,ampa_low,0.004,modNP,-0.47038687
6314205,HC,False,AMPA,ampa_low,0.004,modNP,0.5458948
6502630,HC,False,AMPA,ampa_low,0.004,modNP,0.24431724
7127936,HC,False,AMPA,ampa_low,0.004,modNP,0.32357103
7478069,IMAGEN,True,AMPA,ampa_low,0.004,modNP,0.26911759
7764421,HC,False,AMPA,ampa_low,0.004,modNP,0.62942367
8043474,HC,False,AMPA,ampa_low,0.004,modNP,-0.02258485
10058298,IMAGEN,False,AMPA,ampa_low,0.004,modNP,1.53449205
10121092,IMAGEN,True,AMPA,ampa_low,0.004,modNP,1.66791192
11922061,IMAGEN,True,AMPA,ampa_low,0.004,modNP,1.38468719
12029891,HC,False,AMPA,ampa_low,0.004,modNP,0.00052077
13471924,IMAGEN,True,AMPA,ampa_low,0.004,modNP,0.10559582
14759699,IMAGEN,True,AMPA,ampa_low,0.004,modNP,1.17981436
14783858,IMAGEN,False,AMPA,ampa_low,0.004,modNP,0.83466186
14850118,HC,False,AMPA,ampa_low,0.004,modNP,0.0015503
14893890,IMAGEN,True,AMPA,ampa_low,0.004,modNP,0.51107443
15059321,IMAGEN,True,AMPA,ampa_low,0.004,modNP,1.31238033
16190159,IMAGEN,True,AMPA,ampa_low,0.004,modNP,-1.27244218
16275727,IMAGEN,True,AMPA,ampa_low,0.004,modNP,1.01721752
16708319,HC,False,AMPA,ampa_low,0.004,modNP,0.35815279
17213220,IMAGEN,True,AMPA,ampa_low,0.004,modNP,0.72949965
17696979,IMAGEN,False,AMPA,ampa_low,0.004,modNP,1.55826591
18455372,IMAGEN,False,AMPA,ampa_low,0.004,modNP,0.70010035
18801650,IMAGEN,True,AMPA,ampa_low,0.004,modNP,0.98498788
18904077,HC,True,AMPA,ampa_low,0.004,modNP,0.11631675
18952353,HC,False,AMPA,ampa_low,0.004,modNP,1.6289912
19031295,HC,False,AMPA,ampa_low,0.004,modNP,0.95906231
19316057,HC,False,AMPA,ampa_low,0.004,modNP,0.42571802
19432693,IMAGEN,False,AMPA,ampa_low,0.004,modNP,0.76241554
20051604,HC,False,AMPA,ampa_low,0.004,modNP,0.83431305
20830744,HC,True,AMPA,ampa_low,0.004,modNP,0.47061688
21053574,HC,True,AMPA,ampa_low,0.004,modNP,-2.56762307
21313420,IMAGEN,True,AMPA,ampa_low,0.004,modNP,-0.12902172
22084493,HC,False,AMPA,ampa_low,0.004,modNP,2.18565694
23343892,HC,False,AMPA,ampa_low,0.004,modNP,0.60057635
24115048,HC,True,AMPA,ampa_low,0.004,modNP,-0.29453127
24495953,IMAGEN,True,AMPA,ampa_low,0.004,modNP,-0.00660591
25000478,HC,True,AMPA,ampa_low,0.004,modNP,-0.04064298
25067315,IMAGEN,True,AMPA,ampa_low,0.004,modNP,1.22911183
25356336,IMAGEN,True,AMPA,ampa_low,0.004,modNP,2.01620171
25517914,IMAGEN,True,AMPA,ampa_low,0.004,modNP,0.35566071
25821028,HC,False,AMPA,ampa_low,0.004,modNP,0.76141038
26901488,IMAGEN,True,AMPA,ampa_low,0.004,modNP,-0.15711174
27363295,HC,False,AMPA,ampa_low,0.004,modNP,-0.47528762
27578624,IMAGEN,True,AMPA,ampa_low,0.004,modNP,0.69687614
28113492,HC,True,AMPA,ampa_low,0.004,modNP,3.34244257
28264513,HC,False,AMPA,ampa_low,0.004,modNP,0.42526558
29658673,IMAGEN,True,AMPA,ampa_low,0.004,modNP,1.32915773
29751086,IMAGEN,True,AMPA,ampa_low,0.004,modNP,0.33673401
29871328,IMAGEN,True,AMPA,ampa_low,0.004,modNP,1.88569604
30151696,HC,False,AMPA,ampa_low,0.004,modNP,0.2328758
30276332,IMAGEN,True,AMPA,ampa_low,0.004,modNP,-0.17594992
30649663,HC,True,AMPA,ampa_low,0.004,modNP,0.78655602
30779144,IMAGEN,True,AMPA,ampa_low,0.004,modNP,0.69406056
31070544,IMAGEN,True,AMPA,ampa_low,0.004,modNP,0.69554048
31171219,IMAGEN,True,AMPA,ampa_low,0.004,modNP,2.7839468
31825112,IMAGEN,True,AMPA,ampa_low,0.004,modNP,0.10580558
31851798,IMAGEN,True,AMPA,ampa_low,0.004,modNP,-0.13529209
32581973,HC,False,AMPA,ampa_low,0.004,modNP,2.18070776
34458922,HC,False,AMPA,ampa_low,0.004,modNP,0.86153063
35704260,IMAGEN,True,AMPA,ampa_low,0.004,modNP,1.34265824
36383037,HC,False,AMPA,ampa_low,0.004,modNP,0.45047307
37280746,HC,False,AMPA,ampa_low,0.004,modNP,-0.46149536
37805580,HC,True,AMPA,ampa_low,0.004,modNP,-0.09082288
38072766,HC,False,AMPA,ampa_low,0.004,modNP,0.49044824
38521433,IMAGEN,True,AMPA,ampa_low,0.004,modNP,1.06328282
38666520,HC,False,AMPA,ampa_low,0.004,modNP,2.09544015
39453204,HC,False,AMPA,ampa_low,0.004,modNP,0.68737538
39583981,HC,False,AMPA,ampa_low,0.004,modNP,1.6155698
39776858,IMAGEN,True,AMPA,ampa_low,0.004,modNP,1.64851198
40201562,HC,False,AMPA,ampa_low,0.004,modNP,2.42557505
41213271,HC,False,AMPA,ampa_low,0.004,modNP,1.5223704
41383458,IMAGEN,True,AMPA,ampa_low,0.004,modNP,0.05603005
41429086,IMAGEN,True,AMPA,ampa_low,0.004,modNP,0.06503862
41548748,HC,False,AMPA,ampa_low,0.004,modNP,1.9991704
42449851,HC,True,AMPA,ampa_low,0.004,modNP,-0.18045757
42823353,IMAGEN,True,AMPA,ampa_low,0.004,modNP,0.5273106
43525440,HC,True,AMPA,ampa_low,0.004,modNP,1.46701556
43720294,IMAGEN,True,AMPA,ampa_low,0.004,modNP,2.24385455
43926786,IMAGEN,True,AMPA,ampa_low,0.004,modNP,0.8223074
44576096,HC,False,AMPA,ampa_low,0.004,modNP,1.9243946
45544719,IMAGEN,False,AMPA,ampa_low,0.004,modNP,0.39410118
48028426,IMAGEN,False,AMPA,ampa_low,0.004,modNP,1.28957754
48054415,HC,False,AMPA,ampa_low,0.004,modNP,0.61489961
50395729,IMAGEN,True,AMPA,ampa_low,0.004,modNP,1.32575476
51076110,HC,False,AMPA,ampa_low,0.004,modNP,2.17222454
51649816,HC,False,AMPA,ampa_low,0.004,modNP,1.036728
52071148,HC,False,AMPA,ampa_low,0.004,modNP,0.78855111
52801880,IMAGEN,True,AMPA,ampa_low,0.004,modNP,0.2843848
53120454,IMAGEN,True,AMPA,ampa_low,0.004,modNP,1.58999476
54633971,HC,False,AMPA,ampa_low,0.004,modNP,-0.60459107
54741718,IMAGEN,True,AMPA,ampa_low,0.004,modNP,1.46027515
55417875,HC,False,AMPA,ampa_low,0.004,modNP,0.74987034
55499880,HC,False,AMPA,ampa_low,0.004,modNP,0.62319029
55619168,IMAGEN,True,AMPA,ampa_low,0.004,modNP,1.54904733
55836894,HC,False,AMPA,ampa_low,0.004,modNP,0.14204981
56819618,IMAGEN,True,AMPA,ampa_low,0.004,modNP,0.21986505
57172435,HC,False,AMPA,ampa_low,0.004,modNP,0.73197613
57348284,IMAGEN,True,AMPA,ampa_low,0.004,modNP,0.61814437
57930100,HC,True,AMPA,ampa_low,0.004,modNP,-0.48787923
57968987,IMAGEN,True,AMPA,ampa_low,0.004,modNP,1.58319148
59057693,HC,False,AMPA,ampa_low,0.004,modNP,0.09426291
59343528,HC,False,AMPA,ampa_low,0.004,modNP,1.83966185
60184938,HC,False,AMPA,ampa_low,0.004,modNP,0.58921939
60186708,HC,False,AMPA,ampa_low,0.004,modNP,-1.07019531
60281382,IMAGEN,True,AMPA,ampa_low,0.004,modNP,0.40997978
60334165,HC,False,AMPA,ampa_low,0.004,modNP,0.93999015
60530234,HC,False,AMPA,ampa_low,0.004,modNP,1.04308398
61581707,HC,True,AMPA,ampa_low,0.004,modNP,0.42807363
61756624,IMAGEN,True,AMPA,ampa_low,0.004,modNP,0.89755523
63213959,IMAGEN,False,AMPA,ampa_low,0.004,modNP,3.06895675
63218063,HC,False,AMPA,ampa_low,0.004,modNP,0.80294948
63989137,IMAGEN,False,AMPA,ampa_low,0.004,modNP,0.52527179
64043761,HC,False,AMPA,ampa_low,0.004,modNP,-0.03665225
64082948,HC,False,AMPA,ampa_low,0.004,modNP,1.00607273
64309040,HC,False,AMPA,ampa_low,0.004,modNP,0.82858369
65620046,IMAGEN,False,AMPA,ampa_low,0.004,modNP,1.32640565
66092324,IMAGEN,False,AMPA,ampa_low,0.004,modNP,1.79355493
66847819,IMAGEN,False,AMPA,ampa_low,0.004,modNP,0.41671523
67342911,IMAGEN,True,AMPA,ampa_low,0.004,modNP,0.42405422
67844279,IMAGEN,True,AMPA,ampa_low,0.004,modNP,1.30809629
68000499,IMAGEN,True,AMPA,ampa_low,0.004,modNP,0.41781801
69159223,IMAGEN,True,AMPA,ampa_low,0.004,modNP,0.70721461
69366941,IMAGEN,True,AMPA,ampa_low,0.004,modNP,0.46982973
69973472,IMAGEN,True,AMPA,ampa_low,0.004,modNP,0.44560348
70910152,IMAGEN,True,AMPA,ampa_low,0.004,modNP,2.46359068
72155879,IMAGEN,True,AMPA,ampa_low,0.004,modNP,0.46095485
72358748,IMAGEN,True,AMPA,ampa_low,0.004,modNP,-0.2737226
79630427,IMAGEN,True,AMPA,ampa_low,0.004,modNP,-0.2990811
80301458,IMAGEN,True,AMPA,ampa_low,0.004,modNP,-0.26878273
80461839,IMAGEN,True,AMPA,ampa_low,0.004,modNP,1.45448735
82149344,IMAGEN,True,AMPA,ampa_low,0.004,modNP,0.71489955
83490451,IMAGEN,True,AMPA,ampa_low,0.004,modNP,2.03893295
84037702,IMAGEN,True,AMPA,ampa_low,0.004,modNP,0.94034199
84828767,IMAGEN,True,AMPA,ampa_low,0.004,modNP,-1.17414613
90973178,IMAGEN,True,AMPA,ampa_low,0.004,modNP,-0.34408931
92159995,IMAGEN,False,AMPA,ampa_low,0.004,modNP,1.3206192
92432902,IMAGEN,True,AMPA,ampa_low,0.004,modNP,1.47296418
92523261,IMAGEN,True,AMPA,ampa_low,0.004,modNP,1.72721547
94345446,IMAGEN,True,AMPA,ampa_low,0.004,modNP,1.03753264
94998851,IMAGEN,True,AMPA,ampa_low,0.004,modNP,-0.40173056
97970921,IMAGEN,True,AMPA,ampa_low,0.004,modNP,2.03520464
110841481,MDD,False,AMPA,ampa_low,0.004,modNP,2.40195144
110937433,MDD,False,AMPA,ampa_low,0.004,modNP,1.64201424
111086310,MDD,False,AMPA,ampa_low,0.004,modNP,-1.13911171
111096801,MDD,False,AMPA,ampa_low,0.004,modNP,2.43182203
111844771,MDD,False,AMPA,ampa_low,0.004,modNP,1.7346275
112091464,MDD,False,AMPA,ampa_low,0.004,modNP,1.73648506
112517217,AUD,False,AMPA,ampa_low,0.004,modNP,1.12456416
112917188,AUD,False,AMPA,ampa_low,0.004,modNP,1.01737219
112957066,MDD,False,AMPA,ampa_low,0.004,modNP,1.54389742
113174215,MDD,False,AMPA,ampa_low,0.004,modNP,2.41492436
113237194,AUD,False,AMPA,ampa_low,0.004,modNP,0.66106201
113387068,MDD,False,AMPA,ampa_low,0.004,modNP,2.17527668
114552708,MDD,False,AMPA,ampa_low,0.004,modNP,1.45992858
115212275,AUD,False,AMPA,ampa_low,0.004,modNP,0.19386537
117385823,MDD,False,AMPA,ampa_low,0.004,modNP,3.26322471
118382279,MDD,False,AMPA,ampa_low,0.004,modNP,0.9269536
121801833,AUD,False,AMPA,ampa_low,0.004,modNP,1.10149776
122083369,AUD,False,AMPA,ampa_low,0.004,modNP,0.88735111
122408481,MDD,False,AMPA,ampa_low,0.004,modNP,1.57156754
123660597,MDD,False,AMPA,ampa_low,0.004,modNP,1.89990262
123930959,MDD,False,AMPA,ampa_low,0.004,modNP,1.30754466
124782577,AUD,False,AMPA,ampa_low,0.004,modNP,1.18931844
125237313,MDD,False,AMPA,ampa_low,0.004,modNP,2.95608476
125339679,AUD,False,AMPA,ampa_low,0.004,modNP,0.33925068
125524260,AUD,False,AMPA,ampa_low,0.004,modNP,1.48348012
130293488,MDD,False,AMPA,ampa_low,0.004,modNP,1.88216435
130597088,MDD,False,AMPA,ampa_low,0.004,modNP,2.18429739
134330542,MDD,False,AMPA,ampa_low,0.004,modNP,2.19894381
135517362,MDD,False,AMPA,ampa_low,0.004,modNP,0.28014718
135672596,AUD,False,AMPA,ampa_low,0.004,modNP,-0.69407548
135736530,MDD,False,AMPA,ampa_low,0.004,modNP,2.12323276
136295480,AUD,False,AMPA,ampa_low,0.004,modNP,1.42179868
136348275,AUD,False,AMPA,ampa_low,0.004,modNP,0.2467633
136981533,MDD,False,AMPA,ampa_low,0.004,modNP,-0.06168225
137280633,MDD,False,AMPA,ampa_low,0.004,modNP,0.02566901
138390224,AUD,False,AMPA,ampa_low,0.004,modNP,0.68630342
140267022,MDD,False,AMPA,ampa_low,0.004,modNP,4.26151477
141253295,MDD,False,AMPA,ampa_low,0.004,modNP,6.2981673
141542924,MDD,False,AMPA,ampa_low,0.004,modNP,8.04107767
141831212,MDD,False,AMPA,ampa_low,0.004,modNP,6.25585888
142392893,MDD,False,AMPA,ampa_low,0.004,modNP,4.73354978
143669176,AUD,False,AMPA,ampa_low,0.004,modNP,0.41371721
144855245,MDD,False,AMPA,ampa_low,0.004,modNP,6.26848454
144964754,MDD,False,AMPA,ampa_low,0.004,modNP,6.89661036
146042158,MDD,False,AMPA,ampa_low,0.004,modNP,0.14044791
146061521,AUD,False,AMPA,ampa_low,0.004,modNP,-0.62155652
146906985,MDD,False,AMPA,ampa_low,0.004,modNP,7.2466328
147701848,MDD,False,AMPA,ampa_low,0.004,modNP,5.69797258
147906886,MDD,False,AMPA,ampa_low,0.004,modNP,7.68684826
148868119,MDD,False,AMPA,ampa_low,0.004,modNP,7.32013671
148952494,AUD,False,AMPA,ampa_low,0.004,modNP,0.55054067
149709982,MDD,False,AMPA,ampa_low,0.004,modNP,4.96643564
149839536,AUD,False,AMPA,ampa_low,0.004,modNP,1.23200416
150038288,MDD,False,AMPA,ampa_low,0.004,modNP,7.21130565
150237087,AUD,False,AMPA,ampa_low,0.004,modNP,-0.15050478
150299361,AUD,False,AMPA,ampa_low,0.004,modNP,1.51839195
151408587,AUD,False,AMPA,ampa_low,0.004,modNP,1.37173637
152769231,AUD,False,AMPA,ampa_low,0.004,modNP,0.87635805
152958814,AUD,False,AMPA,ampa_low,0.004,modNP,1.09686729
153450897,MDD,False,AMPA,ampa_low,0.004,modNP,8.13965846
154461990,MDD,False,AMPA,ampa_low,0.004,modNP,5.56651473
154704064,AUD,False,AMPA,ampa_low,0.004,modNP,0.64208975
155190506,AUD,False,AMPA,ampa_low,0.004,modNP,1.12559928
155379621,MDD,False,AMPA,ampa_low,0.004,modNP,6.33050261
156021841,MDD,False,AMPA,ampa_low,0.004,modNP,7.86997862
157312444,MDD,False,AMPA,ampa_low,0.004,modNP,8.6014298
157655614,MDD,False,AMPA,ampa_low,0.004,modNP,6.6411295
157691935,AUD,False,AMPA,ampa_low,0.004,modNP,2.53325741
159066706,MDD,False,AMPA,ampa_low,0.004,modNP,13.17113741
160259456,MDD,False,AMPA,ampa_low,0.004,modNP,5.65470713
161239003,AUD,False,AMPA,ampa_low,0.004,modNP,0.01645308
162353055,AUD,False,AMPA,ampa_low,0.004,modNP,1.2898668
162354840,AUD,False,AMPA,ampa_low,0.004,modNP,0.18573335
163186746,AUD,False,AMPA,ampa_low,0.004,modNP,-0.74594973
164064591,AUD,False,AMPA,ampa_low,0.004,modNP,-0.1995451
164824205,MDD,False,AMPA,ampa_low,0.004,modNP,7.09409648
164874291,AUD,False,AMPA,ampa_low,0.004,modNP,-0.75288507
165288521,MDD,False,AMPA,ampa_low,0.004,modNP,5.53131373
165369327,MDD,False,AMPA,ampa_low,0.004,modNP,8.89097403
165959237,AUD,False,AMPA,ampa_low,0.004,modNP,0.17355634
166274725,AUD,False,AMPA,ampa_low,0.004,modNP,-0.52079096
166338974,MDD,False,AMPA,ampa_low,0.004,modNP,0.11879549
166386545,MDD,False,AMPA,ampa_low,0.004,modNP,1.07445588
166471280,AUD,False,AMPA,ampa_low,0.004,modNP,0.43712539
166741227,MDD,False,AMPA,ampa_low,0.004,modNP,0.13250364
166922849,MDD,False,AMPA,ampa_low,0.004,modNP,0.2487161
168370463,MDD,False,AMPA,ampa_low,0.004,modNP,0.35501451
168641000,MDD,False,AMPA,ampa_low,0.004,modNP,-0.15450422
169786920,MDD,False,AMPA,ampa_low,0.004,modNP,0.0384578
171526079,MDD,False,AMPA,ampa_low,0.004,modNP,0.32108034
171674018,AUD,False,AMPA,ampa_low,0.004,modNP,0.69050334
171990823,MDD,False,AMPA,ampa_low,0.004,modNP,0.73835221
172283288,MDD,False,AMPA,ampa_low,0.004,modNP,-0.33027437
172442389,MDD,False,AMPA,ampa_low,0.004,modNP,0.9768799
174433203,MDD,False,AMPA,ampa_low,0.004,modNP,0.07299639
174603925,MDD,False,AMPA,ampa_low,0.004,modNP,-0.17078948
175029071,AUD,False,AMPA,ampa_low,0.004,modNP,0.48728384
175924853,MDD,False,AMPA,ampa_low,0.004,modNP,-0.20345776
176214110,AUD,False,AMPA,ampa_low,0.004,modNP,-0.19943414
176617846,AUD,False,AMPA,ampa_low,0.004,modNP,1.90503067
177344780,AUD,False,AMPA,ampa_low,0.004,modNP,0.37783119
177528314,MDD,False,AMPA,ampa_low,0.004,modNP,-0.0109176
177688664,AUD,False,AMPA,ampa_low,0.004,modNP,0.56335958
177896969,AUD,False,AMPA,ampa_low,0.004,modNP,0.40421099
178045655,AUD,False,AMPA,ampa_low,0.004,modNP,0.12519069
178282579,AUD,False,AMPA,ampa_low,0.004,modNP,2.12355434
178684006,AUD,False,AMPA,ampa_low,0.004,modNP,1.60458911
178998455,AUD,False,AMPA,ampa_low,0.004,modNP,-0.25068116
181526703,AUD,False,AMPA,ampa_low,0.004,modNP,1.29332108
182136619,AUD,False,AMPA,ampa_low,0.004,modNP,-0.52711863
183176019,AUD,False,AMPA,ampa_low,0.004,modNP,1.05800169
183475605,MDD,False,AMPA,ampa_low,0.004,modNP,0.0949095
183762098,AUD,False,AMPA,ampa_low,0.004,modNP,2.5585183
184059377,AUD,False,AMPA,ampa_low,0.004,modNP,-1.32668001
186213995,AUD,False,AMPA,ampa_low,0.004,modNP,0.96009651
186940717,MDD,False,AMPA,ampa_low,0.004,modNP,0.31789821
187495574,MDD,False,AMPA,ampa_low,0.004,modNP,0.94155269
188448101,AUD,False,AMPA,ampa_low,0.004,modNP,0.66578461
188764715,MDD,False,AMPA,ampa_low,0.004,modNP,0.45327555
190042837,AUD,False,AMPA,ampa_low,0.004,modNP,0.49496406
191170875,AUD,False,AMPA,ampa_low,0.004,modNP,0.95518958
191996808,AUD,False,AMPA,ampa_low,0.004,modNP,-0.02797783
193109536,MDD,False,AMPA,ampa_low,0.004,modNP,-0.20946458
195112416,MDD,False,AMPA,ampa_low,0.004,modNP,0.74059868
195135326,MDD,False,AMPA,ampa_low,0.004,modNP,-0.39627009
195145348,AUD,False,AMPA,ampa_low,0.004,modNP,0.52557379
195166026,AUD,False,AMPA,ampa_low,0.004,modNP,1.08733641
195629783,AUD,False,AMPA,ampa_low,0.004,modNP,1.64307448
195966822,MDD,False,AMPA,ampa_low,0.004,modNP,1.25652105
197382673,AUD,False,AMPA,ampa_low,0.004,modNP,1.6583948
198118454,MDD,False,AMPA,ampa_low,0.004,modNP,0.41015768
199436480,MDD,False,AMPA,ampa_low,0.004,modNP,1.06719594
112288,IMAGEN,False,AMPA,ampa,0.0044,modNP,0.69252042
458976,IMAGEN,False,AMPA,ampa,0.0044,modNP,0.51970457
829055,HC,False,AMPA,ampa,0.0044,modNP,0.48296331
1647364,IMAGEN,True,AMPA,ampa,0.0044,modNP,0.64707156
2190836,HC,False,AMPA,ampa,0.0044,modNP,0.18802815
2270310,HC,False,AMPA,ampa,0.0044,modNP,1.03522016
2695459,IMAGEN,True,AMPA,ampa,0.0044,modNP,1.06835999
2904393,HC,False,AMPA,ampa,0.0044,modNP,0.9264118
3287674,HC,False,AMPA,ampa,0.0044,modNP,1.0685689
4254555,IMAGEN,False,AMPA,ampa,0.0044,modNP,0.93386696
4631192,HC,False,AMPA,ampa,0.0044,modNP,0.23268087
4794212,IMAGEN,True,AMPA,ampa,0.0044,modNP,-0.16563071
4885471,IMAGEN,False,AMPA,ampa,0.0044,modNP,1.05003973
5182386,IMAGEN,True,AMPA,ampa,0.0044,modNP,0.94188883
5432841,HC,False,AMPA,ampa,0.0044,modNP,1.01287958
5901115,IMAGEN,True,AMPA,ampa,0.0044,modNP,1.22532218
5978534,HC,True,AMPA,ampa,0.0044,modNP,-0.1142932
6000160,IMAGEN,False,AMPA,ampa,0.0044,modNP,-0.37393569
6314205,HC,False,AMPA,ampa,0.0044,modNP,0.79498939
6502630,HC,False,AMPA,ampa,0.0044,modNP,0.74382088
7127936,HC,False,AMPA,ampa,0.0044,modNP,-0.06538728
7478069,IMAGEN,True,AMPA,ampa,0.0044,modNP,0.27715464
7764421,HC,False,AMPA,ampa,0.0044,modNP,1.49745956
8043474,HC,False,AMPA,ampa,0.0044,modNP,0.19684269
10058298,IMAGEN,False,AMPA,ampa,0.0044,modNP,1.64689668
10121092,IMAGEN,True,AMPA,ampa,0.0044,modNP,1.42115766
11922061,IMAGEN,True,AMPA,ampa,0.0044,modNP,0.59922611
12029891,HC,False,AMPA,ampa,0.0044,modNP,-0.17796101
13471924,IMAGEN,True,AMPA,ampa,0.0044,modNP,0.84336645
14759699,IMAGEN,True,AMPA,ampa,0.0044,modNP,-0.03075259
14783858,IMAGEN,False,AMPA,ampa,0.0044,modNP,-0.094193
14850118,HC,False,AMPA,ampa,0.0044,modNP,0.15588621
14893890,IMAGEN,True,AMPA,ampa,0.0044,modNP,1.08952074
15059321,IMAGEN,True,AMPA,ampa,0.0044,modNP,0.24166261
16190159,IMAGEN,True,AMPA,ampa,0.0044,modNP,-0.35861718
16275727,IMAGEN,True,AMPA,ampa,0.0044,modNP,0.39522422
16708319,HC,False,AMPA,ampa,0.0044,modNP,0.52458726
17213220,IMAGEN,True,AMPA,ampa,0.0044,modNP,0.96768922
17696979,IMAGEN,False,AMPA,ampa,0.0044,modNP,0.33252854
18455372,IMAGEN,False,AMPA,ampa,0.0044,modNP,1.33327284
18801650,IMAGEN,True,AMPA,ampa,0.0044,modNP,1.06883427
18904077,HC,True,AMPA,ampa,0.0044,modNP,-0.23511394
18952353,HC,False,AMPA,ampa,0.0044,modNP,1.1918646
19031295,HC,False,AMPA,ampa,0.0044,modNP,0.34976518
19316057,HC,False,AMPA,ampa,0.0044,modNP,0.00030867
19432693,IMAGEN,False,AMPA,ampa,0.0044,modNP,0.77444135
20051604,HC,False,AMPA,ampa,0.0044,modNP,0.73465854
20830744,HC,True,AMPA,ampa,0.0044,modNP,0.34109054
21053574,HC,True,AMPA,ampa,0.0044,modNP,0.89497103
21313420,IMAGEN,True,AMPA,ampa,0.0044,modNP,0.53456926
22084493,HC,False,AMPA,ampa,0.0044,modNP,1.9055876
23343892,HC,False,AMPA,ampa,0.0044,modNP,0.91874749
24115048,HC,True,AMPA,ampa,0.0044,modNP,0.10501758
24495953,IMAGEN,True,AMPA,ampa,0.0044,modNP,1.06409261
25000478,HC,True,AMPA,ampa,0.0044,modNP,0.38656652
25067315,IMAGEN,True,AMPA,ampa,0.0044,modNP,1.4911662
25356336,IMAGEN,True,AMPA,ampa,0.0044,modNP,0.62150805
25517914,IMAGEN,True,AMPA,ampa,0.0044,modNP,-0.41511964
25821028,HC,False,AMPA,ampa,0.0044,modNP,-0.39481137
26901488,IMAGEN,True,AMPA,ampa,0.0044,modNP,-0.01863634
27363295,HC,False,AMPA,ampa,0.0044,modNP,1.46883829
27578624,IMAGEN,True,AMPA,ampa,0.0044,modNP,0.49337459
28113492,HC,True,AMPA,ampa,0.0044,modNP,1.78674283
28264513,HC,False,AMPA,ampa,0.0044,modNP,1.0769999
29658673,IMAGEN,True,AMPA,ampa,0.0044,modNP,0.16627684
29751086,IMAGEN,True,AMPA,ampa,0.0044,modNP,0.41189856
29871328,IMAGEN,True,AMPA,ampa,0.0044,modNP,0.79086718
30151696,HC,False,AMPA,ampa,0.0044,modNP,0.11405855
30276332,IMAGEN,True,AMPA,ampa,0.0044,modNP,1.03904249
30649663,HC,True,AMPA,ampa,0.0044,modNP,0.72060998
30779144,IMAGEN,True,AMPA,ampa,0.0044,modNP,0.20604835
31070544,IMAGEN,True,AMPA,ampa,0.0044,modNP,0.57116081
31171219,IMAGEN,True,AMPA,ampa,0.0044,modNP,0.96905999
31825112,IMAGEN,True,AMPA,ampa,0.0044,modNP,0.22251026
31851798,IMAGEN,True,AMPA,ampa,0.0044,modNP,-0.29119317
32581973,HC,False,AMPA,ampa,0.0044,modNP,0.63104927
34458922,HC,False,AMPA,ampa,0.0044,modNP,0.81497181
35704260,IMAGEN,True,AMPA,ampa,0.0044,modNP,0.82329148
36383037,HC,False,AMPA,ampa,0.0044,modNP,0.96505571
37280746,HC,False,AMPA,ampa,0.0044,modNP,0.42150418
37805580,HC,True,AMPA,ampa,0.0044,modNP,-0.10285224
38072766,HC,False,AMPA,ampa,0.0044,modNP,0.28487403
38521433,IMAGEN,True,AMPA,ampa,0.0044,modNP,0.78646618
38666520,HC,False,AMPA,ampa,0.0044,modNP,0.46264535
39453204,HC,False,AMPA,ampa,0.0044,modNP,-0.0216678
39583981,HC,False,AMPA,ampa,0.0044,modNP,1.19962775
39776858,IMAGEN,True,AMPA,ampa,0.0044,modNP,0.52845615
40201562,HC,False,AMPA,ampa,0.0044,modNP,1.17093092
41213271,HC,False,AMPA,ampa,0.0044,modNP,0.24975464
41383458,IMAGEN,True,AMPA,ampa,0.0044,modNP,0.457028
41429086,IMAGEN,True,AMPA,ampa,0.0044,modNP,0.26710427
41548748,HC,False,AMPA,ampa,0.0044,modNP,1.41718566
42449851,HC,True,AMPA,ampa,0.0044,modNP,0.10961015
42823353,IMAGEN,True,AMPA,ampa,0.0044,modNP,0.40679837
43525440,HC,True,AMPA,ampa,0.0044,modNP,1.18676848
43720294,IMAGEN,True,AMPA,ampa,0.0044,modNP,1.63630371
43926786,IMAGEN,True,AMPA,ampa,0.0044,modNP,-0.0840831
44576096,HC,False,AMPA,ampa,0.0044,modNP,0.73528018
45544719,IMAGEN,False,AMPA,ampa,0.0044,modNP,0.59562003
48028426,IMAGEN,False,AMPA,ampa,0.0044,modNP,0.90094562
48054415,HC,False,AMPA,ampa,0.0044,modNP,-0.23672712
50395729,IMAGEN,True,AMPA,ampa,0.0044,modNP,0.79087263
51076110,HC,False,AMPA,ampa,0.0044,modNP,0.98943359
51649816,HC,False,AMPA,ampa,0.0044,modNP,0.22333311
52071148,HC,False,AMPA,ampa,0.0044,modNP,0.74451153
52801880,IMAGEN,True,AMPA,ampa,0.0044,modNP,0.09903591
53120454,IMAGEN,True,AMPA,ampa,0.0044,modNP,0.07517341
54633971,HC,False,AMPA,ampa,0.0044,modNP,-0.37164593
54741718,IMAGEN,True,AMPA,ampa,0.0044,modNP,1.5140027
55417875,HC,False,AMPA,ampa,0.0044,modNP,1.14088885
55499880,HC,False,AMPA,ampa,0.0044,modNP,0.90780622
55619168,IMAGEN,True,AMPA,ampa,0.0044,modNP,1.27061977
55836894,HC,False,AMPA,ampa,0.0044,modNP,1.31537481
56819618,IMAGEN,True,AMPA,ampa,0.0044,modNP,0.01195633
57172435,HC,False,AMPA,ampa,0.0044,modNP,0.90579446
57348284,IMAGEN,True,AMPA,ampa,0.0044,modNP,-0.0312305
57930100,HC,True,AMPA,ampa,0.0044,modNP,-0.40074909
57968987,IMAGEN,True,AMPA,ampa,0.0044,modNP,0.45358814
59057693,HC,False,AMPA,ampa,0.0044,modNP,1.14323471
59343528,HC,False,AMPA,ampa,0.0044,modNP,0.03357521
60184938,HC,False,AMPA,ampa,0.0044,modNP,-0.44513534
60186708,HC,False,AMPA,ampa,0.0044,modNP,-0.24507908
60281382,IMAGEN,True,AMPA,ampa,0.0044,modNP,0.82517408
60334165,HC,False,AMPA,ampa,0.0044,modNP,0.68408623
60530234,HC,False,AMPA,ampa,0.0044,modNP,0.57751887
61581707,HC,True,AMPA,ampa,0.0044,modNP,0.32297886
61756624,IMAGEN,True,AMPA,ampa,0.0044,modNP,0.92625305
63213959,IMAGEN,False,AMPA,ampa,0.0044,modNP,0.50978439
63218063,HC,False,AMPA,ampa,0.0044,modNP,0.377398
63989137,IMAGEN,False,AMPA,ampa,0.0044,modNP,0.56459103
64043761,HC,False,AMPA,ampa,0.0044,modNP,-0.09176517
64082948,HC,False,AMPA,ampa,0.0044,modNP,0.78950731
64309040,HC,False,AMPA,ampa,0.0044,modNP,0.34629314
65620046,IMAGEN,False,AMPA,ampa,0.0044,modNP,0.99842597
66092324,IMAGEN,False,AMPA,ampa,0.0044,modNP,0.56923239
66847819,IMAGEN,False,AMPA,ampa,0.0044,modNP,0.41084707
67342911,IMAGEN,True,AMPA,ampa,0.0044,modNP,0.12462316
67844279,IMAGEN,True,AMPA,ampa,0.0044,modNP,0.98651687
68000499,IMAGEN,True,AMPA,ampa,0.0044,modNP,-0.01739246
69159223,IMAGEN,True,AMPA,ampa,0.0044,modNP,0.91008143
69366941,IMAGEN,True,AMPA,ampa,0.0044,modNP,0.27612894
69973472,IMAGEN,True,AMPA,ampa,0.0044,modNP,0.69597124
70910152,IMAGEN,True,AMPA,ampa,0.0044,modNP,0.35719686
72155879,IMAGEN,True,AMPA,ampa,0.0044,modNP,0.80684973
72358748,IMAGEN,True,AMPA,ampa,0.0044,modNP,-0.11703921
79630427,IMAGEN,True,AMPA,ampa,0.0044,modNP,0.63283511
80301458,IMAGEN,True,AMPA,ampa,0.0044,modNP,0.38757296
80461839,IMAGEN,True,AMPA,ampa,0.0044,modNP,0.74633985
82149344,IMAGEN,True,AMPA,ampa,0.0044,modNP,0.20904598
83490451,IMAGEN,True,AMPA,ampa,0.0044,modNP,0.71940367
84037702,IMAGEN,True,AMPA,ampa,0.0044,modNP,0.71150337
84828767,IMAGEN,True,AMPA,ampa,0.0044,modNP,-0.44849761
90973178,IMAGEN,True,AMPA,ampa,0.0044,modNP,0.18544825
92159995,IMAGEN,False,AMPA,ampa,0.0044,modNP,1.15993754
92432902,IMAGEN,True,AMPA,ampa,0.0044,modNP,0.48242857
92523261,IMAGEN,True,AMPA,ampa,0.0044,modNP,0.66622941
94345446,IMAGEN,True,AMPA,ampa,0.0044,modNP,0.90729998
94998851,IMAGEN,True,AMPA,ampa,0.0044,modNP,-0.42853964
97970921,IMAGEN,True,AMPA,ampa,0.0044,modNP,1.30441613
110841481,MDD,False,AMPA,ampa,0.0044,modNP,1.74350286
110937433,MDD,False,AMPA,ampa,0.0044,modNP,1.26839069
111086310,MDD,False,AMPA,ampa,0.0044,modNP,0.01521197
111096801,MDD,False,AMPA,ampa,0.0044,modNP,1.73002085
111844771,MDD,False,AMPA,ampa,0.0044,modNP,0.63353054
112091464,MDD,False,AMPA,ampa,0.0044,modNP,1.0639208
112517217,AUD,False,AMPA,ampa,0.0044,modNP,-0.15237011
112917188,AUD,False,AMPA,ampa,0.0044,modNP,0.9827843
112957066,MDD,False,AMPA,ampa,0.0044,modNP,0.28420905
113174215,MDD,False,AMPA,ampa,0.0044,modNP,0.63442151
113237194,AUD,False,AMPA,ampa,0.0044,modNP,0.04613084
113387068,MDD,False,AMPA,ampa,0.0044,modNP,0.59048108
114552708,MDD,False,AMPA,ampa,0.0044,modNP,0.90168191
115212275,AUD,False,AMPA,ampa,0.0044,modNP,0.30273621
117385823,MDD,False,AMPA,ampa,0.0044,modNP,0.92081367
118382279,MDD,False,AMPA,ampa,0.0044,modNP,0.67440925
121801833,AUD,False,AMPA,ampa,0.0044,modNP,1.41189582
122083369,AUD,False,AMPA,ampa,0.0044,modNP,0.02051533
122408481,MDD,False,AMPA,ampa,0.0044,modNP,1.01094349
123660597,MDD,False,AMPA,ampa,0.0044,modNP,-0.6996217
123930959,MDD,False,AMPA,ampa,0.0044,modNP,0.34008428
124782577,AUD,False,AMPA,ampa,0.0044,modNP,1.52905489
125237313,MDD,False,AMPA,ampa,0.0044,modNP,1.18950635
125339679,AUD,False,AMPA,ampa,0.0044,modNP,0.41960908
125524260,AUD,False,AMPA,ampa,0.0044,modNP,-0.41451461
130293488,MDD,False,AMPA,ampa,0.0044,modNP,1.36346614
130597088,MDD,False,AMPA,ampa,0.0044,modNP,1.10424924
134330542,MDD,False,AMPA,ampa,0.0044,modNP,0.32986169
135517362,MDD,False,AMPA,ampa,0.0044,modNP,-0.40753655
135672596,AUD,False,AMPA,ampa,0.0044,modNP,0.22397571
135736530,MDD,False,AMPA,ampa,0.0044,modNP,0.37713926
136295480,AUD,False,AMPA,ampa,0.0044,modNP,1.77436679
136348275,AUD,False,AMPA,ampa,0.0044,modNP,0.41750486
136981533,MDD,False,AMPA,ampa,0.0044,modNP,0.05749521
137280633,MDD,False,AMPA,ampa,0.0044,modNP,0.14310678
138390224,AUD,False,AMPA,ampa,0.0044,modNP,0.48725436
140267022,MDD,False,AMPA,ampa,0.0044,modNP,-0.08579128
141253295,MDD,False,AMPA,ampa,0.0044,modNP,0.90712429
141542924,MDD,False,AMPA,ampa,0.0044,modNP,0.28302472
141831212,MDD,False,AMPA,ampa,0.0044,modNP,0.66631255
142392893,MDD,False,AMPA,ampa,0.0044,modNP,-0.15145764
143669176,AUD,False,AMPA,ampa,0.0044,modNP,0.14754423
144855245,MDD,False,AMPA,ampa,0.0044,modNP,0.76690312
144964754,MDD,False,AMPA,ampa,0.0044,modNP,0.14430757
146042158,MDD,False,AMPA,ampa,0.0044,modNP,-1.03980823
146061521,AUD,False,AMPA,ampa,0.0044,modNP,0.0137858
146906985,MDD,False,AMPA,ampa,0.0044,modNP,0.2774511
147701848,MDD,False,AMPA,ampa,0.0044,modNP,0.20592559
147906886,MDD,False,AMPA,ampa,0.0044,modNP,0.21178823
148868119,MDD,False,AMPA,ampa,0.0044,modNP,1.4701748
148952494,AUD,False,AMPA,ampa,0.0044,modNP,0.89459885
149709982,MDD,False,AMPA,ampa,0.0044,modNP,-0.13429723
149839536,AUD,False,AMPA,ampa,0.0044,modNP,0.30763441
150038288,MDD,False,AMPA,ampa,0.0044,modNP,-0.11099652
150237087,AUD,False,AMPA,ampa,0.0044,modNP,-0.21080337
150299361,AUD,False,AMPA,ampa,0.0044,modNP,1.69599579
151408587,AUD,False,AMPA,ampa,0.0044,modNP,0.82895954
152769231,AUD,False,AMPA,ampa,0.0044,modNP,-0.14640611
152958814,AUD,False,AMPA,ampa,0.0044,modNP,0.06293278
153450897,MDD,False,AMPA,ampa,0.0044,modNP,0.40022674
154461990,MDD,False,AMPA,ampa,0.0044,modNP,0.59496114
154704064,AUD,False,AMPA,ampa,0.0044,modNP,1.10340697
155190506,AUD,False,AMPA,ampa,0.0044,modNP,0.39088932
155379621,MDD,False,AMPA,ampa,0.0044,modNP,0.33129509
156021841,MDD,False,AMPA,ampa,0.0044,modNP,0.41847749
157312444,MDD,False,AMPA,ampa,0.0044,modNP,0.71512342
157655614,MDD,False,AMPA,ampa,0.0044,modNP,0.14264337
157691935,AUD,False,AMPA,ampa,0.0044,modNP,0.23483025
159066706,MDD,False,AMPA,ampa,0.0044,modNP,0.80531838
160259456,MDD,False,AMPA,ampa,0.0044,modNP,1.0923574
161239003,AUD,False,AMPA,ampa,0.0044,modNP,-0.02452863
162353055,AUD,False,AMPA,ampa,0.0044,modNP,0.4118767
162354840,AUD,False,AMPA,ampa,0.0044,modNP,-0.56212226
163186746,AUD,False,AMPA,ampa,0.0044,modNP,-0.60977458
164064591,AUD,False,AMPA,ampa,0.0044,modNP,-0.644765
164824205,MDD,False,AMPA,ampa,0.0044,modNP,-0.29941871
164874291,AUD,False,AMPA,ampa,0.0044,modNP,0.00219538
165288521,MDD,False,AMPA,ampa,0.0044,modNP,0.57597225
165369327,MDD,False,AMPA,ampa,0.0044,modNP,0.85230584
165959237,AUD,False,AMPA,ampa,0.0044,modNP,-0.24266058
166274725,AUD,False,AMPA,ampa,0.0044,modNP,-0.40049645
166338974,MDD,False,AMPA,ampa,0.0044,modNP,0.64849816
166386545,MDD,False,AMPA,ampa,0.0044,modNP,0.78162176
166471280,AUD,False,AMPA,ampa,0.0044,modNP,0.37497703
166741227,MDD,False,AMPA,ampa,0.0044,modNP,0.38022292
166922849,MDD,False,AMPA,ampa,0.0044,modNP,1.24571853
168370463,MDD,False,AMPA,ampa,0.0044,modNP,-0.20579744
168641000,MDD,False,AMPA,ampa,0.0044,modNP,-0.09679126
169786920,MDD,False,AMPA,ampa,0.0044,modNP,-0.29903303
171526079,MDD,False,AMPA,ampa,0.0044,modNP,-0.18573487
171674018,AUD,False,AMPA,ampa,0.0044,modNP,0.18015541
171990823,MDD,False,AMPA,ampa,0.0044,modNP,0.30604081
172283288,MDD,False,AMPA,ampa,0.0044,modNP,-0.93249016
172442389,MDD,False,AMPA,ampa,0.0044,modNP,0.47171598
174433203,MDD,False,AMPA,ampa,0.0044,modNP,0.30467726
174603925,MDD,False,AMPA,ampa,0.0044,modNP,1.02970756
175029071,AUD,False,AMPA,ampa,0.0044,modNP,0.35996754
175924853,MDD,False,AMPA,ampa,0.0044,modNP,0.27718194
176214110,AUD,False,AMPA,ampa,0.0044,modNP,-0.16426115
176617846,AUD,False,AMPA,ampa,0.0044,modNP,2.20830778
177344780,AUD,False,AMPA,ampa,0.0044,modNP,0.22228907
177528314,MDD,False,AMPA,ampa,0.0044,modNP,0.49607936
177688664,AUD,False,AMPA,ampa,0.0044,modNP,0.16840842
177896969,AUD,False,AMPA,ampa,0.0044,modNP,0.21757217
178045655,AUD,False,AMPA,ampa,0.0044,modNP,0.11441895
178282579,AUD,False,AMPA,ampa,0.0044,modNP,0.80565963
178684006,AUD,False,AMPA,ampa,0.0044,modNP,0.3706865
178998455,AUD,False,AMPA,ampa,0.0044,modNP,0.89671773
181526703,AUD,False,AMPA,ampa,0.0044,modNP,1.20623334
182136619,AUD,False,AMPA,ampa,0.0044,modNP,-0.10213241
183176019,AUD,False,AMPA,ampa,0.0044,modNP,0.52822618
183475605,MDD,False,AMPA,ampa,0.0044,modNP,0.69903691
183762098,AUD,False,AMPA,ampa,0.0044,modNP,0.96615923
184059377,AUD,False,AMPA,ampa,0.0044,modNP,0.80173541
186213995,AUD,False,AMPA,ampa,0.0044,modNP,0.57176186
186940717,MDD,False,AMPA,ampa,0.0044,modNP,-0.18950499
187495574,MDD,False,AMPA,ampa,0.0044,modNP,0.27247478
188448101,AUD,False,AMPA,ampa,0.0044,modNP,0.53317657
188764715,MDD,False,AMPA,ampa,0.0044,modNP,0.50293348
190042837,AUD,False,AMPA,ampa,0.0044,modNP,0.6286395
191170875,AUD,False,AMPA,ampa,0.0044,modNP,0.33129298
191996808,AUD,False,AMPA,ampa,0.0044,modNP,-0.3254659
193109536,MDD,False,AMPA,ampa,0.0044,modNP,-0.24521287
195112416,MDD,False,AMPA,ampa,0.0044,modNP,0.40200448
195135326,MDD,False,AMPA,ampa,0.0044,modNP,0.22084058
195145348,AUD,False,AMPA,ampa,0.0044,modNP,0.26638243
195166026,AUD,False,AMPA,ampa,0.0044,modNP,0.37815134
195629783,AUD,False,AMPA,ampa,0.0044,modNP,0.82400002
195966822,MDD,False,AMPA,ampa,0.0044,modNP,0.35450325
197382673,AUD,False,AMPA,ampa,0.0044,modNP,0.8750044
198118454,MDD,False,AMPA,ampa,0.0044,modNP,0.70348842
199436480,MDD,False,AMPA,ampa,0.0044,modNP,1.38716617
112288,IMAGEN,False,AMPA,ampa_high,0.0048,modNP,0.31804854
458976,IMAGEN,False,AMPA,ampa_high,0.0048,modNP,0.89996995
829055,HC,False,AMPA,ampa_high,0.0048,modNP,-0.14100179
1647364,IMAGEN,True,AMPA,ampa_high,0.0048,modNP,0.34645627
2190836,HC,False,AMPA,ampa_high,0.0048,modNP,0.26429315
2270310,HC,False,AMPA,ampa_high,0.0048,modNP,1.22135563
2695459,IMAGEN,True,AMPA,ampa_high,0.0048,modNP,0.48895466
2904393,HC,False,AMPA,ampa_high,0.0048,modNP,1.33651008
3287674,HC,False,AMPA,ampa_high,0.0048,modNP,1.63895935
4254555,IMAGEN,False,AMPA,ampa_high,0.0048,modNP,0.49168861
4631192,HC,False,AMPA,ampa_high,0.0048,modNP,0.05229442
4794212,IMAGEN,True,AMPA,ampa_high,0.0048,modNP,0.71168591
4885471,IMAGEN,False,AMPA,ampa_high,0.0048,modNP,1.71440729
5182386,IMAGEN,True,AMPA,ampa_high,0.0048,modNP,0.25013525
5432841,HC,False,AMPA,ampa_high,0.0048,modNP,1.18050346
5901115,IMAGEN,True,AMPA,ampa_high,0.0048,modNP,1.91115284
5978534,HC,True,AMPA,ampa_high,0.0048,modNP,-1.37266521
6000160,IMAGEN,False,AMPA,ampa_high,0.0048,modNP,-0.93453717
6314205,HC,False,AMPA,ampa_high,0.0048,modNP,0.03843072
6502630,HC,False,AMPA,ampa_high,0.0048,modNP,0.8542386
7127936,HC,False,AMPA,ampa_high,0.0048,modNP,-0.08719006
7478069,IMAGEN,True,AMPA,ampa_high,0.0048,modNP,-0.13865003
7764421,HC,False,AMPA,ampa_high,0.0048,modNP,1.9792938
8043474,HC,False,AMPA,ampa_high,0.0048,modNP,-0.40762383
10058298,IMAGEN,False,AMPA,ampa_high,0.0048,modNP,1.33556813
10121092,IMAGEN,True,AMPA,ampa_high,0.0048,modNP,1.78018794
11922061,IMAGEN,True,AMPA,ampa_high,0.0048,modNP,1.126594
12029891,HC,False,AMPA,ampa_high,0.0048,modNP,-0.02823001
13471924,IMAGEN,True,AMPA,ampa_high,0.0048,modNP,0.01675522
14759699,IMAGEN,True,AMPA,ampa_high,0.0048,modNP,-0.00911005
14783858,IMAGEN,False,AMPA,ampa_high,0.0048,modNP,0.54042694
14850118,HC,False,AMPA,ampa_high,0.0048,modNP,1.68284758
14893890,IMAGEN,True,AMPA,ampa_high,0.0048,modNP,0.73686764
15059321,IMAGEN,True,AMPA,ampa_high,0.0048,modNP,1.3775235
16190159,IMAGEN,True,AMPA,ampa_high,0.0048,modNP,1.15430042
16275727,IMAGEN,True,AMPA,ampa_high,0.0048,modNP,0.07604106
16708319,HC,False,AMPA,ampa_high,0.0048,modNP,0.456486
17213220,IMAGEN,True,AMPA,ampa_high,0.0048,modNP,0.48149938
17696979,IMAGEN,False,AMPA,ampa_high,0.0048,modNP,0.89224026
18455372,IMAGEN,False,AMPA,ampa_high,0.0048,modNP,0.45220016
18801650,IMAGEN,True,AMPA,ampa_high,0.0048,modNP,0.03731975
18904077,HC,True,AMPA,ampa_high,0.0048,modNP,0.0526331
18952353,HC,False,AMPA,ampa_high,0.0048,modNP,1.28075638
19031295,HC,False,AMPA,ampa_high,0.0048,modNP,0.98988256
19316057,HC,False,AMPA,ampa_high,0.0048,modNP,0.89996922
19432693,IMAGEN,False,AMPA,ampa_high,0.0048,modNP,1.52154124
20051604,HC,False,AMPA,ampa_high,0.0048,modNP,1.93586704
20830744,HC,True,AMPA,ampa_high,0.0048,modNP,0.10759752
21053574,HC,True,AMPA,ampa_high,0.0048,modNP,3.60526673
21313420,IMAGEN,True,AMPA,ampa_high,0.0048,modNP,0.71895195
22084493,HC,False,AMPA,ampa_high,0.0048,modNP,0.33523406
23343892,HC,False,AMPA,ampa_high,0.0048,modNP,0.00888856
24115048,HC,True,AMPA,ampa_high,0.0048,modNP,0.44702742
24495953,IMAGEN,True,AMPA,ampa_high,0.0048,modNP,0.63089751
25000478,HC,True,AMPA,ampa_high,0.0048,modNP,0.20001684
25067315,IMAGEN,True,AMPA,ampa_high,0.0048,modNP,-0.57175896
25356336,IMAGEN,True,AMPA,ampa_high,0.0048,modNP,0.12514024
25517914,IMAGEN,True,AMPA,ampa_high,0.0048,modNP,-0.51202961
25821028,HC,False,AMPA,ampa_high,0.0048,modNP,-0.36900338
26901488,IMAGEN,True,AMPA,ampa_high,0.0048,modNP,0.49227985
27363295,HC,False,AMPA,ampa_high,0.0048,modNP,2.03924446
27578624,IMAGEN,True,AMPA,ampa_high,0.0048,modNP,0.63967357
28113492,HC,True,AMPA,ampa_high,0.0048,modNP,0.96629554
28264513,HC,False,AMPA,ampa_high,0.0048,modNP,0.80038457
29658673,IMAGEN,True,AMPA,ampa_high,0.0048,modNP,-0.28562364
29751086,IMAGEN,True,AMPA,ampa_high,0.0048,modNP,0.89742822
29871328,IMAGEN,True,AMPA,ampa_high,0.0048,modNP,1.74944071
30151696,HC,False,AMPA,ampa_high,0.0048,modNP,0.61699405
30276332,IMAGEN,True,AMPA,ampa_high,0.0048,modNP,1.15889768
30649663,HC,True,AMPA,ampa_high,0.0048,modNP,0.64009104
30779144,IMAGEN,True,AMPA,ampa_high,0.0048,modNP,0.55157234
31070544,IMAGEN,True,AMPA,ampa_high,0.0048,modNP,0.41199167
31171219,IMAGEN,True,AMPA,ampa_high,0.0048,modNP,-0.65545007
31825112,IMAGEN,True,AMPA,ampa_high,0.0048,modNP,2.07033469
31851798,IMAGEN,True,AMPA,ampa_high,0.0048,modNP,-0.06739617
32581973,HC,False,AMPA,ampa_high,0.0048,modNP,0.68717422
34458922,HC,False,AMPA,ampa_high,0.0048,modNP,0.61679439
35704260,IMAGEN,True,AMPA,ampa_high,0.0048,modNP,-0.71632104
36383037,HC,False,AMPA,ampa_high,0.0048,modNP,0.46213356
37280746,HC,False,AMPA,ampa_high,0.0048,modNP,0.79810326
37805580,HC,True,AMPA,ampa_high,0.0048,modNP,0.44324386
38072766,HC,False,AMPA,ampa_high,0.0048,modNP,-0.28060935
38521433,IMAGEN,True,AMPA,ampa_high,0.0048,modNP,0.13943253
38666520,HC,False,AMPA,ampa_high,0.0048,modNP,-0.30028782
39453204,HC,False,AMPA,ampa_high,0.0048,modNP,0.2101447
39583981,HC,False,AMPA,ampa_high,0.0048,modNP,0.77139241
39776858,IMAGEN,True,AMPA,ampa_high,0.0048,modNP,1.42337012
40201562,HC,False,AMPA,ampa_high,0.0048,modNP,-0.02665997
41213271,HC,False,AMPA,ampa_high,0.0048,modNP,0.9124559
41383458,IMAGEN,True,AMPA,ampa_high,0.0048,modNP,0.79392194
41429086,IMAGEN,True,AMPA,ampa_high,0.0048,modNP,1.32459291
41548748,HC,False,AMPA,ampa_high,0.0048,modNP,-0.54078973
42449851,HC,True,AMPA,ampa_high,0.0048,modNP,-0.81233965
42823353,IMAGEN,True,AMPA,ampa_high,0.0048,modNP,-0.88057099
43525440,HC,True,AMPA,ampa_high,0.0048,modNP,1.1900173
43720294,IMAGEN,True,AMPA,ampa_high,0.0048,modNP,1.24002132
43926786,IMAGEN,True,AMPA,ampa_high,0.0048,modNP,-0.11319935
44576096,HC,False,AMPA,ampa_high,0.0048,modNP,0.29214989
45544719,IMAGEN,False,AMPA,ampa_high,0.0048,modNP,0.00410146
48028426,IMAGEN,False,AMPA,ampa_high,0.0048,modNP,0.16038821
48054415,HC,False,AMPA,ampa_high,0.0048,modNP,-0.01052304
50395729,IMAGEN,True,AMPA,ampa_high,0.0048,modNP,-0.70728391
51076110,HC,False,AMPA,ampa_high,0.0048,modNP,0.12577812
51649816,HC,False,AMPA,ampa_high,0.0048,modNP,-1.2850962
52071148,HC,False,AMPA,ampa_high,0.0048,modNP,0.3606607
52801880,IMAGEN,True,AMPA,ampa_high,0.0048,modNP,0.91634523
53120454,IMAGEN,True,AMPA,ampa_high,0.0048,modNP,-0.21461809
54633971,HC,False,AMPA,ampa_high,0.0048,modNP,-0.52682879
54741718,IMAGEN,True,AMPA,ampa_high,0.0048,modNP,-0.60574268
55417875,HC,False,AMPA,ampa_high,0.0048,modNP,-0.04569277
55499880,HC,False,AMPA,ampa_high,0.0048,modNP,1.25179834
55619168,IMAGEN,True,AMPA,ampa_high,0.0048,modNP,0.1653342
55836894,HC,False,AMPA,ampa_high,0.0048,modNP,0.75512436
56819618,IMAGEN,True,AMPA,ampa_high,0.0048,modNP,-0.51425256
57172435,HC,False,AMPA,ampa_high,0.0048,modNP,0.61262711
57348284,IMAGEN,True,AMPA,ampa_high,0.0048,modNP,0.43421
57930100,HC,True,AMPA,ampa_high,0.0048,modNP,-0.22299001
57968987,IMAGEN,True,AMPA,ampa_high,0.0048,modNP,0.06472725
59057693,HC,False,AMPA,ampa_high,0.0048,modNP,1.40007758
59343528,HC,False,AMPA,ampa_high,0.0048,modNP,0.67840262
60184938,HC,False,AMPA,ampa_high,0.0048,modNP,-0.01416515
60186708,HC,False,AMPA,ampa_high,0.0048,modNP,-0.43815935
60281382,IMAGEN,True,AMPA,ampa_high,0.0048,modNP,-0.01754529
60334165,HC,False,AMPA,ampa_high,0.0048,modNP,0.86888494
60530234,HC,False,AMPA,ampa_high,0.0048,modNP,0.69146311
61581707,HC,True,AMPA,ampa_high,0.0048,modNP,-0.00039081
61756624,IMAGEN,True,AMPA,ampa_high,0.0048,modNP,0.54007092
63213959,IMAGEN,False,AMPA,ampa_high,0.0048,modNP,1.13370579
63218063,HC,False,AMPA,ampa_high,0.0048,modNP,2.25356223
63989137,IMAGEN,False,AMPA,ampa_high,0.0048,modNP,0.11915522
64043761,HC,False,AMPA,ampa_high,0.0048,modNP,-1.20411878
64082948,HC,False,AMPA,ampa_high,0.0048,modNP,1.04847736
64309040,HC,False,AMPA,ampa_high,0.0048,modNP,1.4049644
65620046,IMAGEN,False,AMPA,ampa_high,0.0048,modNP,1.02845016
66092324,IMAGEN,False,AMPA,ampa_high,0.0048,modNP,0.03099716
66847819,IMAGEN,False,AMPA,ampa_high,0.0048,modNP,-0.89626212
67342911,IMAGEN,True,AMPA,ampa_high,0.0048,modNP,0.23227474
67844279,IMAGEN,True,AMPA,ampa_high,0.0048,modNP,0.89604995
68000499,IMAGEN,True,AMPA,ampa_high,0.0048,modNP,0.62633094
69159223,IMAGEN,True,AMPA,ampa_high,0.0048,modNP,0.36626559
69366941,IMAGEN,True,AMPA,ampa_high,0.0048,modNP,0.05431706
69973472,IMAGEN,True,AMPA,ampa_high,0.0048,modNP,-0.23346505
70910152,IMAGEN,True,AMPA,ampa_high,0.0048,modNP,0.45164278
72155879,IMAGEN,True,AMPA,ampa_high,0.0048,modNP,-0.27194592
72358748,IMAGEN,True,AMPA,ampa_high,0.0048,modNP,-0.26073952
79630427,IMAGEN,True,AMPA,ampa_high,0.0048,modNP,0.03885328
80301458,IMAGEN,True,AMPA,ampa_high,0.0048,modNP,0.31610999
80461839,IMAGEN,True,AMPA,ampa_high,0.0048,modNP,1.53884123
82149344,IMAGEN,True,AMPA,ampa_high,0.0048,modNP,2.56453184
83490451,IMAGEN,True,AMPA,ampa_high,0.0048,modNP,-0.6030042
84037702,IMAGEN,True,AMPA,ampa_high,0.0048,modNP,2.34555689
84828767,IMAGEN,True,AMPA,ampa_high,0.0048,modNP,1.28883489
90973178,IMAGEN,True,AMPA,ampa_high,0.0048,modNP,2.48395851
92159995,IMAGEN,False,AMPA,ampa_high,0.0048,modNP,0.11995978
92432902,IMAGEN,True,AMPA,ampa_high,0.0048,modNP,1.74487239
92523261,IMAGEN,True,AMPA,ampa_high,0.0048,modNP,2.05108962
94345446,IMAGEN,True,AMPA,ampa_high,0.0048,modNP,2.00494893
94998851,IMAGEN,True,AMPA,ampa_high,0.0048,modNP,1.0093565
97970921,IMAGEN,True,AMPA,ampa_high,0.0048,modNP,1.55271415
110841481,MDD,False,AMPA,ampa_high,0.0048,modNP,0.56388814
110937433,MDD,False,AMPA,ampa_high,0.0048,modNP,0.19264148
111086310,MDD,False,AMPA,ampa_high,0.0048,modNP,0.1196445
111096801,MDD,False,AMPA,ampa_high,0.0048,modNP,0.69595478
111844771,MDD,False,AMPA,ampa_high,0.0048,modNP,0.581734
112091464,MDD,False,AMPA,ampa_high,0.0048,modNP,1.04869775
112517217,AUD,False,AMPA,ampa_high,0.0048,modNP,0.19803821
112917188,AUD,False,AMPA,ampa_high,0.0048,modNP,0.57379092
112957066,MDD,False,AMPA,ampa_high,0.0048,modNP,1.48561251
113174215,MDD,False,AMPA,ampa_high,0.0048,modNP,1.86483557
113237194,AUD,False,AMPA,ampa_high,0.0048,modNP,0.06797451
113387068,MDD,False,AMPA,ampa_high,0.0048,modNP,-0.1609041
114552708,MDD,False,AMPA,ampa_high,0.0048,modNP,0.52382382
115212275,AUD,False,AMPA,ampa_high,0.0048,modNP,0.67867189
117385823,MDD,False,AMPA,ampa_high,0.0048,modNP,1.51880863
118382279,MDD,False,AMPA,ampa_high,0.0048,modNP,5.8745985
121801833,AUD,False,AMPA,ampa_high,0.0048,modNP,1.83218287
122083369,AUD,False,AMPA,ampa_high,0.0048,modNP,-0.52251692
122408481,MDD,False,AMPA,ampa_high,0.0048,modNP,4.48488647
123660597,MDD,False,AMPA,ampa_high,0.0048,modNP,7.29761309
123930959,MDD,False,AMPA,ampa_high,0.0048,modNP,6.76366733
124782577,AUD,False,AMPA,ampa_high,0.0048,modNP,-0.03542107
125237313,MDD,False,AMPA,ampa_high,0.0048,modNP,7.36196417
125339679,AUD,False,AMPA,ampa_high,0.0048,modNP,-0.81309476
125524260,AUD,False,AMPA,ampa_high,0.0048,modNP,2.30201283
130293488,MDD,False,AMPA,ampa_high,0.0048,modNP,8.14685474
130597088,MDD,False,AMPA,ampa_high,0.0048,modNP,7.65675055
134330542,MDD,False,AMPA,ampa_high,0.0048,modNP,6.00258565
135517362,MDD,False,AMPA,ampa_high,0.0048,modNP,7.64171421
135672596,AUD,False,AMPA,ampa_high,0.0048,modNP,0.6103986
135736530,MDD,False,AMPA,ampa_high,0.0048,modNP,6.29209872
136295480,AUD,False,AMPA,ampa_high,0.0048,modNP,0.2405859
136348275,AUD,False,AMPA,ampa_high,0.0048,modNP,0.87091068
136981533,MDD,False,AMPA,ampa_high,0.0048,modNP,6.47126123
137280633,MDD,False,AMPA,ampa_high,0.0048,modNP,5.95552555
138390224,AUD,False,AMPA,ampa_high,0.0048,modNP,1.83748769
140267022,MDD,False,AMPA,ampa_high,0.0048,modNP,8.040886
141253295,MDD,False,AMPA,ampa_high,0.0048,modNP,5.12418159
141542924,MDD,False,AMPA,ampa_high,0.0048,modNP,8.84133187
141831212,MDD,False,AMPA,ampa_high,0.0048,modNP,6.6506021
142392893,MDD,False,AMPA,ampa_high,0.0048,modNP,6.26843945
143669176,AUD,False,AMPA,ampa_high,0.0048,modNP,-1.29492452
144855245,MDD,False,AMPA,ampa_high,0.0048,modNP,5.86758212
144964754,MDD,False,AMPA,ampa_high,0.0048,modNP,7.72354575
146042158,MDD,False,AMPA,ampa_high,0.0048,modNP,1.24610659
146061521,AUD,False,AMPA,ampa_high,0.0048,modNP,0.95067415
146906985,MDD,False,AMPA,ampa_high,0.0048,modNP,6.80304832
147701848,MDD,False,AMPA,ampa_high,0.0048,modNP,5.889418
147906886,MDD,False,AMPA,ampa_high,0.0048,modNP,6.91566875
148868119,MDD,False,AMPA,ampa_high,0.0048,modNP,6.60375262
148952494,AUD,False,AMPA,ampa_high,0.0048,modNP,2.70251885
149709982,MDD,False,AMPA,ampa_high,0.0048,modNP,6.77519105
149839536,AUD,False,AMPA,ampa_high,0.0048,modNP,-0.05770797
150038288,MDD,False,AMPA,ampa_high,0.0048,modNP,6.67150987
150237087,AUD,False,AMPA,ampa_high,0.0048,modNP,1.6369018
150299361,AUD,False,AMPA,ampa_high,0.0048,modNP,0.56074806
151408587,AUD,False,AMPA,ampa_high,0.0048,modNP,0.58126607
152769231,AUD,False,AMPA,ampa_high,0.0048,modNP,0.26504039
152958814,AUD,False,AMPA,ampa_high,0.0048,modNP,1.18492937
153450897,MDD,False,AMPA,ampa_high,0.0048,modNP,7.21634242
154461990,MDD,False,AMPA,ampa_high,0.0048,modNP,6.81780674
154704064,AUD,False,AMPA,ampa_high,0.0048,modNP,1.41004117
155190506,AUD,False,AMPA,ampa_high,0.0048,modNP,1.07884289
155379621,MDD,False,AMPA,ampa_high,0.0048,modNP,6.0318826
156021841,MDD,False,AMPA,ampa_high,0.0048,modNP,0.09843584
157312444,MDD,False,AMPA,ampa_high,0.0048,modNP,-0.14157268
157655614,MDD,False,AMPA,ampa_high,0.0048,modNP,0.73154945
157691935,AUD,False,AMPA,ampa_high,0.0048,modNP,1.12983349
159066706,MDD,False,AMPA,ampa_high,0.0048,modNP,0.39808879
160259456,MDD,False,AMPA,ampa_high,0.0048,modNP,0.24759385
161239003,AUD,False,AMPA,ampa_high,0.0048,modNP,0.76393522
162353055,AUD,False,AMPA,ampa_high,0.0048,modNP,-0.29608154
162354840,AUD,False,AMPA,ampa_high,0.0048,modNP,0.00489951
163186746,AUD,False,AMPA,ampa_high,0.0048,modNP,-0.49503852
164064591,AUD,False,AMPA,ampa_high,0.0048,modNP,-1.06047511
164824205,MDD,False,AMPA,ampa_high,0.0048,modNP,-0.40869571
164874291,AUD,False,AMPA,ampa_high,0.0048,modNP,-1.01420883
165288521,MDD,False,AMPA,ampa_high,0.0048,modNP,-0.48899465
165369327,MDD,False,AMPA,ampa_high,0.0048,modNP,0.74898098
165959237,AUD,False,AMPA,ampa_high,0.0048,modNP,0.79403756
166274725,AUD,False,AMPA,ampa_high,0.0048,modNP,-0.17164978
166338974,MDD,False,AMPA,ampa_high,0.0048,modNP,-0.08473323
166386545,MDD,False,AMPA,ampa_high,0.0048,modNP,0.68202661
166471280,AUD,False,AMPA,ampa_high,0.0048,modNP,0.34364039
166741227,MDD,False,AMPA,ampa_high,0.0048,modNP,-0.46346138
166922849,MDD,False,AMPA,ampa_high,0.0048,modNP,0.22491274
168370463,MDD,False,AMPA,ampa_high,0.0048,modNP,-0.19682938
168641000,MDD,False,AMPA,ampa_high,0.0048,modNP,-0.15252751
169786920,MDD,False,AMPA,ampa_high,0.0048,modNP,0.05709014
171526079,MDD,False,AMPA,ampa_high,0.0048,modNP,0.28395295
171674018,AUD,False,AMPA,ampa_high,0.0048,modNP,0.90327493
171990823,MDD,False,AMPA,ampa_high,0.0048,modNP,0.07823004
172283288,MDD,False,AMPA,ampa_high,0.0048,modNP,0.33532183
172442389,MDD,False,AMPA,ampa_high,0.0048,modNP,0.16639718
174433203,MDD,False,AMPA,ampa_high,0.0048,modNP,0.45502612
174603925,MDD,False,AMPA,ampa_high,0.0048,modNP,-0.52596555
175029071,AUD,False,AMPA,ampa_high,0.0048,modNP,1.442464
175924853,MDD,False,AMPA,ampa_high,0.0048,modNP,0.2851862
176214110,AUD,False,AMPA,ampa_high,0.0048,modNP,0.12081948
176617846,AUD,False,AMPA,ampa_high,0.0048,modNP,1.07178734
177344780,AUD,False,AMPA,ampa_high,0.0048,modNP,1.08566249
177528314,MDD,False,AMPA,ampa_high,0.0048,modNP,-0.76334793
177688664,AUD,False,AMPA,ampa_high,0.0048,modNP,0.31983086
177896969,AUD,False,AMPA,ampa_high,0.0048,modNP,0.71650296
178045655,AUD,False,AMPA,ampa_high,0.0048,modNP,1.24767766
178282579,AUD,False,AMPA,ampa_high,0.0048,modNP,0.63516875
178684006,AUD,False,AMPA,ampa_high,0.0048,modNP,0.27276506
178998455,AUD,False,AMPA,ampa_high,0.0048,modNP,-0.44838263
181526703,AUD,False,AMPA,ampa_high,0.0048,modNP,0.55422894
182136619,AUD,False,AMPA,ampa_high,0.0048,modNP,0.37527172
183176019,AUD,False,AMPA,ampa_high,0.0048,modNP,0.88795208
183475605,MDD,False,AMPA,ampa_high,0.0048,modNP,-0.28399675
183762098,AUD,False,AMPA,ampa_high,0.0048,modNP,-0.62646388
184059377,AUD,False,AMPA,ampa_high,0.0048,modNP,1.21568131
186213995,AUD,False,AMPA,ampa_high,0.0048,modNP,0.78002789
186940717,MDD,False,AMPA,ampa_high,0.0048,modNP,0.19422973
187495574,MDD,False,AMPA,ampa_high,0.0048,modNP,-0.33562062
188448101,AUD,False,AMPA,ampa_high,0.0048,modNP,0.56305651
188764715,MDD,False,AMPA,ampa_high,0.0048,modNP,0.81855943
190042837,AUD,False,AMPA,ampa_high,0.0048,modNP,1.08648543
191170875,AUD,False,AMPA,ampa_high,0.0048,modNP,1.52074882
191996808,AUD,False,AMPA,ampa_high,0.0048,modNP,-0.45296167
193109536,MDD,False,AMPA,ampa_high,0.0048,modNP,0.08431592
195112416,MDD,False,AMPA,ampa_high,0.0048,modNP,0.22484217
195135326,MDD,False,AMPA,ampa_high,0.0048,modNP,0.58403373
195145348,AUD,False,AMPA,ampa_high,0.0048,modNP,0.16543616
195166026,AUD,False,AMPA,ampa_high,0.0048,modNP,0.0986668
195629783,AUD,False,AMPA,ampa_high,0.0048,modNP,0.27887805
195966822,MDD,False,AMPA,ampa_high,0.0048,modNP,0.97388484
197382673,AUD,False,AMPA,ampa_high,0.0048,modNP,0.38389791
198118454,MDD,False,AMPA,ampa_high,0.0048,modNP,0.38328241
199436480,MDD,False,AMPA,ampa_high,0.0048,modNP,1.3428505
112288,IMAGEN,False,GABA-A,gaba_low,0.0035,modNP,1.93930741
458976,IMAGEN,False,GABA-A,gaba_low,0.0035,modNP,2.8962406
829055,HC,False,GABA-A,gaba_low,0.0035,modNP,2.20444894
1647364,IMAGEN,True,GABA-A,gaba_low,0.0035,modNP,4.4863418
2190836,HC,False,GABA-A,gaba_low,0.0035,modNP,1.06728747
2270310,HC,False,GABA-A,gaba_low,0.0035,modNP,5.12547022
2695459,IMAGEN,True,GABA-A,gaba_low,0.0035,modNP,2.65410102
2904393,HC,False,GABA-A,gaba_low,0.0035,modNP,5.19886283
3287674,HC,False,GABA-A,gaba_low,0.0035,modNP,2.19285766
4254555,IMAGEN,False,GABA-A,gaba_low,0.0035,modNP,2.39594
4631192,HC,False,GABA-A,gaba_low,0.0035,modNP,3.15465177
4794212,IMAGEN,True,GABA-A,gaba_low,0.0035,modNP,3.6837064
4885471,IMAGEN,False,GABA-A,gaba_low,0.0035,modNP,6.22313598
5182386,IMAGEN,True,GABA-A,gaba_low,0.0035,modNP,6.13359367
5432841,HC,False,GABA-A,gaba_low,0.0035,modNP,2.83946617
5901115,IMAGEN,True,GABA-A,gaba_low,0.0035,modNP,2.26233607
5978534,HC,True,GABA-A,gaba_low,0.0035,modNP,1.2502837
6000160,IMAGEN,False,GABA-A,gaba_low,0.0035,modNP,0.99580911
6314205,HC,False,GABA-A,gaba_low,0.0035,modNP,2.78682954
6502630,HC,False,GABA-A,gaba_low,0.0035,modNP,3.9655029
7127936,HC,False,GABA-A,gaba_low,0.0035,modNP,1.52973067
7478069,IMAGEN,True,GABA-A,gaba_low,0.0035,modNP,1.3688442
7764421,HC,False,GABA-A,gaba_low,0.0035,modNP,0.56170778
8043474,HC,False,GABA-A,gaba_low,0.0035,modNP,1.22550591
10058298,IMAGEN,False,GABA-A,gaba_low,0.0035,modNP,2.01291699
10121092,IMAGEN,True,GABA-A,gaba_low,0.0035,modNP,0.79917195
11922061,IMAGEN,True,GABA-A,gaba_low,0.0035,modNP,4.09796471
12029891,HC,False,GABA-A,gaba_low,0.0035,modNP,6.79285144
13471924,IMAGEN,True,GABA-A,gaba_low,0.0035,modNP,1.10728465
14759699,IMAGEN,True,GABA-A,gaba_low,0.0035,modNP,3.27641398
14783858,IMAGEN,False,GABA-A,gaba_low,0.0035,modNP,1.92801762
14850118,HC,False,GABA-A,gaba_low,0.0035,modNP,3.35164161
14893890,IMAGEN,True,GABA-A,gaba_low,0.0035,modNP,2.90575547
15059321,IMAGEN,True,GABA-A,gaba_low,0.0035,modNP,2.64148159
16190159,IMAGEN,True,GABA-A,gaba_low,0.0035,modNP,-0.38922617
16275727,IMAGEN,True,GABA-A,gaba_low,0.0035,modNP,3.13397566
16708319,HC,False,GABA-A,gaba_low,0.0035,modNP,2.80234673
17213220,IMAGEN,True,GABA-A,gaba_low,0.0035,modNP,1.11601799
17696979,IMAGEN,False,GABA-A,gaba_low,0.0035,modNP,1.3188848
18455372,IMAGEN,False,GABA-A,gaba_low,0.0035,modNP,1.57963136
18801650,IMAGEN,True,GABA-A,gaba_low,0.0035,modNP,1.1525306
18904077,HC,True,GABA-A,gaba_low,0.0035,modNP,0.41806978
18952353,HC,False,GABA-A,gaba_low,0.0035,modNP,2.10186305
19031295,HC,False,GABA-A,gaba_low,0.0035,modNP,1.05242271
19316057,HC,False,GABA-A,gaba_low,0.0035,modNP,2.05934846
19432693,IMAGEN,False,GABA-A,gaba_low,0.0035,modNP,1.21880211
20051604,HC,False,GABA-A,gaba_low,0.0035,modNP,1.22617917
20830744,HC,True,GABA-A,gaba_low,0.0035,modNP,0.00101017
21053574,HC,True,GABA-A,gaba_low,0.0035,modNP,-0.58453991
21313420,IMAGEN,True,GABA-A,gaba_low,0.0035,modNP,1.69445285
22084493,HC,False,GABA-A,gaba_low,0.0035,modNP,1.39206732
23343892,HC,False,GABA-A,gaba_low,0.0035,modNP,3.51713793
24115048,HC,True,GABA-A,gaba_low,0.0035,modNP,5.39415598
24495953,IMAGEN,True,GABA-A,gaba_low,0.0035,modNP,3.56322955
25000478,HC,True,GABA-A,gaba_low,0.0035,modNP,1.66331406
25067315,IMAGEN,True,GABA-A,gaba_low,0.0035,modNP,0.72736527
25356336,IMAGEN,True,GABA-A,gaba_low,0.0035,modNP,1.95723545
25517914,IMAGEN,True,GABA-A,gaba_low,0.0035,modNP,3.93247542
25821028,HC,False,GABA-A,gaba_low,0.0035,modNP,-0.34323837
26901488,IMAGEN,True,GABA-A,gaba_low,0.0035,modNP,0.71200566
27363295,HC,False,GABA-A,gaba_low,0.0035,modNP,1.81391368
27578624,IMAGEN,True,GABA-A,gaba_low,0.0035,modNP,4.34325349
28113492,HC,True,GABA-A,gaba_low,0.0035,modNP,3.84203377
28264513,HC,False,GABA-A,gaba_low,0.0035,modNP,2.1573761
29658673,IMAGEN,True,GABA-A,gaba_low,0.0035,modNP,4.5486896
29751086,IMAGEN,True,GABA-A,gaba_low,0.0035,modNP,2.42183295
29871328,IMAGEN,True,GABA-A,gaba_low,0.0035,modNP,4.41146686
30151696,HC,False,GABA-A,gaba_low,0.0035,modNP,6.46798714
30276332,IMAGEN,True,GABA-A,gaba_low,0.0035,modNP,2.01253765
30649663,HC,True,GABA-A,gaba_low,0.0035,modNP,2.09317877
30779144,IMAGEN,True,GABA-A,gaba_low,0.0035,modNP,3.52717503
31070544,IMAGEN,True,GABA-A,gaba_low,0.0035,modNP,2.2578688
31171219,IMAGEN,True,GABA-A,gaba_low,0.0035,modNP,3.58830567
31825112,IMAGEN,True,GABA-A,gaba_low,0.0035,modNP,0.28558217
31851798,IMAGEN,True,GABA-A,gaba_low,0.0035,modNP,1.27520472
32581973,HC,False,GABA-A,gaba_low,0.0035,modNP,2.32902224
34458922,HC,False,GABA-A,gaba_low,0.0035,modNP,2.14771837
35704260,IMAGEN,True,GABA-A,gaba_low,0.0035,modNP,2.51573939
36383037,HC,False,GABA-A,gaba_low,0.0035,modNP,2.6768158
37280746,HC,False,GABA-A,gaba_low,0.0035,modNP,0.01647362
37805580,HC,True,GABA-A,gaba_low,0.0035,modNP,0.77680081
38072766,HC,False,GABA-A,gaba_low,0.0035,modNP,3.14946095
38521433,IMAGEN,True,GABA-A,gaba_low,0.0035,modNP,3.68257091
38666520,HC,False,GABA-A,gaba_low,0.0035,modNP,1.04988078
39453204,HC,False,GABA-A,gaba_low,0.0035,modNP,1.55060524
39583981,HC,False,GABA-A,gaba_low,0.0035,modNP,3.95898093
39776858,IMAGEN,True,GABA-A,gaba_low,0.0035,modNP,4.57417401
40201562,HC,False,GABA-A,gaba_low,0.0035,modNP,5.2070928
41213271,HC,False,GABA-A,gaba_low,0.0035,modNP,0.42778361
41383458,IMAGEN,True,GABA-A,gaba_low,0.0035,modNP,3.19515859
41429086,IMAGEN,True,GABA-A,gaba_low,0.0035,modNP,4.07921839
41548748,HC,False,GABA-A,gaba_low,0.0035,modNP,2.41607238
42449851,HC,True,GABA-A,gaba_low,0.0035,modNP,3.17904225
42823353,IMAGEN,True,GABA-A,gaba_low,0.0035,modNP,3.7093323
43525440,HC,True,GABA-A,gaba_low,0.0035,modNP,2.11921242
43720294,IMAGEN,True,GABA-A,gaba_low,0.0035,modNP,3.76874472
43926786,IMAGEN,True,GABA-A,gaba_low,0.0035,modNP,2.17799307
44576096,HC,False,GABA-A,gaba_low,0.0035,modNP,2.23012132
45544719,IMAGEN,False,GABA-A,gaba_low,0.0035,modNP,5.72574026
48028426,IMAGEN,False,GABA-A,gaba_low,0.0035,modNP,3.33088295
48054415,HC,False,GABA-A,gaba_low,0.0035,modNP,1.94307172
50395729,IMAGEN,True,GABA-A,gaba_low,0.0035,modNP,-0.24274073
51076110,HC,False,GABA-A,gaba_low,0.0035,modNP,5.87717894
51649816,HC,False,GABA-A,gaba_low,0.0035,modNP,1.23620631
52071148,HC,False,GABA-A,gaba_low,0.0035,modNP,1.00239649
52801880,IMAGEN,True,GABA-A,gaba_low,0.0035,modNP,2.50125502
53120454,IMAGEN,True,GABA-A,gaba_low,0.0035,modNP,3.11682912
54633971,HC,False,GABA-A,gaba_low,0.0035,modNP,1.38607309
54741718,IMAGEN,True,GABA-A,gaba_low,0.0035,modNP,1.83460099
55417875,HC,False,GABA-A,gaba_low,0.0035,modNP,3.12141323
55499880,HC,False,GABA-A,gaba_low,0.0035,modNP,3.25761071
55619168,IMAGEN,True,GABA-A,gaba_low,0.0035,modNP,2.90203606
55836894,HC,False,GABA-A,gaba_low,0.0035,modNP,2.27267401
56819618,IMAGEN,True,GABA-A,gaba_low,0.0035,modNP,4.92884992
57172435,HC,False,GABA-A,gaba_low,0.0035,modNP,1.20538307
57348284,IMAGEN,True,GABA-A,gaba_low,0.0035,modNP,4.1107527
57930100,HC,True,GABA-A,gaba_low,0.0035,modNP,0.73222014
57968987,IMAGEN,True,GABA-A,gaba_low,0.0035,modNP,1.64793407
59057693,HC,False,GABA-A,gaba_low,0.0035,modNP,1.84720138
59343528,HC,False,GABA-A,gaba_low,0.0035,modNP,6.44032944
60184938,HC,False,GABA-A,gaba_low,0.0035,modNP,0.67200872
60186708,HC,False,GABA-A,gaba_low,0.0035,modNP,1.40601697
60281382,IMAGEN,True,GABA-A,gaba_low,0.0035,modNP,4.37654997
60334165,HC,False,GABA-A,gaba_low,0.0035,modNP,5.4813032
60530234,HC,False,GABA-A,gaba_low,0.0035,modNP,4.56858902
61581707,HC,True,GABA-A,gaba_low,0.0035,modNP,1.4620123
61756624,IMAGEN,True,GABA-A,gaba_low,0.0035,modNP,3.79640631
63213959,IMAGEN,False,GABA-A,gaba_low,0.0035,modNP,2.01333261
63218063,HC,False,GABA-A,gaba_low,0.0035,modNP,4.35492325
63989137,IMAGEN,False,GABA-A,gaba_low,0.0035,modNP,1.97044776
64043761,HC,False,GABA-A,gaba_low,0.0035,modNP,1.98849132
64082948,HC,False,GABA-A,gaba_low,0.0035,modNP,4.56048545
64309040,HC,False,GABA-A,gaba_low,0.0035,modNP,-0.00943438
65620046,IMAGEN,False,GABA-A,gaba_low,0.0035,modNP,1.46513464
66092324,IMAGEN,False,GABA-A,gaba_low,0.0035,modNP,4.57589046
66847819,IMAGEN,False,GABA-A,gaba_low,0.0035,modNP,5.36146828
67342911,IMAGEN,True,GABA-A,gaba_low,0.0035,modNP,2.42328775
67844279,IMAGEN,True,GABA-A,gaba_low,0.0035,modNP,1.17901477
68000499,IMAGEN,True,GABA-A,gaba_low,0.0035,modNP,2.33936562
69159223,IMAGEN,True,GABA-A,gaba_low,0.0035,modNP,3.96875606
69366941,IMAGEN,True,GABA-A,gaba_low,0.0035,modNP,1.93695168
69973472,IMAGEN,True,GABA-A,gaba_low,0.0035,modNP,4.04402727
70910152,IMAGEN,True,GABA-A,gaba_low,0.0035,modNP,3.04926292
72155879,IMAGEN,True,GABA-A,gaba_low,0.0035,modNP,5.07487654
72358748,IMAGEN,True,GABA-A,gaba_low,0.0035,modNP,2.03590487
79630427,IMAGEN,True,GABA-A,gaba_low,0.0035,modNP,5.62034337
80301458,IMAGEN,True,GABA-A,gaba_low,0.0035,modNP,1.28703511
80461839,IMAGEN,True,GABA-A,gaba_low,0.0035,modNP,3.17663952
82149344,IMAGEN,True,GABA-A,gaba_low,0.0035,modNP,3.89144591
83490451,IMAGEN,True,GABA-A,gaba_low,0.0035,modNP,6.38441408
84037702,IMAGEN,True,GABA-A,gaba_low,0.0035,modNP,0.3060633
84828767,IMAGEN,True,GABA-A,gaba_low,0.0035,modNP,1.09125888
90973178,IMAGEN,True,GABA-A,gaba_low,0.0035,modNP,0.77205748
92159995,IMAGEN,False,GABA-A,gaba_low,0.0035,modNP,1.44900301
92432902,IMAGEN,True,GABA-A,gaba_low,0.0035,modNP,4.98165055
92523261,IMAGEN,True,GABA-A,gaba_low,0.0035,modNP,3.4610249
94345446,IMAGEN,True,GABA-A,gaba_low,0.0035,modNP,1.45132819
94998851,IMAGEN,True,GABA-A,gaba_low,0.0035,modNP,2.5773136
97970921,IMAGEN,True,GABA-A,gaba_low,0.0035,modNP,1.58708121
110841481,MDD,False,GABA-A,gaba_low,0.0035,modNP,1.08615514
110937433,MDD,False,GABA-A,gaba_low,0.0035,modNP,3.61317244
111086310,MDD,False,GABA-A,gaba_low,0.0035,modNP,3.51574377
111096801,MDD,False,GABA-A,gaba_low,0.0035,modNP,5.7826358
111844771,MDD,False,GABA-A,gaba_low,0.0035,modNP,4.1160314
112091464,MDD,False,GABA-A,gaba_low,0.0035,modNP,5.77936428
112517217,AUD,False,GABA-A,gaba_low,0.0035,modNP,1.00830943
112917188,AUD,False,GABA-A,gaba_low,0.0035,modNP,2.77205585
112957066,MDD,False,GABA-A,gaba_low,0.0035,modNP,2.34491403
113174215,MDD,False,GABA-A,gaba_low,0.0035,modNP,2.5576822
113237194,AUD,False,GABA-A,gaba_low,0.0035,modNP,1.25396223
113387068,MDD,False,GABA-A,gaba_low,0.0035,modNP,0.10487641
114552708,MDD,False,GABA-A,gaba_low,0.0035,modNP,-1.13062971
115212275,AUD,False,GABA-A,gaba_low,0.0035,modNP,2.99797296
117385823,MDD,False,GABA-A,gaba_low,0.0035,modNP,1.74515746
118382279,MDD,False,GABA-A,gaba_low,0.0035,modNP,1.48565299
121801833,AUD,False,GABA-A,gaba_low,0.0035,modNP,10.43246645
122083369,AUD,False,GABA-A,gaba_low,0.0035,modNP,1.86522603
122408481,MDD,False,GABA-A,gaba_low,0.0035,modNP,2.26582329
123660597,MDD,False,GABA-A,gaba_low,0.0035,modNP,2.15109989
123930959,MDD,False,GABA-A,gaba_low,0.0035,modNP,-0.37740783
124782577,AUD,False,GABA-A,gaba_low,0.0035,modNP,3.43585966
125237313,MDD,False,GABA-A,gaba_low,0.0035,modNP,2.87016419
125339679,AUD,False,GABA-A,gaba_low,0.0035,modNP,2.4411295
125524260,AUD,False,GABA-A,gaba_low,0.0035,modNP,3.03014552
130293488,MDD,False,GABA-A,gaba_low,0.0035,modNP,3.79124239
130597088,MDD,False,GABA-A,gaba_low,0.0035,modNP,4.7929218
134330542,MDD,False,GABA-A,gaba_low,0.0035,modNP,0.94187064
135517362,MDD,False,GABA-A,gaba_low,0.0035,modNP,-0.55724944
135672596,AUD,False,GABA-A,gaba_low,0.0035,modNP,2.44454365
135736530,MDD,False,GABA-A,gaba_low,0.0035,modNP,-0.64414273
136295480,AUD,False,GABA-A,gaba_low,0.0035,modNP,6.10729241
136348275,AUD,False,GABA-A,gaba_low,0.0035,modNP,2.44759071
136981533,MDD,False,GABA-A,gaba_low,0.0035,modNP,-0.89715755
137280633,MDD,False,GABA-A,gaba_low,0.0035,modNP,-0.43890825
138390224,AUD,False,GABA-A,gaba_low,0.0035,modNP,6.3848487
140267022,MDD,False,GABA-A,gaba_low,0.0035,modNP,4.81343828
141253295,MDD,False,GABA-A,gaba_low,0.0035,modNP,2.58968721
141542924,MDD,False,GABA-A,gaba_low,0.0035,modNP,1.22796021
141831212,MDD,False,GABA-A,gaba_low,0.0035,modNP,2.14961357
142392893,MDD,False,GABA-A,gaba_low,0.0035,modNP,1.7641733
143669176,AUD,False,GABA-A,gaba_low,0.0035,modNP,2.70011621
144855245,MDD,False,GABA-A,gaba_low,0.0035,modNP,1.24554209
144964754,MDD,False,GABA-A,gaba_low,0.0035,modNP,1.55132853
146042158,MDD,False,GABA-A,gaba_low,0.0035,modNP,0.24775244
146061521,AUD,False,GABA-A,gaba_low,0.0035,modNP,0.92272184
146906985,MDD,False,GABA-A,gaba_low,0.0035,modNP,0.60638506
147701848,MDD,False,GABA-A,gaba_low,0.0035,modNP,2.87962084
147906886,MDD,False,GABA-A,gaba_low,0.0035,modNP,1.54380768
148868119,MDD,False,GABA-A,gaba_low,0.0035,modNP,3.39269894
148952494,AUD,False,GABA-A,gaba_low,0.0035,modNP,2.06876655
149709982,MDD,False,GABA-A,gaba_low,0.0035,modNP,0.28505836
149839536,AUD,False,GABA-A,gaba_low,0.0035,modNP,0.72144297
150038288,MDD,False,GABA-A,gaba_low,0.0035,modNP,0.5709478
150237087,AUD,False,GABA-A,gaba_low,0.0035,modNP,3.95210349
150299361,AUD,False,GABA-A,gaba_low,0.0035,modNP,3.08070635
151408587,AUD,False,GABA-A,gaba_low,0.0035,modNP,2.14690167
152769231,AUD,False,GABA-A,gaba_low,0.0035,modNP,2.15601701
152958814,AUD,False,GABA-A,gaba_low,0.0035,modNP,4.06230758
153450897,MDD,False,GABA-A,gaba_low,0.0035,modNP,1.7344479
154461990,MDD,False,GABA-A,gaba_low,0.0035,modNP,2.31112794
154704064,AUD,False,GABA-A,gaba_low,0.0035,modNP,3.51420391
155190506,AUD,False,GABA-A,gaba_low,0.0035,modNP,1.2200213
155379621,MDD,False,GABA-A,gaba_low,0.0035,modNP,1.67155293
156021841,MDD,False,GABA-A,gaba_low,0.0035,modNP,-0.29486005
157312444,MDD,False,GABA-A,gaba_low,0.0035,modNP,5.70718397
157655614,MDD,False,GABA-A,gaba_low,0.0035,modNP,1.96709333
157691935,AUD,False,GABA-A,gaba_low,0.0035,modNP,4.48644309
159066706,MDD,False,GABA-A,gaba_low,0.0035,modNP,3.23293136
160259456,MDD,False,GABA-A,gaba_low,0.0035,modNP,0.43280916
161239003,AUD,False,GABA-A,gaba_low,0.0035,modNP,1.75899298
162353055,AUD,False,GABA-A,gaba_low,0.0035,modNP,2.57505867
162354840,AUD,False,GABA-A,gaba_low,0.0035,modNP,1.87035967
163186746,AUD,False,GABA-A,gaba_low,0.0035,modNP,-0.76390825
164064591,AUD,False,GABA-A,gaba_low,0.0035,modNP,0.92557766
164824205,MDD,False,GABA-A,gaba_low,0.0035,modNP,2.89920309
164874291,AUD,False,GABA-A,gaba_low,0.0035,modNP,0.58345263
165288521,MDD,False,GABA-A,gaba_low,0.0035,modNP,5.48510512
165369327,MDD,False,GABA-A,gaba_low,0.0035,modNP,8.55933067
165959237,AUD,False,GABA-A,gaba_low,0.0035,modNP,0.82017216
166274725,AUD,False,GABA-A,gaba_low,0.0035,modNP,3.25686852
166338974,MDD,False,GABA-A,gaba_low,0.0035,modNP,8.28887944
166386545,MDD,False,GABA-A,gaba_low,0.0035,modNP,8.45910657
166471280,AUD,False,GABA-A,gaba_low,0.0035,modNP,0.67633493
166741227,MDD,False,GABA-A,gaba_low,0.0035,modNP,8.63458862
166922849,MDD,False,GABA-A,gaba_low,0.0035,modNP,9.80228731
168370463,MDD,False,GABA-A,gaba_low,0.0035,modNP,7.58025095
168641000,MDD,False,GABA-A,gaba_low,0.0035,modNP,8.76735818
169786920,MDD,False,GABA-A,gaba_low,0.0035,modNP,7.32077265
171526079,MDD,False,GABA-A,gaba_low,0.0035,modNP,7.51438671
171674018,AUD,False,GABA-A,gaba_low,0.0035,modNP,2.88252695
171990823,MDD,False,GABA-A,gaba_low,0.0035,modNP,7.88684915
172283288,MDD,False,GABA-A,gaba_low,0.0035,modNP,6.25640683
172442389,MDD,False,GABA-A,gaba_low,0.0035,modNP,4.2947335
174433203,MDD,False,GABA-A,gaba_low,0.0035,modNP,7.58009264
174603925,MDD,False,GABA-A,gaba_low,0.0035,modNP,8.67754297
175029071,AUD,False,GABA-A,gaba_low,0.0035,modNP,5.97652551
175924853,MDD,False,GABA-A,gaba_low,0.0035,modNP,7.26584925
176214110,AUD,False,GABA-A,gaba_low,0.0035,modNP,0.03924674
176617846,AUD,False,GABA-A,gaba_low,0.0035,modNP,2.1452732
177344780,AUD,False,GABA-A,gaba_low,0.0035,modNP,4.45388586
177528314,MDD,False,GABA-A,gaba_low,0.0035,modNP,5.81078487
177688664,AUD,False,GABA-A,gaba_low,0.0035,modNP,5.60209113
177896969,AUD,False,GABA-A,gaba_low,0.0035,modNP,0.91047973
178045655,AUD,False,GABA-A,gaba_low,0.0035,modNP,2.60886418
178282579,AUD,False,GABA-A,gaba_low,0.0035,modNP,4.66835498
178684006,AUD,False,GABA-A,gaba_low,0.0035,modNP,3.7576229
178998455,AUD,False,GABA-A,gaba_low,0.0035,modNP,2.9652506
181526703,AUD,False,GABA-A,gaba_low,0.0035,modNP,4.71816708
182136619,AUD,False,GABA-A,gaba_low,0.0035,modNP,3.37515622
183176019,AUD,False,GABA-A,gaba_low,0.0035,modNP,1.94621363
183475605,MDD,False,GABA-A,gaba_low,0.0035,modNP,4.93919524
183762098,AUD,False,GABA-A,gaba_low,0.0035,modNP,5.8359216
184059377,AUD,False,GABA-A,gaba_low,0.0035,modNP,6.31765605
186213995,AUD,False,GABA-A,gaba_low,0.0035,modNP,1.78305456
186940717,MDD,False,GABA-A,gaba_low,0.0035,modNP,3.9336787
187495574,MDD,False,GABA-A,gaba_low,0.0035,modNP,5.67527867
188448101,AUD,False,GABA-A,gaba_low,0.0035,modNP,1.47311506
188764715,MDD,False,GABA-A,gaba_low,0.0035,modNP,5.65353289
190042837,AUD,False,GABA-A,gaba_low,0.0035,modNP,2.99861959
191170875,AUD,False,GABA-A,gaba_low,0.0035,modNP,6.26776032
191996808,AUD,False,GABA-A,gaba_low,0.0035,modNP,1.74909282
193109536,MDD,False,GABA-A,gaba_low,0.0035,modNP,8.45470818
195112416,MDD,False,GABA-A,gaba_low,0.0035,modNP,0.94443463
195135326,MDD,False,GABA-A,gaba_low,0.0035,modNP,-0.30579246
195145348,AUD,False,GABA-A,gaba_low,0.0035,modNP,-0.19880357
195166026,AUD,False,GABA-A,gaba_low,0.0035,modNP,2.4792689
195629783,AUD,False,GABA-A,gaba_low,0.0035,modNP,1.64560293
195966822,MDD,False,GABA-A,gaba_low,0.0035,modNP,0.8377767
197382673,AUD,False,GABA-A,gaba_low,0.0035,modNP,2.9759801
198118454,MDD,False,GABA-A,gaba_low,0.0035,modNP,1.78010051
199436480,MDD,False,GABA-A,gaba_low,0.0035,modNP,1.32328616
112288,IMAGEN,False,GABA-A,gaba,0.004,modNP,2.25400869
458976,IMAGEN,False,GABA-A,gaba,0.004,modNP,3.52900309
829055,HC,False,GABA-A,gaba,0.004,modNP,2.79648857
1647364,IMAGEN,True,GABA-A,gaba,0.004,modNP,4.237931
2190836,HC,False,GABA-A,gaba,0.004,modNP,1.15569607
2270310,HC,False,GABA-A,gaba,0.004,modNP,4.57702231
2695459,IMAGEN,True,GABA-A,gaba,0.004,modNP,2.90234306
2904393,HC,False,GABA-A,gaba,0.004,modNP,5.66528677
3287674,HC,False,GABA-A,gaba,0.004,modNP,1.89556554
4254555,IMAGEN,False,GABA-A,gaba,0.004,modNP,2.16014782
4631192,HC,False,GABA-A,gaba,0.004,modNP,2.87116462
4794212,IMAGEN,True,GABA-A,gaba,0.004,modNP,4.86542935
4885471,IMAGEN,False,GABA-A,gaba,0.004,modNP,5.88913435
5182386,IMAGEN,True,GABA-A,gaba,0.004,modNP,5.77846942
5432841,HC,False,GABA-A,gaba,0.004,modNP,2.77927142
5901115,IMAGEN,True,GABA-A,gaba,0.004,modNP,2.5670635
5978534,HC,True,GABA-A,gaba,0.004,modNP,1.01542887
6000160,IMAGEN,False,GABA-A,gaba,0.004,modNP,0.04205366
6314205,HC,False,GABA-A,gaba,0.004,modNP,2.48959663
6502630,HC,False,GABA-A,gaba,0.004,modNP,4.12785366
7127936,HC,False,GABA-A,gaba,0.004,modNP,2.1850229
7478069,IMAGEN,True,GABA-A,gaba,0.004,modNP,1.45505192
7764421,HC,False,GABA-A,gaba,0.004,modNP,1.26900506
8043474,HC,False,GABA-A,gaba,0.004,modNP,1.28041523
10058298,IMAGEN,False,GABA-A,gaba,0.004,modNP,1.87164724
10121092,IMAGEN,True,GABA-A,gaba,0.004,modNP,0.61072815
11922061,IMAGEN,True,GABA-A,gaba,0.004,modNP,3.37404833
12029891,HC,False,GABA-A,gaba,0.004,modNP,6.77475652
13471924,IMAGEN,True,GABA-A,gaba,0.004,modNP,1.17069168
14759699,IMAGEN,True,GABA-A,gaba,0.004,modNP,3.03303385
14783858,IMAGEN,False,GABA-A,gaba,0.004,modNP,1.70650094
14850118,HC,False,GABA-A,gaba,0.004,modNP,1.84350359
14893890,IMAGEN,True,GABA-A,gaba,0.004,modNP,2.46369029
15059321,IMAGEN,True,GABA-A,gaba,0.004,modNP,2.11830685
16190159,IMAGEN,True,GABA-A,gaba,0.004,modNP,-0.54049369
16275727,IMAGEN,True,GABA-A,gaba,0.004,modNP,3.58549163
16708319,HC,False,GABA-A,gaba,0.004,modNP,2.68336255
17213220,IMAGEN,True,GABA-A,gaba,0.004,modNP,1.55405138
17696979,IMAGEN,False,GABA-A,gaba,0.004,modNP,1.44280618
18455372,IMAGEN,False,GABA-A,gaba,0.004,modNP,1.81346149
18801650,IMAGEN,True,GABA-A,gaba,0.004,modNP,0.81433325
18904077,HC,True,GABA-A,gaba,0.004,modNP,0.37087031
18952353,HC,False,GABA-A,gaba,0.004,modNP,3.51245042
19031295,HC,False,GABA-A,gaba,0.004,modNP,1.34762027
19316057,HC,False,GABA-A,gaba,0.004,modNP,2.44851226
19432693,IMAGEN,False,GABA-A,gaba,0.004,modNP,0.98811836
20051604,HC,False,GABA-A,gaba,0.004,modNP,1.41617969
20830744,HC,True,GABA-A,gaba,0.004,modNP,0.04874707
21053574,HC,True,GABA-A,gaba,0.004,modNP,1.12275108
21313420,IMAGEN,True,GABA-A,gaba,0.004,modNP,2.1719996
22084493,HC,False,GABA-A,gaba,0.004,modNP,2.19593748
23343892,HC,False,GABA-A,gaba,0.004,modNP,2.33287844
24115048,HC,True,GABA-A,gaba,0.004,modNP,4.9039098
24495953,IMAGEN,True,GABA-A,gaba,0.004,modNP,3.45543027
25000478,HC,True,GABA-A,gaba,0.004,modNP,2.48008186
25067315,IMAGEN,True,GABA-A,gaba,0.004,modNP,0.35124049
25356336,IMAGEN,True,GABA-A,gaba,0.004,modNP,1.47439559
25517914,IMAGEN,True,GABA-A,gaba,0.004,modNP,3.47614869
25821028,HC,False,GABA-A,gaba,0.004,modNP,-1.1517741
26901488,IMAGEN,True,GABA-A,gaba,0.004,modNP,-0.02134881
27363295,HC,False,GABA-A,gaba,0.004,modNP,1.96687604
27578624,IMAGEN,True,GABA-A,gaba,0.004,modNP,4.76129859
28113492,HC,True,GABA-A,gaba,0.004,modNP,3.95404297
28264513,HC,False,GABA-A,gaba,0.004,modNP,1.90969426
29658673,IMAGEN,True,GABA-A,gaba,0.004,modNP,3.67877495
29751086,IMAGEN,True,GABA-A,gaba,0.004,modNP,2.15306201
29871328,IMAGEN,True,GABA-A,gaba,0.004,modNP,4.83452286
30151696,HC,False,GABA-A,gaba,0.004,modNP,6.81610751
30276332,IMAGEN,True,GABA-A,gaba,0.004,modNP,2.42302365
30649663,HC,True,GABA-A,gaba,0.004,modNP,1.90561479
30779144,IMAGEN,True,GABA-A,gaba,0.004,modNP,3.63344381
31070544,IMAGEN,True,GABA-A,gaba,0.004,modNP,2.12271293
31171219,IMAGEN,True,GABA-A,gaba,0.004,modNP,2.43597062
31825112,IMAGEN,True,GABA-A,gaba,0.004,modNP,0.68018546
31851798,IMAGEN,True,GABA-A,gaba,0.004,modNP,1.44534036
32581973,HC,False,GABA-A,gaba,0.004,modNP,2.31115142
34458922,HC,False,GABA-A,gaba,0.004,modNP,1.57360822
35704260,IMAGEN,True,GABA-A,gaba,0.004,modNP,2.88253078
36383037,HC,False,GABA-A,gaba,0.004,modNP,2.37535279
37280746,HC,False,GABA-A,gaba,0.004,modNP,0.44156677
37805580,HC,True,GABA-A,gaba,0.004,modNP,0.96967978
38072766,HC,False,GABA-A,gaba,0.004,modNP,2.84616064
38521433,IMAGEN,True,GABA-A,gaba,0.004,modNP,3.45390468
38666520,HC,False,GABA-A,gaba,0.004,modNP,1.50944135
39453204,HC,False,GABA-A,gaba,0.004,modNP,1.2252603
39583981,HC,False,GABA-A,gaba,0.004,modNP,3.8531978
39776858,IMAGEN,True,GABA-A,gaba,0.004,modNP,4.50950703
40201562,HC,False,GABA-A,gaba,0.004,modNP,5.32321207
41213271,HC,False,GABA-A,gaba,0.004,modNP,0.45078074
41383458,IMAGEN,True,GABA-A,gaba,0.004,modNP,2.89757969
41429086,IMAGEN,True,GABA-A,gaba,0.004,modNP,4.04694673
41548748,HC,False,GABA-A,gaba,0.004,modNP,2.30136325
42449851,HC,True,GABA-A,gaba,0.004,modNP,3.18854959
42823353,IMAGEN,True,GABA-A,gaba,0.004,modNP,2.22031932
43525440,HC,True,GABA-A,gaba,0.004,modNP,1.93882161
43720294,IMAGEN,True,GABA-A,gaba,0.004,modNP,3.98153734
43926786,IMAGEN,True,GABA-A,gaba,0.004,modNP,1.76237165
44576096,HC,False,GABA-A,gaba,0.004,modNP,2.13616891
45544719,IMAGEN,False,GABA-A,gaba,0.004,modNP,5.45251537
48028426,IMAGEN,False,GABA-A,gaba,0.004,modNP,3.23549352
48054415,HC,False,GABA-A,gaba,0.004,modNP,1.73574933
50395729,IMAGEN,True,GABA-A,gaba,0.004,modNP,-0.14991829
51076110,HC,False,GABA-A,gaba,0.004,modNP,5.41066391
51649816,HC,False,GABA-A,gaba,0.004,modNP,1.10857565
52071148,HC,False,GABA-A,gaba,0.004,modNP,0.64602303
52801880,IMAGEN,True,GABA-A,gaba,0.004,modNP,2.43592804
53120454,IMAGEN,True,GABA-A,gaba,0.004,modNP,3.4519194
54633971,HC,False,GABA-A,gaba,0.004,modNP,1.64446334
54741718,IMAGEN,True,GABA-A,gaba,0.004,modNP,2.80145836
55417875,HC,False,GABA-A,gaba,0.004,modNP,4.07742224
55499880,HC,False,GABA-A,gaba,0.004,modNP,2.81614746
55619168,IMAGEN,True,GABA-A,gaba,0.004,modNP,2.28334231
55836894,HC,False,GABA-A,gaba,0.004,modNP,2.56434944
56819618,IMAGEN,True,GABA-A,gaba,0.004,modNP,4.54600603
57172435,HC,False,GABA-A,gaba,0.004,modNP,0.80200753
57348284,IMAGEN,True,GABA-A,gaba,0.004,modNP,4.4796428
57930100,HC,True,GABA-A,gaba,0.004,modNP,0.6727248
57968987,IMAGEN,True,GABA-A,gaba,0.004,modNP,1.90844821
59057693,HC,False,GABA-A,gaba,0.004,modNP,2.01756184
59343528,HC,False,GABA-A,gaba,0.004,modNP,6.15555645
60184938,HC,False,GABA-A,gaba,0.004,modNP,0.47028965
60186708,HC,False,GABA-A,gaba,0.004,modNP,1.08472176
60281382,IMAGEN,True,GABA-A,gaba,0.004,modNP,5.21783213
60334165,HC,False,GABA-A,gaba,0.004,modNP,5.37082396
60530234,HC,False,GABA-A,gaba,0.004,modNP,4.43753003
61581707,HC,True,GABA-A,gaba,0.004,modNP,2.14897447
61756624,IMAGEN,True,GABA-A,gaba,0.004,modNP,4.73337713
63213959,IMAGEN,False,GABA-A,gaba,0.004,modNP,2.2892058
63218063,HC,False,GABA-A,gaba,0.004,modNP,3.0709324
63989137,IMAGEN,False,GABA-A,gaba,0.004,modNP,2.17204604
64043761,HC,False,GABA-A,gaba,0.004,modNP,0.50240102
64082948,HC,False,GABA-A,gaba,0.004,modNP,4.10364854
64309040,HC,False,GABA-A,gaba,0.004,modNP,0.04097111
65620046,IMAGEN,False,GABA-A,gaba,0.004,modNP,2.13708864
66092324,IMAGEN,False,GABA-A,gaba,0.004,modNP,3.52559674
66847819,IMAGEN,False,GABA-A,gaba,0.004,modNP,5.65037806
67342911,IMAGEN,True,GABA-A,gaba,0.004,modNP,1.28426808
67844279,IMAGEN,True,GABA-A,gaba,0.004,modNP,1.42732438
68000499,IMAGEN,True,GABA-A,gaba,0.004,modNP,1.73661819
69159223,IMAGEN,True,GABA-A,gaba,0.004,modNP,3.68755773
69366941,IMAGEN,True,GABA-A,gaba,0.004,modNP,1.93964949
69973472,IMAGEN,True,GABA-A,gaba,0.004,modNP,4.06217847
70910152,IMAGEN,True,GABA-A,gaba,0.004,modNP,4.05264604
72155879,IMAGEN,True,GABA-A,gaba,0.004,modNP,5.11036452
72358748,IMAGEN,True,GABA-A,gaba,0.004,modNP,2.12181788
79630427,IMAGEN,True,GABA-A,gaba,0.004,modNP,5.57403193
80301458,IMAGEN,True,GABA-A,gaba,0.004,modNP,0.86257908
80461839,IMAGEN,True,GABA-A,gaba,0.004,modNP,3.11951328
82149344,IMAGEN,True,GABA-A,gaba,0.004,modNP,3.2569504
83490451,IMAGEN,True,GABA-A,gaba,0.004,modNP,4.54944662
84037702,IMAGEN,True,GABA-A,gaba,0.004,modNP,-0.24167724
84828767,IMAGEN,True,GABA-A,gaba,0.004,modNP,0.73366125
90973178,IMAGEN,True,GABA-A,gaba,0.004,modNP,0.60819764
92159995,IMAGEN,False,GABA-A,gaba,0.004,modNP,1.27262519
92432902,IMAGEN,True,GABA-A,gaba,0.004,modNP,4.34156157
92523261,IMAGEN,True,GABA-A,gaba,0.004,modNP,4.21442026
94345446,IMAGEN,True,GABA-A,gaba,0.004,modNP,0.93523095
94998851,IMAGEN,True,GABA-A,gaba,0.004,modNP,3.85917205
97970921,IMAGEN,True,GABA-A,gaba,0.004,modNP,1.1516126
110841481,MDD,False,GABA-A,gaba,0.004,modNP,1.65293155
110937433,MDD,False,GABA-A,gaba,0.004,modNP,3.71974851
111086310,MDD,False,GABA-A,gaba,0.004,modNP,3.58817019
111096801,MDD,False,GABA-A,gaba,0.004,modNP,5.72981144
111844771,MDD,False,GABA-A,gaba,0.004,modNP,4.74318061
112091464,MDD,False,GABA-A,gaba,0.004,modNP,5.73249789
112517217,AUD,False,GABA-A,gaba,0.004,modNP,1.01653576
112917188,AUD,False,GABA-A,gaba,0.004,modNP,5.75208086
112957066,MDD,False,GABA-A,gaba,0.004,modNP,1.33567539
113174215,MDD,False,GABA-A,gaba,0.004,modNP,2.77609697
113237194,AUD,False,GABA-A,gaba,0.004,modNP,2.66905351
113387068,MDD,False,GABA-A,gaba,0.004,modNP,0.35153438
114552708,MDD,False,GABA-A,gaba,0.004,modNP,-0.76548388
115212275,AUD,False,GABA-A,gaba,0.004,modNP,2.68116052
117385823,MDD,False,GABA-A,gaba,0.004,modNP,2.22217845
118382279,MDD,False,GABA-A,gaba,0.004,modNP,2.01350758
121801833,AUD,False,GABA-A,gaba,0.004,modNP,11.02575176
122083369,AUD,False,GABA-A,gaba,0.004,modNP,1.50696592
122408481,MDD,False,GABA-A,gaba,0.004,modNP,2.29839326
123660597,MDD,False,GABA-A,gaba,0.004,modNP,2.01433713
123930959,MDD,False,GABA-A,gaba,0.004,modNP,-0.69327884
124782577,AUD,False,GABA-A,gaba,0.004,modNP,3.75565082
125237313,MDD,False,GABA-A,gaba,0.004,modNP,3.27956879
125339679,AUD,False,GABA-A,gaba,0.004,modNP,2.71988285
125524260,AUD,False,GABA-A,gaba,0.004,modNP,3.5276116
130293488,MDD,False,GABA-A,gaba,0.004,modNP,3.35311906
130597088,MDD,False,GABA-A,gaba,0.004,modNP,4.90633025
134330542,MDD,False,GABA-A,gaba,0.004,modNP,2.09191134
135517362,MDD,False,GABA-A,gaba,0.004,modNP,-1.31167682
135672596,AUD,False,GABA-A,gaba,0.004,modNP,2.660651
135736530,MDD,False,GABA-A,gaba,0.004,modNP,-0.63342654
136295480,AUD,False,GABA-A,gaba,0.004,modNP,5.76038742
136348275,AUD,False,GABA-A,gaba,0.004,modNP,1.70077512
136981533,MDD,False,GABA-A,gaba,0.004,modNP,-0.39663794
137280633,MDD,False,GABA-A,gaba,0.004,modNP,1.41886279
138390224,AUD,False,GABA-A,gaba,0.004,modNP,5.72918627
140267022,MDD,False,GABA-A,gaba,0.004,modNP,2.83971577
141253295,MDD,False,GABA-A,gaba,0.004,modNP,3.42456359
141542924,MDD,False,GABA-A,gaba,0.004,modNP,1.57302998
141831212,MDD,False,GABA-A,gaba,0.004,modNP,1.25304797
142392893,MDD,False,GABA-A,gaba,0.004,modNP,1.58548115
143669176,AUD,False,GABA-A,gaba,0.004,modNP,1.83536681
144855245,MDD,False,GABA-A,gaba,0.004,modNP,1.3118896
144964754,MDD,False,GABA-A,gaba,0.004,modNP,1.53239302
146042158,MDD,False,GABA-A,gaba,0.004,modNP,-0.12380545
146061521,AUD,False,GABA-A,gaba,0.004,modNP,0.97033384
146906985,MDD,False,GABA-A,gaba,0.004,modNP,0.72581803
147701848,MDD,False,GABA-A,gaba,0.004,modNP,3.37000664
147906886,MDD,False,GABA-A,gaba,0.004,modNP,1.11957324
148868119,MDD,False,GABA-A,gaba,0.004,modNP,2.71995641
148952494,AUD,False,GABA-A,gaba,0.004,modNP,1.62561459
149709982,MDD,False,GABA-A,gaba,0.004,modNP,-0.43008275
149839536,AUD,False,GABA-A,gaba,0.004,modNP,0.04835394
150038288,MDD,False,GABA-A,gaba,0.004,modNP,0.42749936
150237087,AUD,False,GABA-A,gaba,0.004,modNP,2.80983936
150299361,AUD,False,GABA-A,gaba,0.004,modNP,3.39671672
151408587,AUD,False,GABA-A,gaba,0.004,modNP,2.4188661
152769231,AUD,False,GABA-A,gaba,0.004,modNP,1.32196162
152958814,AUD,False,GABA-A,gaba,0.004,modNP,4.03692312
153450897,MDD,False,GABA-A,gaba,0.004,modNP,1.52917695
154461990,MDD,False,GABA-A,gaba,0.004,modNP,1.28023362
154704064,AUD,False,GABA-A,gaba,0.004,modNP,3.76487976
155190506,AUD,False,GABA-A,gaba,0.004,modNP,1.29886241
155379621,MDD,False,GABA-A,gaba,0.004,modNP,1.80760699
156021841,MDD,False,GABA-A,gaba,0.004,modNP,-0.60229716
157312444,MDD,False,GABA-A,gaba,0.004,modNP,4.74545011
157655614,MDD,False,GABA-A,gaba,0.004,modNP,2.09099192
157691935,AUD,False,GABA-A,gaba,0.004,modNP,4.6946943
159066706,MDD,False,GABA-A,gaba,0.004,modNP,2.25307859
160259456,MDD,False,GABA-A,gaba,0.004,modNP,0.53067437
161239003,AUD,False,GABA-A,gaba,0.004,modNP,1.62098762
162353055,AUD,False,GABA-A,gaba,0.004,modNP,2.59507358
162354840,AUD,False,GABA-A,gaba,0.004,modNP,2.31716196
163186746,AUD,False,GABA-A,gaba,0.004,modNP,-0.21961227
164064591,AUD,False,GABA-A,gaba,0.004,modNP,1.046421
164824205,MDD,False,GABA-A,gaba,0.004,modNP,3.3437875
164874291,AUD,False,GABA-A,gaba,0.004,modNP,-0.12114406
165288521,MDD,False,GABA-A,gaba,0.004,modNP,2.15206624
165369327,MDD,False,GABA-A,gaba,0.004,modNP,2.27552737
165959237,AUD,False,GABA-A,gaba,0.004,modNP,0.84152522
166274725,AUD,False,GABA-A,gaba,0.004,modNP,3.75125371
166338974,MDD,False,GABA-A,gaba,0.004,modNP,2.87122816
166386545,MDD,False,GABA-A,gaba,0.004,modNP,-0.05432485
166471280,AUD,False,GABA-A,gaba,0.004,modNP,0.70997258
166741227,MDD,False,GABA-A,gaba,0.004,modNP,3.42723561
166922849,MDD,False,GABA-A,gaba,0.004,modNP,6.16356357
168370463,MDD,False,GABA-A,gaba,0.004,modNP,3.79231442
168641000,MDD,False,GABA-A,gaba,0.004,modNP,1.74702857
169786920,MDD,False,GABA-A,gaba,0.004,modNP,2.29301879
171526079,MDD,False,GABA-A,gaba,0.004,modNP,2.00256559
171674018,AUD,False,GABA-A,gaba,0.004,modNP,2.72203347
171990823,MDD,False,GABA-A,gaba,0.004,modNP,1.32797477
172283288,MDD,False,GABA-A,gaba,0.004,modNP,1.45488088
172442389,MDD,False,GABA-A,gaba,0.004,modNP,1.69495269
174433203,MDD,False,GABA-A,gaba,0.004,modNP,1.25232278
174603925,MDD,False,GABA-A,gaba,0.004,modNP,1.49254326
175029071,AUD,False,GABA-A,gaba,0.004,modNP,5.11766376
175924853,MDD,False,GABA-A,gaba,0.004,modNP,1.59028638
176214110,AUD,False,GABA-A,gaba,0.004,modNP,0.08890645
176617846,AUD,False,GABA-A,gaba,0.004,modNP,2.7321771
177344780,AUD,False,GABA-A,gaba,0.004,modNP,4.87171398
177528314,MDD,False,GABA-A,gaba,0.004,modNP,0.97283573
177688664,AUD,False,GABA-A,gaba,0.004,modNP,5.48407491
177896969,AUD,False,GABA-A,gaba,0.004,modNP,0.69403119
178045655,AUD,False,GABA-A,gaba,0.004,modNP,3.07530021
178282579,AUD,False,GABA-A,gaba,0.004,modNP,4.31844474
178684006,AUD,False,GABA-A,gaba,0.004,modNP,3.49067558
178998455,AUD,False,GABA-A,gaba,0.004,modNP,2.50204257
181526703,AUD,False,GABA-A,gaba,0.004,modNP,4.10565367
182136619,AUD,False,GABA-A,gaba,0.004,modNP,2.63677446
183176019,AUD,False,GABA-A,gaba,0.004,modNP,2.57762955
183475605,MDD,False,GABA-A,gaba,0.004,modNP,0.38240243
183762098,AUD,False,GABA-A,gaba,0.004,modNP,5.1294603
184059377,AUD,False,GABA-A,gaba,0.004,modNP,5.74617584
186213995,AUD,False,GABA-A,gaba,0.004,modNP,1.53612664
186940717,MDD,False,GABA-A,gaba,0.004,modNP,1.50249637
187495574,MDD,False,GABA-A,gaba,0.004,modNP,2.52266623
188448101,AUD,False,GABA-A,gaba,0.004,modNP,1.55348839
188764715,MDD,False,GABA-A,gaba,0.004,modNP,-0.09424776
190042837,AUD,False,GABA-A,gaba,0.004,modNP,2.89802254
191170875,AUD,False,GABA-A,gaba,0.004,modNP,6.40523878
191996808,AUD,False,GABA-A,gaba,0.004,modNP,1.75713918
193109536,MDD,False,GABA-A,gaba,0.004,modNP,4.90846617
195112416,MDD,False,GABA-A,gaba,0.004,modNP,1.19258208
195135326,MDD,False,GABA-A,gaba,0.004,modNP,0.45496692
195145348,AUD,False,GABA-A,gaba,0.004,modNP,0.4566103
195166026,AUD,False,GABA-A,gaba,0.004,modNP,2.1886458
195629783,AUD,False,GABA-A,gaba,0.004,modNP,1.42498859
195966822,MDD,False,GABA-A,gaba,0.004,modNP,-0.31186246
197382673,AUD,False,GABA-A,gaba,0.004,modNP,1.9237906
198118454,MDD,False,GABA-A,gaba,0.004,modNP,1.2405553
199436480,MDD,False,GABA-A,gaba,0.004,modNP,0.61737957
112288,IMAGEN,False,GABA-A,gaba_high,0.0045,modNP,2.29404455
458976,IMAGEN,False,GABA-A,gaba_high,0.0045,modNP,4.27318422
829055,HC,False,GABA-A,gaba_high,0.0045,modNP,2.95624581
1647364,IMAGEN,True,GABA-A,gaba_high,0.0045,modNP,3.05827639
2190836,HC,False,GABA-A,gaba_high,0.0045,modNP,1.23269429
2270310,HC,False,GABA-A,gaba_high,0.0045,modNP,4.58025085
2695459,IMAGEN,True,GABA-A,gaba_high,0.0045,modNP,1.07383509
2904393,HC,False,GABA-A,gaba_high,0.0045,modNP,5.49288813
3287674,HC,False,GABA-A,gaba_high,0.0045,modNP,1.63322233
4254555,IMAGEN,False,GABA-A,gaba_high,0.0045,modNP,2.86079966
4631192,HC,False,GABA-A,gaba_high,0.0045,modNP,3.88601641
4794212,IMAGEN,True,GABA-A,gaba_high,0.0045,modNP,2.2509763
4885471,IMAGEN,False,GABA-A,gaba_high,0.0045,modNP,5.21913344
5182386,IMAGEN,True,GABA-A,gaba_high,0.0045,modNP,5.46660071
5432841,HC,False,GABA-A,gaba_high,0.0045,modNP,2.99306348
5901115,IMAGEN,True,GABA-A,gaba_high,0.0045,modNP,2.87940366
5978534,HC,True,GABA-A,gaba_high,0.0045,modNP,0.50971913
6000160,IMAGEN,False,GABA-A,gaba_high,0.0045,modNP,-0.2300152
6314205,HC,False,GABA-A,gaba_high,0.0045,modNP,2.63379504
6502630,HC,False,GABA-A,gaba_high,0.0045,modNP,3.95686375
7127936,HC,False,GABA-A,gaba_high,0.0045,modNP,1.4706761
7478069,IMAGEN,True,GABA-A,gaba_high,0.0045,modNP,0.85516876
7764421,HC,False,GABA-A,gaba_high,0.0045,modNP,1.65374671
8043474,HC,False,GABA-A,gaba_high,0.0045,modNP,1.14492893
10058298,IMAGEN,False,GABA-A,gaba_high,0.0045,modNP,2.42169891
10121092,IMAGEN,True,GABA-A,gaba_high,0.0045,modNP,1.02576205
11922061,IMAGEN,True,GABA-A,gaba_high,0.0045,modNP,3.62396246
12029891,HC,False,GABA-A,gaba_high,0.0045,modNP,6.5368939
13471924,IMAGEN,True,GABA-A,gaba_high,0.0045,modNP,2.29846329
14759699,IMAGEN,True,GABA-A,gaba_high,0.0045,modNP,3.48265073
14783858,IMAGEN,False,GABA-A,gaba_high,0.0045,modNP,1.72935333
14850118,HC,False,GABA-A,gaba_high,0.0045,modNP,1.1883938
14893890,IMAGEN,True,GABA-A,gaba_high,0.0045,modNP,2.93052542
15059321,IMAGEN,True,GABA-A,gaba_high,0.0045,modNP,2.16110611
16190159,IMAGEN,True,GABA-A,gaba_high,0.0045,modNP,0.0456168
16275727,IMAGEN,True,GABA-A,gaba_high,0.0045,modNP,4.19047007
16708319,HC,False,GABA-A,gaba_high,0.0045,modNP,1.79796325
17213220,IMAGEN,True,GABA-A,gaba_high,0.0045,modNP,1.67519595
17696979,IMAGEN,False,GABA-A,gaba_high,0.0045,modNP,0.35886338
18455372,IMAGEN,False,GABA-A,gaba_high,0.0045,modNP,2.13301813
18801650,IMAGEN,True,GABA-A,gaba_high,0.0045,modNP,0.90878509
18904077,HC,True,GABA-A,gaba_high,0.0045,modNP,0.50919857
18952353,HC,False,GABA-A,gaba_high,0.0045,modNP,1.86621267
19031295,HC,False,GABA-A,gaba_high,0.0045,modNP,0.55312093
19316057,HC,False,GABA-A,gaba_high,0.0045,modNP,0.8066166
19432693,IMAGEN,False,GABA-A,gaba_high,0.0045,modNP,1.17797378
20051604,HC,False,GABA-A,gaba_high,0.0045,modNP,1.71689115
20830744,HC,True,GABA-A,gaba_high,0.0045,modNP,-0.19751695
21053574,HC,True,GABA-A,gaba_high,0.0045,modNP,-0.99240789
21313420,IMAGEN,True,GABA-A,gaba_high,0.0045,modNP,1.69937326
22084493,HC,False,GABA-A,gaba_high,0.0045,modNP,1.24699959
23343892,HC,False,GABA-A,gaba_high,0.0045,modNP,1.94845362
24115048,HC,True,GABA-A,gaba_high,0.0045,modNP,5.14214987
24495953,IMAGEN,True,GABA-A,gaba_high,0.0045,modNP,3.44429002
25000478,HC,True,GABA-A,gaba_high,0.0045,modNP,1.80450989
25067315,IMAGEN,True,GABA-A,gaba_high,0.0045,modNP,-0.01522344
25356336,IMAGEN,True,GABA-A,gaba_high,0.0045,modNP,2.19625261
25517914,IMAGEN,True,GABA-A,gaba_high,0.0045,modNP,4.12827547
25821028,HC,False,GABA-A,gaba_high,0.0045,modNP,-1.32211897
26901488,IMAGEN,True,GABA-A,gaba_high,0.0045,modNP,0.11148806
27363295,HC,False,GABA-A,gaba_high,0.0045,modNP,2.79186458
27578624,IMAGEN,True,GABA-A,gaba_high,0.0045,modNP,3.50998572
28113492,HC,True,GABA-A,gaba_high,0.0045,modNP,3.47842303
28264513,HC,False,GABA-A,gaba_high,0.0045,modNP,1.64852367
29658673,IMAGEN,True,GABA-A,gaba_high,0.0045,modNP,1.95374212
29751086,IMAGEN,True,GABA-A,gaba_high,0.0045,modNP,0.73413877
29871328,IMAGEN,True,GABA-A,gaba_high,0.0045,modNP,4.61431461
30151696,HC,False,GABA-A,gaba_high,0.0045,modNP,5.28915313
30276332,IMAGEN,True,GABA-A,gaba_high,0.0045,modNP,2.14738907
30649663,HC,True,GABA-A,gaba_high,0.0045,modNP,2.56017264
30779144,IMAGEN,True,GABA-A,gaba_high,0.0045,modNP,3.40459378
31070544,IMAGEN,True,GABA-A,gaba_high,0.0045,modNP,2.47665979
31171219,IMAGEN,True,GABA-A,gaba_high,0.0045,modNP,1.67803418
31825112,IMAGEN,True,GABA-A,gaba_high,0.0045,modNP,0.85395004
31851798,IMAGEN,True,GABA-A,gaba_high,0.0045,modNP,1.21523774
32581973,HC,False,GABA-A,gaba_high,0.0045,modNP,2.14671759
34458922,HC,False,GABA-A,gaba_high,0.0045,modNP,1.8716793
35704260,IMAGEN,True,GABA-A,gaba_high,0.0045,modNP,3.75463518
36383037,HC,False,GABA-A,gaba_high,0.0045,modNP,2.15057848
37280746,HC,False,GABA-A,gaba_high,0.0045,modNP,-0.31907947
37805580,HC,True,GABA-A,gaba_high,0.0045,modNP,0.07931424
38072766,HC,False,GABA-A,gaba_high,0.0045,modNP,2.35786694
38521433,IMAGEN,True,GABA-A,gaba_high,0.0045,modNP,2.94885976
38666520,HC,False,GABA-A,gaba_high,0.0045,modNP,-0.08217081
39453204,HC,False,GABA-A,gaba_high,0.0045,modNP,1.22130304
39583981,HC,False,GABA-A,gaba_high,0.0045,modNP,3.72725614
39776858,IMAGEN,True,GABA-A,gaba_high,0.0045,modNP,4.57673513
40201562,HC,False,GABA-A,gaba_high,0.0045,modNP,3.62309307
41213271,HC,False,GABA-A,gaba_high,0.0045,modNP,-0.0499396
41383458,IMAGEN,True,GABA-A,gaba_high,0.0045,modNP,2.8471016
41429086,IMAGEN,True,GABA-A,gaba_high,0.0045,modNP,2.87340731
41548748,HC,False,GABA-A,gaba_high,0.0045,modNP,1.76318756
42449851,HC,True,GABA-A,gaba_high,0.0045,modNP,3.03145367
42823353,IMAGEN,True,GABA-A,gaba_high,0.0045,modNP,2.46258446
43525440,HC,True,GABA-A,gaba_high,0.0045,modNP,1.45225924
43720294,IMAGEN,True,GABA-A,gaba_high,0.0045,modNP,4.05107744
43926786,IMAGEN,True,GABA-A,gaba_high,0.0045,modNP,2.57936378
44576096,HC,False,GABA-A,gaba_high,0.0045,modNP,1.67572099
45544719,IMAGEN,False,GABA-A,gaba_high,0.0045,modNP,5.68955235
48028426,IMAGEN,False,GABA-A,gaba_high,0.0045,modNP,3.51141561
48054415,HC,False,GABA-A,gaba_high,0.0045,modNP,1.46287653
50395729,IMAGEN,True,GABA-A,gaba_high,0.0045,modNP,-0.54722213
51076110,HC,False,GABA-A,gaba_high,0.0045,modNP,4.18547572
51649816,HC,False,GABA-A,gaba_high,0.0045,modNP,0.86184407
52071148,HC,False,GABA-A,gaba_high,0.0045,modNP,0.03089655
52801880,IMAGEN,True,GABA-A,gaba_high,0.0045,modNP,1.8119471
53120454,IMAGEN,True,GABA-A,gaba_high,0.0045,modNP,2.82958235
54633971,HC,False,GABA-A,gaba_high,0.0045,modNP,1.80939592
54741718,IMAGEN,True,GABA-A,gaba_high,0.0045,modNP,2.91657854
55417875,HC,False,GABA-A,gaba_high,0.0045,modNP,3.95711474
55499880,HC,False,GABA-A,gaba_high,0.0045,modNP,0.67215209
55619168,IMAGEN,True,GABA-A,gaba_high,0.0045,modNP,2.74107031
55836894,HC,False,GABA-A,gaba_high,0.0045,modNP,2.32479231
56819618,IMAGEN,True,GABA-A,gaba_high,0.0045,modNP,4.44370035
57172435,HC,False,GABA-A,gaba_high,0.0045,modNP,0.23520686
57348284,IMAGEN,True,GABA-A,gaba_high,0.0045,modNP,4.33862448
57930100,HC,True,GABA-A,gaba_high,0.0045,modNP,-0.00690997
57968987,IMAGEN,True,GABA-A,gaba_high,0.0045,modNP,1.95165465
59057693,HC,False,GABA-A,gaba_high,0.0045,modNP,2.28127774
59343528,HC,False,GABA-A,gaba_high,0.0045,modNP,6.04545031
60184938,HC,False,GABA-A,gaba_high,0.0045,modNP,-0.50351239
60186708,HC,False,GABA-A,gaba_high,0.0045,modNP,1.35615321
60281382,IMAGEN,True,GABA-A,gaba_high,0.0045,modNP,4.8604229
60334165,HC,False,GABA-A,gaba_high,0.0045,modNP,3.90058657
60530234,HC,False,GABA-A,gaba_high,0.0045,modNP,2.88329974
61581707,HC,True,GABA-A,gaba_high,0.0045,modNP,2.16833015
61756624,IMAGEN,True,GABA-A,gaba_high,0.0045,modNP,3.45555416
63213959,IMAGEN,False,GABA-A,gaba_high,0.0045,modNP,1.34485607
63218063,HC,False,GABA-A,gaba_high,0.0045,modNP,3.34958957
63989137,IMAGEN,False,GABA-A,gaba_high,0.0045,modNP,2.11504243
64043761,HC,False,GABA-A,gaba_high,0.0045,modNP,0.78450023
64082948,HC,False,GABA-A,gaba_high,0.0045,modNP,3.18834623
64309040,HC,False,GABA-A,gaba_high,0.0045,modNP,0.19877039
65620046,IMAGEN,False,GABA-A,gaba_high,0.0045,modNP,2.75604019
66092324,IMAGEN,False,GABA-A,gaba_high,0.0045,modNP,3.11386361
66847819,IMAGEN,False,GABA-A,gaba_high,0.0045,modNP,5.71105878
67342911,IMAGEN,True,GABA-A,gaba_high,0.0045,modNP,3.09371885
67844279,IMAGEN,True,GABA-A,gaba_high,0.0045,modNP,2.85492732
68000499,IMAGEN,True,GABA-A,gaba_high,0.0045,modNP,1.42742181
69159223,IMAGEN,True,GABA-A,gaba_high,0.0045,modNP,4.22860612
69366941,IMAGEN,True,GABA-A,gaba_high,0.0045,modNP,1.90769851
69973472,IMAGEN,True,GABA-A,gaba_high,0.0045,modNP,4.28183846
70910152,IMAGEN,True,GABA-A,gaba_high,0.0045,modNP,2.2973043
72155879,IMAGEN,True,GABA-A,gaba_high,0.0045,modNP,3.98360422
72358748,IMAGEN,True,GABA-A,gaba_high,0.0045,modNP,0.55808514
79630427,IMAGEN,True,GABA-A,gaba_high,0.0045,modNP,5.17566617
80301458,IMAGEN,True,GABA-A,gaba_high,0.0045,modNP,0.79515342
80461839,IMAGEN,True,GABA-A,gaba_high,0.0045,modNP,3.82988947
82149344,IMAGEN,True,GABA-A,gaba_high,0.0045,modNP,1.24607165
83490451,IMAGEN,True,GABA-A,gaba_high,0.0045,modNP,4.09676011
84037702,IMAGEN,True,GABA-A,gaba_high,0.0045,modNP,-0.30354541
84828767,IMAGEN,True,GABA-A,gaba_high,0.0045,modNP,1.38871844
90973178,IMAGEN,True,GABA-A,gaba_high,0.0045,modNP,0.83727926
92159995,IMAGEN,False,GABA-A,gaba_high,0.0045,modNP,0.12289799
92432902,IMAGEN,True,GABA-A,gaba_high,0.0045,modNP,4.12941136
92523261,IMAGEN,True,GABA-A,gaba_high,0.0045,modNP,4.03578097
94345446,IMAGEN,True,GABA-A,gaba_high,0.0045,modNP,0.09012333
94998851,IMAGEN,True,GABA-A,gaba_high,0.0045,modNP,2.48296535
97970921,IMAGEN,True,GABA-A,gaba_high,0.0045,modNP,0.91649715
110841481,MDD,False,GABA-A,gaba_high,0.0045,modNP,2.86592725
110937433,MDD,False,GABA-A,gaba_high,0.0045,modNP,3.51450177
111086310,MDD,False,GABA-A,gaba_high,0.0045,modNP,2.4001875
111096801,MDD,False,GABA-A,gaba_high,0.0045,modNP,4.99984462
111844771,MDD,False,GABA-A,gaba_high,0.0045,modNP,4.50547255
112091464,MDD,False,GABA-A,gaba_high,0.0045,modNP,5.6860355
112517217,AUD,False,GABA-A,gaba_high,0.0045,modNP,0.53760635
112917188,AUD,False,GABA-A,gaba_high,0.0045,modNP,2.79595519
112957066,MDD,False,GABA-A,gaba_high,0.0045,modNP,1.06658382
113174215,MDD,False,GABA-A,gaba_high,0.0045,modNP,2.41573819
113237194,AUD,False,GABA-A,gaba_high,0.0045,modNP,0.60616585
113387068,MDD,False,GABA-A,gaba_high,0.0045,modNP,-0.08554509
114552708,MDD,False,GABA-A,gaba_high,0.0045,modNP,-0.6597059
115212275,AUD,False,GABA-A,gaba_high,0.0045,modNP,1.92931411
117385823,MDD,False,GABA-A,gaba_high,0.0045,modNP,2.58489366
118382279,MDD,False,GABA-A,gaba_high,0.0045,modNP,1.09031347
121801833,AUD,False,GABA-A,gaba_high,0.0045,modNP,10.83431675
122083369,AUD,False,GABA-A,gaba_high,0.0045,modNP,1.27932596
122408481,MDD,False,GABA-A,gaba_high,0.0045,modNP,1.89427523
123660597,MDD,False,GABA-A,gaba_high,0.0045,modNP,1.72586949
123930959,MDD,False,GABA-A,gaba_high,0.0045,modNP,-0.58241649
124782577,AUD,False,GABA-A,gaba_high,0.0045,modNP,3.01094182
125237313,MDD,False,GABA-A,gaba_high,0.0045,modNP,3.39396693
125339679,AUD,False,GABA-A,gaba_high,0.0045,modNP,2.43566143
125524260,AUD,False,GABA-A,gaba_high,0.0045,modNP,3.57260023
130293488,MDD,False,GABA-A,gaba_high,0.0045,modNP,3.33224716
130597088,MDD,False,GABA-A,gaba_high,0.0045,modNP,4.98970094
134330542,MDD,False,GABA-A,gaba_high,0.0045,modNP,1.1774773
135517362,MDD,False,GABA-A,gaba_high,0.0045,modNP,-1.53281049
135672596,AUD,False,GABA-A,gaba_high,0.0045,modNP,2.79783614
135736530,MDD,False,GABA-A,gaba_high,0.0045,modNP,-0.77854767
136295480,AUD,False,GABA-A,gaba_high,0.0045,modNP,5.10461116
136348275,AUD,False,GABA-A,gaba_high,0.0045,modNP,1.8947312
136981533,MDD,False,GABA-A,gaba_high,0.0045,modNP,-1.19012916
137280633,MDD,False,GABA-A,gaba_high,0.0045,modNP,0.09397352
138390224,AUD,False,GABA-A,gaba_high,0.0045,modNP,5.91141105
140267022,MDD,False,GABA-A,gaba_high,0.0045,modNP,3.663418
141253295,MDD,False,GABA-A,gaba_high,0.0045,modNP,1.54415967
141542924,MDD,False,GABA-A,gaba_high,0.0045,modNP,1.53936063
141831212,MDD,False,GABA-A,gaba_high,0.0045,modNP,0.93574871
142392893,MDD,False,GABA-A,gaba_high,0.0045,modNP,2.65065071
143669176,AUD,False,GABA-A,gaba_high,0.0045,modNP,1.26007466
144855245,MDD,False,GABA-A,gaba_high,0.0045,modNP,0.42736152
144964754,MDD,False,GABA-A,gaba_high,0.0045,modNP,0.79472643
146042158,MDD,False,GABA-A,gaba_high,0.0045,modNP,0.42793034
146061521,AUD,False,GABA-A,gaba_high,0.0045,modNP,0.60480359
146906985,MDD,False,GABA-A,gaba_high,0.0045,modNP,0.78388843
147701848,MDD,False,GABA-A,gaba_high,0.0045,modNP,3.41053069
147906886,MDD,False,GABA-A,gaba_high,0.0045,modNP,0.5486109
148868119,MDD,False,GABA-A,gaba_high,0.0045,modNP,1.5391029
148952494,AUD,False,GABA-A,gaba_high,0.0045,modNP,1.73252902
149709982,MDD,False,GABA-A,gaba_high,0.0045,modNP,0.73130377
149839536,AUD,False,GABA-A,gaba_high,0.0045,modNP,0.14004893
150038288,MDD,False,GABA-A,gaba_high,0.0045,modNP,-0.33309784
150237087,AUD,False,GABA-A,gaba_high,0.0045,modNP,3.70108295
150299361,AUD,False,GABA-A,gaba_high,0.0045,modNP,2.29751658
151408587,AUD,False,GABA-A,gaba_high,0.0045,modNP,2.80678975
152769231,AUD,False,GABA-A,gaba_high,0.0045,modNP,1.56982482
152958814,AUD,False,GABA-A,gaba_high,0.0045,modNP,2.28692293
153450897,MDD,False,GABA-A,gaba_high,0.0045,modNP,1.31096086
154461990,MDD,False,GABA-A,gaba_high,0.0045,modNP,1.68310118
154704064,AUD,False,GABA-A,gaba_high,0.0045,modNP,2.54605487
155190506,AUD,False,GABA-A,gaba_high,0.0045,modNP,0.44246357
155379621,MDD,False,GABA-A,gaba_high,0.0045,modNP,1.34765829
156021841,MDD,False,GABA-A,gaba_high,0.0045,modNP,-1.06062002
157312444,MDD,False,GABA-A,gaba_high,0.0045,modNP,3.98614582
157655614,MDD,False,GABA-A,gaba_high,0.0045,modNP,1.35828079
157691935,AUD,False,GABA-A,gaba_high,0.0045,modNP,4.3144779
159066706,MDD,False,GABA-A,gaba_high,0.0045,modNP,2.2082565
160259456,MDD,False,GABA-A,gaba_high,0.0045,modNP,-0.73690375
161239003,AUD,False,GABA-A,gaba_high,0.0045,modNP,-0.06036503
162353055,AUD,False,GABA-A,gaba_high,0.0045,modNP,1.30172384
162354840,AUD,False,GABA-A,gaba_high,0.0045,modNP,2.37822442
163186746,AUD,False,GABA-A,gaba_high,0.0045,modNP,0.8425042
164064591,AUD,False,GABA-A,gaba_high,0.0045,modNP,1.48919103
164824205,MDD,False,GABA-A,gaba_high,0.0045,modNP,2.41204236
164874291,AUD,False,GABA-A,gaba_high,0.0045,modNP,-0.63024659
165288521,MDD,False,GABA-A,gaba_high,0.0045,modNP,1.94827444
165369327,MDD,False,GABA-A,gaba_high,0.0045,modNP,1.66905085
165959237,AUD,False,GABA-A,gaba_high,0.0045,modNP,-0.81249445
166274725,AUD,False,GABA-A,gaba_high,0.0045,modNP,3.58709071
166338974,MDD,False,GABA-A,gaba_high,0.0045,modNP,9.94719526
166386545,MDD,False,GABA-A,gaba_high,0.0045,modNP,7.71022474
166471280,AUD,False,GABA-A,gaba_high,0.0045,modNP,1.02485178
166741227,MDD,False,GABA-A,gaba_high,0.0045,modNP,8.59795868
166922849,MDD,False,GABA-A,gaba_high,0.0045,modNP,9.12782804
168370463,MDD,False,GABA-A,gaba_high,0.0045,modNP,6.22229666
168641000,MDD,False,GABA-A,gaba_high,0.0045,modNP,8.37635791
169786920,MDD,False,GABA-A,gaba_high,0.0045,modNP,7.86049435
171526079,MDD,False,GABA-A,gaba_high,0.0045,modNP,6.74731061
171674018,AUD,False,GABA-A,gaba_high,0.0045,modNP,2.23279248
171990823,MDD,False,GABA-A,gaba_high,0.0045,modNP,8.87082126
172283288,MDD,False,GABA-A,gaba_high,0.0045,modNP,9.10224826
172442389,MDD,False,GABA-A,gaba_high,0.0045,modNP,5.26939658
174433203,MDD,False,GABA-A,gaba_high,0.0045,modNP,5.27170166
174603925,MDD,False,GABA-A,gaba_high,0.0045,modNP,8.25255809
175029071,AUD,False,GABA-A,gaba_high,0.0045,modNP,4.57311046
175924853,MDD,False,GABA-A,gaba_high,0.0045,modNP,5.93379491
176214110,AUD,False,GABA-A,gaba_high,0.0045,modNP,0.01092211
176617846,AUD,False,GABA-A,gaba_high,0.0045,modNP,3.44428819
177344780,AUD,False,GABA-A,gaba_high,0.0045,modNP,4.59049039
177528314,MDD,False,GABA-A,gaba_high,0.0045,modNP,5.86942601
177688664,AUD,False,GABA-A,gaba_high,0.0045,modNP,5.7380527
177896969,AUD,False,GABA-A,gaba_high,0.0045,modNP,0.25670182
178045655,AUD,False,GABA-A,gaba_high,0.0045,modNP,2.61913889
178282579,AUD,False,GABA-A,gaba_high,0.0045,modNP,5.07490892
178684006,AUD,False,GABA-A,gaba_high,0.0045,modNP,3.44512942
178998455,AUD,False,GABA-A,gaba_high,0.0045,modNP,0.15405665
181526703,AUD,False,GABA-A,gaba_high,0.0045,modNP,4.64698364
182136619,AUD,False,GABA-A,gaba_high,0.0045,modNP,1.87574031
183176019,AUD,False,GABA-A,gaba_high,0.0045,modNP,3.11821018
183475605,MDD,False,GABA-A,gaba_high,0.0045,modNP,3.87030797
183762098,AUD,False,GABA-A,gaba_high,0.0045,modNP,4.60763956
184059377,AUD,False,GABA-A,gaba_high,0.0045,modNP,5.1876719
186213995,AUD,False,GABA-A,gaba_high,0.0045,modNP,0.53500545
186940717,MDD,False,GABA-A,gaba_high,0.0045,modNP,2.48334586
187495574,MDD,False,GABA-A,gaba_high,0.0045,modNP,4.49918253
188448101,AUD,False,GABA-A,gaba_high,0.0045,modNP,0.94025124
188764715,MDD,False,GABA-A,gaba_high,0.0045,modNP,5.21361205
190042837,AUD,False,GABA-A,gaba_high,0.0045,modNP,2.25022356
191170875,AUD,False,GABA-A,gaba_high,0.0045,modNP,5.59330511
191996808,AUD,False,GABA-A,gaba_high,0.0045,modNP,0.85052789
193109536,MDD,False,GABA-A,gaba_high,0.0045,modNP,6.48505163
195112416,MDD,False,GABA-A,gaba_high,0.0045,modNP,1.85841623
195135326,MDD,False,GABA-A,gaba_high,0.0045,modNP,-0.25582546
195145348,AUD,False,GABA-A,gaba_high,0.0045,modNP,1.33640704
195166026,AUD,False,GABA-A,gaba_high,0.0045,modNP,1.69262734
195629783,AUD,False,GABA-A,gaba_high,0.0045,modNP,-0.17456789
195966822,MDD,False,GABA-A,gaba_high,0.0045,modNP,0.61233544
197382673,AUD,False,GABA-A,gaba_high,0.0045,modNP,1.35489122
198118454,MDD,False,GABA-A,gaba_high,0.0045,modNP,0.60233443
199436480,MDD,False,GABA-A,gaba_high,0.0045,modNP,0.77536687
112288,IMAGEN,False,AMPA,ampa_low,0.004,index,-4.09496263
458976,IMAGEN,False,AMPA,ampa_low,0.004,index,-0.47120674
829055,HC,False,AMPA,ampa_low,0.004,index,-1.98940034
1647364,IMAGEN,True,AMPA,ampa_low,0.004,index,-2.40945758
2190836,HC,False,AMPA,ampa_low,0.004,index,0.78735644
2270310,HC,False,AMPA,ampa_low,0.004,index,1.48571013
2695459,IMAGEN,True,AMPA,ampa_low,0.004,index,-1.21258432
2904393,HC,False,AMPA,ampa_low,0.004,index,-4.3582734
3287674,HC,False,AMPA,ampa_low,0.004,index,-2.63693731
4254555,IMAGEN,False,AMPA,ampa_low,0.004,index,0.45460819
4631192,HC,False,AMPA,ampa_low,0.004,index,-6.08056381
4794212,IMAGEN,True,AMPA,ampa_low,0.004,index,-0.21187945
4885471,IMAGEN,False,AMPA,ampa_low,0.004,index,-0.12725204
5182386,IMAGEN,True,AMPA,ampa_low,0.004,index,-0.47646666
5432841,HC,False,AMPA,ampa_low,0.004,index,-1.7069702
5901115,IMAGEN,True,AMPA,ampa_low,0.004,index,-3.47966822
5978534,HC,True,AMPA,ampa_low,0.004,index,-4.23499883
6000160,IMAGEN,False,AMPA,ampa_low,0.004,index,-1.76353469
6314205,HC,False,AMPA,ampa_low,0.004,index,-3.09286661
6502630,HC,False,AMPA,ampa_low,0.004,index,-2.1682542
7127936,HC,False,AMPA,ampa_low,0.004,index,1.20334863
7478069,IMAGEN,True,AMPA,ampa_low,0.004,index,-1.27074258
7764421,HC,False,AMPA,ampa_low,0.004,index,-3.4928264
8043474,HC,False,AMPA,ampa_low,0.004,index,1.17940578
10058298,IMAGEN,False,AMPA,ampa_low,0.004,index,-6.03133382
10121092,IMAGEN,True,AMPA,ampa_low,0.004,index,-3.10871222
11922061,IMAGEN,True,AMPA,ampa_low,0.004,index,0.30018484
12029891,HC,False,AMPA,ampa_low,0.004,index,1.45085255
13471924,IMAGEN,True,AMPA,ampa_low,0.004,index,-0.23417168
14759699,IMAGEN,True,AMPA,ampa_low,0.004,index,-0.50105663
14783858,IMAGEN,False,AMPA,ampa_low,0.004,index,-0.47335393
14850118,HC,False,AMPA,ampa_low,0.004,index,-2.01572742
14893890,IMAGEN,True,AMPA,ampa_low,0.004,index,-4.03283216
15059321,IMAGEN,True,AMPA,ampa_low,0.004,index,-0.08397812
16190159,IMAGEN,True,AMPA,ampa_low,0.004,index,1.92680909
16275727,IMAGEN,True,AMPA,ampa_low,0.004,index,-4.55713817
16708319,HC,False,AMPA,ampa_low,0.004,index,0.50614037
17213220,IMAGEN,True,AMPA,ampa_low,0.004,index,-2.70989002
17696979,IMAGEN,False,AMPA,ampa_low,0.004,index,-4.52633551
18455372,IMAGEN,False,AMPA,ampa_low,0.004,index,2.10681911
18801650,IMAGEN,True,AMPA,ampa_low,0.004,index,-0.53058797
18904077,HC,True,AMPA,ampa_low,0.004,index,-2.64260634
18952353,HC,False,AMPA,ampa_low,0.004,index,-3.57551678
19031295,HC,False,AMPA,ampa_low,0.004,index,-2.02323592
19316057,HC,False,AMPA,ampa_low,0.004,index,-2.64993811
19432693,IMAGEN,False,AMPA,ampa_low,0.004,index,-1.46651557
20051604,HC,False,AMPA,ampa_low,0.004,index,-3.92019184
20830744,HC,True,AMPA,ampa_low,0.004,index,0.75875812
21053574,HC,True,AMPA,ampa_low,0.004,index,2.95585656
21313420,IMAGEN,True,AMPA,ampa_low,0.004,index,0.21875825
22084493,HC,False,AMPA,ampa_low,0.004,index,-3.40465876
23343892,HC,False,AMPA,ampa_low,0.004,index,-3.13966929
24115048,HC,True,AMPA,ampa_low,0.004,index,2.66414624
24495953,IMAGEN,True,AMPA,ampa_low,0.004,index,-1.7213091
25000478,HC,True,AMPA,ampa_low,0.004,index,-1.21678039
25067315,IMAGEN,True,AMPA,ampa_low,0.004,index,-2.22151554
25356336,IMAGEN,True,AMPA,ampa_low,0.004,index,-7.20961101
25517914,IMAGEN,True,AMPA,ampa_low,0.004,index,-0.17327245
25821028,HC,False,AMPA,ampa_low,0.004,index,-4.92731884
26901488,IMAGEN,True,AMPA,ampa_low,0.004,index,-2.81927458
27363295,HC,False,AMPA,ampa_low,0.004,index,3.02142816
27578624,IMAGEN,True,AMPA,ampa_low,0.004,index,-2.92098936
28113492,HC,True,AMPA,ampa_low,0.004,index,-5.6153385
28264513,HC,False,AMPA,ampa_low,0.004,index,-2.82966465
29658673,IMAGEN,True,AMPA,ampa_low,0.004,index,-4.39819297
29751086,IMAGEN,True,AMPA,ampa_low,0.004,index,-3.43187898
29871328,IMAGEN,True,AMPA,ampa_low,0.004,index,-4.32132493
30151696,HC,False,AMPA,ampa_low,0.004,index,-1.04927377
30276332,IMAGEN,True,AMPA,ampa_low,0.004,index,4.31278835
30649663,HC,True,AMPA,ampa_low,0.004,index,0.38717233
30779144,IMAGEN,True,AMPA,ampa_low,0.004,index,-3.70718426
31070544,IMAGEN,True,AMPA,ampa_low,0.004,index,-0.77770421
31171219,IMAGEN,True,AMPA,ampa_low,0.004,index,-4.35920651
31825112,IMAGEN,True,AMPA,ampa_low,0.004,index,-1.02778571
31851798,IMAGEN,True,AMPA,ampa_low,0.004,index,1.31574208
32581973,HC,False,AMPA,ampa_low,0.004,index,-1.52563631
34458922,HC,False,AMPA,ampa_low,0.004,index,-4.04779697
35704260,IMAGEN,True,AMPA,ampa_low,0.004,index,-2.57177399
36383037,HC,False,AMPA,ampa_low,0.004,index,-1.52073318
37280746,HC,False,AMPA,ampa_low,0.004,index,1.84824769
37805580,HC,True,AMPA,ampa_low,0.004,index,-2.44923956
38072766,HC,False,AMPA,ampa_low,0.004,index,-0.9409155
38521433,IMAGEN,True,AMPA,ampa_low,0.004,index,-1.35881832
38666520,HC,False,AMPA,ampa_low,0.004,index,-1.58184549
39453204,HC,False,AMPA,ampa_low,0.004,index,-1.10405469
39583981,HC,False,AMPA,ampa_low,0.004,index,-5.91260691
39776858,IMAGEN,True,AMPA,ampa_low,0.004,index,-3.53299347
40201562,HC,False,AMPA,ampa_low,0.004,index,-0.18961396
41213271,HC,False,AMPA,ampa_low,0.004,index,-2.92117696
41383458,IMAGEN,True,AMPA,ampa_low,0.004,index,2.88873646
41429086,IMAGEN,True,AMPA,ampa_low,0.004,index,0.19459003
41548748,HC,False,AMPA,ampa_low,0.004,index,-6.07107108
42449851,HC,True,AMPA,ampa_low,0.004,index,-4.14389563
42823353,IMAGEN,True,AMPA,ampa_low,0.004,index,0.79664765
43525440,HC,True,AMPA,ampa_low,0.004,index,-1.20160944
43720294,IMAGEN,True,AMPA,ampa_low,0.004,index,-4.27325839
43926786,IMAGEN,True,AMPA,ampa_low,0.004,index,-2.90150778
44576096,HC,False,AMPA,ampa_low,0.004,index,-7.23389817
45544719,IMAGEN,False,AMPA,ampa_low,0.004,index,-3.32299651
48028426,IMAGEN,False,AMPA,ampa_low,0.004,index,-4.54849811
48054415,HC,False,AMPA,ampa_low,0.004,index,-1.68376541
50395729,IMAGEN,True,AMPA,ampa_low,0.004,index,-6.04368045
51076110,HC,False,AMPA,ampa_low,0.004,index,-2.85681443
51649816,HC,False,AMPA,ampa_low,0.004,index,-4.43400354
52071148,HC,False,AMPA,ampa_low,0.004,index,-3.06231859
52801880,IMAGEN,True,AMPA,ampa_low,0.004,index,-1.22763206
53120454,IMAGEN,True,AMPA,ampa_low,0.004,index,-2.71645499
54633971,HC,False,AMPA,ampa_low,0.004,index,1.53000531
54741718,IMAGEN,True,AMPA,ampa_low,0.004,index,1.75715816
55417875,HC,False,AMPA,ampa_low,0.004,index,-1.17013251
55499880,HC,False,AMPA,ampa_low,0.004,index,-3.04954562
55619168,IMAGEN,True,AMPA,ampa_low,0.004,index,-1.51062717
55836894,HC,False,AMPA,ampa_low,0.004,index,-2.01697326
56819618,IMAGEN,True,AMPA,ampa_low,0.004,index,-1.60568683
57172435,HC,False,AMPA,ampa_low,0.004,index,-2.09244193
57348284,IMAGEN,True,AMPA,ampa_low,0.004,index,-2.52759228
57930100,HC,True,AMPA,ampa_low,0.004,index,-3.11578556
57968987,IMAGEN,True,AMPA,ampa_low,0.004,index,-1.50270145
59057693,HC,False,AMPA,ampa_low,0.004,index,-1.23555578
59343528,HC,False,AMPA,ampa_low,0.004,index,-4.60177018
60184938,HC,False,AMPA,ampa_low,0.004,index,-2.02044756
60186708,HC,False,AMPA,ampa_low,0.004,index,0.21509646
60281382,IMAGEN,True,AMPA,ampa_low,0.004,index,-1.20475281
60334165,HC,False,AMPA,ampa_low,0.004,index,-3.12625674
60530234,HC,False,AMPA,ampa_low,0.004,index,-1.59432969
61581707,HC,True,AMPA,ampa_low,0.004,index,-1.34232187
61756624,IMAGEN,True,AMPA,ampa_low,0.004,index,-1.46887605
63213959,IMAGEN,False,AMPA,ampa_low,0.004,index,-2.14142515
63218063,HC,False,AMPA,ampa_low,0.004,index,-3.13675006
63989137,IMAGEN,False,AMPA,ampa_low,0.004,index,-1.37575078
64043761,HC,False,AMPA,ampa_low,0.004,index,-2.53603355
64082948,HC,False,AMPA,ampa_low,0.004,index,1.3957416
64309040,HC,False,AMPA,ampa_low,0.004,index,-1.35649516
65620046,IMAGEN,False,AMPA,ampa_low,0.004,index,-1.05814673
66092324,IMAGEN,False,AMPA,ampa_low,0.004,index,-3.06497185
66847819,IMAGEN,False,AMPA,ampa_low,0.004,index,-0.59229162
67342911,IMAGEN,True,AMPA,ampa_low,0.004,index,-2.07381349
67844279,IMAGEN,True,AMPA,ampa_low,0.004,index,-4.730788
68000499,IMAGEN,True,AMPA,ampa_low,0.004,index,1.44461478
69159223,IMAGEN,True,AMPA,ampa_low,0.004,index,-0.29731509
69366941,IMAGEN,True,AMPA,ampa_low,0.004,index,-3.95432855
69973472,IMAGEN,True,AMPA,ampa_low,0.004,index,-2.23108281
70910152,IMAGEN,True,AMPA,ampa_low,0.004,index,-3.52807217
72155879,IMAGEN,True,AMPA,ampa_low,0.004,index,2.1682383
72358748,IMAGEN,True,AMPA,ampa_low,0.004,index,0.22480207
79630427,IMAGEN,True,AMPA,ampa_low,0.004,index,-0.08131196
80301458,IMAGEN,True,AMPA,ampa_low,0.004,index,1.85172289
80461839,IMAGEN,True,AMPA,ampa_low,0.004,index,0.84867842
82149344,IMAGEN,True,AMPA,ampa_low,0.004,index,-2.7827703
83490451,IMAGEN,True,AMPA,ampa_low,0.004,index,-4.38822705
84037702,IMAGEN,True,AMPA,ampa_low,0.004,index,-6.54853604
84828767,IMAGEN,True,AMPA,ampa_low,0.004,index,2.22895592
90973178,IMAGEN,True,AMPA,ampa_low,0.004,index,-0.9906444
92159995,IMAGEN,False,AMPA,ampa_low,0.004,index,-0.29354469
92432902,IMAGEN,True,AMPA,ampa_low,0.004,index,0.99797838
92523261,IMAGEN,True,AMPA,ampa_low,0.004,index,-3.05483883
94345446,IMAGEN,True,AMPA,ampa_low,0.004,index,-2.00850681
94998851,IMAGEN,True,AMPA,ampa_low,0.004,index,-0.9844183
97970921,IMAGEN,True,AMPA,ampa_low,0.004,index,-8.40509747
110841481,MDD,False,AMPA,ampa_low,0.004,index,-6.60839001
110937433,MDD,False,AMPA,ampa_low,0.004,index,-4.2248742
111086310,MDD,False,AMPA,ampa_low,0.004,index,0.33520189
111096801,MDD,False,AMPA,ampa_low,0.004,index,-6.35598361
111844771,MDD,False,AMPA,ampa_low,0.004,index,-2.69976453
112091464,MDD,False,AMPA,ampa_low,0.004,index,-4.09844481
112517217,AUD,False,AMPA,ampa_low,0.004,index,-4.66759305
112917188,AUD,False,AMPA,ampa_low,0.004,index,-3.86196371
112957066,MDD,False,AMPA,ampa_low,0.004,index,-5.59883846
113174215,MDD,False,AMPA,ampa_low,0.004,index,-6.09057724
113237194,AUD,False,AMPA,ampa_low,0.004,index,-4.73436463
113387068,MDD,False,AMPA,ampa_low,0.004,index,-3.83999367
114552708,MDD,False,AMPA,ampa_low,0.004,index,-6.07241182
115212275,AUD,False,AMPA,ampa_low,0.004,index,-2.35241349
117385823,MDD,False,AMPA,ampa_low,0.004,index,-8.82545539
118382279,MDD,False,AMPA,ampa_low,0.004,index,-2.32493069
121801833,AUD,False,AMPA,ampa_low,0.004,index,-1.37920938
122083369,AUD,False,AMPA,ampa_low,0.004,index,-5.56014507
122408481,MDD,False,AMPA,ampa_low,0.004,index,-6.05590185
123660597,MDD,False,AMPA,ampa_low,0.004,index,-7.94092102
123930959,MDD,False,AMPA,ampa_low,0.004,index,-7.82226913
124782577,AUD,False,AMPA,ampa_low,0.004,index,-3.52419292
125237313,MDD,False,AMPA,ampa_low,0.004,index,-5.23523425
125339679,AUD,False,AMPA,ampa_low,0.004,index,-2.77548828
125524260,AUD,False,AMPA,ampa_low,0.004,index,-4.79114615
130293488,MDD,False,AMPA,ampa_low,0.004,index,-4.03570971
130597088,MDD,False,AMPA,ampa_low,0.004,index,-5.32813176
134330542,MDD,False,AMPA,ampa_low,0.004,index,-3.94882699
135517362,MDD,False,AMPA,ampa_low,0.004,index,-3.99162733
135672596,AUD,False,AMPA,ampa_low,0.004,index,-1.9906256
135736530,MDD,False,AMPA,ampa_low,0.004,index,-4.18172127
136295480,AUD,False,AMPA,ampa_low,0.004,index,-4.11258038
136348275,AUD,False,AMPA,ampa_low,0.004,index,-0.55232738
136981533,MDD,False,AMPA,ampa_low,0.004,index,-1.6141045
137280633,MDD,False,AMPA,ampa_low,0.004,index,-2.87730963
138390224,AUD,False,AMPA,ampa_low,0.004,index,-2.70167011
140267022,MDD,False,AMPA,ampa_low,0.004,index,-5.94404835
141253295,MDD,False,AMPA,ampa_low,0.004,index,-12.77827675
141542924,MDD,False,AMPA,ampa_low,0.004,index,-21.35171828
141831212,MDD,False,AMPA,ampa_low,0.004,index,-12.90403437
142392893,MDD,False,AMPA,ampa_low,0.004,index,-12.21230731
143669176,AUD,False,AMPA,ampa_low,0.004,index,-3.54718389
144855245,MDD,False,AMPA,ampa_low,0.004,index,-12.42301216
144964754,MDD,False,AMPA,ampa_low,0.004,index,-14.6254451
146042158,MDD,False,AMPA,ampa_low,0.004,index,-2.77463206
146061521,AUD,False,AMPA,ampa_low,0.004,index,-2.9844437
146906985,MDD,False,AMPA,ampa_low,0.004,index,-17.78891892
147701848,MDD,False,AMPA,ampa_low,0.004,index,-13.26946826
147906886,MDD,False,AMPA,ampa_low,0.004,index,-18.36629812
148868119,MDD,False,AMPA,ampa_low,0.004,index,-17.4536779
148952494,AUD,False,AMPA,ampa_low,0.004,index,-0.5055695
149709982,MDD,False,AMPA,ampa_low,0.004,index,-15.49311786
149839536,AUD,False,AMPA,ampa_low,0.004,index,-6.56330186
150038288,MDD,False,AMPA,ampa_low,0.004,index,-16.61628185
150237087,AUD,False,AMPA,ampa_low,0.004,index,-3.45364523
150299361,AUD,False,AMPA,ampa_low,0.004,index,-2.67040587
151408587,AUD,False,AMPA,ampa_low,0.004,index,-4.13398072
152769231,AUD,False,AMPA,ampa_low,0.004,index,-2.54539715
152958814,AUD,False,AMPA,ampa_low,0.004,index,-5.79486148
153450897,MDD,False,AMPA,ampa_low,0.004,index,-18.81878124
154461990,MDD,False,AMPA,ampa_low,0.004,index,-13.88767573
154704064,AUD,False,AMPA,ampa_low,0.004,index,-5.03205213
155190506,AUD,False,AMPA,ampa_low,0.004,index,-2.86079828
155379621,MDD,False,AMPA,ampa_low,0.004,index,-13.96914114
156021841,MDD,False,AMPA,ampa_low,0.004,index,-18.6693387
157312444,MDD,False,AMPA,ampa_low,0.004,index,-18.06572519
157655614,MDD,False,AMPA,ampa_low,0.004,index,-12.93637026
157691935,AUD,False,AMPA,ampa_low,0.004,index,-4.61368531
159066706,MDD,False,AMPA,ampa_low,0.004,index,-35.29030518
160259456,MDD,False,AMPA,ampa_low,0.004,index,-13.75229533
161239003,AUD,False,AMPA,ampa_low,0.004,index,-1.03546611
162353055,AUD,False,AMPA,ampa_low,0.004,index,-2.67899127
162354840,AUD,False,AMPA,ampa_low,0.004,index,0.1522917
163186746,AUD,False,AMPA,ampa_low,0.004,index,-3.37318666
164064591,AUD,False,AMPA,ampa_low,0.004,index,-1.22192562
164824205,MDD,False,AMPA,ampa_low,0.004,index,-17.73848196
164874291,AUD,False,AMPA,ampa_low,0.004,index,-1.48980477
165288521,MDD,False,AMPA,ampa_low,0.004,index,-14.12906898
165369327,MDD,False,AMPA,ampa_low,0.004,index,-18.07761362
165959237,AUD,False,AMPA,ampa_low,0.004,index,-2.3106519
166274725,AUD,False,AMPA,ampa_low,0.004,index,0.18689595
166338974,MDD,False,AMPA,ampa_low,0.004,index,-1.12861526
166386545,MDD,False,AMPA,ampa_low,0.004,index,-1.70477828
166471280,AUD,False,AMPA,ampa_low,0.004,index,-1.62747359
166741227,MDD,False,AMPA,ampa_low,0.004,index,-1.70635615
166922849,MDD,False,AMPA,ampa_low,0.004,index,-1.89227159
168370463,MDD,False,AMPA,ampa_low,0.004,index,-2.03472835
168641000,MDD,False,AMPA,ampa_low,0.004,index,-0.89351467
169786920,MDD,False,AMPA,ampa_low,0.004,index,-2.23345233
171526079,MDD,False,AMPA,ampa_low,0.004,index,-1.77333806
171674018,AUD,False,AMPA,ampa_low,0.004,index,-0.29537963
171990823,MDD,False,AMPA,ampa_low,0.004,index,-1.31698258
172283288,MDD,False,AMPA,ampa_low,0.004,index,-2.31968724
172442389,MDD,False,AMPA,ampa_low,0.004,index,-1.90142111
174433203,MDD,False,AMPA,ampa_low,0.004,index,-1.58911229
174603925,MDD,False,AMPA,ampa_low,0.004,index,0.26739684
175029071,AUD,False,AMPA,ampa_low,0.004,index,-0.83820786
175924853,MDD,False,AMPA,ampa_low,0.004,index,-0.58465717
176214110,AUD,False,AMPA,ampa_low,0.004,index,-3.03339457
176617846,AUD,False,AMPA,ampa_low,0.004,index,-4.05270808
177344780,AUD,False,AMPA,ampa_low,0.004,index,-1.14425227
177528314,MDD,False,AMPA,ampa_low,0.004,index,0.03386814
177688664,AUD,False,AMPA,ampa_low,0.004,index,-0.4836247
177896969,AUD,False,AMPA,ampa_low,0.004,index,-3.42216861
178045655,AUD,False,AMPA,ampa_low,0.004,index,-1.61043416
178282579,AUD,False,AMPA,ampa_low,0.004,index,-6.14575485
178684006,AUD,False,AMPA,ampa_low,0.004,index,-5.21451548
178998455,AUD,False,AMPA,ampa_low,0.004,index,-0.95324089
181526703,AUD,False,AMPA,ampa_low,0.004,index,-2.36472339
182136619,AUD,False,AMPA,ampa_low,0.004,index,2.04706738
183176019,AUD,False,AMPA,ampa_low,0.004,index,-4.78136805
183475605,MDD,False,AMPA,ampa_low,0.004,index,-1.48589964
183762098,AUD,False,AMPA,ampa_low,0.004,index,-6.47927518
184059377,AUD,False,AMPA,ampa_low,0.004,index,2.18772641
186213995,AUD,False,AMPA,ampa_low,0.004,index,-3.47843779
186940717,MDD,False,AMPA,ampa_low,0.004,index,-1.68049891
187495574,MDD,False,AMPA,ampa_low,0.004,index,-2.25476013
188448101,AUD,False,AMPA,ampa_low,0.004,index,0.30963161
188764715,MDD,False,AMPA,ampa_low,0.004,index,-4.06679426
190042837,AUD,False,AMPA,ampa_low,0.004,index,-4.09619548
191170875,AUD,False,AMPA,ampa_low,0.004,index,1.87535935
191996808,AUD,False,AMPA,ampa_low,0.004,index,-0.67003533
193109536,MDD,False,AMPA,ampa_low,0.004,index,-1.89672777
195112416,MDD,False,AMPA,ampa_low,0.004,index,-2.39260714
195135326,MDD,False,AMPA,ampa_low,0.004,index,-1.20318845
195145348,AUD,False,AMPA,ampa_low,0.004,index,-3.89127874
195166026,AUD,False,AMPA,ampa_low,0.004,index,-4.63716656
195629783,AUD,False,AMPA,ampa_low,0.004,index,-4.980097
195966822,MDD,False,AMPA,ampa_low,0.004,index,-4.26035928
197382673,AUD,False,AMPA,ampa_low,0.004,index,-6.23464067
198118454,MDD,False,AMPA,ampa_low,0.004,index,-2.13663655
199436480,MDD,False,AMPA,ampa_low,0.004,index,-3.21747729
112288,IMAGEN,False,AMPA,ampa,0.0044,index,-3.69976996
458976,IMAGEN,False,AMPA,ampa,0.0044,index,-1.94011209
829055,HC,False,AMPA,ampa,0.0044,index,-2.67573954
1647364,IMAGEN,True,AMPA,ampa,0.0044,index,-1.8947352
2190836,HC,False,AMPA,ampa,0.0044,index,1.05776938
2270310,HC,False,AMPA,ampa,0.0044,index,2.51941527
2695459,IMAGEN,True,AMPA,ampa,0.0044,index,0.09387508
2904393,HC,False,AMPA,ampa,0.0044,index,-4.05538748
3287674,HC,False,AMPA,ampa,0.0044,index,-3.66155354
4254555,IMAGEN,False,AMPA,ampa,0.0044,index,0.01719014
4631192,HC,False,AMPA,ampa,0.0044,index,-2.79865116
4794212,IMAGEN,True,AMPA,ampa,0.0044,index,1.36716565
4885471,IMAGEN,False,AMPA,ampa,0.0044,index,0.26342607
5182386,IMAGEN,True,AMPA,ampa,0.0044,index,-1.22385974
5432841,HC,False,AMPA,ampa,0.0044,index,-1.58409441
5901115,IMAGEN,True,AMPA,ampa,0.0044,index,-1.49998218
5978534,HC,True,AMPA,ampa,0.0044,index,-2.03643901
6000160,IMAGEN,False,AMPA,ampa,0.0044,index,-1.97320046
6314205,HC,False,AMPA,ampa,0.0044,index,-3.63434889
6502630,HC,False,AMPA,ampa,0.0044,index,-3.25407615
7127936,HC,False,AMPA,ampa,0.0044,index,2.04886695
7478069,IMAGEN,True,AMPA,ampa,0.0044,index,-1.28821354
7764421,HC,False,AMPA,ampa,0.0044,index,-5.37976447
8043474,HC,False,AMPA,ampa,0.0044,index,0.70241376
10058298,IMAGEN,False,AMPA,ampa,0.0044,index,-6.27567923
10121092,IMAGEN,True,AMPA,ampa,0.0044,index,-2.57231734
11922061,IMAGEN,True,AMPA,ampa,0.0044,index,2.00762162
12029891,HC,False,AMPA,ampa,0.0044,index,1.83883659
13471924,IMAGEN,True,AMPA,ampa,0.0044,index,-1.83793886
14759699,IMAGEN,True,AMPA,ampa,0.0044,index,2.13047609
14783858,IMAGEN,False,AMPA,ampa,0.0044,index,1.54579253
14850118,HC,False,AMPA,ampa,0.0044,index,-2.35122311
14893890,IMAGEN,True,AMPA,ampa,0.0044,index,-5.29025983
15059321,IMAGEN,True,AMPA,ampa,0.0044,index,2.2435501
16190159,IMAGEN,True,AMPA,ampa,0.0044,index,-0.05966542
16275727,IMAGEN,True,AMPA,ampa,0.0044,index,-3.20504795
16708319,HC,False,AMPA,ampa,0.0044,index,0.14434482
17213220,IMAGEN,True,AMPA,ampa,0.0044,index,-3.22766695
17696979,IMAGEN,False,AMPA,ampa,0.0044,index,-1.8618253
18455372,IMAGEN,False,AMPA,ampa,0.0044,index,0.73042756
18801650,IMAGEN,True,AMPA,ampa,0.0044,index,-0.71285342
18904077,HC,True,AMPA,ampa,0.0044,index,-1.87866562
18952353,HC,False,AMPA,ampa,0.0044,index,-2.62529016
19031295,HC,False,AMPA,ampa,0.0044,index,-0.69874467
19316057,HC,False,AMPA,ampa,0.0044,index,-1.72518247
19432693,IMAGEN,False,AMPA,ampa,0.0044,index,-1.49265728
20051604,HC,False,AMPA,ampa,0.0044,index,-3.70356267
20830744,HC,True,AMPA,ampa,0.0044,index,1.04032271
21053574,HC,True,AMPA,ampa,0.0044,index,-4.57113703
21313420,IMAGEN,True,AMPA,ampa,0.0044,index,-1.2237571
22084493,HC,False,AMPA,ampa,0.0044,index,-2.79584348
23343892,HC,False,AMPA,ampa,0.0044,index,-3.83131033
24115048,HC,True,AMPA,ampa,0.0044,index,1.79560617
24495953,IMAGEN,True,AMPA,ampa,0.0044,index,-4.04879558
25000478,HC,True,AMPA,ampa,0.0044,index,-2.14544921
25067315,IMAGEN,True,AMPA,ampa,0.0044,index,-2.79116984
25356336,IMAGEN,True,AMPA,ampa,0.0044,index,-4.17782329
25517914,IMAGEN,True,AMPA,ampa,0.0044,index,1.50225135
25821028,HC,False,AMPA,ampa,0.0044,index,-2.41392181
26901488,IMAGEN,True,AMPA,ampa,0.0044,index,-3.12029266
27363295,HC,False,AMPA,ampa,0.0044,index,-1.20471641
27578624,IMAGEN,True,AMPA,ampa,0.0044,index,-2.4786173
28113492,HC,True,AMPA,ampa,0.0044,index,-2.23355547
28264513,HC,False,AMPA,ampa,0.0044,index,-4.24640594
29658673,IMAGEN,True,AMPA,ampa,0.0044,index,-1.87032028
29751086,IMAGEN,True,AMPA,ampa,0.0044,index,-3.59527182
29871328,IMAGEN,True,AMPA,ampa,0.0044,index,-1.9413839
30151696,HC,False,AMPA,ampa,0.0044,index,-0.79098859
30276332,IMAGEN,True,AMPA,ampa,0.0044,index,1.67163556
30649663,HC,True,AMPA,ampa,0.0044,index,0.53052596
30779144,IMAGEN,True,AMPA,ampa,0.0044,index,-2.64634238
31070544,IMAGEN,True,AMPA,ampa,0.0044,index,-0.50732744
31171219,IMAGEN,True,AMPA,ampa,0.0044,index,-0.41400214
31825112,IMAGEN,True,AMPA,ampa,0.0044,index,-1.28147857
31851798,IMAGEN,True,AMPA,ampa,0.0044,index,1.65464013
32581973,HC,False,AMPA,ampa,0.0044,index,1.84301424
34458922,HC,False,AMPA,ampa,0.0044,index,-3.94658731
35704260,IMAGEN,True,AMPA,ampa,0.0044,index,-1.44277356
36383037,HC,False,AMPA,ampa,0.0044,index,-2.63933391
37280746,HC,False,AMPA,ampa,0.0044,index,-0.07121838
37805580,HC,True,AMPA,ampa,0.0044,index,-2.42309011
38072766,HC,False,AMPA,ampa,0.0044,index,-0.4940379
38521433,IMAGEN,True,AMPA,ampa,0.0044,index,-0.7570738
38666520,HC,False,AMPA,ampa,0.0044,index,1.96752693
39453204,HC,False,AMPA,ampa,0.0044,index,0.43726472
39583981,HC,False,AMPA,ampa,0.0044,index,-5.00843129
39776858,IMAGEN,True,AMPA,ampa,0.0044,index,-1.09821398
40201562,HC,False,AMPA,ampa,0.0044,index,2.53773382
41213271,HC,False,AMPA,ampa,0.0044,index,-0.1547624
41383458,IMAGEN,True,AMPA,ampa,0.0044,index,2.01704634
41429086,IMAGEN,True,AMPA,ampa,0.0044,index,-0.24466065
41548748,HC,False,AMPA,ampa,0.0044,index,-4.80595156
42449851,HC,True,AMPA,ampa,0.0044,index,-4.77444537
42823353,IMAGEN,True,AMPA,ampa,0.0044,index,1.05861738
43525440,HC,True,AMPA,ampa,0.0044,index,-0.5924078
43720294,IMAGEN,True,AMPA,ampa,0.0044,index,-2.95256322
43926786,IMAGEN,True,AMPA,ampa,0.0044,index,-0.93119439
44576096,HC,False,AMPA,ampa,0.0044,index,-4.648999
45544719,IMAGEN,False,AMPA,ampa,0.0044,index,-3.76105858
48028426,IMAGEN,False,AMPA,ampa,0.0044,index,-3.70368931
48054415,HC,False,AMPA,ampa,0.0044,index,0.16750239
50395729,IMAGEN,True,AMPA,ampa,0.0044,index,-4.88095267
51076110,HC,False,AMPA,ampa,0.0044,index,-0.28566122
51649816,HC,False,AMPA,ampa,0.0044,index,-2.66584419
52071148,HC,False,AMPA,ampa,0.0044,index,-2.96658528
52801880,IMAGEN,True,AMPA,ampa,0.0044,index,-0.82472031
53120454,IMAGEN,True,AMPA,ampa,0.0044,index,0.57646653
54633971,HC,False,AMPA,ampa,0.0044,index,1.02362874
54741718,IMAGEN,True,AMPA,ampa,0.0044,index,1.64036512
55417875,HC,False,AMPA,ampa,0.0044,index,-2.02012929
55499880,HC,False,AMPA,ampa,0.0044,index,-3.66824427
55619168,IMAGEN,True,AMPA,ampa,0.0044,index,-0.90538082
55836894,HC,False,AMPA,ampa,0.0044,index,-4.56754937
56819618,IMAGEN,True,AMPA,ampa,0.0044,index,-1.15373446
57172435,HC,False,AMPA,ampa,0.0044,index,-2.47028854
57348284,IMAGEN,True,AMPA,ampa,0.0044,index,-1.11597997
57930100,HC,True,AMPA,ampa,0.0044,index,-3.30518923
57968987,IMAGEN,True,AMPA,ampa,0.0044,index,0.95283241
59057693,HC,False,AMPA,ampa,0.0044,index,-3.51581265
59343528,HC,False,AMPA,ampa,0.0044,index,-0.67569563
60184938,HC,False,AMPA,ampa,0.0044,index,0.22803472
60186708,HC,False,AMPA,ampa,0.0044,index,-1.57854277
60281382,IMAGEN,True,AMPA,ampa,0.0044,index,-2.10730297
60334165,HC,False,AMPA,ampa,0.0044,index,-2.56997234
60530234,HC,False,AMPA,ampa,0.0044,index,-0.58228338
61581707,HC,True,AMPA,ampa,0.0044,index,-1.11386665
61756624,IMAGEN,True,AMPA,ampa,0.0044,index,-1.53125941
63213959,IMAGEN,False,AMPA,ampa,0.0044,index,3.42170856
63218063,HC,False,AMPA,ampa,0.0044,index,-2.21168544
63989137,IMAGEN,False,AMPA,ampa,0.0044,index,-1.46122302
64043761,HC,False,AMPA,ampa,0.0044,index,-2.41622897
64082948,HC,False,AMPA,ampa,0.0044,index,1.86651192
64309040,HC,False,AMPA,ampa,0.0044,index,-0.30809106
65620046,IMAGEN,False,AMPA,ampa,0.0044,index,-0.34518387
66092324,IMAGEN,False,AMPA,ampa,0.0044,index,-0.40353718
66847819,IMAGEN,False,AMPA,ampa,0.0044,index,-0.57953538
67342911,IMAGEN,True,AMPA,ampa,0.0044,index,-1.42290969
67844279,IMAGEN,True,AMPA,ampa,0.0044,index,-4.03173805
68000499,IMAGEN,True,AMPA,ampa,0.0044,index,2.39067613
69159223,IMAGEN,True,AMPA,ampa,0.0044,index,-0.73830736
69366941,IMAGEN,True,AMPA,ampa,0.0044,index,-3.5332614
69973472,IMAGEN,True,AMPA,ampa,0.0044,index,-2.77533273
70910152,IMAGEN,True,AMPA,ampa,0.0044,index,1.0508107
72155879,IMAGEN,True,AMPA,ampa,0.0044,index,1.41633137
72358748,IMAGEN,True,AMPA,ampa,0.0044,index,-0.11579659
79630427,IMAGEN,True,AMPA,ampa,0.0044,index,-2.10711319
80301458,IMAGEN,True,AMPA,ampa,0.0044,index,0.42493565
80461839,IMAGEN,True,AMPA,ampa,0.0044,index,2.38805081
82149344,IMAGEN,True,AMPA,ampa,0.0044,index,-1.68314484
83490451,IMAGEN,True,AMPA,ampa,0.0044,index,-1.51983181
84037702,IMAGEN,True,AMPA,ampa,0.0044,index,-6.05108621
84828767,IMAGEN,True,AMPA,ampa,0.0044,index,0.65153979
90973178,IMAGEN,True,AMPA,ampa,0.0044,index,-2.14175415
92159995,IMAGEN,False,AMPA,ampa,0.0044,index,0.05574541
92432902,IMAGEN,True,AMPA,ampa,0.0044,index,3.15120657
92523261,IMAGEN,True,AMPA,ampa,0.0044,index,-0.74846534
94345446,IMAGEN,True,AMPA,ampa,0.0044,index,-1.7254068
94998851,IMAGEN,True,AMPA,ampa,0.0044,index,-0.92614067
97970921,IMAGEN,True,AMPA,ampa,0.0044,index,-6.81650802
110841481,MDD,False,AMPA,ampa,0.0044,index,-5.17705323
110937433,MDD,False,AMPA,ampa,0.0044,index,-3.41269061
111086310,MDD,False,AMPA,ampa,0.0044,index,-2.17406911
111096801,MDD,False,AMPA,ampa,0.0044,index,-4.83040689
111844771,MDD,False,AMPA,ampa,0.0044,index,-0.30619787
112091464,MDD,False,AMPA,ampa,0.0044,index,-2.63642336
112517217,AUD,False,AMPA,ampa,0.0044,index,-1.89179091
112917188,AUD,False,AMPA,ampa,0.0044,index,-3.7867765
112957066,MDD,False,AMPA,ampa,0.0044,index,-2.8605255
113174215,MDD,False,AMPA,ampa,0.0044,index,-2.22011679
113237194,AUD,False,AMPA,ampa,0.0044,index,-3.39762608
113387068,MDD,False,AMPA,ampa,0.0044,index,-0.39496199
114552708,MDD,False,AMPA,ampa,0.0044,index,-4.85889416
115212275,AUD,False,AMPA,ampa,0.0044,index,-2.58907713
117385823,MDD,False,AMPA,ampa,0.0044,index,-3.73351784
118382279,MDD,False,AMPA,ampa,0.0044,index,-1.77594933
121801833,AUD,False,AMPA,ampa,0.0044,index,-2.05395325
122083369,AUD,False,AMPA,ampa,0.0044,index,-3.67581581
122408481,MDD,False,AMPA,ampa,0.0044,index,-4.83721622
123660597,MDD,False,AMPA,ampa,0.0044,index,-2.29007013
123930959,MDD,False,AMPA,ampa,0.0044,index,-5.71920192
124782577,AUD,False,AMPA,ampa,0.0044,index,-4.26271265
125237313,MDD,False,AMPA,ampa,0.0044,index,-1.39504277
125339679,AUD,False,AMPA,ampa,0.0044,index,-2.95017152
125524260,AUD,False,AMPA,ampa,0.0044,index,-0.66528161
130293488,MDD,False,AMPA,ampa,0.0044,index,-2.90816256
130597088,MDD,False,AMPA,ampa,0.0044,index,-2.98032104
134330542,MDD,False,AMPA,ampa,0.0044,index,0.11418726
135517362,MDD,False,AMPA,ampa,0.0044,index,-2.49673914
135672596,AUD,False,AMPA,ampa,0.0044,index,-3.98628702
135736530,MDD,False,AMPA,ampa,0.0044,index,-0.38605993
136295480,AUD,False,AMPA,ampa,0.0044,index,-4.87899361
136348275,AUD,False,AMPA,ampa,0.0044,index,-0.92348569
136981533,MDD,False,AMPA,ampa,0.0044,index,-1.87317269
137280633,MDD,False,AMPA,ampa,0.0044,index,-3.13259607
138390224,AUD,False,AMPA,ampa,0.0044,index,-2.26897688
140267022,MDD,False,AMPA,ampa,0.0044,index,3.50613377
141253295,MDD,False,AMPA,ampa,0.0044,index,-1.05921726
141542924,MDD,False,AMPA,ampa,0.0044,index,-4.48724809
141831212,MDD,False,AMPA,ampa,0.0044,index,-0.75346798
142392893,MDD,False,AMPA,ampa,0.0044,index,-1.59326894
143669176,AUD,False,AMPA,ampa,0.0044,index,-2.96857656
144855245,MDD,False,AMPA,ampa,0.0044,index,-0.46366405
144964754,MDD,False,AMPA,ampa,0.0044,index,0.05272348
146042158,MDD,False,AMPA,ampa,0.0044,index,-0.20898902
146061521,AUD,False,AMPA,ampa,0.0044,index,-4.36555204
146906985,MDD,False,AMPA,ampa,0.0044,index,-2.63929855
147701848,MDD,False,AMPA,ampa,0.0044,index,-1.33084612
147906886,MDD,False,AMPA,ampa,0.0044,index,-2.11699849
148868119,MDD,False,AMPA,ampa,0.0044,index,-4.73701964
148952494,AUD,False,AMPA,ampa,0.0044,index,-1.25348383
149709982,MDD,False,AMPA,ampa,0.0044,index,-4.4051351
149839536,AUD,False,AMPA,ampa,0.0044,index,-4.55390515
150038288,MDD,False,AMPA,ampa,0.0044,index,-0.69904755
150237087,AUD,False,AMPA,ampa,0.0044,index,-3.32256804
150299361,AUD,False,AMPA,ampa,0.0044,index,-3.05648144
151408587,AUD,False,AMPA,ampa,0.0044,index,-2.95409141
152769231,AUD,False,AMPA,ampa,0.0044,index,-0.32211049
152958814,AUD,False,AMPA,ampa,0.0044,index,-3.54729269
153450897,MDD,False,AMPA,ampa,0.0044,index,-1.99478992
154461990,MDD,False,AMPA,ampa,0.0044,index,-3.08050314
154704064,AUD,False,AMPA,ampa,0.0044,index,-6.03486438
155190506,AUD,False,AMPA,ampa,0.0044,index,-1.26368439
155379621,MDD,False,AMPA,ampa,0.0044,index,-0.92805249
156021841,MDD,False,AMPA,ampa,0.0044,index,-2.47125146
157312444,MDD,False,AMPA,ampa,0.0044,index,-0.92245746
157655614,MDD,False,AMPA,ampa,0.0044,index,1.19005117
157691935,AUD,False,AMPA,ampa,0.0044,index,0.38263999
159066706,MDD,False,AMPA,ampa,0.0044,index,-8.4094644
160259456,MDD,False,AMPA,ampa,0.0044,index,-3.83465088
161239003,AUD,False,AMPA,ampa,0.0044,index,-0.94637999
162353055,AUD,False,AMPA,ampa,0.0044,index,-0.77041474
162354840,AUD,False,AMPA,ampa,0.0044,index,1.77798165
163186746,AUD,False,AMPA,ampa,0.0044,index,-3.66920446
164064591,AUD,False,AMPA,ampa,0.0044,index,-0.25410575
164824205,MDD,False,AMPA,ampa,0.0044,index,-1.66644467
164874291,AUD,False,AMPA,ampa,0.0044,index,-3.13120007
165288521,MDD,False,AMPA,ampa,0.0044,index,-3.35713829
165369327,MDD,False,AMPA,ampa,0.0044,index,-0.60314149
165959237,AUD,False,AMPA,ampa,0.0044,index,-1.40587878
166274725,AUD,False,AMPA,ampa,0.0044,index,-0.0746005
166338974,MDD,False,AMPA,ampa,0.0044,index,-2.28008392
166386545,MDD,False,AMPA,ampa,0.0044,index,-1.06821491
166471280,AUD,False,AMPA,ampa,0.0044,index,-1.49237536
166741227,MDD,False,AMPA,ampa,0.0044,index,-2.24484879
166922849,MDD,False,AMPA,ampa,0.0044,index,-4.05955735
168370463,MDD,False,AMPA,ampa,0.0044,index,-0.81563426
168641000,MDD,False,AMPA,ampa,0.0044,index,-1.01897122
169786920,MDD,False,AMPA,ampa,0.0044,index,-1.49981413
171526079,MDD,False,AMPA,ampa,0.0044,index,-0.67162219
171674018,AUD,False,AMPA,ampa,0.0044,index,0.81401566
171990823,MDD,False,AMPA,ampa,0.0044,index,-0.37722325
172283288,MDD,False,AMPA,ampa,0.0044,index,-1.01058942
172442389,MDD,False,AMPA,ampa,0.0044,index,-0.80329484
174433203,MDD,False,AMPA,ampa,0.0044,index,-2.09274062
174603925,MDD,False,AMPA,ampa,0.0044,index,-2.34224589
175029071,AUD,False,AMPA,ampa,0.0044,index,-0.56144743
175924853,MDD,False,AMPA,ampa,0.0044,index,-1.62947267
176214110,AUD,False,AMPA,ampa,0.0044,index,-3.10985369
176617846,AUD,False,AMPA,ampa,0.0044,index,-4.71197244
177344780,AUD,False,AMPA,ampa,0.0044,index,-0.80613451
177528314,MDD,False,AMPA,ampa,0.0044,index,-1.06824279
177688664,AUD,False,AMPA,ampa,0.0044,index,0.37492087
177896969,AUD,False,AMPA,ampa,0.0044,index,-3.01645279
178045655,AUD,False,AMPA,ampa,0.0044,index,-1.58701852
178282579,AUD,False,AMPA,ampa,0.0044,index,-3.28091284
178684006,AUD,False,AMPA,ampa,0.0044,index,-2.53225566
178998455,AUD,False,AMPA,ampa,0.0044,index,-3.44745877
181526703,AUD,False,AMPA,ampa,0.0044,index,-2.17541188
182136619,AUD,False,AMPA,ampa,0.0044,index,1.12323153
183176019,AUD,False,AMPA,ampa,0.0044,index,-3.62974103
183475605,MDD,False,AMPA,ampa,0.0044,index,-2.79915294
183762098,AUD,False,AMPA,ampa,0.0044,index,-3.01780203
184059377,AUD,False,AMPA,ampa,0.0044,index,-2.43902704
186213995,AUD,False,AMPA,ampa,0.0044,index,-2.63427519
186940717,MDD,False,AMPA,ampa,0.0044,index,-0.57750488
187495574,MDD,False,AMPA,ampa,0.0044,index,-0.80031731
188448101,AUD,False,AMPA,ampa,0.0044,index,0.5978952
188764715,MDD,False,AMPA,ampa,0.0044,index,-4.17474077
190042837,AUD,False,AMPA,ampa,0.0044,index,-4.38677941
191170875,AUD,False,AMPA,ampa,0.0044,index,3.23158695
191996808,AUD,False,AMPA,ampa,0.0044,index,-0.02335518
193109536,MDD,False,AMPA,ampa,0.0044,index,-1.81901807
195112416,MDD,False,AMPA,ampa,0.0044,index,-1.65657042
195135326,MDD,False,AMPA,ampa,0.0044,index,-2.5446648
195145348,AUD,False,AMPA,ampa,0.0044,index,-3.32784807
195166026,AUD,False,AMPA,ampa,0.0044,index,-3.09553872
195629783,AUD,False,AMPA,ampa,0.0044,index,-3.19959139
195966822,MDD,False,AMPA,ampa,0.0044,index,-2.29955129
197382673,AUD,False,AMPA,ampa,0.0044,index,-4.53170514
198118454,MDD,False,AMPA,ampa,0.0044,index,-2.77427946
199436480,MDD,False,AMPA,ampa,0.0044,index,-3.91302916
112288,IMAGEN,False,AMPA,ampa_high,0.0048,index,-2.88574229
458976,IMAGEN,False,AMPA,ampa_high,0.0048,index,-2.7667337
829055,HC,False,AMPA,ampa_high,0.0048,index,-1.31936301
1647364,IMAGEN,True,AMPA,ampa_high,0.0048,index,-1.24125711
2190836,HC,False,AMPA,ampa_high,0.0048,index,0.89198437
2270310,HC,False,AMPA,ampa_high,0.0048,index,2.11479364
2695459,IMAGEN,True,AMPA,ampa_high,0.0048,index,1.35338748
2904393,HC,False,AMPA,ampa_high,0.0048,index,-4.9468599
3287674,HC,False,AMPA,ampa_high,0.0048,index,-4.90146938
4254555,IMAGEN,False,AMPA,ampa_high,0.0048,index,0.97839827
4631192,HC,False,AMPA,ampa_high,0.0048,index,-2.40652675
4794212,IMAGEN,True,AMPA,ampa_high,0.0048,index,-0.53994688
4885471,IMAGEN,False,AMPA,ampa_high,0.0048,index,-1.1807774
5182386,IMAGEN,True,AMPA,ampa_high,0.0048,index,0.27987551
5432841,HC,False,AMPA,ampa_high,0.0048,index,-1.94847552
5901115,IMAGEN,True,AMPA,ampa_high,0.0048,index,-2.99084218
5978534,HC,True,AMPA,ampa_high,0.0048,index,0.69901244
6000160,IMAGEN,False,AMPA,ampa_high,0.0048,index,-0.75456389
6314205,HC,False,AMPA,ampa_high,0.0048,index,-1.98974023
6502630,HC,False,AMPA,ampa_high,0.0048,index,-3.4941024
7127936,HC,False,AMPA,ampa_high,0.0048,index,2.09626187
7478069,IMAGEN,True,AMPA,ampa_high,0.0048,index,-0.38433656
7764421,HC,False,AMPA,ampa_high,0.0048,index,-6.42717664
8043474,HC,False,AMPA,ampa_high,0.0048,index,2.01640425
10058298,IMAGEN,False,AMPA,ampa_high,0.0048,index,-5.59891264
10121092,IMAGEN,True,AMPA,ampa_high,0.0048,index,-3.35277804
11922061,IMAGEN,True,AMPA,ampa_high,0.0048,index,0.86122829
12029891,HC,False,AMPA,ampa_high,0.0048,index,1.51335106
13471924,IMAGEN,True,AMPA,ampa_high,0.0048,index,-0.0410498
14759699,IMAGEN,True,AMPA,ampa_high,0.0048,index,2.0834295
14783858,IMAGEN,False,AMPA,ampa_high,0.0048,index,0.16625449
14850118,HC,False,AMPA,ampa_high,0.0048,index,-5.67053463
14893890,IMAGEN,True,AMPA,ampa_high,0.0048,index,-4.52366185
15059321,IMAGEN,True,AMPA,ampa_high,0.0048,index,-0.22558646
16190159,IMAGEN,True,AMPA,ampa_high,0.0048,index,-3.34844856
16275727,IMAGEN,True,AMPA,ampa_high,0.0048,index,-2.51120701
16708319,HC,False,AMPA,ampa_high,0.0048,index,0.29238347
17213220,IMAGEN,True,AMPA,ampa_high,0.0048,index,-2.17078658
17696979,IMAGEN,False,AMPA,ampa_high,0.0048,index,-3.07852768
18455372,IMAGEN,False,AMPA,ampa_high,0.0048,index,2.64570502
18801650,IMAGEN,True,AMPA,ampa_high,0.0048,index,1.52945479
18904077,HC,True,AMPA,ampa_high,0.0048,index,-2.50417068
18952353,HC,False,AMPA,ampa_high,0.0048,index,-2.81852328
19031295,HC,False,AMPA,ampa_high,0.0048,index,-2.09023305
19316057,HC,False,AMPA,ampa_high,0.0048,index,-3.68086628
19432693,IMAGEN,False,AMPA,ampa_high,0.0048,index,-3.11670445
20051604,HC,False,AMPA,ampa_high,0.0048,index,-6.31475198
20830744,HC,True,AMPA,ampa_high,0.0048,index,1.54789028
21053574,HC,True,AMPA,ampa_high,0.0048,index,-10.46278297
21313420,IMAGEN,True,AMPA,ampa_high,0.0048,index,-1.62456854
22084493,HC,False,AMPA,ampa_high,0.0048,index,0.61779399
23343892,HC,False,AMPA,ampa_high,0.0048,index,-1.85345726
24115048,HC,True,AMPA,ampa_high,0.0048,index,1.05214455
24495953,IMAGEN,True,AMPA,ampa_high,0.0048,index,-3.10711525
25000478,HC,True,AMPA,ampa_high,0.0048,index,-1.73992717
25067315,IMAGEN,True,AMPA,ampa_high,0.0048,index,1.69322078
25356336,IMAGEN,True,AMPA,ampa_high,0.0048,index,-3.098818
25517914,IMAGEN,True,AMPA,ampa_high,0.0048,index,1.71291442
25821028,HC,False,AMPA,ampa_high,0.0048,index,-2.47002326
26901488,IMAGEN,True,AMPA,ampa_high,0.0048,index,-4.23092325
27363295,HC,False,AMPA,ampa_high,0.0048,index,-2.44466643
27578624,IMAGEN,True,AMPA,ampa_high,0.0048,index,-2.7966423
28113492,HC,True,AMPA,ampa_high,0.0048,index,-0.4500656
28264513,HC,False,AMPA,ampa_high,0.0048,index,-3.64509901
29658673,IMAGEN,True,AMPA,ampa_high,0.0048,index,-0.88797818
29751086,IMAGEN,True,AMPA,ampa_high,0.0048,index,-4.65071711
29871328,IMAGEN,True,AMPA,ampa_high,0.0048,index,-4.02513285
30151696,HC,False,AMPA,ampa_high,0.0048,index,-1.88427075
30276332,IMAGEN,True,AMPA,ampa_high,0.0048,index,1.41109413
30649663,HC,True,AMPA,ampa_high,0.0048,index,0.7055582
30779144,IMAGEN,True,AMPA,ampa_high,0.0048,index,-3.39744308
31070544,IMAGEN,True,AMPA,ampa_high,0.0048,index,-0.16132526
31171219,IMAGEN,True,AMPA,ampa_high,0.0048,index,3.1173609
31825112,IMAGEN,True,AMPA,ampa_high,0.0048,index,-5.2982828
31851798,IMAGEN,True,AMPA,ampa_high,0.0048,index,1.1681498
32581973,HC,False,AMPA,ampa_high,0.0048,index,1.72100971
34458922,HC,False,AMPA,ampa_high,0.0048,index,-3.51578887
35704260,IMAGEN,True,AMPA,ampa_high,0.0048,index,1.90403907
36383037,HC,False,AMPA,ampa_high,0.0048,index,-1.54608079
37280746,HC,False,AMPA,ampa_high,0.0048,index,-0.88987017
37805580,HC,True,AMPA,ampa_high,0.0048,index,-3.61019485
38072766,HC,False,AMPA,ampa_high,0.0048,index,0.73521095
38521433,IMAGEN,True,AMPA,ampa_high,0.0048,index,0.64944918
38666520,HC,False,AMPA,ampa_high,0.0048,index,3.62599251
39453204,HC,False,AMPA,ampa_high,0.0048,index,-0.06664973
39583981,HC,False,AMPA,ampa_high,0.0048,index,-4.07753251
39776858,IMAGEN,True,AMPA,ampa_high,0.0048,index,-3.04357967
40201562,HC,False,AMPA,ampa_high,0.0048,index,5.14105915
41213271,HC,False,AMPA,ampa_high,0.0048,index,-1.59534367
41383458,IMAGEN,True,AMPA,ampa_high,0.0048,index,1.28470567
41429086,IMAGEN,True,AMPA,ampa_high,0.0048,index,-2.54343147
41548748,HC,False,AMPA,ampa_high,0.0048,index,-0.54970093
42449851,HC,True,AMPA,ampa_high,0.0048,index,-2.77030916
42823353,IMAGEN,True,AMPA,ampa_high,0.0048,index,3.85710332
43525440,HC,True,AMPA,ampa_high,0.0048,index,-0.59947009
43720294,IMAGEN,True,AMPA,ampa_high,0.0048,index,-2.0911238
43926786,IMAGEN,True,AMPA,ampa_high,0.0048,index,-0.86790144
44576096,HC,False,AMPA,ampa_high,0.0048,index,-3.68572153
45544719,IMAGEN,False,AMPA,ampa_high,0.0048,index,-2.47521439
48028426,IMAGEN,False,AMPA,ampa_high,0.0048,index,-2.09386422
48054415,HC,False,AMPA,ampa_high,0.0048,index,-0.32422048
50395729,IMAGEN,True,AMPA,ampa_high,0.0048,index,-1.62425714
51076110,HC,False,AMPA,ampa_high,0.0048,index,1.59175467
51649816,HC,False,AMPA,ampa_high,0.0048,index,0.61318231
52071148,HC,False,AMPA,ampa_high,0.0048,index,-2.13216961
52801880,IMAGEN,True,AMPA,ampa_high,0.0048,index,-2.60138884
53120454,IMAGEN,True,AMPA,ampa_high,0.0048,index,1.20641584
54633971,HC,False,AMPA,ampa_high,0.0048,index,1.36096552
54741718,IMAGEN,True,AMPA,ampa_high,0.0048,index,6.24827164
55417875,HC,False,AMPA,ampa_high,0.0048,index,0.55926407
55499880,HC,False,AMPA,ampa_high,0.0048,index,-4.41601497
55619168,IMAGEN,True,AMPA,ampa_high,0.0048,index,1.49729104
55836894,HC,False,AMPA,ampa_high,0.0048,index,-3.34967588
56819618,IMAGEN,True,AMPA,ampa_high,0.0048,index,-0.00986059
57172435,HC,False,AMPA,ampa_high,0.0048,index,-1.83300081
57348284,IMAGEN,True,AMPA,ampa_high,0.0048,index,-2.1277554
57930100,HC,True,AMPA,ampa_high,0.0048,index,-3.69160225
57968987,IMAGEN,True,AMPA,ampa_high,0.0048,index,1.79813897
59057693,HC,False,AMPA,ampa_high,0.0048,index,-4.07413817
59343528,HC,False,AMPA,ampa_high,0.0048,index,-2.07742267
60184938,HC,False,AMPA,ampa_high,0.0048,index,-0.7088091
60186708,HC,False,AMPA,ampa_high,0.0048,index,-1.15882451
60281382,IMAGEN,True,AMPA,ampa_high,0.0048,index,-0.27539802
60334165,HC,False,AMPA,ampa_high,0.0048,index,-2.97168811
60530234,HC,False,AMPA,ampa_high,0.0048,index,-0.82997557
61581707,HC,True,AMPA,ampa_high,0.0048,index,-0.41092507
61756624,IMAGEN,True,AMPA,ampa_high,0.0048,index,-0.69177597
63213959,IMAGEN,False,AMPA,ampa_high,0.0048,index,2.06542703
63218063,HC,False,AMPA,ampa_high,0.0048,index,-6.2900948
63989137,IMAGEN,False,AMPA,ampa_high,0.0048,index,-0.49293381
64043761,HC,False,AMPA,ampa_high,0.0048,index,0.00180741
64082948,HC,False,AMPA,ampa_high,0.0048,index,1.30356235
64309040,HC,False,AMPA,ampa_high,0.0048,index,-2.60943264
65620046,IMAGEN,False,AMPA,ampa_high,0.0048,index,-0.41045052
66092324,IMAGEN,False,AMPA,ampa_high,0.0048,index,0.76647958
66847819,IMAGEN,False,AMPA,ampa_high,0.0048,index,2.26186105
67342911,IMAGEN,True,AMPA,ampa_high,0.0048,index,-1.6569229
67844279,IMAGEN,True,AMPA,ampa_high,0.0048,index,-3.83508088
68000499,IMAGEN,True,AMPA,ampa_high,0.0048,index,0.99134898
69159223,IMAGEN,True,AMPA,ampa_high,0.0048,index,0.44384053
69366941,IMAGEN,True,AMPA,ampa_high,0.0048,index,-3.05108631
69973472,IMAGEN,True,AMPA,ampa_high,0.0048,index,-0.75492237
70910152,IMAGEN,True,AMPA,ampa_high,0.0048,index,0.84550399
72155879,IMAGEN,True,AMPA,ampa_high,0.0048,index,3.76141938
72358748,IMAGEN,True,AMPA,ampa_high,0.0048,index,0.19657944
79630427,IMAGEN,True,AMPA,ampa_high,0.0048,index,-0.81591436
80301458,IMAGEN,True,AMPA,ampa_high,0.0048,index,0.58028199
80461839,IMAGEN,True,AMPA,ampa_high,0.0048,index,0.66530979
82149344,IMAGEN,True,AMPA,ampa_high,0.0048,index,-6.80350447
83490451,IMAGEN,True,AMPA,ampa_high,0.0048,index,1.35482092
84037702,IMAGEN,True,AMPA,ampa_high,0.0048,index,-9.60319484
84828767,IMAGEN,True,AMPA,ampa_high,0.0048,index,-3.12507688
90973178,IMAGEN,True,AMPA,ampa_high,0.0048,index,-7.1382601
92159995,IMAGEN,False,AMPA,ampa_high,0.0048,index,2.31645104
92432902,IMAGEN,True,AMPA,ampa_high,0.0048,index,0.40690379
92523261,IMAGEN,True,AMPA,ampa_high,0.0048,index,-3.75887708
94345446,IMAGEN,True,AMPA,ampa_high,0.0048,index,-4.11147817
94998851,IMAGEN,True,AMPA,ampa_high,0.0048,index,-4.05184201
97970921,IMAGEN,True,AMPA,ampa_high,0.0048,index,-7.35625871
110841481,MDD,False,AMPA,ampa_high,0.0048,index,-2.61280454
110937433,MDD,False,AMPA,ampa_high,0.0048,index,-1.07422495
111086310,MDD,False,AMPA,ampa_high,0.0048,index,-2.40108474
111096801,MDD,False,AMPA,ampa_high,0.0048,index,-2.58255211
111844771,MDD,False,AMPA,ampa_high,0.0048,index,-0.19360247
112091464,MDD,False,AMPA,ampa_high,0.0048,index,-2.60333147
112517217,AUD,False,AMPA,ampa_high,0.0048,index,-2.65350917
112917188,AUD,False,AMPA,ampa_high,0.0048,index,-2.89770591
112957066,MDD,False,AMPA,ampa_high,0.0048,index,-5.47213862
113174215,MDD,False,AMPA,ampa_high,0.0048,index,-4.89479319
113237194,AUD,False,AMPA,ampa_high,0.0048,index,-3.4451099
113387068,MDD,False,AMPA,ampa_high,0.0048,index,1.23840053
114552708,MDD,False,AMPA,ampa_high,0.0048,index,-4.03750553
115212275,AUD,False,AMPA,ampa_high,0.0048,index,-3.40628681
117385823,MDD,False,AMPA,ampa_high,0.0048,index,-5.0334404
118382279,MDD,False,AMPA,ampa_high,0.0048,index,-13.08013054
121801833,AUD,False,AMPA,ampa_high,0.0048,index,-2.96757403
122083369,AUD,False,AMPA,ampa_high,0.0048,index,-2.49537127
122408481,MDD,False,AMPA,ampa_high,0.0048,index,-12.38888004
123660597,MDD,False,AMPA,ampa_high,0.0048,index,-19.67447424
123930959,MDD,False,AMPA,ampa_high,0.0048,index,-19.6827989
124782577,AUD,False,AMPA,ampa_high,0.0048,index,-0.86185185
125237313,MDD,False,AMPA,ampa_high,0.0048,index,-14.81274326
125339679,AUD,False,AMPA,ampa_high,0.0048,index,-0.27051758
125524260,AUD,False,AMPA,ampa_high,0.0048,index,-6.5704741
130293488,MDD,False,AMPA,ampa_high,0.0048,index,-17.65390552
130597088,MDD,False,AMPA,ampa_high,0.0048,index,-17.22416079
134330542,MDD,False,AMPA,ampa_high,0.0048,index,-12.2171908
135517362,MDD,False,AMPA,ampa_high,0.0048,index,-19.99421567
135672596,AUD,False,AMPA,ampa_high,0.0048,index,-4.82629382
135736530,MDD,False,AMPA,ampa_high,0.0048,index,-13.24400998
136295480,AUD,False,AMPA,ampa_high,0.0048,index,-1.54485781
136348275,AUD,False,AMPA,ampa_high,0.0048,index,-1.90910012
136981533,MDD,False,AMPA,ampa_high,0.0048,index,-15.81542938
137280633,MDD,False,AMPA,ampa_high,0.0048,index,-15.76764298
138390224,AUD,False,AMPA,ampa_high,0.0048,index,-5.20411666
140267022,MDD,False,AMPA,ampa_high,0.0048,index,-14.15965269
141253295,MDD,False,AMPA,ampa_high,0.0048,index,-10.22626439
141542924,MDD,False,AMPA,ampa_high,0.0048,index,-23.09131238
141831212,MDD,False,AMPA,ampa_high,0.0048,index,-13.76212793
142392893,MDD,False,AMPA,ampa_high,0.0048,index,-15.54885337
143669176,AUD,False,AMPA,ampa_high,0.0048,index,0.16706473
144855245,MDD,False,AMPA,ampa_high,0.0048,index,-11.55152972
144964754,MDD,False,AMPA,ampa_high,0.0048,index,-16.42303882
146042158,MDD,False,AMPA,ampa_high,0.0048,index,-5.178115
146061521,AUD,False,AMPA,ampa_high,0.0048,index,-6.40216169
146906985,MDD,False,AMPA,ampa_high,0.0048,index,-16.82465412
147701848,MDD,False,AMPA,ampa_high,0.0048,index,-13.68563269
147906886,MDD,False,AMPA,ampa_high,0.0048,index,-16.68990664
148868119,MDD,False,AMPA,ampa_high,0.0048,index,-15.89640081
148952494,AUD,False,AMPA,ampa_high,0.0048,index,-5.18354374
149709982,MDD,False,AMPA,ampa_high,0.0048,index,-19.42499377
149839536,AUD,False,AMPA,ampa_high,0.0048,index,-3.75972317
150038288,MDD,False,AMPA,ampa_high,0.0048,index,-15.44287277
150237087,AUD,False,AMPA,ampa_high,0.0048,index,-7.33911303
150299361,AUD,False,AMPA,ampa_high,0.0048,index,-0.58867778
151408587,AUD,False,AMPA,ampa_high,0.0048,index,-2.41565488
152769231,AUD,False,AMPA,ampa_high,0.0048,index,-1.21651369
152958814,AUD,False,AMPA,ampa_high,0.0048,index,-5.986291
153450897,MDD,False,AMPA,ampa_high,0.0048,index,-16.81167508
154461990,MDD,False,AMPA,ampa_high,0.0048,index,-16.60773667
154704064,AUD,False,AMPA,ampa_high,0.0048,index,-6.70142639
155190506,AUD,False,AMPA,ampa_high,0.0048,index,-2.75915915
155379621,MDD,False,AMPA,ampa_high,0.0048,index,-13.32000039
156021841,MDD,False,AMPA,ampa_high,0.0048,index,-1.77554432
157312444,MDD,False,AMPA,ampa_high,0.0048,index,0.93983015
157655614,MDD,False,AMPA,ampa_high,0.0048,index,-0.09011397
157691935,AUD,False,AMPA,ampa_high,0.0048,index,-1.56291973
159066706,MDD,False,AMPA,ampa_high,0.0048,index,-7.52422795
160259456,MDD,False,AMPA,ampa_high,0.0048,index,-1.99830226
161239003,AUD,False,AMPA,ampa_high,0.0048,index,-2.6603442
162353055,AUD,False,AMPA,ampa_high,0.0048,index,0.76854623
162354840,AUD,False,AMPA,ampa_high,0.0048,index,0.54538864
163186746,AUD,False,AMPA,ampa_high,0.0048,index,-3.91861792
164064591,AUD,False,AMPA,ampa_high,0.0048,index,0.64956568
164824205,MDD,False,AMPA,ampa_high,0.0048,index,-1.42889812
164874291,AUD,False,AMPA,ampa_high,0.0048,index,-0.92173868
165288521,MDD,False,AMPA,ampa_high,0.0048,index,-1.04211124
165369327,MDD,False,AMPA,ampa_high,0.0048,index,-0.37853371
165959237,AUD,False,AMPA,ampa_high,0.0048,index,-3.65945514
166274725,AUD,False,AMPA,ampa_high,0.0048,index,-0.57206782
166338974,MDD,False,AMPA,ampa_high,0.0048,index,-0.68618415
166386545,MDD,False,AMPA,ampa_high,0.0048,index,-0.85171478
166471280,AUD,False,AMPA,ampa_high,0.0048,index,-1.42425571
166741227,MDD,False,AMPA,ampa_high,0.0048,index,-0.41084627
166922849,MDD,False,AMPA,ampa_high,0.0048,index,-1.84052779
168370463,MDD,False,AMPA,ampa_high,0.0048,index,-0.83512905
168641000,MDD,False,AMPA,ampa_high,0.0048,index,-0.89781166
169786920,MDD,False,AMPA,ampa_high,0.0048,index,-2.27395535
171526079,MDD,False,AMPA,ampa_high,0.0048,index,-1.69263045
171674018,AUD,False,AMPA,ampa_high,0.0048,index,-0.75790292
171990823,MDD,False,AMPA,ampa_high,0.0048,index,0.11799223
172283288,MDD,False,AMPA,ampa_high,0.0048,index,-3.76656152
172442389,MDD,False,AMPA,ampa_high,0.0048,index,-0.13959224
174433203,MDD,False,AMPA,ampa_high,0.0048,index,-2.41956925
174603925,MDD,False,AMPA,ampa_high,0.0048,index,1.03947926
175029071,AUD,False,AMPA,ampa_high,0.0048,index,-2.91458029
175924853,MDD,False,AMPA,ampa_high,0.0048,index,-1.64687234
176214110,AUD,False,AMPA,ampa_high,0.0048,index,-3.7295625
176617846,AUD,False,AMPA,ampa_high,0.0048,index,-2.24140216
177344780,AUD,False,AMPA,ampa_high,0.0048,index,-2.68293729
177528314,MDD,False,AMPA,ampa_high,0.0048,index,1.66950262
177688664,AUD,False,AMPA,ampa_high,0.0048,index,0.04575848
177896969,AUD,False,AMPA,ampa_high,0.0048,index,-4.1010295
178045655,AUD,False,AMPA,ampa_high,0.0048,index,-4.05049846
178282579,AUD,False,AMPA,ampa_high,0.0048,index,-2.91029944
178684006,AUD,False,AMPA,ampa_high,0.0048,index,-2.31939385
178998455,AUD,False,AMPA,ampa_high,0.0048,index,-0.52347708
181526703,AUD,False,AMPA,ampa_high,0.0048,index,-0.75808348
182136619,AUD,False,AMPA,ampa_high,0.0048,index,0.08544954
183176019,AUD,False,AMPA,ampa_high,0.0048,index,-4.41171386
183475605,MDD,False,AMPA,ampa_high,0.0048,index,-0.66223251
183762098,AUD,False,AMPA,ampa_high,0.0048,index,0.44424509
184059377,AUD,False,AMPA,ampa_high,0.0048,index,-3.33886342
186213995,AUD,False,AMPA,ampa_high,0.0048,index,-3.08700429
186940717,MDD,False,AMPA,ampa_high,0.0048,index,-1.41166814
187495574,MDD,False,AMPA,ampa_high,0.0048,index,0.52156162
188448101,AUD,False,AMPA,ampa_high,0.0048,index,0.53294214
188764715,MDD,False,AMPA,ampa_high,0.0048,index,-4.86084904
190042837,AUD,False,AMPA,ampa_high,0.0048,index,-5.38204575
191170875,AUD,False,AMPA,ampa_high,0.0048,index,0.64594561
191996808,AUD,False,AMPA,ampa_high,0.0048,index,0.25379536
193109536,MDD,False,AMPA,ampa_high,0.0048,index,-2.53534837
195112416,MDD,False,AMPA,ampa_high,0.0048,index,-1.27145465
195135326,MDD,False,AMPA,ampa_high,0.0048,index,-3.33417476
195145348,AUD,False,AMPA,ampa_high,0.0048,index,-3.10841089
195166026,AUD,False,AMPA,ampa_high,0.0048,index,-2.48799469
195629783,AUD,False,AMPA,ampa_high,0.0048,index,-2.01460423
195966822,MDD,False,AMPA,ampa_high,0.0048,index,-3.64596416
197382673,AUD,False,AMPA,ampa_high,0.0048,index,-3.46413693
198118454,MDD,False,AMPA,ampa_high,0.0048,index,-2.07821502
199436480,MDD,False,AMPA,ampa_high,0.0048,index,-3.81669568
112288,IMAGEN,False,GABA-A,gaba_low,0.0035,index,-6.41003788
458976,IMAGEN,False,GABA-A,gaba_low,0.0035,index,-7.10623061
829055,HC,False,GABA-A,gaba_low,0.0035,index,-6.41790824
1647364,IMAGEN,True,GABA-A,gaba_low,0.0035,index,-10.24054811
2190836,HC,False,GABA-A,gaba_low,0.0035,index,-0.85356619
2270310,HC,False,GABA-A,gaba_low,0.0035,index,-6.37197805
2695459,IMAGEN,True,GABA-A,gaba_low,0.0035,index,-3.35321177
2904393,HC,False,GABA-A,gaba_low,0.0035,index,-13.34284961
3287674,HC,False,GABA-A,gaba_low,0.0035,index,-6.10553456
4254555,IMAGEN,False,GABA-A,gaba_low,0.0035,index,-3.161067
4631192,HC,False,GABA-A,gaba_low,0.0035,index,-9.15043703
4794212,IMAGEN,True,GABA-A,gaba_low,0.0035,index,-7.00053064
4885471,IMAGEN,False,GABA-A,gaba_low,0.0035,index,-10.98186034
5182386,IMAGEN,True,GABA-A,gaba_low,0.0035,index,-12.50959754
5432841,HC,False,GABA-A,gaba_low,0.0035,index,-5.55473179
5901115,IMAGEN,True,GABA-A,gaba_low,0.0035,index,-3.75424493
5978534,HC,True,GABA-A,gaba_low,0.0035,index,-5.00275885
6000160,IMAGEN,False,GABA-A,gaba_low,0.0035,index,-4.95075428
6314205,HC,False,GABA-A,gaba_low,0.0035,index,-7.96421479
6502630,HC,False,GABA-A,gaba_low,0.0035,index,-10.25737463
7127936,HC,False,GABA-A,gaba_low,0.0035,index,-1.41860347
7478069,IMAGEN,True,GABA-A,gaba_low,0.0035,index,-3.66133037
7764421,HC,False,GABA-A,gaba_low,0.0035,index,-3.34562547
8043474,HC,False,GABA-A,gaba_low,0.0035,index,-1.53369628
10058298,IMAGEN,False,GABA-A,gaba_low,0.0035,index,-7.07133486
10121092,IMAGEN,True,GABA-A,gaba_low,0.0035,index,-1.22024363
11922061,IMAGEN,True,GABA-A,gaba_low,0.0035,index,-5.59794298
12029891,HC,False,GABA-A,gaba_low,0.0035,index,-13.31432869
13471924,IMAGEN,True,GABA-A,gaba_low,0.0035,index,-2.41164475
14759699,IMAGEN,True,GABA-A,gaba_low,0.0035,index,-5.05864886
14783858,IMAGEN,False,GABA-A,gaba_low,0.0035,index,-2.85009275
14850118,HC,False,GABA-A,gaba_low,0.0035,index,-9.29816225
14893890,IMAGEN,True,GABA-A,gaba_low,0.0035,index,-9.23839432
15059321,IMAGEN,True,GABA-A,gaba_low,0.0035,index,-2.97318094
16190159,IMAGEN,True,GABA-A,gaba_low,0.0035,index,0.00687247
16275727,IMAGEN,True,GABA-A,gaba_low,0.0035,index,-9.15855101
16708319,HC,False,GABA-A,gaba_low,0.0035,index,-4.80705304
17213220,IMAGEN,True,GABA-A,gaba_low,0.0035,index,-3.55010432
17696979,IMAGEN,False,GABA-A,gaba_low,0.0035,index,-4.00596838
18455372,IMAGEN,False,GABA-A,gaba_low,0.0035,index,0.19489294
18801650,IMAGEN,True,GABA-A,gaba_low,0.0035,index,-0.89479266
18904077,HC,True,GABA-A,gaba_low,0.0035,index,-3.29855764
18952353,HC,False,GABA-A,gaba_low,0.0035,index,-4.60344651
19031295,HC,False,GABA-A,gaba_low,0.0035,index,-2.22618294
19316057,HC,False,GABA-A,gaba_low,0.0035,index,-6.20112706
19432693,IMAGEN,False,GABA-A,gaba_low,0.0035,index,-2.45860954
20051604,HC,False,GABA-A,gaba_low,0.0035,index,-4.77203116
20830744,HC,True,GABA-A,gaba_low,0.0035,index,1.77959007
21053574,HC,True,GABA-A,gaba_low,0.0035,index,-1.35497336
21313420,IMAGEN,True,GABA-A,gaba_low,0.0035,index,-3.74511423
22084493,HC,False,GABA-A,gaba_low,0.0035,index,-1.67955213
23343892,HC,False,GABA-A,gaba_low,0.0035,index,-9.47969637
24115048,HC,True,GABA-A,gaba_low,0.0035,index,-9.70193288
24495953,IMAGEN,True,GABA-A,gaba_low,0.0035,index,-9.48142419
25000478,HC,True,GABA-A,gaba_low,0.0035,index,-4.92084544
25067315,IMAGEN,True,GABA-A,gaba_low,0.0035,index,-1.13081793
25356336,IMAGEN,True,GABA-A,gaba_low,0.0035,index,-7.08143003
25517914,IMAGEN,True,GABA-A,gaba_low,0.0035,index,-7.94855903
25821028,HC,False,GABA-A,gaba_low,0.0035,index,-2.5260313
26901488,IMAGEN,True,GABA-A,gaba_low,0.0035,index,-4.70856362
27363295,HC,False,GABA-A,gaba_low,0.0035,index,-1.95484195
27578624,IMAGEN,True,GABA-A,gaba_low,0.0035,index,-10.84749135
28113492,HC,True,GABA-A,gaba_low,0.0035,index,-6.70135081
28264513,HC,False,GABA-A,gaba_low,0.0035,index,-6.59492976
29658673,IMAGEN,True,GABA-A,gaba_low,0.0035,index,-11.39681743
29751086,IMAGEN,True,GABA-A,gaba_low,0.0035,index,-7.964471
29871328,IMAGEN,True,GABA-A,gaba_low,0.0035,index,-9.81185033
30151696,HC,False,GABA-A,gaba_low,0.0035,index,-14.60317058
30276332,IMAGEN,True,GABA-A,gaba_low,0.0035,index,-0.44455005
30649663,HC,True,GABA-A,gaba_low,0.0035,index,-2.45316666
30779144,IMAGEN,True,GABA-A,gaba_low,0.0035,index,-9.86581384
31070544,IMAGEN,True,GABA-A,gaba_low,0.0035,index,-4.17389647
31171219,IMAGEN,True,GABA-A,gaba_low,0.0035,index,-6.10772335
31825112,IMAGEN,True,GABA-A,gaba_low,0.0035,index,-1.41858441
31851798,IMAGEN,True,GABA-A,gaba_low,0.0035,index,-1.75039856
32581973,HC,False,GABA-A,gaba_low,0.0035,index,-1.84804261
34458922,HC,False,GABA-A,gaba_low,0.0035,index,-6.84371431
35704260,IMAGEN,True,GABA-A,gaba_low,0.0035,index,-5.12182002
36383037,HC,False,GABA-A,gaba_low,0.0035,index,-6.36036123
37280746,HC,False,GABA-A,gaba_low,0.0035,index,0.80923781
37805580,HC,True,GABA-A,gaba_low,0.0035,index,-4.33528159
38072766,HC,False,GABA-A,gaba_low,0.0035,index,-6.72108236
38521433,IMAGEN,True,GABA-A,gaba_low,0.0035,index,-7.05263172
38666520,HC,False,GABA-A,gaba_low,0.0035,index,0.69099344
39453204,HC,False,GABA-A,gaba_low,0.0035,index,-2.9805454
39583981,HC,False,GABA-A,gaba_low,0.0035,index,-11.00671845
39776858,IMAGEN,True,GABA-A,gaba_low,0.0035,index,-9.89280312
40201562,HC,False,GABA-A,gaba_low,0.0035,index,-6.23608252
41213271,HC,False,GABA-A,gaba_low,0.0035,index,-0.54176211
41383458,IMAGEN,True,GABA-A,gaba_low,0.0035,index,-3.93510711
41429086,IMAGEN,True,GABA-A,gaba_low,0.0035,index,-8.53144154
41548748,HC,False,GABA-A,gaba_low,0.0035,index,-6.97733338
42449851,HC,True,GABA-A,gaba_low,0.0035,index,-11.44678267
42823353,IMAGEN,True,GABA-A,gaba_low,0.0035,index,-6.12043713
43525440,HC,True,GABA-A,gaba_low,0.0035,index,-2.61935621
43720294,IMAGEN,True,GABA-A,gaba_low,0.0035,index,-7.58806753
43926786,IMAGEN,True,GABA-A,gaba_low,0.0035,index,-5.84849986
44576096,HC,False,GABA-A,gaba_low,0.0035,index,-7.89848749
45544719,IMAGEN,False,GABA-A,gaba_low,0.0035,index,-14.91292362
48028426,IMAGEN,False,GABA-A,gaba_low,0.0035,index,-8.98589169
48054415,HC,False,GABA-A,gaba_low,0.0035,index,-4.57094846
50395729,IMAGEN,True,GABA-A,gaba_low,0.0035,index,-2.63408198
51076110,HC,False,GABA-A,gaba_low,0.0035,index,-10.9106513
51649816,HC,False,GABA-A,gaba_low,0.0035,index,-4.86762986
52071148,HC,False,GABA-A,gaba_low,0.0035,index,-3.52717608
52801880,IMAGEN,True,GABA-A,gaba_low,0.0035,index,-6.04666875
53120454,IMAGEN,True,GABA-A,gaba_low,0.0035,index,-6.0354904
54633971,HC,False,GABA-A,gaba_low,0.0035,index,-2.79730419
54741718,IMAGEN,True,GABA-A,gaba_low,0.0035,index,0.94344795
55417875,HC,False,GABA-A,gaba_low,0.0035,index,-6.32539694
55499880,HC,False,GABA-A,gaba_low,0.0035,index,-8.77625371
55619168,IMAGEN,True,GABA-A,gaba_low,0.0035,index,-4.45175665
55836894,HC,False,GABA-A,gaba_low,0.0035,index,-6.64852817
56819618,IMAGEN,True,GABA-A,gaba_low,0.0035,index,-11.84208706
57172435,HC,False,GABA-A,gaba_low,0.0035,index,-3.12153483
57348284,IMAGEN,True,GABA-A,gaba_low,0.0035,index,-10.11983089
57930100,HC,True,GABA-A,gaba_low,0.0035,index,-5.76803988
57968987,IMAGEN,True,GABA-A,gaba_low,0.0035,index,-1.64343902
59057693,HC,False,GABA-A,gaba_low,0.0035,index,-5.04609673
59343528,HC,False,GABA-A,gaba_low,0.0035,index,-14.60271009
60184938,HC,False,GABA-A,gaba_low,0.0035,index,-2.20041515
60186708,HC,False,GABA-A,gaba_low,0.0035,index,-5.16769848
60281382,IMAGEN,True,GABA-A,gaba_low,0.0035,index,-9.8272906
60334165,HC,False,GABA-A,gaba_low,0.0035,index,-12.99817164
60530234,HC,False,GABA-A,gaba_low,0.0035,index,-9.25807921
61581707,HC,True,GABA-A,gaba_low,0.0035,index,-3.58989971
61756624,IMAGEN,True,GABA-A,gaba_low,0.0035,index,-7.77040401
63213959,IMAGEN,False,GABA-A,gaba_low,0.0035,index,0.15329258
63218063,HC,False,GABA-A,gaba_low,0.0035,index,-10.85803734
63989137,IMAGEN,False,GABA-A,gaba_low,0.0035,index,-4.51727704
64043761,HC,False,GABA-A,gaba_low,0.0035,index,-6.93829446
64082948,HC,False,GABA-A,gaba_low,0.0035,index,-6.33084749
64309040,HC,False,GABA-A,gaba_low,0.0035,index,0.4651901
65620046,IMAGEN,False,GABA-A,gaba_low,0.0035,index,-1.35971606
66092324,IMAGEN,False,GABA-A,gaba_low,0.0035,index,-9.11321808
66847819,IMAGEN,False,GABA-A,gaba_low,0.0035,index,-11.34120514
67342911,IMAGEN,True,GABA-A,gaba_low,0.0035,index,-6.41975112
67844279,IMAGEN,True,GABA-A,gaba_low,0.0035,index,-4.45019034
68000499,IMAGEN,True,GABA-A,gaba_low,0.0035,index,-2.73244905
69159223,IMAGEN,True,GABA-A,gaba_low,0.0035,index,-7.38726007
69366941,IMAGEN,True,GABA-A,gaba_low,0.0035,index,-7.14356102
69973472,IMAGEN,True,GABA-A,gaba_low,0.0035,index,-10.05334326
70910152,IMAGEN,True,GABA-A,gaba_low,0.0035,index,-4.80120759
72155879,IMAGEN,True,GABA-A,gaba_low,0.0035,index,-7.86151339
72358748,IMAGEN,True,GABA-A,gaba_low,0.0035,index,-4.79587049
79630427,IMAGEN,True,GABA-A,gaba_low,0.0035,index,-12.94896806
80301458,IMAGEN,True,GABA-A,gaba_low,0.0035,index,-1.53031686
80461839,IMAGEN,True,GABA-A,gaba_low,0.0035,index,-2.89493921
82149344,IMAGEN,True,GABA-A,gaba_low,0.0035,index,-9.68795277
83490451,IMAGEN,True,GABA-A,gaba_low,0.0035,index,-13.83444216
84037702,IMAGEN,True,GABA-A,gaba_low,0.0035,index,-5.16973983
84828767,IMAGEN,True,GABA-A,gaba_low,0.0035,index,-2.69558578
90973178,IMAGEN,True,GABA-A,gaba_low,0.0035,index,-3.41692639
92159995,IMAGEN,False,GABA-A,gaba_low,0.0035,index,-0.57262566
92432902,IMAGEN,True,GABA-A,gaba_low,0.0035,index,-6.62921067
92523261,IMAGEN,True,GABA-A,gaba_low,0.0035,index,-6.82379704
94345446,IMAGEN,True,GABA-A,gaba_low,0.0035,index,-2.90801636
94998851,IMAGEN,True,GABA-A,gaba_low,0.0035,index,-7.46027014
97970921,IMAGEN,True,GABA-A,gaba_low,0.0035,index,-7.43096589
110841481,MDD,False,GABA-A,gaba_low,0.0035,index,-3.74810952
110937433,MDD,False,GABA-A,gaba_low,0.0035,index,-8.50978162
111086310,MDD,False,GABA-A,gaba_low,0.0035,index,-9.78353175
111096801,MDD,False,GABA-A,gaba_low,0.0035,index,-13.63998893
111844771,MDD,False,GABA-A,gaba_low,0.0035,index,-7.87646483
112091464,MDD,False,GABA-A,gaba_low,0.0035,index,-12.8868633
112517217,AUD,False,GABA-A,gaba_low,0.0035,index,-4.41487829
112917188,AUD,False,GABA-A,gaba_low,0.0035,index,-7.67629837
112957066,MDD,False,GABA-A,gaba_low,0.0035,index,-7.3400899
113174215,MDD,False,GABA-A,gaba_low,0.0035,index,-6.4009045
113237194,AUD,False,GABA-A,gaba_low,0.0035,index,-6.02321224
113387068,MDD,False,GABA-A,gaba_low,0.0035,index,0.66064635
114552708,MDD,False,GABA-A,gaba_low,0.0035,index,-0.44105131
115212275,AUD,False,GABA-A,gaba_low,0.0035,index,-8.44798787
117385823,MDD,False,GABA-A,gaba_low,0.0035,index,-5.52547793
118382279,MDD,False,GABA-A,gaba_low,0.0035,index,-3.53943249
121801833,AUD,False,GABA-A,gaba_low,0.0035,index,-21.66288677
122083369,AUD,False,GABA-A,gaba_low,0.0035,index,-7.68585143
122408481,MDD,False,GABA-A,gaba_low,0.0035,index,-7.56507631
123660597,MDD,False,GABA-A,gaba_low,0.0035,index,-8.48697412
123930959,MDD,False,GABA-A,gaba_low,0.0035,index,-4.1595162
124782577,AUD,False,GABA-A,gaba_low,0.0035,index,-8.40772848
125237313,MDD,False,GABA-A,gaba_low,0.0035,index,-5.04845996
125339679,AUD,False,GABA-A,gaba_low,0.0035,index,-7.34455643
125524260,AUD,False,GABA-A,gaba_low,0.0035,index,-8.15329031
130293488,MDD,False,GABA-A,gaba_low,0.0035,index,-8.18566714
130597088,MDD,False,GABA-A,gaba_low,0.0035,index,-10.99876443
134330542,MDD,False,GABA-A,gaba_low,0.0035,index,-1.21619895
135517362,MDD,False,GABA-A,gaba_low,0.0035,index,-2.17129298
135672596,AUD,False,GABA-A,gaba_low,0.0035,index,-8.81336182
135736530,MDD,False,GABA-A,gaba_low,0.0035,index,1.8340048
136295480,AUD,False,GABA-A,gaba_low,0.0035,index,-14.29791551
136348275,AUD,False,GABA-A,gaba_low,0.0035,index,-5.33649016
136981533,MDD,False,GABA-A,gaba_low,0.0035,index,0.20205329
137280633,MDD,False,GABA-A,gaba_low,0.0035,index,-1.8674107
138390224,AUD,False,GABA-A,gaba_low,0.0035,index,-15.08917862
140267022,MDD,False,GABA-A,gaba_low,0.0035,index,-7.14382072
141253295,MDD,False,GABA-A,gaba_low,0.0035,index,-4.71677571
141542924,MDD,False,GABA-A,gaba_low,0.0035,index,-6.54135066
141831212,MDD,False,GABA-A,gaba_low,0.0035,index,-3.97787055
142392893,MDD,False,GABA-A,gaba_low,0.0035,index,-5.7574711
143669176,AUD,False,GABA-A,gaba_low,0.0035,index,-8.51736236
144855245,MDD,False,GABA-A,gaba_low,0.0035,index,-1.50413035
144964754,MDD,False,GABA-A,gaba_low,0.0035,index,-3.00586134
146042158,MDD,False,GABA-A,gaba_low,0.0035,index,-3.00789085
146061521,AUD,False,GABA-A,gaba_low,0.0035,index,-6.34139893
146906985,MDD,False,GABA-A,gaba_low,0.0035,index,-3.3543358
147701848,MDD,False,GABA-A,gaba_low,0.0035,index,-7.14292993
147906886,MDD,False,GABA-A,gaba_low,0.0035,index,-5.0125449
148868119,MDD,False,GABA-A,gaba_low,0.0035,index,-8.91620625
148952494,AUD,False,GABA-A,gaba_low,0.0035,index,-3.80589178
149709982,MDD,False,GABA-A,gaba_low,0.0035,index,-5.31673107
149839536,AUD,False,GABA-A,gaba_low,0.0035,index,-5.45344297
150038288,MDD,False,GABA-A,gaba_low,0.0035,index,-2.1814594
150237087,AUD,False,GABA-A,gaba_low,0.0035,index,-12.37190283
150299361,AUD,False,GABA-A,gaba_low,0.0035,index,-6.06656787
151408587,AUD,False,GABA-A,gaba_low,0.0035,index,-5.8190365
152769231,AUD,False,GABA-A,gaba_low,0.0035,index,-5.32712222
152958814,AUD,False,GABA-A,gaba_low,0.0035,index,-12.24114119
153450897,MDD,False,GABA-A,gaba_low,0.0035,index,-4.8951224
154461990,MDD,False,GABA-A,gaba_low,0.0035,index,-6.81110977
154704064,AUD,False,GABA-A,gaba_low,0.0035,index,-11.27545933
155190506,AUD,False,GABA-A,gaba_low,0.0035,index,-3.06605304
155379621,MDD,False,GABA-A,gaba_low,0.0035,index,-3.84150752
156021841,MDD,False,GABA-A,gaba_low,0.0035,index,-0.92059695
157312444,MDD,False,GABA-A,gaba_low,0.0035,index,-11.77420812
157655614,MDD,False,GABA-A,gaba_low,0.0035,index,-2.7759416
157691935,AUD,False,GABA-A,gaba_low,0.0035,index,-8.85952404
159066706,MDD,False,GABA-A,gaba_low,0.0035,index,-13.68661409
160259456,MDD,False,GABA-A,gaba_low,0.0035,index,-2.40092366
161239003,AUD,False,GABA-A,gaba_low,0.0035,index,-4.82340265
162353055,AUD,False,GABA-A,gaba_low,0.0035,index,-5.4727438
162354840,AUD,False,GABA-A,gaba_low,0.0035,index,-3.50975218
163186746,AUD,False,GABA-A,gaba_low,0.0035,index,-3.33414841
164064591,AUD,False,GABA-A,gaba_low,0.0035,index,-3.66771959
164824205,MDD,False,GABA-A,gaba_low,0.0035,index,-8.61961477
164874291,AUD,False,GABA-A,gaba_low,0.0035,index,-4.39473819
165288521,MDD,False,GABA-A,gaba_low,0.0035,index,-14.02862061
165369327,MDD,False,GABA-A,gaba_low,0.0035,index,-17.35668665
165959237,AUD,False,GABA-A,gaba_low,0.0035,index,-3.71626658
166274725,AUD,False,GABA-A,gaba_low,0.0035,index,-8.02498739
166338974,MDD,False,GABA-A,gaba_low,0.0035,index,-18.8887592
166386545,MDD,False,GABA-A,gaba_low,0.0035,index,-17.75754591
166471280,AUD,False,GABA-A,gaba_low,0.0035,index,-2.14746773
166741227,MDD,False,GABA-A,gaba_low,0.0035,index,-20.18820456
166922849,MDD,False,GABA-A,gaba_low,0.0035,index,-22.65984275
168370463,MDD,False,GABA-A,gaba_low,0.0035,index,-17.74096099
168641000,MDD,False,GABA-A,gaba_low,0.0035,index,-20.28787603
169786920,MDD,False,GABA-A,gaba_low,0.0035,index,-18.06376214
171526079,MDD,False,GABA-A,gaba_low,0.0035,index,-17.41016104
171674018,AUD,False,GABA-A,gaba_low,0.0035,index,-5.0604047
171990823,MDD,False,GABA-A,gaba_low,0.0035,index,-16.85639874
172283288,MDD,False,GABA-A,gaba_low,0.0035,index,-16.63782728
172442389,MDD,False,GABA-A,gaba_low,0.0035,index,-9.11377754
174433203,MDD,False,GABA-A,gaba_low,0.0035,index,-17.90805231
174603925,MDD,False,GABA-A,gaba_low,0.0035,index,-18.96712497
175029071,AUD,False,GABA-A,gaba_low,0.0035,index,-12.77073178
175924853,MDD,False,GABA-A,gaba_low,0.0035,index,-16.82145088
176214110,AUD,False,GABA-A,gaba_low,0.0035,index,-3.55223951
176617846,AUD,False,GABA-A,gaba_low,0.0035,index,-4.57494774
177344780,AUD,False,GABA-A,gaba_low,0.0035,index,-10.00478762
177528314,MDD,False,GABA-A,gaba_low,0.0035,index,-12.62135969
177688664,AUD,False,GABA-A,gaba_low,0.0035,index,-11.43682887
177896969,AUD,False,GABA-A,gaba_low,0.0035,index,-4.52269655
178045655,AUD,False,GABA-A,gaba_low,0.0035,index,-7.00944829
178282579,AUD,False,GABA-A,gaba_low,0.0035,index,-11.6776473
178684006,AUD,False,GABA-A,gaba_low,0.0035,index,-9.89478441
178998455,AUD,False,GABA-A,gaba_low,0.0035,index,-7.94403943
181526703,AUD,False,GABA-A,gaba_low,0.0035,index,-9.80966009
182136619,AUD,False,GABA-A,gaba_low,0.0035,index,-6.43570506
183176019,AUD,False,GABA-A,gaba_low,0.0035,index,-6.71216483
183475605,MDD,False,GABA-A,gaba_low,0.0035,index,-12.01641712
183762098,AUD,False,GABA-A,gaba_low,0.0035,index,-13.60370067
184059377,AUD,False,GABA-A,gaba_low,0.0035,index,-14.42954577
186213995,AUD,False,GABA-A,gaba_low,0.0035,index,-5.26738556
186940717,MDD,False,GABA-A,gaba_low,0.0035,index,-9.54048938
187495574,MDD,False,GABA-A,gaba_low,0.0035,index,-12.54494262
188448101,AUD,False,GABA-A,gaba_low,0.0035,index,-1.44534486
188764715,MDD,False,GABA-A,gaba_low,0.0035,index,-15.3711235
190042837,AUD,False,GABA-A,gaba_low,0.0035,index,-9.53864661
191170875,AUD,False,GABA-A,gaba_low,0.0035,index,-9.67311698
191996808,AUD,False,GABA-A,gaba_low,0.0035,index,-4.53303485
193109536,MDD,False,GABA-A,gaba_low,0.0035,index,-20.73092289
195112416,MDD,False,GABA-A,gaba_low,0.0035,index,-2.83570611
195135326,MDD,False,GABA-A,gaba_low,0.0035,index,-1.39986891
195145348,AUD,False,GABA-A,gaba_low,0.0035,index,-2.31662587
195166026,AUD,False,GABA-A,gaba_low,0.0035,index,-7.66295205
195629783,AUD,False,GABA-A,gaba_low,0.0035,index,-4.98559336
195966822,MDD,False,GABA-A,gaba_low,0.0035,index,-3.35009202
197382673,AUD,False,GABA-A,gaba_low,0.0035,index,-9.09881009
198118454,MDD,False,GABA-A,gaba_low,0.0035,index,-5.11462087
199436480,MDD,False,GABA-A,gaba_low,0.0035,index,-3.77416669
112288,IMAGEN,False,GABA-A,gaba,0.004,index,-7.09413612
458976,IMAGEN,False,GABA-A,gaba,0.004,index,-8.4817309
829055,HC,False,GABA-A,gaba,0.004,index,-7.70488512
1647364,IMAGEN,True,GABA-A,gaba,0.004,index,-9.70055224
2190836,HC,False,GABA-A,gaba,0.004,index,-1.04574897
2270310,HC,False,GABA-A,gaba,0.004,index,-5.17976095
2695459,IMAGEN,True,GABA-A,gaba,0.004,index,-3.89284079
2904393,HC,False,GABA-A,gaba,0.004,index,-14.35676285
3287674,HC,False,GABA-A,gaba,0.004,index,-5.45928041
4254555,IMAGEN,False,GABA-A,gaba,0.004,index,-2.64850153
4631192,HC,False,GABA-A,gaba,0.004,index,-8.53419213
4794212,IMAGEN,True,GABA-A,gaba,0.004,index,-9.56936224
4885471,IMAGEN,False,GABA-A,gaba,0.004,index,-10.25580698
5182386,IMAGEN,True,GABA-A,gaba,0.004,index,-11.73762776
5432841,HC,False,GABA-A,gaba,0.004,index,-5.42388034
5901115,IMAGEN,True,GABA-A,gaba,0.004,index,-4.416662
5978534,HC,True,GABA-A,gaba,0.004,index,-4.49223099
6000160,IMAGEN,False,GABA-A,gaba,0.004,index,-2.87747889
6314205,HC,False,GABA-A,gaba,0.004,index,-7.31808932
6502630,HC,False,GABA-A,gaba,0.004,index,-10.610293
7127936,HC,False,GABA-A,gaba,0.004,index,-2.84307895
7478069,IMAGEN,True,GABA-A,gaba,0.004,index,-3.84872886
7764421,HC,False,GABA-A,gaba,0.004,index,-4.88314964
8043474,HC,False,GABA-A,gaba,0.004,index,-1.65305827
10058298,IMAGEN,False,GABA-A,gaba,0.004,index,-6.76424242
10121092,IMAGEN,True,GABA-A,gaba,0.004,index,-0.81060413
11922061,IMAGEN,True,GABA-A,gaba,0.004,index,-4.02429218
12029891,HC,False,GABA-A,gaba,0.004,index,-13.27499393
13471924,IMAGEN,True,GABA-A,gaba,0.004,index,-2.54947907
14759699,IMAGEN,True,GABA-A,gaba,0.004,index,-4.52958866
14783858,IMAGEN,False,GABA-A,gaba,0.004,index,-2.36855937
14850118,HC,False,GABA-A,gaba,0.004,index,-6.01976897
14893890,IMAGEN,True,GABA-A,gaba,0.004,index,-8.27743221
15059321,IMAGEN,True,GABA-A,gaba,0.004,index,-1.83590271
16190159,IMAGEN,True,GABA-A,gaba,0.004,index,0.33569809
16275727,IMAGEN,True,GABA-A,gaba,0.004,index,-10.14005728
16708319,HC,False,GABA-A,gaba,0.004,index,-4.548405
17213220,IMAGEN,True,GABA-A,gaba,0.004,index,-4.50230214
17696979,IMAGEN,False,GABA-A,gaba,0.004,index,-4.27534893
18455372,IMAGEN,False,GABA-A,gaba,0.004,index,-0.31340742
18801650,IMAGEN,True,GABA-A,gaba,0.004,index,-0.15961862
18904077,HC,True,GABA-A,gaba,0.004,index,-3.19595533
18952353,HC,False,GABA-A,gaba,0.004,index,-7.66978401
19031295,HC,False,GABA-A,gaba,0.004,index,-2.86788396
19316057,HC,False,GABA-A,gaba,0.004,index,-7.04709207
19432693,IMAGEN,False,GABA-A,gaba,0.004,index,-1.95714877
20051604,HC,False,GABA-A,gaba,0.004,index,-5.18505465
20830744,HC,True,GABA-A,gaba,0.004,index,1.67581951
21053574,HC,True,GABA-A,gaba,0.004,index,-5.06628575
21313420,IMAGEN,True,GABA-A,gaba,0.004,index,-4.78320626
22084493,HC,False,GABA-A,gaba,0.004,index,-3.42700661
23343892,HC,False,GABA-A,gaba,0.004,index,-6.90535085
24115048,HC,True,GABA-A,gaba,0.004,index,-8.63623481
24495953,IMAGEN,True,GABA-A,gaba,0.004,index,-9.24708989
25000478,HC,True,GABA-A,gaba,0.004,index,-6.69633681
25067315,IMAGEN,True,GABA-A,gaba,0.004,index,-0.31319718
25356336,IMAGEN,True,GABA-A,gaba,0.004,index,-6.03183183
25517914,IMAGEN,True,GABA-A,gaba,0.004,index,-6.95659511
25821028,HC,False,GABA-A,gaba,0.004,index,-0.76843479
26901488,IMAGEN,True,GABA-A,gaba,0.004,index,-3.11439628
27363295,HC,False,GABA-A,gaba,0.004,index,-2.28735181
27578624,IMAGEN,True,GABA-A,gaba,0.004,index,-11.75623857
28113492,HC,True,GABA-A,gaba,0.004,index,-6.94483663
28264513,HC,False,GABA-A,gaba,0.004,index,-6.05651852
29658673,IMAGEN,True,GABA-A,gaba,0.004,index,-9.50579532
29751086,IMAGEN,True,GABA-A,gaba,0.004,index,-7.38021621
29871328,IMAGEN,True,GABA-A,gaba,0.004,index,-10.73149025
30151696,HC,False,GABA-A,gaba,0.004,index,-15.3599153
30276332,IMAGEN,True,GABA-A,gaba,0.004,index,-1.3368653
30649663,HC,True,GABA-A,gaba,0.004,index,-2.04543973
30779144,IMAGEN,True,GABA-A,gaba,0.004,index,-10.09682112
31070544,IMAGEN,True,GABA-A,gaba,0.004,index,-3.88009437
31171219,IMAGEN,True,GABA-A,gaba,0.004,index,-3.60277523
31825112,IMAGEN,True,GABA-A,gaba,0.004,index,-2.27637379
31851798,IMAGEN,True,GABA-A,gaba,0.004,index,-2.12023974
32581973,HC,False,GABA-A,gaba,0.004,index,-1.80919498
34458922,HC,False,GABA-A,gaba,0.004,index,-5.59571257
35704260,IMAGEN,True,GABA-A,gaba,0.004,index,-5.91915183
36383037,HC,False,GABA-A,gaba,0.004,index,-5.70504037
37280746,HC,False,GABA-A,gaba,0.004,index,-0.11483047
37805580,HC,True,GABA-A,gaba,0.004,index,-4.75456224
38072766,HC,False,GABA-A,gaba,0.004,index,-6.06176757
38521433,IMAGEN,True,GABA-A,gaba,0.004,index,-6.55555665
38666520,HC,False,GABA-A,gaba,0.004,index,-0.30800018
39453204,HC,False,GABA-A,gaba,0.004,index,-2.27330994
39583981,HC,False,GABA-A,gaba,0.004,index,-10.77676688
39776858,IMAGEN,True,GABA-A,gaba,0.004,index,-9.75222991
40201562,HC,False,GABA-A,gaba,0.004,index,-6.48850278
41213271,HC,False,GABA-A,gaba,0.004,index,-0.59175333
41383458,IMAGEN,True,GABA-A,gaba,0.004,index,-3.28822953
41429086,IMAGEN,True,GABA-A,gaba,0.004,index,-8.46128934
41548748,HC,False,GABA-A,gaba,0.004,index,-6.72797846
42449851,HC,True,GABA-A,gaba,0.004,index,-11.46744974
42823353,IMAGEN,True,GABA-A,gaba,0.004,index,-2.8836179
43525440,HC,True,GABA-A,gaba,0.004,index,-2.22722233
43720294,IMAGEN,True,GABA-A,gaba,0.004,index,-8.05063653
43926786,IMAGEN,True,GABA-A,gaba,0.004,index,-4.94502123
44576096,HC,False,GABA-A,gaba,0.004,index,-7.69425357
45544719,IMAGEN,False,GABA-A,gaba,0.004,index,-14.31898684
48028426,IMAGEN,False,GABA-A,gaba,0.004,index,-8.77853395
48054415,HC,False,GABA-A,gaba,0.004,index,-4.12027066
50395729,IMAGEN,True,GABA-A,gaba,0.004,index,-2.83585959
51076110,HC,False,GABA-A,gaba,0.004,index,-9.89654005
51649816,HC,False,GABA-A,gaba,0.004,index,-4.59018609
52071148,HC,False,GABA-A,gaba,0.004,index,-2.75249077
52801880,IMAGEN,True,GABA-A,gaba,0.004,index,-5.90466084
53120454,IMAGEN,True,GABA-A,gaba,0.004,index,-6.7639103
54633971,HC,False,GABA-A,gaba,0.004,index,-3.3589934
54741718,IMAGEN,True,GABA-A,gaba,0.004,index,-1.15830844
55417875,HC,False,GABA-A,gaba,0.004,index,-8.40357113
55499880,HC,False,GABA-A,gaba,0.004,index,-7.81660005
55619168,IMAGEN,True,GABA-A,gaba,0.004,index,-3.106839
55836894,HC,False,GABA-A,gaba,0.004,index,-7.28257277
56819618,IMAGEN,True,GABA-A,gaba,0.004,index,-11.00986029
57172435,HC,False,GABA-A,gaba,0.004,index,-2.24467632
57348284,IMAGEN,True,GABA-A,gaba,0.004,index,-10.92172487
57930100,HC,True,GABA-A,gaba,0.004,index,-5.63870878
57968987,IMAGEN,True,GABA-A,gaba,0.004,index,-2.20974516
59057693,HC,False,GABA-A,gaba,0.004,index,-5.41642663
59343528,HC,False,GABA-A,gaba,0.004,index,-13.98367002
60184938,HC,False,GABA-A,gaba,0.004,index,-1.76191787
60186708,HC,False,GABA-A,gaba,0.004,index,-4.46926633
60281382,IMAGEN,True,GABA-A,gaba,0.004,index,-11.65607135
60334165,HC,False,GABA-A,gaba,0.004,index,-12.75801167
60530234,HC,False,GABA-A,gaba,0.004,index,-8.97318294
61581707,HC,True,GABA-A,gaba,0.004,index,-5.08321938
61756624,IMAGEN,True,GABA-A,gaba,0.004,index,-9.80719296
63213959,IMAGEN,False,GABA-A,gaba,0.004,index,-0.44640108
63218063,HC,False,GABA-A,gaba,0.004,index,-8.06689561
63989137,IMAGEN,False,GABA-A,gaba,0.004,index,-4.95551176
64043761,HC,False,GABA-A,gaba,0.004,index,-3.70782855
64082948,HC,False,GABA-A,gaba,0.004,index,-5.33777454
64309040,HC,False,GABA-A,gaba,0.004,index,0.35561854
65620046,IMAGEN,False,GABA-A,gaba,0.004,index,-2.82041094
66092324,IMAGEN,False,GABA-A,gaba,0.004,index,-6.8300876
66847819,IMAGEN,False,GABA-A,gaba,0.004,index,-11.96923776
67342911,IMAGEN,True,GABA-A,gaba,0.004,index,-3.943748
67844279,IMAGEN,True,GABA-A,gaba,0.004,index,-4.98996626
68000499,IMAGEN,True,GABA-A,gaba,0.004,index,-1.42219554
69159223,IMAGEN,True,GABA-A,gaba,0.004,index,-6.7759906
69366941,IMAGEN,True,GABA-A,gaba,0.004,index,-7.14942551
69973472,IMAGEN,True,GABA-A,gaba,0.004,index,-10.09280039
70910152,IMAGEN,True,GABA-A,gaba,0.004,index,-6.9823637
72155879,IMAGEN,True,GABA-A,gaba,0.004,index,-7.93865723
72358748,IMAGEN,True,GABA-A,gaba,0.004,index,-4.98262835
79630427,IMAGEN,True,GABA-A,gaba,0.004,index,-12.84829618
80301458,IMAGEN,True,GABA-A,gaba,0.004,index,-0.60763355
80461839,IMAGEN,True,GABA-A,gaba,0.004,index,-2.77075809
82149344,IMAGEN,True,GABA-A,gaba,0.004,index,-8.30868524
83490451,IMAGEN,True,GABA-A,gaba,0.004,index,-9.84558641
84037702,IMAGEN,True,GABA-A,gaba,0.004,index,-3.97906039
84828767,IMAGEN,True,GABA-A,gaba,0.004,index,-1.91823938
90973178,IMAGEN,True,GABA-A,gaba,0.004,index,-3.06072757
92159995,IMAGEN,False,GABA-A,gaba,0.004,index,-0.18921522
92432902,IMAGEN,True,GABA-A,gaba,0.004,index,-5.23778405
92523261,IMAGEN,True,GABA-A,gaba,0.004,index,-8.46152932
94345446,IMAGEN,True,GABA-A,gaba,0.004,index,-1.7861232
94998851,IMAGEN,True,GABA-A,gaba,0.004,index,-10.24677645
97970921,IMAGEN,True,GABA-A,gaba,0.004,index,-6.4843434
110841481,MDD,False,GABA-A,gaba,0.004,index,-4.98016916
110937433,MDD,False,GABA-A,gaba,0.004,index,-8.74145688
111086310,MDD,False,GABA-A,gaba,0.004,index,-9.94097243
111096801,MDD,False,GABA-A,gaba,0.004,index,-13.52515923
111844771,MDD,False,GABA-A,gaba,0.004,index,-9.23976298
112091464,MDD,False,GABA-A,gaba,0.004,index,-12.78498506
112517217,AUD,False,GABA-A,gaba,0.004,index,-4.43276071
112917188,AUD,False,GABA-A,gaba,0.004,index,-14.15428239
112957066,MDD,False,GABA-A,gaba,0.004,index,-5.14620503
113174215,MDD,False,GABA-A,gaba,0.004,index,-6.87569495
113237194,AUD,False,GABA-A,gaba,0.004,index,-9.09934035
113387068,MDD,False,GABA-A,gaba,0.004,index,0.12446078
114552708,MDD,False,GABA-A,gaba,0.004,index,-1.23480599
115212275,AUD,False,GABA-A,gaba,0.004,index,-7.75930039
117385823,MDD,False,GABA-A,gaba,0.004,index,-6.56242706
118382279,MDD,False,GABA-A,gaba,0.004,index,-4.68688379
121801833,AUD,False,GABA-A,gaba,0.004,index,-22.9525715
122083369,AUD,False,GABA-A,gaba,0.004,index,-6.90706492
122408481,MDD,False,GABA-A,gaba,0.004,index,-7.63587696
123660597,MDD,False,GABA-A,gaba,0.004,index,-8.18967896
123930959,MDD,False,GABA-A,gaba,0.004,index,-3.4728752
124782577,AUD,False,GABA-A,gaba,0.004,index,-9.1028911
125237313,MDD,False,GABA-A,gaba,0.004,index,-5.93842446
125339679,AUD,False,GABA-A,gaba,0.004,index,-7.95051098
125524260,AUD,False,GABA-A,gaba,0.004,index,-9.23468303
130293488,MDD,False,GABA-A,gaba,0.004,index,-7.23327384
130597088,MDD,False,GABA-A,gaba,0.004,index,-11.24529194
134330542,MDD,False,GABA-A,gaba,0.004,index,-3.71615959
135517362,MDD,False,GABA-A,gaba,0.004,index,-0.53131731
135672596,AUD,False,GABA-A,gaba,0.004,index,-9.28313638
135736530,MDD,False,GABA-A,gaba,0.004,index,1.81070994
136295480,AUD,False,GABA-A,gaba,0.004,index,-13.54381279
136348275,AUD,False,GABA-A,gaba,0.004,index,-3.71306102
136981533,MDD,False,GABA-A,gaba,0.004,index,-0.88597718
137280633,MDD,False,GABA-A,gaba,0.004,index,-5.9058369
138390224,AUD,False,GABA-A,gaba,0.004,index,-13.66389839
140267022,MDD,False,GABA-A,gaba,0.004,index,-2.853339
141253295,MDD,False,GABA-A,gaba,0.004,index,-6.53163158
141542924,MDD,False,GABA-A,gaba,0.004,index,-7.29146397
141831212,MDD,False,GABA-A,gaba,0.004,index,-2.02891454
142392893,MDD,False,GABA-A,gaba,0.004,index,-5.36902976
143669176,AUD,False,GABA-A,gaba,0.004,index,-6.63756848
144855245,MDD,False,GABA-A,gaba,0.004,index,-1.6483567
144964754,MDD,False,GABA-A,gaba,0.004,index,-2.9646993
146042158,MDD,False,GABA-A,gaba,0.004,index,-2.20019761
146061521,AUD,False,GABA-A,gaba,0.004,index,-6.44489796
146906985,MDD,False,GABA-A,gaba,0.004,index,-3.61395942
147701848,MDD,False,GABA-A,gaba,0.004,index,-8.20893149
147906886,MDD,False,GABA-A,gaba,0.004,index,-4.09034327
148868119,MDD,False,GABA-A,gaba,0.004,index,-7.45379727
148952494,AUD,False,GABA-A,gaba,0.004,index,-2.84256723
149709982,MDD,False,GABA-A,gaba,0.004,index,-3.76215596
149839536,AUD,False,GABA-A,gaba,0.004,index,-3.99028076
150038288,MDD,False,GABA-A,gaba,0.004,index,-1.86963091
150237087,AUD,False,GABA-A,gaba,0.004,index,-9.8888469
150299361,AUD,False,GABA-A,gaba,0.004,index,-6.75351181
151408587,AUD,False,GABA-A,gaba,0.004,index,-6.41023329
152769231,AUD,False,GABA-A,gaba,0.004,index,-3.51405104
152958814,AUD,False,GABA-A,gaba,0.004,index,-12.18596041
153450897,MDD,False,GABA-A,gaba,0.004,index,-4.44890401
154461990,MDD,False,GABA-A,gaba,0.004,index,-4.57014974
154704064,AUD,False,GABA-A,gaba,0.004,index,-11.82037897
155190506,AUD,False,GABA-A,gaba,0.004,index,-3.23743801
155379621,MDD,False,GABA-A,gaba,0.004,index,-4.13726209
156021841,MDD,False,GABA-A,gaba,0.004,index,-0.2522896
157312444,MDD,False,GABA-A,gaba,0.004,index,-9.68358924
157655614,MDD,False,GABA-A,gaba,0.004,index,-3.04527259
157691935,AUD,False,GABA-A,gaba,0.004,index,-9.31222092
159066706,MDD,False,GABA-A,gaba,0.004,index,-11.55660828
160259456,MDD,False,GABA-A,gaba,0.004,index,-2.61366323
161239003,AUD,False,GABA-A,gaba,0.004,index,-4.52340632
162353055,AUD,False,GABA-A,gaba,0.004,index,-5.51625224
162354840,AUD,False,GABA-A,gaba,0.004,index,-4.48101183
163186746,AUD,False,GABA-A,gaba,0.004,index,-4.51734004
164064591,AUD,False,GABA-A,gaba,0.004,index,-3.93040908
164824205,MDD,False,GABA-A,gaba,0.004,index,-9.58605321
164874291,AUD,False,GABA-A,gaba,0.004,index,-2.86308458
165288521,MDD,False,GABA-A,gaba,0.004,index,-6.78325438
165369327,MDD,False,GABA-A,gaba,0.004,index,-3.69694315
165959237,AUD,False,GABA-A,gaba,0.004,index,-3.76268392
166274725,AUD,False,GABA-A,gaba,0.004,index,-9.09968286
166338974,MDD,False,GABA-A,gaba,0.004,index,-7.1118586
166386545,MDD,False,GABA-A,gaba,0.004,index,0.7489674
166471280,AUD,False,GABA-A,gaba,0.004,index,-2.22058932
166741227,MDD,False,GABA-A,gaba,0.004,index,-8.86845074
166922849,MDD,False,GABA-A,gaba,0.004,index,-14.74997821
168370463,MDD,False,GABA-A,gaba,0.004,index,-9.50673739
168641000,MDD,False,GABA-A,gaba,0.004,index,-5.02707024
169786920,MDD,False,GABA-A,gaba,0.004,index,-7.13442128
171526079,MDD,False,GABA-A,gaba,0.004,index,-5.42855386
171674018,AUD,False,GABA-A,gaba,0.004,index,-4.71152367
171990823,MDD,False,GABA-A,gaba,0.004,index,-2.59870523
172283288,MDD,False,GABA-A,gaba,0.004,index,-6.20026109
172442389,MDD,False,GABA-A,gaba,0.004,index,-3.46236911
174433203,MDD,False,GABA-A,gaba,0.004,index,-4.15273424
174603925,MDD,False,GABA-A,gaba,0.004,index,-3.34835902
175029071,AUD,False,GABA-A,gaba,0.004,index,-10.90373648
175924853,MDD,False,GABA-A,gaba,0.004,index,-4.48390158
176214110,AUD,False,GABA-A,gaba,0.004,index,-3.6601899
176617846,AUD,False,GABA-A,gaba,0.004,index,-5.85076056
177344780,AUD,False,GABA-A,gaba,0.004,index,-10.91306317
177528314,MDD,False,GABA-A,gaba,0.004,index,-2.1046167
177688664,AUD,False,GABA-A,gaba,0.004,index,-11.18028498
177896969,AUD,False,GABA-A,gaba,0.004,index,-4.05218031
178045655,AUD,False,GABA-A,gaba,0.004,index,-8.02338781
178282579,AUD,False,GABA-A,gaba,0.004,index,-10.91701176
178684006,AUD,False,GABA-A,gaba,0.004,index,-9.31449381
178998455,AUD,False,GABA-A,gaba,0.004,index,-6.93711695
181526703,AUD,False,GABA-A,gaba,0.004,index,-8.47817729
182136619,AUD,False,GABA-A,gaba,0.004,index,-4.8306094
183176019,AUD,False,GABA-A,gaba,0.004,index,-8.08473794
183475605,MDD,False,GABA-A,gaba,0.004,index,-2.11085229
183762098,AUD,False,GABA-A,gaba,0.004,index,-12.06799377
184059377,AUD,False,GABA-A,gaba,0.004,index,-13.187261
186213995,AUD,False,GABA-A,gaba,0.004,index,-4.73061317
186940717,MDD,False,GABA-A,gaba,0.004,index,-4.25558063
187495574,MDD,False,GABA-A,gaba,0.004,index,-5.69178774
188448101,AUD,False,GABA-A,gaba,0.004,index,-1.62006055
188764715,MDD,False,GABA-A,gaba,0.004,index,-2.87658705
190042837,AUD,False,GABA-A,gaba,0.004,index,-9.31996854
191170875,AUD,False,GABA-A,gaba,0.004,index,-9.9719679
191996808,AUD,False,GABA-A,gaba,0.004,index,-4.55052605
193109536,MDD,False,GABA-A,gaba,0.004,index,-13.0220953
195112416,MDD,False,GABA-A,gaba,0.004,index,-3.3751295
195135326,MDD,False,GABA-A,gaba,0.004,index,-3.05360909
195145348,AUD,False,GABA-A,gaba,0.004,index,-3.74136577
195166026,AUD,False,GABA-A,gaba,0.004,index,-7.031195
195629783,AUD,False,GABA-A,gaba,0.004,index,-4.50602149
195966822,MDD,False,GABA-A,gaba,0.004,index,-0.85100425
197382673,AUD,False,GABA-A,gaba,0.004,index,-6.81155857
198118454,MDD,False,GABA-A,gaba,0.004,index,-3.94175647
199436480,MDD,False,GABA-A,gaba,0.004,index,-2.2396656
112288,IMAGEN,False,GABA-A,gaba_high,0.0045,index,-7.18116614
458976,IMAGEN,False,GABA-A,gaba_high,0.0045,index,-10.09943325
829055,HC,False,GABA-A,gaba_high,0.0045,index,-8.05216571
1647364,IMAGEN,True,GABA-A,gaba_high,0.0045,index,-7.13621683
2190836,HC,False,GABA-A,gaba_high,0.0045,index,-1.21312786
2270310,HC,False,GABA-A,gaba_high,0.0045,index,-5.18677916
2695459,IMAGEN,True,GABA-A,gaba_high,0.0045,index,0.08197329
2904393,HC,False,GABA-A,gaba_high,0.0045,index,-13.98200236
3287674,HC,False,GABA-A,gaba_high,0.0045,index,-4.88899823
4254555,IMAGEN,False,GABA-A,gaba_high,0.0045,index,-4.17157981
4631192,HC,False,GABA-A,gaba_high,0.0045,index,-10.74027887
4794212,IMAGEN,True,GABA-A,gaba_high,0.0045,index,-3.88605925
4885471,IMAGEN,False,GABA-A,gaba_high,0.0045,index,-8.79935773
5182386,IMAGEN,True,GABA-A,gaba_high,0.0045,index,-11.05968697
5432841,HC,False,GABA-A,gaba_high,0.0045,index,-5.88862192
5901115,IMAGEN,True,GABA-A,gaba_high,0.0045,index,-5.09562764
5978534,HC,True,GABA-A,gaba_high,0.0045,index,-3.39291819
6000160,IMAGEN,False,GABA-A,gaba_high,0.0045,index,-2.28605508
6314205,HC,False,GABA-A,gaba_high,0.0045,index,-7.63154809
6502630,HC,False,GABA-A,gaba_high,0.0045,index,-10.23859483
7127936,HC,False,GABA-A,gaba_high,0.0045,index,-1.29023053
7478069,IMAGEN,True,GABA-A,gaba_high,0.0045,index,-2.54470172
7764421,HC,False,GABA-A,gaba_high,0.0045,index,-5.71950177
8043474,HC,False,GABA-A,gaba_high,0.0045,index,-1.35853789
10058298,IMAGEN,False,GABA-A,gaba_high,0.0045,index,-7.95994578
10121092,IMAGEN,True,GABA-A,gaba_high,0.0045,index,-1.71280562
11922061,IMAGEN,True,GABA-A,gaba_high,0.0045,index,-4.56755599
12029891,HC,False,GABA-A,gaba_high,0.0045,index,-12.75792771
13471924,IMAGEN,True,GABA-A,gaba_high,0.0045,index,-5.00103113
14759699,IMAGEN,True,GABA-A,gaba_high,0.0045,index,-5.50696668
14783858,IMAGEN,False,GABA-A,gaba_high,0.0045,index,-2.41823594
14850118,HC,False,GABA-A,gaba_high,0.0045,index,-4.59569006
14893890,IMAGEN,True,GABA-A,gaba_high,0.0045,index,-9.29223929
15059321,IMAGEN,True,GABA-A,gaba_high,0.0045,index,-1.92893982
16190159,IMAGEN,True,GABA-A,gaba_high,0.0045,index,-0.93839001
16275727,IMAGEN,True,GABA-A,gaba_high,0.0045,index,-11.45516057
16708319,HC,False,GABA-A,gaba_high,0.0045,index,-2.62372233
17213220,IMAGEN,True,GABA-A,gaba_high,0.0045,index,-4.76564643
17696979,IMAGEN,False,GABA-A,gaba_high,0.0045,index,-1.91907201
18455372,IMAGEN,False,GABA-A,gaba_high,0.0045,index,-1.00806025
18801650,IMAGEN,True,GABA-A,gaba_high,0.0045,index,-0.3649382
18904077,HC,True,GABA-A,gaba_high,0.0045,index,-3.49665357
18952353,HC,False,GABA-A,gaba_high,0.0045,index,-4.09118926
19031295,HC,False,GABA-A,gaba_high,0.0045,index,-1.14079978
19316057,HC,False,GABA-A,gaba_high,0.0045,index,-3.47793617
19432693,IMAGEN,False,GABA-A,gaba_high,0.0045,index,-2.36985684
20051604,HC,False,GABA-A,gaba_high,0.0045,index,-5.83874179
20830744,HC,True,GABA-A,gaba_high,0.0045,index,2.2111487
21053574,HC,True,GABA-A,gaba_high,0.0045,index,-0.46834918
21313420,IMAGEN,True,GABA-A,gaba_high,0.0045,index,-3.75581023
22084493,HC,False,GABA-A,gaba_high,0.0045,index,-1.36420362
23343892,HC,False,GABA-A,gaba_high,0.0045,index,-6.06968745
24115048,HC,True,GABA-A,gaba_high,0.0045,index,-9.15412153
24495953,IMAGEN,True,GABA-A,gaba_high,0.0045,index,-9.2228732
25000478,HC,True,GABA-A,gaba_high,0.0045,index,-5.2277772
25067315,IMAGEN,True,GABA-A,gaba_high,0.0045,index,0.48342282
25356336,IMAGEN,True,GABA-A,gaba_high,0.0045,index,-7.60100598
25517914,IMAGEN,True,GABA-A,gaba_high,0.0045,index,-8.37418955
25821028,HC,False,GABA-A,gaba_high,0.0045,index,-0.3981388
26901488,IMAGEN,True,GABA-A,gaba_high,0.0045,index,-3.40315732
27363295,HC,False,GABA-A,gaba_high,0.0045,index,-4.08071348
27578624,IMAGEN,True,GABA-A,gaba_high,0.0045,index,-9.03613228
28113492,HC,True,GABA-A,gaba_high,0.0045,index,-5.9109331
28264513,HC,False,GABA-A,gaba_high,0.0045,index,-5.48878539
29658673,IMAGEN,True,GABA-A,gaba_high,0.0045,index,-5.7559157
29751086,IMAGEN,True,GABA-A,gaba_high,0.0045,index,-4.29575819
29871328,IMAGEN,True,GABA-A,gaba_high,0.0045,index,-10.25280114
30151696,HC,False,GABA-A,gaba_high,0.0045,index,-12.040619
30276332,IMAGEN,True,GABA-A,gaba_high,0.0045,index,-0.73769032
30649663,HC,True,GABA-A,gaba_high,0.0045,index,-3.46831882
30779144,IMAGEN,True,GABA-A,gaba_high,0.0045,index,-9.59934649
31070544,IMAGEN,True,GABA-A,gaba_high,0.0045,index,-4.64950473
31171219,IMAGEN,True,GABA-A,gaba_high,0.0045,index,-1.95517158
31825112,IMAGEN,True,GABA-A,gaba_high,0.0045,index,-2.65410355
31851798,IMAGEN,True,GABA-A,gaba_high,0.0045,index,-1.62004222
32581973,HC,False,GABA-A,gaba_high,0.0045,index,-1.45174841
34458922,HC,False,GABA-A,gaba_high,0.0045,index,-6.24366006
35704260,IMAGEN,True,GABA-A,gaba_high,0.0045,index,-7.81493404
36383037,HC,False,GABA-A,gaba_high,0.0045,index,-5.21642555
37280746,HC,False,GABA-A,gaba_high,0.0045,index,1.53866376
37805580,HC,True,GABA-A,gaba_high,0.0045,index,-2.81908395
38072766,HC,False,GABA-A,gaba_high,0.0045,index,-5.00031382
38521433,IMAGEN,True,GABA-A,gaba_high,0.0045,index,-5.45768903
38666520,HC,False,GABA-A,gaba_high,0.0045,index,3.15184933
39453204,HC,False,GABA-A,gaba_high,0.0045,index,-2.26470766
39583981,HC,False,GABA-A,gaba_high,0.0045,index,-10.50299466
39776858,IMAGEN,True,GABA-A,gaba_high,0.0045,index,-9.89837049
40201562,HC,False,GABA-A,gaba_high,0.0045,index,-2.7927809
41213271,HC,False,GABA-A,gaba_high,0.0045,index,0.49671349
41383458,IMAGEN,True,GABA-A,gaba_high,0.0045,index,-3.17850017
41429086,IMAGEN,True,GABA-A,gaba_high,0.0045,index,-5.91024714
41548748,HC,False,GABA-A,gaba_high,0.0045,index,-5.55809114
42449851,HC,True,GABA-A,gaba_high,0.0045,index,-11.12595434
42823353,IMAGEN,True,GABA-A,gaba_high,0.0045,index,-3.41025431
43525440,HC,True,GABA-A,gaba_high,0.0045,index,-1.16953213
43720294,IMAGEN,True,GABA-A,gaba_high,0.0045,index,-8.20180291
43926786,IMAGEN,True,GABA-A,gaba_high,0.0045,index,-6.72100027
44576096,HC,False,GABA-A,gaba_high,0.0045,index,-6.69333099
45544719,IMAGEN,False,GABA-A,gaba_high,0.0045,index,-14.83425829
48028426,IMAGEN,False,GABA-A,gaba_high,0.0045,index,-9.37833392
48054415,HC,False,GABA-A,gaba_high,0.0045,index,-3.52709925
50395729,IMAGEN,True,GABA-A,gaba_high,0.0045,index,-1.97219974
51076110,HC,False,GABA-A,gaba_high,0.0045,index,-7.23322364
51649816,HC,False,GABA-A,gaba_high,0.0045,index,-4.05384051
52071148,HC,False,GABA-A,gaba_high,0.0045,index,-1.41532767
52801880,IMAGEN,True,GABA-A,gaba_high,0.0045,index,-4.54824988
53120454,IMAGEN,True,GABA-A,gaba_high,0.0045,index,-5.41107283
54633971,HC,False,GABA-A,gaba_high,0.0045,index,-3.71752416
54741718,IMAGEN,True,GABA-A,gaba_high,0.0045,index,-1.40855689
55417875,HC,False,GABA-A,gaba_high,0.0045,index,-8.14204646
55499880,HC,False,GABA-A,gaba_high,0.0045,index,-3.15597887
55619168,IMAGEN,True,GABA-A,gaba_high,0.0045,index,-4.10184898
55836894,HC,False,GABA-A,gaba_high,0.0045,index,-6.76182303
56819618,IMAGEN,True,GABA-A,gaba_high,0.0045,index,-10.78746799
57172435,HC,False,GABA-A,gaba_high,0.0045,index,-1.01256394
57348284,IMAGEN,True,GABA-A,gaba_high,0.0045,index,-10.61517899
57930100,HC,True,GABA-A,gaba_high,0.0045,index,-4.16131745
57968987,IMAGEN,True,GABA-A,gaba_high,0.0045,index,-2.3036674
59057693,HC,False,GABA-A,gaba_high,0.0045,index,-5.98969273
59343528,HC,False,GABA-A,gaba_high,0.0045,index,-13.74432108
60184938,HC,False,GABA-A,gaba_high,0.0045,index,0.35493486
60186708,HC,False,GABA-A,gaba_high,0.0045,index,-5.05930455
60281382,IMAGEN,True,GABA-A,gaba_high,0.0045,index,-10.87913448
60334165,HC,False,GABA-A,gaba_high,0.0045,index,-9.56200685
60530234,HC,False,GABA-A,gaba_high,0.0045,index,-5.5945942
61581707,HC,True,GABA-A,gaba_high,0.0045,index,-5.12529478
61756624,IMAGEN,True,GABA-A,gaba_high,0.0045,index,-7.02945896
63213959,IMAGEN,False,GABA-A,gaba_high,0.0045,index,1.60642816
63218063,HC,False,GABA-A,gaba_high,0.0045,index,-8.67264109
63989137,IMAGEN,False,GABA-A,gaba_high,0.0045,index,-4.8315972
64043761,HC,False,GABA-A,gaba_high,0.0045,index,-4.32105635
64082948,HC,False,GABA-A,gaba_high,0.0045,index,-3.34808865
64309040,HC,False,GABA-A,gaba_high,0.0045,index,0.01259418
65620046,IMAGEN,False,GABA-A,gaba_high,0.0045,index,-4.165889
66092324,IMAGEN,False,GABA-A,gaba_high,0.0045,index,-5.93506134
66847819,IMAGEN,False,GABA-A,gaba_high,0.0045,index,-12.10114563
67342911,IMAGEN,True,GABA-A,gaba_high,0.0045,index,-7.8771355
67844279,IMAGEN,True,GABA-A,gaba_high,0.0045,index,-8.09329221
68000499,IMAGEN,True,GABA-A,gaba_high,0.0045,index,-0.75006388
69159223,IMAGEN,True,GABA-A,gaba_high,0.0045,index,-7.95212263
69366941,IMAGEN,True,GABA-A,gaba_high,0.0045,index,-7.07997042
69973472,IMAGEN,True,GABA-A,gaba_high,0.0045,index,-10.57029768
70910152,IMAGEN,True,GABA-A,gaba_high,0.0045,index,-3.1665985
72155879,IMAGEN,True,GABA-A,gaba_high,0.0045,index,-5.48930356
72358748,IMAGEN,True,GABA-A,gaba_high,0.0045,index,-1.58338316
79630427,IMAGEN,True,GABA-A,gaba_high,0.0045,index,-11.98232794
80301458,IMAGEN,True,GABA-A,gaba_high,0.0045,index,-0.46106352
80461839,IMAGEN,True,GABA-A,gaba_high,0.0045,index,-4.31497519
82149344,IMAGEN,True,GABA-A,gaba_high,0.0045,index,-3.9374332
83490451,IMAGEN,True,GABA-A,gaba_high,0.0045,index,-8.86153563
84037702,IMAGEN,True,GABA-A,gaba_high,0.0045,index,-3.84457126
84828767,IMAGEN,True,GABA-A,gaba_high,0.0045,index,-3.34220393
90973178,IMAGEN,True,GABA-A,gaba_high,0.0045,index,-3.55870563
92159995,IMAGEN,False,GABA-A,gaba_high,0.0045,index,2.31006396
92432902,IMAGEN,True,GABA-A,gaba_high,0.0045,index,-4.77661153
92523261,IMAGEN,True,GABA-A,gaba_high,0.0045,index,-8.07320288
94345446,IMAGEN,True,GABA-A,gaba_high,0.0045,index,0.05097334
94998851,IMAGEN,True,GABA-A,gaba_high,0.0045,index,-7.25517573
97970921,IMAGEN,True,GABA-A,gaba_high,0.0045,index,-5.973249
110841481,MDD,False,GABA-A,gaba_high,0.0045,index,-7.61698151
110937433,MDD,False,GABA-A,gaba_high,0.0045,index,-8.29529113
111086310,MDD,False,GABA-A,gaba_high,0.0045,index,-7.35853341
111096801,MDD,False,GABA-A,gaba_high,0.0045,index,-11.93835598
111844771,MDD,False,GABA-A,gaba_high,0.0045,index,-8.72303274
112091464,MDD,False,GABA-A,gaba_high,0.0045,index,-12.68398503
112517217,AUD,False,GABA-A,gaba_high,0.0045,index,-3.39166304
112917188,AUD,False,GABA-A,gaba_high,0.0045,index,-7.72825081
112957066,MDD,False,GABA-A,gaba_high,0.0045,index,-4.56125325
113174215,MDD,False,GABA-A,gaba_high,0.0045,index,-6.09234634
113237194,AUD,False,GABA-A,gaba_high,0.0045,index,-4.61503126
113387068,MDD,False,GABA-A,gaba_high,0.0045,index,1.07458497
114552708,MDD,False,GABA-A,gaba_high,0.0045,index,-1.46474638
115212275,AUD,False,GABA-A,gaba_high,0.0045,index,-6.12493523
117385823,MDD,False,GABA-A,gaba_high,0.0045,index,-7.35089807
118382279,MDD,False,GABA-A,gaba_high,0.0045,index,-2.68004271
121801833,AUD,False,GABA-A,gaba_high,0.0045,index,-22.53642971
122083369,AUD,False,GABA-A,gaba_high,0.0045,index,-6.41222074
122408481,MDD,False,GABA-A,gaba_high,0.0045,index,-6.75740443
123660597,MDD,False,GABA-A,gaba_high,0.0045,index,-7.56260747
123930959,MDD,False,GABA-A,gaba_high,0.0045,index,-3.713868
124782577,AUD,False,GABA-A,gaba_high,0.0045,index,-7.48404127
125237313,MDD,False,GABA-A,gaba_high,0.0045,index,-6.18710335
125339679,AUD,False,GABA-A,gaba_high,0.0045,index,-7.33266993
125524260,AUD,False,GABA-A,gaba_high,0.0045,index,-9.33247938
130293488,MDD,False,GABA-A,gaba_high,0.0045,index,-7.18790245
130597088,MDD,False,GABA-A,gaba_high,0.0045,index,-11.42652331
134330542,MDD,False,GABA-A,gaba_high,0.0045,index,-1.72836114
135517362,MDD,False,GABA-A,gaba_high,0.0045,index,-0.05061654
135672596,AUD,False,GABA-A,gaba_high,0.0045,index,-9.5813497
135736530,MDD,False,GABA-A,gaba_high,0.0045,index,2.1261745
136295480,AUD,False,GABA-A,gaba_high,0.0045,index,-12.1182851
136348275,AUD,False,GABA-A,gaba_high,0.0045,index,-4.1346831
136981533,MDD,False,GABA-A,gaba_high,0.0045,index,0.83891554
137280633,MDD,False,GABA-A,gaba_high,0.0045,index,-3.0257901
138390224,AUD,False,GABA-A,gaba_high,0.0045,index,-14.06001895
140267022,MDD,False,GABA-A,gaba_high,0.0045,index,-4.64390448
141253295,MDD,False,GABA-A,gaba_high,0.0045,index,-2.44400598
141542924,MDD,False,GABA-A,gaba_high,0.0045,index,-7.21827349
141831212,MDD,False,GABA-A,gaba_high,0.0045,index,-1.33916881
142392893,MDD,False,GABA-A,gaba_high,0.0045,index,-7.68449736
143669176,AUD,False,GABA-A,gaba_high,0.0045,index,-5.38699731
144855245,MDD,False,GABA-A,gaba_high,0.0045,index,0.27443211
144964754,MDD,False,GABA-A,gaba_high,0.0045,index,-1.36115827
146042158,MDD,False,GABA-A,gaba_high,0.0045,index,-3.3995619
146061521,AUD,False,GABA-A,gaba_high,0.0045,index,-5.65030762
146906985,MDD,False,GABA-A,gaba_high,0.0045,index,-3.74019298
147701848,MDD,False,GABA-A,gaba_high,0.0045,index,-8.29702275
147906886,MDD,False,GABA-A,gaba_high,0.0045,index,-2.84918425
148868119,MDD,False,GABA-A,gaba_high,0.0045,index,-4.88685568
148952494,AUD,False,GABA-A,gaba_high,0.0045,index,-3.07497802
149709982,MDD,False,GABA-A,gaba_high,0.0045,index,-6.28678017
149839536,AUD,False,GABA-A,gaba_high,0.0045,index,-4.18960751
150038288,MDD,False,GABA-A,gaba_high,0.0045,index,-0.21624329
150237087,AUD,False,GABA-A,gaba_high,0.0045,index,-11.82623392
150299361,AUD,False,GABA-A,gaba_high,0.0045,index,-4.36406845
151408587,AUD,False,GABA-A,gaba_high,0.0045,index,-7.25350246
152769231,AUD,False,GABA-A,gaba_high,0.0045,index,-4.05285654
152958814,AUD,False,GABA-A,gaba_high,0.0045,index,-8.38180669
153450897,MDD,False,GABA-A,gaba_high,0.0045,index,-3.97454546
154461990,MDD,False,GABA-A,gaba_high,0.0045,index,-5.44590401
154704064,AUD,False,GABA-A,gaba_high,0.0045,index,-9.17089512
155190506,AUD,False,GABA-A,gaba_high,0.0045,index,-1.37579659
155379621,MDD,False,GABA-A,gaba_high,0.0045,index,-3.13742473
156021841,MDD,False,GABA-A,gaba_high,0.0045,index,0.74401351
157312444,MDD,False,GABA-A,gaba_high,0.0045,index,-8.03301214
157655614,MDD,False,GABA-A,gaba_high,0.0045,index,-1.45250375
157691935,AUD,False,GABA-A,gaba_high,0.0045,index,-8.48570578
159066706,MDD,False,GABA-A,gaba_high,0.0045,index,-11.45917393
160259456,MDD,False,GABA-A,gaba_high,0.0045,index,0.14180049
161239003,AUD,False,GABA-A,gaba_high,0.0045,index,-0.86847876
162353055,AUD,False,GABA-A,gaba_high,0.0045,index,-2.70476615
162354840,AUD,False,GABA-A,gaba_high,0.0045,index,-4.61374954
163186746,AUD,False,GABA-A,gaba_high,0.0045,index,-6.82617083
164064591,AUD,False,GABA-A,gaba_high,0.0045,index,-4.89290342
164824205,MDD,False,GABA-A,gaba_high,0.0045,index,-7.56062386
164874291,AUD,False,GABA-A,gaba_high,0.0045,index,-1.75639653
165288521,MDD,False,GABA-A,gaba_high,0.0045,index,-6.34025137
165369327,MDD,False,GABA-A,gaba_high,0.0045,index,-2.37858333
165959237,AUD,False,GABA-A,gaba_high,0.0045,index,-0.16717283
166274725,AUD,False,GABA-A,gaba_high,0.0045,index,-8.742825
166338974,MDD,False,GABA-A,gaba_high,0.0045,index,-22.49360926
166386545,MDD,False,GABA-A,gaba_high,0.0045,index,-16.12962518
166471280,AUD,False,GABA-A,gaba_high,0.0045,index,-2.90507431
166741227,MDD,False,GABA-A,gaba_high,0.0045,index,-20.10857832
166922849,MDD,False,GABA-A,gaba_high,0.0045,index,-21.19370191
168370463,MDD,False,GABA-A,gaba_high,0.0045,index,-14.78903738
168641000,MDD,False,GABA-A,gaba_high,0.0045,index,-19.43791891
169786920,MDD,False,GABA-A,gaba_high,0.0045,index,-19.23701018
171526079,MDD,False,GABA-A,gaba_high,0.0045,index,-15.74268956
171674018,AUD,False,GABA-A,gaba_high,0.0045,index,-3.64801068
171990823,MDD,False,GABA-A,gaba_high,0.0045,index,-18.99535919
172283288,MDD,False,GABA-A,gaba_high,0.0045,index,-22.82412277
172442389,MDD,False,GABA-A,gaba_high,0.0045,index,-11.232502
174433203,MDD,False,GABA-A,gaba_high,0.0045,index,-12.89006764
174603925,MDD,False,GABA-A,gaba_high,0.0045,index,-18.04329203
175029071,AUD,False,GABA-A,gaba_high,0.0045,index,-9.71998549
175924853,MDD,False,GABA-A,gaba_high,0.0045,index,-13.92582864
176214110,AUD,False,GABA-A,gaba_high,0.0045,index,-3.49066738
176617846,AUD,False,GABA-A,gaba_high,0.0045,index,-7.39874899
177344780,AUD,False,GABA-A,gaba_high,0.0045,index,-10.3017388
177528314,MDD,False,GABA-A,gaba_high,0.0045,index,-12.74883391
177688664,AUD,False,GABA-A,gaba_high,0.0045,index,-11.73238238
177896969,AUD,False,GABA-A,gaba_high,0.0045,index,-3.10151291
178045655,AUD,False,GABA-A,gaba_high,0.0045,index,-7.03178348
178282579,AUD,False,GABA-A,gaba_high,0.0045,index,-12.56141502
178684006,AUD,False,GABA-A,gaba_high,0.0045,index,-9.21548549
178998455,AUD,False,GABA-A,gaba_high,0.0045,index,-1.83306072
181526703,AUD,False,GABA-A,gaba_high,0.0045,index,-9.65492139
182136619,AUD,False,GABA-A,gaba_high,0.0045,index,-3.17627192
183176019,AUD,False,GABA-A,gaba_high,0.0045,index,-9.25985315
183475605,MDD,False,GABA-A,gaba_high,0.0045,index,-9.69286795
183762098,AUD,False,GABA-A,gaba_high,0.0045,index,-10.93365884
184059377,AUD,False,GABA-A,gaba_high,0.0045,index,-11.97318409
186213995,AUD,False,GABA-A,gaba_high,0.0045,index,-2.55437404
186940717,MDD,False,GABA-A,gaba_high,0.0045,index,-6.38775311
187495574,MDD,False,GABA-A,gaba_high,0.0045,index,-9.98834261
188448101,AUD,False,GABA-A,gaba_high,0.0045,index,-0.28700448
188764715,MDD,False,GABA-A,gaba_high,0.0045,index,-14.41482275
190042837,AUD,False,GABA-A,gaba_high,0.0045,index,-7.91178191
191170875,AUD,False,GABA-A,gaba_high,0.0045,index,-8.20698496
191996808,AUD,False,GABA-A,gaba_high,0.0045,index,-2.5797327
193109536,MDD,False,GABA-A,gaba_high,0.0045,index,-16.44927976
195112416,MDD,False,GABA-A,gaba_high,0.0045,index,-4.82252104
195135326,MDD,False,GABA-A,gaba_high,0.0045,index,-1.50848727
195145348,AUD,False,GABA-A,gaba_high,0.0045,index,-5.65386959
195166026,AUD,False,GABA-A,gaba_high,0.0045,index,-5.95294914
195629783,AUD,False,GABA-A,gaba_high,0.0045,index,-1.02890258
195966822,MDD,False,GABA-A,gaba_high,0.0045,index,-2.86002739
197382673,AUD,False,GABA-A,gaba_high,0.0045,index,-5.57488401
198118454,MDD,False,GABA-A,gaba_high,0.0045,index,-2.55439074
199436480,MDD,False,GABA-A,gaba_high,0.0045,index,-2.5830987
