id,sub_id,group,beha19_item1,beha19_item2,beha19_item3,beha19_item4,beha19_sum,beha23_item1,beha23_item2,beha23_item3,beha23_item4,beha23_sum,beha_change_raw,beha_change_resi,emp_edge1,emp_edge2,emp_edge3,emp_edge4,emp_edge5,emp_edge6,emp_edge7,emp_edge8,emp_edge9,emp_edge10,emp_edge11,emp_edge12,emp_sst_sum,emp_mid_sum,emp_np_sum,simbase_edge1,simbase_edge2,simbase_edge3,simbase_edge4,simbase_edge5,simbase_edge6,simbase_edge7,simbase_edge8,simbase_edge9,simbase_edge10,simbase_edge11,simbase_edge12,simbase_sst_sum,simbase_mid_sum,simbase_np_sum,mod_ampa_low_edge1,mod_ampa_low_edge2,mod_ampa_low_edge3,mod_ampa_low_edge4,mod_ampa_low_edge5,mod_ampa_low_edge6,mod_ampa_low_edge7,mod_ampa_low_edge8,mod_ampa_low_edge9,mod_ampa_low_edge10,mod_ampa_low_edge11,mod_ampa_low_edge12,mod_sst_sum__ampa_low,mod_mid_sum__ampa_low,mod_np_sum__ampa_low,mod_ampa_edge1,mod_ampa_edge2,mod_ampa_edge3,mod_ampa_edge4,mod_ampa_edge5,mod_ampa_edge6,mod_ampa_edge7,mod_ampa_edge8,mod_ampa_edge9,mod_ampa_edge10,mod_ampa_edge11,mod_ampa_edge12,mod_sst_sum__ampa,mod_mid_sum__ampa,mod_np_sum__ampa,mod_ampa_high_edge1,mod_ampa_high_edge2,mod_ampa_high_edge3,mod_ampa_high_edge4,mod_ampa_high_edge5,mod_ampa_high_edge6,mod_ampa_high_edge7,mod_ampa_high_edge8,mod_ampa_high_edge9,mod_ampa_high_edge10,mod_ampa_high_edge11,mod_ampa_high_edge12,mod_sst_sum__ampa_high,mod_mid_sum__ampa_high,mod_np_sum__ampa_high,mod_gaba_low_edge1,mod_gaba_low_edge2,mod_gaba_low_edge3,mod_gaba_low_edge4,mod_gaba_low_edge5,mod_gaba_low_edge6,mod_gaba_low_edge7,mod_gaba_low_edge8,mod_gaba_low_edge9,mod_gaba_low_edge10,mod_gaba_low_edge11,mod_gaba_low_edge12,mod_sst_sum__gaba_low,mod_mid_sum__gaba_low,mod_np_sum__gaba_low,mod_gaba_edge1,mod_gaba_edge2,mod_gaba_edge3,mod_gaba_edge4,mod_gaba_edge5,mod_gaba_edge6,mod_gaba_edge7,mod_gaba_edge8,mod_gaba_edge9,mod_gaba_edge10,mod_gaba_edge11,mod_gaba_edge12,mod_sst_sum__gaba,mod_mid_sum__gaba,mod_np_sum__gaba,mod_gaba_high_edge1,mod_gaba_high_edge2,mod_gaba_high_edge3,mod_gaba_high_edge4,mod_gaba_high_edge5,mod_gaba_high_edge6,mod_gaba_high_edge7,mod_gaba_high_edge8,mod_gaba_high_edge9,mod_gaba_high_edge10,mod_gaba_high_edge11,mod_gaba_high_edge12,mod_sst_sum__gaba_high,mod_mid_sum__gaba_high,mod_np_sum__gaba_high,dnp_sst_sum__ampa_low,dnp_mid_sum__ampa_low,dnp_np_sum__ampa_low,dnp_sst_sum__ampa,dnp_mid_sum__ampa,dnp_np_sum__ampa,dnp_sst_sum__ampa_high,dnp_mid_sum__ampa_high,dnp_np_sum__ampa_high,dnp_sst_sum__gaba_low,dnp_mid_sum__gaba_low,dnp_np_sum__gaba_low,dnp_sst_sum__gaba,dnp_mid_sum__gaba,dnp_np_sum__gaba,dnp_sst_sum__gaba_high,dnp_mid_sum__gaba_high,dnp_np_sum__gaba_high
1647364,sub-000001647364,HC,0.0,8.0,5.0,9.0,22.0,0.0,5.0,0.0,6.0,11.0,-11.0,-5.79924868,-0.07974015,-0.1805191,0.31563006,0.16843051,0.06912861,-0.2559301,-0.04748864,0.43625922,-0.33435058,0.3031126,0.09920617,-0.41685931,0.03699983,0.03987946,0.07687929,-0.12019853,0.11213641,-0.12558047,0.06476187,0.01917455,-0.71068555,-0.33649209,0.05427012,0.38354682,0.03504319,0.1684017,0.23107079,-0.76039173,0.53584053,-0.2245512,0.26325441,0.01208728,-0.00467654,0.05789174,-0.10188167,0.03147709,-0.19150267,0.17917605,0.29253478,-0.07759137,0.11046282,0.31262404,0.25815231,0.62570365,0.88385596,0.02721737,-0.01862345,0.10569287,-0.03932294,0.13792161,0.05855007,-0.10839883,0.0718152,0.17607304,-0.10557492,0.09732016,0.24440137,0.27143554,0.37563602,0.64707156,0.12334693,0.03954093,0.08352746,-0.19770545,0.1633042,0.09377149,-0.28211542,0.35992429,-0.1337211,0.06764728,0.07774298,-0.04880732,0.30578556,0.04067071,0.34645627,0.64785772,0.22889559,0.45774412,0.66587925,0.4425227,0.5490997,0.36903448,-0.00841213,0.46883124,0.04310334,0.11887061,0.50291519,2.99199907,1.49434273,4.4863418,0.60415502,0.23204148,0.4231081,0.59182312,0.52053156,0.65302172,0.30911065,-0.02672914,0.39571034,0.06519492,0.08998762,0.37997561,3.024681,1.21325,4.237931,0.1259977,0.27841013,0.17598247,0.58157339,0.40285785,0.59004633,0.31183518,-0.08679981,0.20472186,0.10011015,0.1737736,0.19976754,2.15486788,0.90340852,3.05827639,1.01854404,0.08986312,1.10840716,1.03182727,-0.16020451,0.87162276,1.06617729,-0.49516982,0.57100746,3.7523908,0.9585022,4.710893,3.78507273,0.67740947,4.4624822,2.91525961,0.36756798,3.28282759
2695459,sub-000002695459,HC,0.0,5.0,8.0,8.0,21.0,0.0,0.0,1.0,3.0,4.0,-17.0,-12.09313745,-0.35733723,-0.15489057,-0.3366539,-0.15257614,0.3113769,-0.22219514,0.24227911,-0.12207423,0.05644516,0.15686884,0.23168878,0.05640372,-0.91227609,0.62161138,-0.29066471,0.3425629,0.03422604,0.44523874,-0.2012081,0.10622601,0.14091403,-0.27594668,0.45189407,0.03983627,0.01237265,0.01454769,0.00088111,0.86795962,0.24358511,1.11154473,0.1515272,-0.11368471,0.35767625,-0.03390024,-0.01752444,-0.20111326,-0.48916474,0.70111211,0.44875186,0.25464512,0.19490862,0.41612826,0.1429808,1.52638124,1.66936204,0.08700239,0.00266983,0.05362821,0.05311928,0.1406909,0.05528467,-0.41650697,0.18864458,0.32217194,0.09050166,0.20250938,0.28864411,0.39239528,0.67596471,1.06835999,0.52881471,-0.04714676,-0.08655307,-0.11631095,0.22668575,-0.07426775,-0.10861885,0.319513,0.06300393,-0.47604957,0.1422951,0.11758911,0.43122194,0.05773273,0.48895466,0.03589005,0.30162278,0.01032394,-0.00705915,0.08143608,0.34567306,-0.02102714,0.63341058,0.46446947,0.49532928,-0.11944138,0.43347343,0.76788676,1.88621425,2.65410102,0.308945,0.4827575,0.21311909,-0.1072454,0.22755661,0.4174342,-0.40960636,0.48047472,0.40462329,0.51977525,-0.03285046,0.39735964,1.54256699,1.35977607,2.90234306,-0.01567851,0.31714105,-0.11779295,-0.03020296,0.19793343,-0.06600035,-0.15817594,0.36114894,0.25778417,0.17885079,-0.05213198,0.20095942,0.2853997,0.78843539,1.07383509,-0.72497882,1.28279613,0.55781731,-0.47556434,0.4323796,-0.04318475,-0.43673769,-0.18585238,-0.62259007,-0.10007286,1.64262914,1.54255628,0.67460737,1.11619096,1.79079833,-0.58255992,0.54485028,-0.03770964
4794212,sub-000004794212,HC,5.0,6.0,6.0,4.0,21.0,5.0,6.0,7.0,1.0,19.0,-2.0,2.90686255,0.07001769,-0.08047074,0.03906077,-0.13946793,0.02876354,-0.23510327,0.34704209,-0.01772361,-0.32437588,-0.13190243,0.00834096,-0.43448613,-0.31719995,-0.553105,-0.87030496,0.32225667,0.05226766,-0.04740035,0.02843072,0.15638325,0.22618156,-0.26226099,0.28080569,-0.00122222,-0.27076316,0.0555216,-0.07690277,0.7381195,-0.27482186,0.46329764,0.06603979,0.1101307,0.12639153,-0.10634845,0.16791957,0.00538298,0.01906708,-0.10487633,0.26959676,0.0790421,-0.33054852,0.25896996,0.36951612,0.19125106,0.56076718,0.07955175,-0.01469672,-0.05378219,0.04159303,0.02811711,0.0327045,0.01263106,-0.06643259,0.07758754,0.03308289,-0.31547537,-0.02051174,0.1134875,-0.27911821,-0.16563071,0.07917906,-0.01595858,-0.16304617,-0.02534097,0.14166949,0.02839403,-0.26241601,0.36429202,0.42475657,0.18922745,-0.31349144,0.26442046,0.04489686,0.66678905,0.71168591,0.63845202,0.25448552,0.50600026,0.22819791,0.14032844,0.91286797,-0.14809377,0.26277233,0.43987054,0.34121626,-0.15171484,0.25932376,2.68033213,1.00337427,3.6837064,0.77502684,0.32757035,0.59620333,0.21194258,0.16760943,1.17490579,-0.08138317,0.40191657,0.51170635,0.52563484,-0.04911688,0.30341333,3.25325831,1.61217104,4.86542935,0.30989074,0.08872642,0.28758994,0.1272944,0.06123435,0.35934589,-0.09509274,0.06519121,0.38851508,0.31707216,0.07245797,0.26875089,1.23408174,1.01689457,2.2509763,-0.36860338,0.46607291,0.09746953,-0.624632,-0.00429635,-0.62892836,-0.69322264,0.94161091,0.24838827,1.94221262,1.27819613,3.22040876,2.51513881,1.8869929,4.40213171,0.49596224,1.29171643,1.78767866
5182386,sub-000005182386,HC,3.0,11.0,8.0,12.0,34.0,2.0,9.0,7.0,8.0,26.0,-8.0,0.72741665,0.04069081,-0.01675266,-0.12401316,-0.1771583,-0.05230354,-0.13068405,0.25807967,0.16396462,-0.09979655,0.2452354,0.13149441,-0.00680267,-0.4602209,0.69217487,0.23195398,0.12386335,0.00968801,0.07389038,0.1812516,0.03548703,-0.12546104,-0.32444834,0.2195186,0.13842467,-0.03091312,0.07439061,0.00319283,0.29871933,0.08016524,0.37888457,0.10413342,0.09561266,0.17541429,0.22780258,0.08035458,-0.11971629,-0.21650294,0.15254823,0.04961588,-0.10783912,-0.04100302,0.19765019,0.56360124,0.0344692,0.59807044,0.02033735,-0.024188,-0.12361388,-0.00421497,0.13964138,0.1851735,-0.06288252,0.14548126,0.18633782,0.09085399,0.14182783,0.24713507,0.19313538,0.74875345,0.94188883,-0.02313296,0.08757368,-0.04881178,-0.256947,0.18715284,-0.09991952,-0.25660269,0.42463826,0.14978605,-0.06304093,0.14870861,0.00073068,-0.15408473,0.40421998,0.25013525,1.15092752,0.31643943,1.01198926,0.25745169,0.45989399,0.66717593,0.25433293,0.43908397,0.47050055,0.60513386,0.11000929,0.39065526,3.86387781,2.26971586,6.13359367,1.11810186,0.11614773,0.99958455,0.31305619,0.42822745,0.76780442,0.05609789,0.60636378,0.31150389,0.66515675,0.25923619,0.1371887,3.74292221,2.03554721,5.77846942,1.11286398,0.03710467,0.98191617,0.41402887,0.27358217,0.59493743,-0.38514474,0.7868118,0.45556656,0.64617507,0.23993209,0.30882664,3.41443329,2.05216742,5.46660071,0.26488191,-0.04569604,0.21918587,-0.10558394,0.66858821,0.56300427,-0.45280406,0.32405474,-0.12874932,3.56515849,2.18955062,5.75470911,3.44420288,1.95538197,5.39958485,3.11571397,1.97200217,5.08771614
5901115,sub-000005901115,HC,0.0,3.0,5.0,13.0,21.0,0.0,1.0,7.0,11.0,19.0,-2.0,2.90686255,-0.19895246,0.01339259,-0.03801825,0.51033291,0.34235343,-0.12562289,0.3867252,0.10692555,-0.4145404,-0.09583476,0.26426152,-0.35184656,0.50348533,-0.10430946,0.39917587,0.08172916,0.04848933,0.00045585,0.1867571,-0.04407743,-0.42297273,0.11936108,-0.19631791,0.25177255,-0.05548529,0.36352195,0.20206144,-0.14961872,0.68491381,0.53529509,0.14813458,0.23824472,-0.11832136,-0.04470649,0.11528723,0.36958778,-0.39670491,0.61471327,0.22133603,0.20145386,0.64371018,0.14328943,0.70822646,1.42779787,2.13602432,0.11050866,0.05980911,0.06122733,-0.02940775,0.11941453,0.0355826,-0.24837842,0.25750489,0.02815867,0.10946706,0.62673215,0.09470334,0.35713448,0.8681877,1.22532218,0.22193152,0.12131633,-0.04549926,0.06396891,-0.07042657,0.21601981,-0.26519897,0.24492032,0.26489386,0.30012213,0.43734741,0.42175736,0.50731073,1.40384211,1.91115284,0.02072156,0.12615003,0.12405187,0.44529715,0.04363295,0.8031672,-0.21645756,0.69197885,0.21478488,-0.05015232,0.14781062,-0.08864917,1.56302077,0.6993153,2.26233607,0.10252685,0.09365631,0.17340313,0.39488066,0.01584373,0.84033026,-0.18671842,0.7255718,0.3249844,-0.11521218,0.24516648,-0.04736953,1.62064094,0.94642256,2.5670635,0.1227229,0.22917802,0.10419589,0.46509661,-0.06879561,0.82227888,-0.21364405,0.85729619,0.51503866,-0.35981344,0.22553249,0.18031714,1.67467668,1.20472698,2.87940366,0.85784518,0.74288405,1.60072923,0.5067532,0.18327389,0.69002709,0.65692945,0.7189283,1.37585775,1.71263949,0.01440149,1.72704097,1.77025966,0.26150874,2.0317684,1.8242954,0.51981316,2.34410857
5978534,sub-000005978534,HC,0.0,2.0,2.0,2.0,6.0,0.0,2.0,2.0,1.0,5.0,-1.0,-0.50146911,-0.30831595,0.17903841,-0.10805595,0.37145022,0.36480488,-0.08418257,0.62241488,-0.4560299,-0.30921828,-0.16354289,0.64806391,-0.36982228,0.41473904,-0.02813455,0.3866045,0.02438107,-0.04261911,0.04780092,-0.24421017,-0.30560072,0.00771195,-0.48688913,-0.31007537,-0.16273839,-0.0414759,0.55780391,-0.09519208,-0.51253607,-0.53856697,-1.05110304,0.17683289,-0.2139135,0.13052984,0.14145872,-0.02249093,0.07671309,-1.11182249,0.2340353,0.53509003,0.82716504,-0.11089161,0.23438965,0.28913012,0.60796591,0.89709603,0.01327061,-0.01113261,0.0190337,0.03566522,0.01023697,0.05202973,-0.40942148,-0.01794146,0.17515229,0.13258977,-0.26251037,0.14873443,0.11910361,-0.23339681,-0.1142932,0.14184816,-0.03869175,-0.18584507,-0.02327458,-0.31519012,0.17750192,-0.87002182,0.28365154,-0.12273278,0.1432737,-0.42356218,-0.13962222,-0.24365144,-1.12901377,-1.37266521,0.19628679,0.03280101,-0.08192584,0.41730637,-0.04780317,0.25375165,-0.25098186,-0.1284662,-0.05208109,0.22009084,0.5846408,0.10666441,0.7704168,0.4798669,1.2502837,0.24767746,-0.00132407,0.10570898,0.41629071,-0.11356993,0.26741106,-0.37842162,-0.21452718,-0.23576927,0.5320043,0.48144437,-0.09149595,0.92219422,0.09323465,1.01542887,0.25398957,-0.09845957,-0.05651871,0.42200081,-0.00587768,0.16121077,-0.7708149,0.14846311,-0.40956309,0.55303738,0.46312243,-0.150871,0.67634519,-0.16662606,0.50971913,0.80166619,1.14653288,1.94819907,0.63163969,0.30517016,0.93680984,0.26888464,-0.5904468,-0.32156217,1.28295288,1.01843386,2.30138674,1.4347303,0.63180162,2.06653192,1.18888127,0.3719409,1.56082217
7478069,sub-000007478069,HC,1.0,5.0,7.0,1.0,14.0,0.0,0.0,0.0,0.0,0.0,-14.0,-11.15035889,-0.25440336,-0.00579332,-0.1469862,0.08817616,0.24744254,0.14531489,-0.20454786,-0.10229423,-0.32506913,0.26096315,-0.13686976,-0.3783515,0.07375071,-0.88616933,-0.81241862,-0.1607603,-0.02257127,0.07401644,0.15021683,-0.31222348,-0.3662558,0.35581965,-0.05129368,0.11714928,-0.03870854,-0.17455728,0.11371427,-0.63757758,0.32212369,-0.31545389,0.30716571,-0.30774581,-0.1705985,-0.0206295,0.06791337,-0.14683618,0.00056017,0.73502222,-0.08021894,0.12565059,-0.24123051,6.496e-05,-0.27073091,0.5398485,0.26911759,0.04772125,-0.03580192,-0.01446655,0.14588659,0.12963635,-0.17131543,-0.04514783,0.28095359,0.05291965,0.05826094,-0.19865039,0.02715838,0.1016603,0.17549434,0.27715464,0.29283019,-0.14202617,0.04556311,0.250553,0.16725587,-0.04148737,-0.34579984,0.06461121,0.07179407,-0.21381421,-0.20747704,-0.08065284,0.57268863,-0.71133866,-0.13865003,0.27773937,0.39067462,0.15058429,-0.02369203,0.10733251,0.21546855,0.10364706,0.21728071,0.07695964,0.06533881,-0.18075353,-0.03173581,1.11810731,0.25073689,1.3688442,0.24970686,0.21327006,0.23361065,-0.0642278,-0.07700221,0.36012695,0.11552968,0.41849527,0.01254423,0.0931747,-0.13282026,0.03264379,0.91548451,0.5395674,1.45505192,0.23668801,0.0202277,0.31123119,-0.02504306,-0.09846085,0.68746706,0.13288526,0.16565792,-0.216828,-0.11484762,-0.05178305,-0.19202581,1.13211005,-0.27694129,0.85516876,0.36684667,0.21772481,0.58457148,0.73923788,-0.14662935,0.59260853,1.21026621,-1.03346235,0.17680386,1.75568489,-0.0713868,1.68429809,1.55306209,0.21744371,1.7705058,1.76968763,-0.59906498,1.17062265
10121092,sub-000010121092,HC,4.0,8.0,4.0,2.0,18.0,3.0,5.0,4.0,2.0,14.0,-4.0,0.02519622,-0.42269324,-0.07862273,-0.42043726,0.32438344,0.2077905,-0.36448846,-0.32804885,0.22063434,-0.11279736,0.00262353,-0.00614225,-0.05576595,-0.75406774,-0.27949656,-1.0335643,0.06979743,-0.09907868,0.0970149,0.17388368,-0.11022562,-0.46972218,-0.00604056,-0.05876931,0.15430166,0.12538726,0.34391182,0.01737078,-0.33833047,0.57616165,0.23783118,0.13204711,-0.01861734,0.20611541,-0.36017617,-0.26932899,0.22942408,0.33927467,0.55968724,0.25345607,-0.10235297,0.35208794,0.34629487,-0.0805359,1.74844782,1.66791192,-0.06441121,-0.17752927,-0.06715816,0.01429242,-0.01700994,-0.00019296,0.20230819,0.50886326,0.18332931,0.25315822,0.24265218,0.34285563,-0.31200913,1.73316679,1.42115766,0.19525841,0.03845677,0.13005643,0.28089154,-0.06312996,-0.13394771,0.14218139,0.65477518,-0.04093867,0.13221328,0.21363181,0.23073949,0.44758547,1.33260247,1.78018794,0.61374382,0.12943522,0.49705374,0.10086429,0.04466842,-7.004e-05,0.15583266,0.23079129,-0.19872691,-0.63020753,0.0511462,-0.19535922,1.38569545,-0.58652349,0.79917195,0.73233312,0.05333006,0.55997527,0.1325062,0.19157004,0.07279815,-0.06485901,0.04038975,-0.23384273,-0.69048836,0.07709744,-0.26008179,1.74251285,-1.1317847,0.61072815,0.72220135,0.06317005,0.59262737,0.13012548,0.27188748,0.21602772,-0.14669942,0.09210153,-0.12421471,-0.65209137,0.05780385,-0.19717727,1.99603945,-0.9702774,1.02576205,0.25779457,1.17228617,1.43008074,0.02632134,1.15700514,1.18332648,0.78591594,0.75644082,1.54235676,1.72402592,-1.16268515,0.56134077,2.08084332,-1.70794635,0.37289697,2.33436992,-1.54643905,0.78793087
11922061,sub-000011922061,HC,4.0,3.0,6.0,6.0,19.0,2.0,0.0,3.0,3.0,8.0,-11.0,-6.68091501,-0.08070856,0.2011811,-0.02059982,-0.36935005,0.07295695,-0.01735605,0.05026707,0.19904502,-0.28958894,0.05079533,-0.0380697,-0.39515655,-0.21387643,-0.42270778,-0.63658421,0.41237756,0.10404011,0.18729455,0.0186862,0.20095211,0.23321758,-0.3876536,0.27035744,-0.03792597,0.0251502,0.50830781,-0.01202471,1.1565681,0.36621117,1.52277927,0.14242005,-0.04956007,0.23616242,0.14582237,-0.0446297,0.06682974,-0.41204224,0.08641795,0.11530262,0.3781569,0.49832441,0.22148273,0.49704481,0.88764238,1.38468719,-0.03114584,-0.00805248,0.02286825,0.01030528,0.11732962,-0.08667887,-0.09990372,0.14288548,0.01690098,0.10804205,0.49817823,-0.09150287,0.02462596,0.57460015,0.59922611,0.0553411,-0.35332959,0.03008953,-0.05670156,0.13762239,-0.03648518,-0.0706385,0.08719704,0.29795032,0.32135635,0.51296766,0.20122444,-0.22346331,1.35005732,1.126594,0.54920495,-0.11718896,0.55519523,0.06155284,-0.10058759,0.63328843,-0.58498063,0.93396269,0.53534651,0.88657305,0.3443696,0.4012286,1.5814649,2.51649982,4.09796471,0.54184724,-0.19440997,0.42457627,0.105952,-0.11143948,0.79079139,-0.7496117,0.90142999,0.46982326,0.427118,0.38527302,0.38269831,1.55731746,1.81673087,3.37404833,0.33840924,-0.18003996,0.33921934,0.2756719,0.21059756,0.62003442,-0.73301378,1.03403347,0.39047124,0.10637859,0.63277915,0.58942128,1.6038925,2.02006996,3.62396246,-0.6595233,0.52143121,-0.13809209,-1.13194214,0.20838898,-0.92355316,-1.38003142,0.98384615,-0.39618527,0.42489679,2.15028865,2.57518544,0.40074936,1.4505197,1.85126906,0.4473244,1.65385879,2.10118319
13471924,sub-000013471924,HC,4.0,8.0,7.0,6.0,25.0,1.0,5.0,9.0,10.0,25.0,0.0,6.08241766,-0.53771973,0.13920093,-0.25270537,-0.11438591,0.13434213,-0.10116807,0.11470858,-0.11645527,0.1646863,-0.00356346,-0.22181351,0.00901283,-0.73243602,-0.05342454,-0.78586056,0.06179521,0.08098656,0.08003289,-0.01916226,0.13677975,-0.54027685,-0.00922574,0.11568216,-0.02077014,-0.00762983,0.24021326,-0.12055366,-0.19984471,0.19771605,-0.00212866,-0.08103383,-0.18722545,-0.09561995,-0.10713076,0.23610459,-0.01520968,-0.02911894,0.25564085,-0.01428618,0.00443926,0.14094495,-0.00190904,-0.25011508,0.3557109,0.10559582,0.20688249,-0.09305974,0.12952834,-0.03929803,0.18124079,0.02892689,-0.1166325,0.12268051,0.15792749,0.12231843,0.10337295,0.03947883,0.41422074,0.42914571,0.84336645,-0.09663162,0.19449021,0.03142119,-0.15786483,0.04415286,0.05486052,0.06864276,0.10713515,-0.02996264,-0.32626827,0.10832561,0.01845427,0.07042833,-0.05367312,0.01675522,0.34362311,0.15887255,0.14672433,0.0437134,0.24689518,0.2084169,-0.23610999,0.47870793,0.03799882,-0.34057126,0.08006481,-0.06105111,1.14824547,-0.04096081,1.10728465,0.21758453,0.00471315,0.1427068,0.02669877,0.19324815,0.35991549,-0.19253144,0.51433603,-0.02248194,-0.07653209,0.1008213,-0.09778707,0.94486689,0.22582479,1.17069168,0.41477594,-0.02380386,0.21100033,0.01522558,0.26931797,0.4958838,0.05907366,0.53886905,0.130797,0.10361344,0.09559653,-0.01188616,1.38239976,0.91606353,2.29846329,-0.05027037,0.15799485,0.10772448,0.61406545,0.23142966,0.84549511,0.27027304,-0.25138917,0.01888387,1.34809017,-0.23867686,1.10941331,1.1447116,0.02810874,1.17282034,1.58224447,0.71834748,2.30059195
14759699,sub-000014759699,HC,0.0,2.0,6.0,15.0,23.0,1.0,3.0,3.0,2.0,9.0,-14.0,-8.5053599,0.1180989,-0.01033452,0.06474897,-0.18672532,0.22376088,0.1630507,0.12882045,-0.19986868,0.03086172,-0.21384076,-0.09115273,-0.12053422,0.37259962,-0.46571422,-0.0931146,0.1026476,0.04227041,0.12320897,0.05352864,0.22451578,0.41519447,-0.10109417,0.11004246,0.22669141,-0.30312635,-0.13583585,0.19127314,0.96136587,-0.01204935,0.94931652,0.0015545,0.24388987,0.27921663,-0.05131916,0.05625227,0.07504123,0.32530868,-0.01729887,0.11228986,0.07390911,-0.16537655,0.24634678,0.60463534,0.57517902,1.17981436,0.00908304,0.03557305,0.03660129,0.00030972,0.06242956,-0.00105422,0.19234,0.25498836,-0.1351109,-0.1524274,-0.17737079,-0.1561143,0.14294244,-0.17369503,-0.03075259,0.18878032,0.29552379,-0.08804727,-0.12960372,0.17009984,0.20857846,0.26263623,0.04501767,-0.17346333,-0.3732244,-0.22492156,-0.19048607,0.64533142,-0.65444147,-0.00911005,0.48844723,0.23908922,0.45915597,-0.04716791,-0.09468592,0.82443005,0.3454807,0.74487542,0.11562398,0.16096295,-0.02478585,0.06498816,1.86926864,1.40714535,3.27641398,0.29255882,0.35664195,0.29399574,-0.10210495,-0.10544377,0.86354527,0.27425974,0.67045664,0.18548878,0.22710169,-0.05805831,0.13459224,1.59919306,1.43384078,3.03303385,0.42785975,0.39149703,0.25513353,-0.04802086,-0.02965193,0.76403974,0.28339319,0.69065607,0.27049722,0.32487448,-0.08075936,0.23313185,1.76085727,1.72179345,3.48265073,-0.35673053,0.58722837,0.23049783,-0.81842343,-0.16164568,-0.98006911,-0.31603445,-0.64239212,-0.95842657,0.90790277,1.41919469,2.32709746,0.63782719,1.44589013,2.08371732,0.7994914,1.7338428,2.5333342
14893890,sub-000014893890,HC,1.0,7.0,7.0,9.0,24.0,2.0,0.0,4.0,2.0,8.0,-16.0,-10.21147112,-0.01125409,0.05840988,-0.36530978,-0.47054797,-0.25346176,-0.09705378,-0.08510368,0.14689116,-0.53512163,-0.18534509,-0.33765587,-0.69746191,-1.13921748,-1.69379702,-2.83301451,-0.04094178,-0.00518614,0.06998934,-0.04259014,-0.27103375,-0.33604139,-0.21913675,0.20317907,-0.29077806,0.08005616,-0.16656387,-0.32507589,-0.62580386,-0.71831935,-1.34412322,-0.10811108,0.12573831,-0.25889077,0.10445105,0.00464182,0.00595873,0.24057474,0.12162218,-0.13267936,0.2211078,0.12125325,0.06540775,-0.12621193,0.63728637,0.51107443,0.08362516,-0.03398303,-0.18678798,0.12683358,0.04945827,0.01093956,0.26825435,0.14783925,0.26148069,0.09453371,0.03324002,0.23408715,0.05008556,1.03943517,1.08952074,0.00234511,-0.01291877,0.09407407,0.04994793,0.2244215,-0.059301,0.05942504,0.07852579,0.23726431,-0.09600854,-0.02620448,0.18529668,0.29856884,0.43829879,0.73686764,0.48490489,-0.02851482,0.09889758,0.14031528,-0.19276487,0.84758221,0.11561984,0.70663235,0.16076453,0.39102397,-0.0336879,0.2149824,1.35042028,1.55533519,2.90575547,0.35500551,-0.24149813,-0.02212449,0.15781374,-0.22118858,0.47386836,0.14318476,0.87095995,0.20666068,0.54845992,-0.10889737,0.30144595,0.5018764,1.96181389,2.46369029,0.11924263,0.10440391,-0.10266863,-0.03521583,-0.18214393,0.57273346,0.16275024,0.65746997,0.32828593,0.68407691,0.08687404,0.53471672,0.47635162,2.4541738,2.93052542,0.49959193,1.35560572,1.85519765,0.67588943,1.75775452,2.43364395,0.92437271,1.15661815,2.08099085,1.97622414,2.27365454,4.24987869,1.12768026,2.68013325,3.80781351,1.10215548,3.17249315,4.27464864
15059321,sub-000015059321,HC,1.0,7.0,7.0,7.0,22.0,1.0,6.0,9.0,6.0,22.0,0.0,5.20075132,-0.06962739,0.22736685,0.03238129,0.10788237,0.24915672,-0.21781215,0.04052732,-0.0279641,0.18966898,0.76241289,0.345282,0.18483768,0.3293477,1.49476476,1.82411246,0.40194541,0.02512346,0.26348575,-0.03817348,0.2378075,0.00845212,0.109291,0.23040072,0.11788574,-0.20905363,-0.00371388,0.13029772,0.89864076,0.37510766,1.27374842,0.13737532,0.06157876,0.26695103,0.12747803,0.02914709,-0.0327356,-0.05599129,0.35495025,0.08762946,0.28668004,0.088267,-0.03894977,0.58979464,0.72258569,1.31238033,0.02160792,0.01367104,0.14405357,0.03727113,-0.07759331,0.00100948,0.13989679,-0.04889523,0.01509594,-0.13571141,0.13747508,-0.0062184,0.14001983,0.10164277,0.24166261,0.11060736,0.05723636,0.22530393,0.15172559,0.03746836,0.11983495,0.02317501,-0.19244979,0.15310313,0.28836326,0.15430402,0.24885132,0.70217656,0.67534694,1.3775235,0.39921538,0.09965371,0.40963815,0.8648951,0.1778694,0.53623228,-0.15702202,-0.0513988,0.26728893,0.16400804,-0.09881025,0.02991167,2.48750401,0.15397757,2.64148159,0.50169129,0.02786194,0.52559078,0.76216983,0.24188222,0.22077052,-0.26165174,-0.4236821,0.29145355,0.12671067,-0.03628525,0.14179514,2.27996659,-0.16165973,2.11830685,0.28620227,0.08759316,0.31607133,0.62724503,0.26798085,0.22947141,-0.27995626,-0.21192915,0.46496594,0.02219677,0.0565972,0.29466757,1.81456405,0.34654206,2.16110611,-0.30884612,0.34747803,0.03863191,-0.75862092,-0.27346489,-1.03208582,-0.1964642,0.30023928,0.10377508,1.58886325,-0.22113009,1.36773316,1.38132583,-0.5367674,0.84455843,0.91592329,-0.0285656,0.88735769
16190159,sub-000016190159,HC,0.0,5.0,2.0,3.0,10.0,0.0,2.0,0.0,2.0,4.0,-6.0,-4.325914,-0.20409422,0.14658629,-0.19455666,-0.38642127,0.21186551,-0.28325891,0.48341702,0.16722753,-0.31207164,0.0541556,0.01842231,-0.15259411,-0.70987927,0.25855672,-0.45132255,0.09987251,0.00208132,0.1281952,-0.0650981,-0.1585309,-0.24605897,-0.105424,-0.08015345,-0.1088864,0.03840657,0.05918382,0.05034772,-0.23953894,-0.14652573,-0.38606468,-0.04937109,-0.1882483,-0.00284505,-0.04431216,-0.1240866,-0.01212981,-0.92218991,0.12333972,-0.11607816,0.06971176,-0.06481959,0.05858701,-0.420993,-0.85144918,-1.27244218,0.0277501,-0.08231124,0.02652988,0.0476283,0.13512221,-0.09173166,-0.63999218,0.20623984,0.01423639,0.06420815,-0.06722592,0.00092896,0.06298759,-0.42160477,-0.35861718,0.1647867,0.07739815,0.28775203,0.17414154,0.09727268,0.26882004,-0.2521637,0.14276399,-0.05180527,0.32963981,-0.05312265,-0.03118289,1.07017114,0.08412928,1.15430042,0.05636499,-0.19504784,0.0601643,-0.00640056,0.20819536,0.16044702,-0.2671116,0.05530029,0.0179414,-0.40083873,-0.1047882,0.0265474,0.28372327,-0.67294945,-0.38922617,0.21920339,-0.14821796,0.04332178,0.02107133,0.11655293,0.13071801,-0.28508689,0.23417322,-0.21141868,-0.37905014,-0.11776742,-0.16399328,0.38264949,-0.92314319,-0.54049369,0.40640809,-0.08977146,0.23268853,0.00503094,0.03448032,0.38821522,-0.10335931,0.2285562,-0.22325418,-0.48446642,-0.16302116,-0.18588997,0.97705164,-0.93143485,0.0456168,-0.18145406,-0.70492345,-0.8863775,0.30252654,-0.27507904,0.0274475,1.30971008,0.23065502,1.5403651,0.52326222,-0.52642371,-0.0031615,0.62218844,-0.77661745,-0.15442902,1.21659059,-0.78490911,0.43168147
16275727,sub-000016275727,high-symptom,4.0,9.0,7.0,15.0,35.0,4.0,4.0,7.0,14.0,29.0,-6.0,3.02130543,0.18950386,-0.33838158,-0.23937373,-0.09283238,0.39610697,-0.0455181,-0.19132029,-0.22207794,-0.11347161,0.22842481,-0.10619664,-0.11459478,-0.13049496,-0.51923645,-0.64973141,0.04207841,-0.02711973,0.00295592,-0.01343409,-0.31352744,-0.03837328,0.05858357,-0.13456758,-0.18015138,-0.09626465,-0.18224763,-0.19710535,-0.34742021,-0.73175302,-1.07917323,0.16871996,0.01240371,0.19614906,0.21768689,0.07611508,0.02858623,0.26043842,0.28844216,-0.20704958,0.00763544,0.1306669,-0.16257675,0.69966093,0.31755659,1.01721752,0.06348516,-0.00853807,-0.06642447,0.08073259,0.04741439,-0.08502392,0.14868053,0.41939394,-0.0618353,-0.18783268,0.118216,-0.07304394,0.03164568,0.36357854,0.39522422,-0.10091145,-0.08607451,-0.13945075,-0.06145903,-0.01439466,-0.11519727,0.07386764,0.14641162,-0.03846327,0.34912142,0.05758467,0.00500665,-0.51748767,0.59352873,0.07604106,0.49381683,0.19613645,0.70039713,0.24282124,0.23670374,0.76996214,-0.06023407,-0.05034007,0.03044612,0.28614835,-0.07533895,0.36345674,2.63983753,0.49413813,3.13397566,0.61966665,0.29796208,0.71642354,0.41710806,0.15255246,0.7193332,-0.10565663,0.01822602,0.02452314,0.46822856,-0.02271639,0.27984093,2.92304599,0.66244564,3.58549163,0.83856036,0.36924974,0.79028431,0.49528106,0.20677312,0.87569302,-0.03431077,0.08871786,0.05124748,0.17543843,0.0364317,0.29710377,3.5758416,0.61462847,4.19047007,1.04708114,1.04930961,2.09639075,0.37906589,1.09533156,1.47439744,-0.17006746,1.32528175,1.15521429,2.98725774,1.22589114,4.21314888,3.2704662,1.39419866,4.66466485,3.92326181,1.34638149,5.2696433
17213220,sub-000017213220,HC,1.0,7.0,7.0,7.0,22.0,1.0,2.0,8.0,9.0,20.0,-2.0,3.20075132,0.30933428,0.08162514,0.11567375,0.07944534,-0.12279234,-0.05280388,0.26868119,-0.08045476,-0.55888148,0.19002509,0.17300413,-0.49429951,0.41048228,-0.50192534,-0.09144306,-0.19630983,-0.03201861,-0.08809832,0.11527444,-0.03824318,-0.22082805,-0.15256267,-0.0955079,0.03526322,-0.06747719,0.27951803,-0.05612344,-0.46022354,-0.05688996,-0.5171135,0.26901554,-0.00594196,0.17083597,-0.17477297,0.00047642,0.1751552,-0.2054863,-0.02421857,0.05185252,0.01390064,0.31716151,0.14152163,0.4347682,0.29473144,0.72949965,-0.02102847,0.16818673,0.01975825,0.04476165,0.00837667,-0.0579683,-0.26491815,0.22654614,0.2029618,0.14220596,0.30072378,0.19808315,0.16208655,0.80560267,0.96768922,-0.05396921,-0.00761021,-0.21417161,0.35448824,-0.10499668,-0.08021047,-0.31087604,0.19139445,0.12199776,0.1646182,0.24423081,0.17660415,-0.10646995,0.58796933,0.48149938,0.04694683,0.43137282,0.18515582,-0.12796375,0.06264474,0.31494233,-0.16237326,0.01656232,0.20694232,0.02951797,-0.03359227,0.14586211,0.91309879,0.20291919,1.11601799,-0.02522655,0.46254207,0.11947825,-0.04617542,0.0771394,0.40196676,-0.17869331,0.1189807,0.29435699,0.07856029,0.07542388,0.17569832,0.98972451,0.56432687,1.55405138,-0.01655745,0.42228744,-0.06953877,0.00175486,0.05767271,0.62094574,-0.19206369,0.05409807,0.14603981,0.18064878,0.33288381,0.13702463,1.01656453,0.65863142,1.67519595,0.89499175,0.3516214,1.24661315,0.62231009,0.86249263,1.48480272,0.3537536,0.64485929,0.99861289,1.37332234,0.25980915,1.63313149,1.44994806,0.62121683,2.07116488,1.47678808,0.71552137,2.19230945
18801650,sub-000018801650,HC,4.0,4.0,8.0,7.0,23.0,4.0,3.0,8.0,9.0,24.0,1.0,6.4946401,-0.15617388,0.12134812,-0.15975203,-0.00231458,0.27544043,-0.11075761,0.00458561,0.34949604,-0.17251653,0.25415929,-0.0858848,0.01658235,-0.03220956,0.36642196,0.3342124,0.29645853,0.03130306,0.22970487,0.02787732,0.17371539,0.11341354,-0.19090564,-0.09850888,0.15309011,-0.08264898,0.0303266,0.05707903,0.8724727,-0.13156777,0.74090493,-0.16237037,0.03326448,0.17365211,0.0849966,0.0854727,-0.04160622,0.26952042,-0.03836979,0.34755452,-0.05137926,0.01943395,0.26481875,0.17340928,0.81157859,0.98498788,-0.02191218,-0.19606342,0.13997223,0.25579232,0.04003479,0.04998225,0.13807482,0.10992454,0.3437503,-0.0263137,0.02927686,0.20631545,0.26780599,0.80102827,1.06883427,0.21234328,-0.09919586,0.01270776,-0.16063373,0.02981058,-0.18530474,0.06599582,-0.12839537,0.18656396,0.07186551,-0.00771166,0.03927422,-0.19027273,0.22759248,0.03731975,0.1903313,0.37682356,0.20323184,0.31864912,-0.04186614,-0.27767927,-0.0179328,0.06930658,0.09494798,0.15937471,0.10134635,-0.02400263,0.7694904,0.3830402,1.1525306,0.19812413,0.38554328,0.20314054,0.10869347,-0.0066159,-0.11105559,-0.01955131,-0.05140943,0.0468173,-0.09441241,0.19601923,-0.04096007,0.77782993,0.03650332,0.81433325,0.16699652,0.34900137,0.25824247,-0.01592445,-0.02022073,0.43429359,-0.22460487,-0.03411414,-0.00659656,-0.09657679,0.23144288,-0.13315421,1.17238877,-0.26360368,0.90878509,-0.69906342,0.94314637,0.24408295,-0.60466671,0.93259605,0.32792934,-1.06274543,0.35916025,-0.70358518,-0.1029823,0.51460797,0.41162567,-0.09464278,0.1680711,0.07342832,0.29991606,-0.13203591,0.16788016
18904077,sub-000018904077,HC,0.0,1.0,4.0,2.0,7.0,0.0,1.0,1.0,0.0,2.0,-5.0,-4.20758033,-0.15206286,0.07474882,-0.42981802,-0.07363399,0.56772843,0.18054767,0.10974341,0.26205161,-0.19176144,0.0083107,-0.24581786,-0.17235547,0.16751004,-0.22982904,-0.062319,-0.17754253,-0.04862374,0.19109411,-0.03091361,-0.07244854,-0.3265769,0.01820547,-0.23152109,-0.15344779,0.0533909,-0.19934223,-0.12161836,-0.46501121,-0.6343331,-1.09934432,0.24503019,0.18941066,0.00172981,0.33105905,0.09216753,-0.16649135,-0.44647914,0.1539513,-0.10444282,0.08076225,-0.22884341,-0.03153732,0.69290589,-0.57658914,0.11631675,0.10567544,0.09783451,0.01854435,0.13920095,-0.01737664,-0.05345251,-0.28308608,0.10620556,-0.09998781,0.11917382,-0.23757225,-0.13027327,0.29042609,-0.52554003,-0.23511394,0.11623813,0.1132941,-0.17376938,-0.13842527,0.09128491,-0.19254154,-0.2823997,0.26442,0.22821892,0.06034817,-0.25682741,0.22279216,-0.18391905,0.23655214,0.0526331,0.70197925,-0.07915286,0.43210533,0.03559233,-0.3301676,0.40264311,-0.73450462,0.18130358,-0.22154159,0.28935212,-0.10533338,-0.1542059,1.16299957,-0.74492979,0.41806978,0.47950787,-0.11770285,0.25745168,0.04041364,-0.34511695,0.4369138,-0.56921996,-0.09413521,-0.03631778,0.25403594,-0.08427289,0.14931301,0.75146719,-0.38059688,0.37087031,0.42353606,-0.06009814,0.21644441,-0.0030591,-0.32921293,0.49150235,-0.38747832,-0.09165794,-0.1172211,0.30486758,-0.0963659,0.1579416,0.73911265,-0.22991408,0.50919857,1.15791711,0.05774397,1.21566107,0.7554373,0.10879307,0.86423037,0.28109217,0.87088525,1.15197741,1.62801078,-0.11059668,1.5174141,1.2164784,0.25373622,1.47021463,1.20412386,0.40441903,1.60854289
20830744,sub-000020830744,HC,0.0,2.0,3.0,1.0,6.0,0.0,4.0,2.0,3.0,9.0,3.0,3.49853089,0.07884003,0.1257123,-0.11343274,-0.18741559,0.18981683,0.15644868,0.4702647,0.1167655,0.14287699,-0.0863123,-0.29648841,0.01047391,0.24996951,0.35758039,0.6075499,0.04642151,0.29412186,-0.14517748,0.1110118,0.07164092,0.29451113,0.07032163,-0.3693844,0.08580671,0.19105212,-0.00809029,0.17742796,0.67252973,0.14713373,0.81966346,0.0993676,-0.38857339,0.30455753,-0.0597539,0.11627623,0.16902821,0.01422316,-0.41497621,0.29300754,0.00466284,-0.14109508,0.47389235,0.24090228,0.2297146,0.47061688,0.03415297,0.04992127,0.16953076,0.03801264,-0.0018311,0.01608768,-0.13343385,-0.07084105,0.23862167,-0.14360332,-0.14692901,0.29140188,0.30587422,0.03521632,0.34109054,-0.05455236,0.02234386,-0.15033701,0.05427079,-0.0637353,0.19220308,-0.02276768,0.12134859,-0.05042597,0.10831125,-0.15497882,0.10591708,0.00019306,0.10740446,0.10759752,0.10264912,-0.07139532,0.18565715,0.03934269,-0.36730585,0.71493267,0.00084626,-0.12279683,-0.18915842,0.10264618,-0.02956129,-0.3648462,0.60388047,-0.6028703,0.00101017,0.16960137,-0.19623274,-0.00176724,0.08581566,0.06725372,0.70803356,-0.25520912,-0.185276,-0.12172873,0.12993046,-0.01254635,-0.33912752,0.83270432,-0.78395726,0.04874707,0.23298779,-0.19574305,-0.06766177,0.10438974,-0.31784996,0.53309176,-0.16181746,-0.27831606,-0.01600857,0.17333813,0.04968073,-0.25360825,0.28921453,-0.48673148,-0.19751695,-0.43162745,0.08258087,-0.34904658,-0.36665551,-0.11191741,-0.47857292,-0.67233667,-0.03972927,-0.71206594,-0.06864926,-0.75000403,-0.81865329,0.16017459,-0.93109099,-0.77091639,-0.3833152,-0.63386521,-1.01718041
21053574,sub-000021053574,HC,0.0,2.0,2.0,2.0,6.0,0.0,0.0,0.0,1.0,1.0,-5.0,-4.50146911,-0.4673693,-0.10215225,-0.57989946,0.2722933,0.40864244,0.01370253,0.43893513,0.04023673,-0.57474679,0.13112099,-0.42158082,-0.08088951,-0.45478273,-0.46692427,-0.92170699,-0.05195825,0.12754033,-0.00932794,-0.02133769,-0.05510008,0.11065076,-0.30369802,-0.3783178,-0.14690588,-0.09459764,-0.50440864,0.11960135,0.10046712,-1.30832664,-1.20785952,0.02080555,-0.06481,0.19178582,0.0629006,-0.32873679,-0.10357832,0.89589054,-0.61141104,-0.9450021,0.40178859,-0.83736609,-1.24988982,-0.22163315,-2.34598991,-2.56762307,0.05861649,-0.00181235,0.05462164,0.0636197,-0.02350332,0.11578267,0.6143632,0.13641951,0.27645255,-0.06183216,-0.5931928,0.25543589,0.26732483,0.6276462,0.89497103,0.13465344,0.12004334,0.2078169,0.13833001,0.00948289,0.22224251,1.38626192,0.07772673,1.05970486,-0.2478537,-0.20703561,0.70389345,0.83256908,2.77269765,3.60526673,0.03479354,-0.1636821,0.09406892,0.1547351,-0.158196,0.84992821,-0.55337589,-0.28372662,-0.15173933,0.79996337,-0.75037316,-0.45693594,0.81164767,-1.39618758,-0.58453991,0.03885772,-0.14332741,0.10533337,0.25182701,-0.19129424,0.98579195,-0.50585872,0.23927504,0.09182387,0.80501523,-0.57655822,0.02186548,1.04718841,0.07556268,1.12275108,0.10232923,-0.17485409,-0.01449274,0.43219052,-0.3058478,1.1454507,-0.19482411,-0.69766063,-0.49010751,0.92775642,-1.00057982,-0.72176807,1.18477583,-2.17718372,-0.99240789,-0.32210027,-1.03766327,-1.35976354,0.16685771,1.93597284,2.10283055,0.73210196,4.0810243,4.81312626,0.71118055,-0.08786094,0.62331962,0.94672129,1.38388932,2.33061061,1.08430871,-0.86885707,0.21545164
21313420,sub-000021313420,HC,1.0,4.0,5.0,10.0,20.0,0.0,3.0,4.0,14.0,21.0,1.0,5.61297377,-0.45087467,0.24384219,-0.07272782,0.000551,-0.03565709,0.13433027,-0.42912379,0.05687122,-0.07655477,0.40071578,0.00919478,-0.28287407,-0.18053611,-0.32177084,-0.50230695,0.10369606,0.00030746,0.0283513,-0.1944538,-0.17575066,-0.05276829,0.04626101,0.21120878,-0.16952013,0.04608896,0.20496407,-0.07677256,-0.29061792,0.26223014,-0.02838779,-0.14531486,0.04617386,-0.23972837,-0.13093502,0.01130375,-0.05626548,-0.09801027,0.48898093,-0.48087797,0.53635104,0.42234054,-0.48303988,-0.51476612,0.3857444,-0.12902172,0.09978156,0.03551463,-0.1133225,-0.03417578,0.03916489,0.12060565,-0.12379976,0.12552472,-0.05974131,0.13844467,0.44630953,-0.13973704,0.14756845,0.38700082,0.53456926,-0.11935888,0.21158465,0.03143563,0.19018895,-0.37435375,-0.13728375,-0.16396287,0.20436561,0.07724847,0.32301441,0.42790889,0.04816459,-0.19778716,0.91673911,0.71895195,0.52940457,0.16538307,0.44632129,0.01237251,-0.01739505,0.13380406,-0.09680624,0.21251739,0.12031663,0.00733227,-0.01356122,0.19476357,1.26989045,0.4245624,1.69445285,0.49127931,0.11562776,0.46391081,-0.02283487,-0.03194683,0.33585122,-0.02090344,0.20648826,0.03999432,0.43655186,0.03861382,0.11936736,1.35188741,0.82011219,2.1719996,0.56431356,-0.02068753,0.19741241,-0.14322518,-0.21327051,-0.01359653,0.0712186,0.38243385,-0.04514804,0.90238572,-0.03684128,0.0543782,0.37094622,1.32842704,1.69937326,-0.2241482,0.12351426,-0.10063394,0.43818637,0.12477068,0.56295705,0.09283077,0.65450897,0.74733974,1.56050837,0.16233226,1.72284063,1.64250533,0.55788205,2.20038739,0.66156414,1.0661969,1.72776104
24115048,sub-000024115048,HC,0.0,2.0,1.0,0.0,3.0,0.0,0.0,0.0,2.0,2.0,-1.0,-1.38313544,0.1119911,0.07087533,0.14387757,-0.11785807,-0.0636002,0.12873434,0.28829518,0.19314472,-0.03509225,0.62763295,-0.22758707,-0.2717096,0.27402008,0.57468393,0.84870401,0.2857542,0.1376608,0.35796995,0.13290412,0.11010858,0.55348428,-0.421668,0.08157816,0.07385349,-0.13994376,-0.37772782,0.13706466,1.57788192,-0.64684326,0.93103866,0.04522629,-0.07900738,0.11145439,0.07073007,0.09258148,-0.2362573,0.03278427,0.33547331,0.00461105,-0.25507976,-0.32182456,-0.09522312,0.00472755,-0.29925883,-0.29453127,-0.02235516,-0.00935443,0.11341892,0.01652773,0.05660893,0.06088917,0.13122903,0.02160323,-0.04148795,0.11728486,-0.27390622,-0.06544054,0.21573517,-0.11071758,0.10501758,-0.02383792,0.26478206,-0.18899178,0.14965087,0.1398127,-0.05138068,0.28387857,0.04552607,0.04086301,0.18858145,-0.28693783,-0.11491909,0.29003524,0.15699218,0.44702742,0.94292728,0.17138488,0.89474262,0.81688985,0.6170737,0.17119259,0.39687893,0.38629013,0.23323231,0.69792089,-0.24768885,0.31331164,3.61421093,1.77994505,5.39415598,0.90182868,0.09752381,0.75676923,0.58720985,0.48979495,0.18395295,0.34904174,0.41940112,0.25553601,0.80330761,-0.23954643,0.29909028,3.01707947,1.88683033,4.9039098,0.98546006,0.16173171,0.8149422,0.70041839,0.45445901,0.06552549,0.35609335,0.61224331,0.23897064,0.77407529,-0.24490161,0.22313204,3.18253686,1.95961302,5.14214987,-1.57315437,0.34758444,-1.22556993,-1.36214675,0.53612568,-0.82602107,-1.28784668,0.80383544,-0.48401124,2.03632901,2.42678832,4.46311733,1.43919755,2.5336736,3.97287114,1.60465493,2.60645628,4.21111122
24495953,sub-000024495953,HC,3.0,3.0,3.0,14.0,23.0,2.0,3.0,2.0,6.0,13.0,-10.0,-4.5053599,-0.12129788,0.00150248,-0.11288029,-0.49259057,0.4021554,-0.07966516,-0.00804552,0.09550215,0.08881387,-0.08920755,-0.37901138,0.01192963,-0.40277601,-0.2800188,-0.68279482,-0.18432276,-0.10488486,-0.06140973,0.15568101,-0.2089485,-0.35197548,-0.20405779,0.19313398,-0.12515975,0.02919308,0.21848662,-0.15418441,-0.75586032,-0.04258827,-0.79844859,0.14464863,-0.04932475,0.07429387,0.06876649,0.24775859,-0.16260682,-0.07104759,-0.12774429,-0.18211074,-0.12433204,0.21761274,-0.04252,0.32353601,-0.33014192,-0.00660591,0.07153331,0.01940717,-0.01306413,-0.00142327,0.09052289,0.04567511,0.02479816,0.20263345,0.10210052,0.10400117,0.23196411,0.18594413,0.21265108,0.85144153,1.06409261,-0.05962064,0.02965617,0.24173464,0.07104835,0.13399247,-0.0484326,0.01615411,0.05939903,-0.22873637,0.42452273,0.19085149,-0.19967185,0.36837838,0.26251913,0.63089751,1.02724223,0.19061352,0.21380904,0.54394261,0.09638253,0.51204854,0.1711109,0.30828613,0.06423579,0.4122337,-0.03263896,0.05596353,2.58403847,0.97919108,3.56322955,0.89204795,0.21448744,0.10742344,0.57448226,0.12418404,0.43547398,0.1781793,0.34353388,0.06938264,0.47797191,-0.01204795,0.05031139,2.3480991,1.10733116,3.45543027,0.72354154,0.17160215,0.08503567,0.51339932,0.24278955,0.35829413,0.24796288,0.30634987,0.10780064,0.59499216,0.03247022,0.06005189,2.09466236,1.34962766,3.44429002,1.07939632,-0.28755365,0.79184267,0.9685114,0.8940298,1.8625412,1.1242387,0.3051074,1.4293461,3.33989879,1.02177935,4.36167814,3.10395942,1.14991943,4.25387885,2.85052267,1.39221593,4.2427386
25000478,sub-000025000478,HC,1.0,3.0,3.0,0.0,7.0,1.0,1.0,1.0,2.0,5.0,-2.0,-1.20758033,0.36228632,0.07981286,0.47610202,-0.04298389,0.35518976,-0.12703392,0.14446026,0.0905302,0.25561534,0.06746468,-0.05914301,0.20382015,1.10337314,0.70274761,1.80612075,-0.15391539,-0.11576441,-0.06949853,0.03100449,0.04095448,0.20971744,-0.36430357,-0.11056281,-0.17496533,0.18854514,0.04198488,-0.12358697,-0.05750192,-0.54288867,-0.60039058,-0.13351313,0.02741665,-0.25985357,0.03404474,0.13020298,0.02095834,-0.36867779,0.40611325,-0.15928012,0.39893371,-0.17197988,0.03499182,-0.18074398,0.14010099,-0.04064298,0.0348883,0.05678539,-0.07246984,0.03297854,0.14554315,0.02064465,-0.3233321,0.30286139,0.01703135,0.17573283,-0.13947276,0.13537563,0.21837017,0.16819634,0.38656652,-0.01991575,0.13708457,0.14204745,-0.18827828,0.19882581,0.02155945,-0.18889769,0.27274435,-0.14414421,0.04285584,-0.07198062,-0.00188409,0.29132325,-0.09130641,0.20001684,0.51766767,0.23587506,0.21595276,0.50325317,-0.03849565,0.61256746,-0.50656347,0.14743015,-0.31088691,0.40510231,0.04887528,-0.16746377,2.04682047,-0.38350641,1.66331406,0.62846924,0.33253795,0.2039732,0.59092139,-0.04988483,0.70713688,-0.30566031,0.1841657,-0.20485624,0.40851125,0.13328715,-0.14851952,2.41315383,0.06692803,2.48008186,0.65398791,0.17582201,0.16756278,0.42415593,0.12583299,0.43513121,-0.46781984,0.26182453,-0.18542366,0.1726326,0.16223857,-0.12143515,1.98249284,-0.17798294,1.80450989,-0.12324206,0.68298966,0.5597476,0.27587209,0.71108501,0.9869571,0.34882517,0.45158226,0.80040742,2.10432239,0.15938226,2.26370465,2.47065574,0.6098167,3.08047244,2.03999475,0.36490572,2.40490048
25067315,sub-000025067315,HC,4.0,7.0,7.0,1.0,19.0,4.0,3.0,6.0,4.0,17.0,-2.0,2.31908499,-0.01856344,-0.10730137,-0.44575199,0.18946257,-0.22714301,0.03496184,-0.59097848,0.2639817,0.4638951,0.8413365,-0.23899353,0.28879134,-0.5743354,1.02803262,0.45369722,0.03819069,-0.07080733,-0.08228279,0.03267865,0.00159535,-0.26299734,-0.15214573,-0.26020867,0.02837019,-0.09842026,0.82419383,0.20899584,-0.34362277,0.55078519,0.20716242,0.10116446,0.03716246,0.09289762,-0.00215036,0.10136197,-0.06109021,0.100486,-0.03360621,-0.07514922,0.65573705,0.26482793,0.04747034,0.26934594,0.95976588,1.22911183,0.10287442,-0.04219842,-0.03740465,0.07787619,0.18525585,-0.03568496,0.17782864,0.25415778,0.05487581,0.47928361,0.38895687,-0.11465493,0.25071842,1.24044779,1.4911662,0.12448738,0.04626106,0.07078259,0.10646361,0.41640236,-0.13478149,-0.26565407,-0.64825052,-0.32603423,-0.13183462,0.31243302,-0.14203406,0.62961552,-1.20137447,-0.57175896,0.40929963,-0.10168768,0.33468471,0.25432168,-0.19658642,0.05636151,-0.66722032,0.19767392,-0.16186312,-0.46488293,0.92955428,0.13771,0.75639343,-0.02902816,0.72736527,0.31979565,-0.12455387,0.33517469,0.15866918,-0.25861455,0.03392372,-0.79328595,0.5499763,-0.28541922,-0.26344627,0.65017941,0.0288414,0.46439482,-0.11315433,0.35124049,0.54066472,-0.21412733,0.25951029,0.10940893,-0.27688098,-0.04362348,-0.91027981,0.58766242,-0.54082829,-0.49214033,1.10975708,-0.14434665,0.37495215,-0.39017559,-0.01522344,0.61296871,0.40898069,1.0219494,0.59434119,0.68966259,1.28400378,0.97323828,-1.75215967,-0.77892138,1.1000162,-0.57981335,0.52020285,0.80801759,-0.66393952,0.14407807,0.71857492,-0.94096079,-0.22238587
25356336,sub-000025356336,HC,5.0,10.0,8.0,7.0,30.0,4.0,6.0,8.0,5.0,23.0,-7.0,0.55186154,0.11350617,0.32532486,0.07772931,0.00330591,0.10101105,0.13245013,-0.13403947,-0.28914659,-0.16732099,-0.09509674,0.08287142,-0.28881526,0.75332744,-0.89154764,-0.1382202,0.09088348,0.01598787,-0.15571316,0.03595547,0.02272614,-0.30951977,0.00717446,-0.48922739,-0.23076672,0.04293366,-0.09569785,-0.23512512,-0.29967998,-1.00070895,-1.30038893,0.0830611,0.24476881,0.26472684,0.10665359,0.20822254,-0.05232213,0.59577979,0.1007566,0.09138549,-0.00705793,0.06414681,0.3160802,0.85511075,1.16109096,2.01620171,0.06585259,0.06999855,0.01214972,-0.08589596,0.0687951,0.18996564,0.28016126,-0.05769286,-0.05304209,0.02552224,0.06257335,0.04312051,0.32086564,0.30064242,0.62150805,-0.54488647,0.14141571,-0.08384464,0.03884553,-0.11827798,0.05906306,0.13197617,0.00385605,0.27688711,0.14245575,0.08700037,-0.00935042,-0.50768479,0.63282503,0.12514024,0.47828288,-0.23597731,0.28197404,0.03042545,0.07185283,0.61596012,0.2540588,0.29714967,0.09912153,-0.06907723,0.10397992,0.02948474,1.24251802,0.71471743,1.95723545,0.36120847,-0.1607778,0.18622503,-0.12792369,0.1475354,0.62814176,0.19067624,0.12402634,0.14774203,-0.16548716,0.1074494,0.03557956,1.03440918,0.43998641,1.47439559,0.17938908,0.00718479,0.01593546,0.07080974,0.37055923,0.46999999,0.13814584,-0.01693633,0.36876897,0.20050534,-0.14833913,0.54022963,1.11387829,1.08237432,2.19625261,1.15479073,2.16179992,3.31659064,0.62054561,1.30135137,1.92189698,-0.20800482,1.63353399,1.42552917,1.54219799,1.71542639,3.25762438,1.33408915,1.44069537,2.77478452,1.41355826,2.08308327,3.49664154
25517914,sub-000025517914,HC,0.0,5.0,4.0,11.0,20.0,0.0,1.0,3.0,5.0,9.0,-11.0,-6.38702623,0.05666269,-0.20238875,-0.04125286,-0.04598941,0.05499632,-0.22436946,-0.053731,-0.06954456,-0.00120927,0.00025333,0.22815423,0.04130911,-0.40234147,0.14523184,-0.25710963,-0.17730334,0.0198943,0.02088202,0.04160009,0.00175555,-0.03528604,0.33082591,-0.3645609,0.17512856,0.02782336,0.01286874,0.22232307,-0.12845742,0.40440873,0.27595131,0.10990032,-0.16242848,0.05982189,-0.0949498,-0.02252376,0.01204966,-0.06048362,0.1345152,0.17955858,0.34033221,-0.20178763,0.06165615,-0.09813018,0.45379089,0.35566071,0.04526446,-0.13188166,-0.02647158,-0.00867376,-0.0156073,-0.00368176,-0.05766473,0.01395859,-0.04129964,-0.01990627,-0.19074504,0.02158905,-0.14105159,-0.27406805,-0.41511964,0.17617582,-0.09800212,0.01018035,-0.14373665,-0.21588358,-0.13598789,-0.26694142,0.15468798,-0.09380407,0.02764797,-0.05730912,0.13094314,-0.40725408,-0.10477554,-0.51202961,0.25168066,0.15122931,0.22754013,0.13852915,0.22461077,0.67879401,-0.17124329,0.17393313,0.69664532,0.80122987,-0.0348812,0.79440758,1.67238403,2.26009139,3.93247542,0.27731924,0.11715736,0.26340377,-0.05756637,0.42672691,0.2929979,-0.0788511,0.16455141,0.73259905,0.63150238,-0.02848176,0.7347899,1.32003881,2.15610988,3.47614869,0.4370634,0.34756725,0.26336285,0.1998879,0.26951996,0.50153211,-0.00439782,0.12884365,0.77159438,0.61769196,-0.11776301,0.71337283,2.01893348,2.109342,4.12827547,0.03032724,0.04938216,0.0797094,-0.01259417,-0.67847678,-0.69107095,-0.27879665,-0.50918427,-0.78798092,1.80084145,1.85568266,3.65652411,1.44849623,1.75170115,3.20019738,2.1473909,1.70493326,3.85232416
26901488,sub-000026901488,HC,3.0,6.0,6.0,11.0,26.0,4.0,4.0,4.0,5.0,17.0,-9.0,-2.62369357,-0.26193802,0.40609941,-0.44212576,-0.13268549,0.10683818,-0.2776036,-0.45537378,-0.42575737,0.121754,0.06761222,0.08508306,0.12584422,-0.60141529,-0.48083764,-1.08225293,-0.00096736,-0.19820148,0.01306934,-0.06233486,0.13405745,0.11492483,-0.47361573,-0.3028056,-0.10043398,-0.10764683,-0.3162033,-0.15388685,0.00054793,-1.45459229,-1.45404436,-0.2881279,-0.29096439,0.04105973,-0.03777052,-0.28200723,0.2734807,-0.08623594,0.20777847,0.07631576,0.2882343,-0.105781,0.04690628,-0.5843296,0.42721786,-0.15711174,0.10599376,-0.09182612,0.093711,-0.07478571,-0.0048764,0.14740548,-0.00472903,0.03066069,0.05518673,-0.07047095,-0.14139192,-0.06351388,0.17562202,-0.19425836,-0.01863634,0.14550984,-0.20882036,0.12634627,-0.00648018,0.14893861,0.07987811,0.16467046,0.03905087,0.13080227,-0.07932996,-0.1588219,0.11053584,0.28537228,0.20690757,0.49227985,-0.0997361,-0.0696421,-0.03628255,0.43580908,0.00489892,-0.00327796,-0.17605127,0.26270191,0.51775099,-7.698e-05,-0.38677081,0.26268253,0.23176929,0.48023637,0.71200566,-0.12138632,-0.19335279,-0.08517855,0.36558799,-0.10192987,-0.22267148,-0.25388924,0.24696916,0.50144987,-0.11524214,-0.25653094,0.21482548,-0.35893102,0.3375822,-0.02134881,0.05386294,-0.32580514,-0.0876308,0.21240098,-0.1545175,0.01922968,-0.4305289,0.08866058,0.42533331,0.23222284,-0.078359,0.15661908,-0.28245984,0.39394789,0.11148806,-0.58487753,1.88181015,1.29693262,0.17507409,1.26033393,1.43540802,0.28482435,1.66149986,1.94632421,0.23122136,1.93482866,2.16605001,-0.35947895,1.79217449,1.43269554,-0.28300777,1.84854018,1.56553241
27578624,sub-000027578624,HC,4.0,9.0,6.0,11.0,30.0,4.0,7.0,7.0,13.0,31.0,1.0,8.55186154,-0.09030788,-0.16200133,-0.36639571,-0.26173368,0.1036681,-0.31326272,0.11126115,0.06040378,0.21348819,0.21724889,0.15152453,0.17417421,-1.09003321,0.92810075,-0.16193246,0.15075303,0.01250148,0.06328989,0.02900132,0.19079829,-0.36414976,-0.06636211,-0.04029335,-0.13279983,-0.16374308,-0.26126582,-0.06457774,0.08219425,-0.72904192,-0.64684767,-0.25404938,-0.25335021,-0.03666769,-0.02753775,0.18458839,0.06984691,0.38125348,0.1231471,0.23252096,0.17808178,-0.06318423,0.16222678,-0.31716973,1.01404587,0.69687614,-0.00144578,0.03014956,0.01774257,-0.00611794,0.05036013,-0.13564486,0.30776808,0.06955446,0.0793773,0.09455769,-0.08285372,0.06992709,-0.04495632,0.53833091,0.49337459,0.18062767,-0.14770174,0.03346958,-0.00817782,0.20657168,-0.21789293,-0.27129414,0.30404998,0.31841404,0.06538242,0.03445917,0.14176565,0.04689645,0.59277712,0.63967357,0.72979277,0.2322536,0.63260613,0.20528539,0.29188818,0.4561147,0.5466415,0.22792533,0.16502094,0.76792911,-0.10220731,0.19000316,2.54794076,1.79531273,4.34325349,0.86910371,0.15279615,0.69145411,0.18443529,0.31416971,0.28863396,0.52583665,0.25053507,0.38951674,0.76280065,-0.11408859,0.44610514,2.50059293,2.26070566,4.76129859,0.90029904,0.04628523,0.80963667,0.25595781,0.37353398,0.33989025,0.54485169,0.00386093,-0.04394022,0.62803601,-0.35300748,0.0045818,2.72560298,0.78438273,3.50998572,-0.39936398,1.74308779,1.34372381,-0.12715057,1.26737283,1.14022226,-0.0352978,1.32181904,1.28652124,2.46574651,2.52435466,4.99010116,2.41839868,2.98974758,5.40814626,2.64340873,1.51342466,4.15683339
28113492,sub-000028113492,HC,0.0,0.0,1.0,0.0,1.0,0.0,0.0,2.0,2.0,4.0,3.0,2.02908701,0.19310382,0.10791317,-0.14786573,-0.03132752,0.29296224,-0.23296793,0.49453735,-0.0019719,-0.2129397,-0.10572117,0.20972612,-0.52422591,0.18181805,-0.14059521,0.04122284,0.33260856,0.03315123,0.19820591,0.11440473,-0.16240483,0.36282147,-0.37109356,0.10528627,0.1948041,-0.25673234,0.07470081,0.13350242,0.87878708,-0.1195323,0.75925478,-0.00393642,-0.07725386,0.08407524,0.14167167,0.09339364,0.28489782,0.96113662,0.85264114,0.45294768,0.13622249,0.03934043,0.37730612,0.52284809,2.81959447,3.34244257,0.00507646,-0.04906429,-0.00300695,-0.02775385,-0.09589856,0.01214894,0.35492957,0.66047207,0.27397591,0.22453737,0.10622829,0.32509786,-0.15849824,1.94524107,1.78674283,0.03248715,0.00646135,-0.17954012,-0.35837889,-0.67278217,0.25062442,0.8026621,0.57373317,0.29230083,-0.16008149,0.15583337,0.22297583,-0.92112826,1.8874238,0.96629554,0.92174368,-0.24877531,0.64251066,0.53956265,-0.1729398,0.80144692,-0.11279683,0.56624677,0.27438057,0.29198945,-0.2038111,0.54247612,2.4835488,1.35848497,3.84203377,0.93928397,-0.10156993,0.65944769,0.52056616,-0.19390201,0.58306538,-0.10013266,0.59323459,0.45293127,0.26771402,-0.23350739,0.56691188,2.40689126,1.54715171,3.95404297,0.82627894,-0.08216906,0.51360271,0.69090954,-0.29288787,0.76746429,-0.15735112,0.42807151,0.42453388,0.03990996,-0.21924071,0.53930095,2.42319856,1.05522447,3.47842303,-0.35593898,2.93912677,2.58318779,-1.03728532,2.06477337,1.02748805,-1.79991534,2.0069561,0.20704076,1.60476172,1.47801727,3.082779,1.52810418,1.66668402,3.1947882,1.54441148,1.17475677,2.71916825
29658673,sub-000029658673,HC,3.0,7.0,8.0,7.0,25.0,4.0,9.0,9.0,6.0,28.0,3.0,9.08241766,0.29572151,0.09658839,-0.04050718,-0.17656432,-0.1745776,-0.15401705,0.36573616,-0.12611365,0.11893185,-0.26840057,-0.26033306,0.07483368,-0.15335626,-0.0953456,-0.24870185,0.01914747,0.02938012,-0.08902829,0.16408094,-0.04996697,-0.03583662,-0.2885594,-0.11056188,-0.12851964,-0.07600151,0.0001236,-0.12837231,0.03777665,-0.73189114,-0.69411448,0.19540106,0.07263452,0.37579649,-0.12217921,-0.18196974,0.12055674,0.24236059,0.42422604,0.26232774,-0.0593012,-0.11369348,0.11299817,0.46023987,0.86891786,1.32915773,0.014823,-0.01414748,0.11830717,0.11836569,0.02679942,-0.00464248,0.07533908,0.08841364,-0.10856752,-0.01804345,-0.04989055,-0.08047969,0.25950533,-0.09322849,0.16627684,-0.0639426,0.11809472,0.01392021,-0.16757602,-0.08542915,-0.05764176,-0.10365254,0.28719054,-0.24826196,0.17487222,-0.07540856,-0.07778874,-0.2425746,-0.04304903,-0.28562364,0.73641977,-0.27164857,0.4531249,0.27725682,-0.10058579,0.41725677,0.21220069,0.80335457,0.68979413,0.84561316,-0.3935899,0.87949306,1.5118239,3.0368657,4.5486896,0.70750177,-0.27128565,0.43319363,0.22084941,-0.09412199,0.37396383,0.11440504,0.43079414,0.71649412,0.55204986,-0.25869854,0.75362933,1.370101,2.30867395,3.67877495,0.69467973,-0.16505641,0.53238035,0.22208464,-0.08215173,0.34308524,0.0336506,0.18765958,0.02097004,0.087144,-0.11373782,0.19303391,1.54502181,0.40872031,1.95374212,0.42246322,1.600809,2.02327222,0.22172868,0.63866265,0.86039132,-0.28035126,0.6888421,0.40849085,1.47404725,3.76875684,5.24280408,1.33232435,3.04056509,4.37288943,1.50724516,1.14061145,2.64785661
29751086,sub-000029751086,HC,3.0,7.0,6.0,3.0,19.0,1.0,5.0,2.0,4.0,12.0,-7.0,-2.68091501,0.32960612,0.2534352,-0.20788753,-0.3153162,-0.11698536,-0.24134516,-0.12138619,0.10555612,0.10389343,0.17507913,-0.45607072,0.0122588,-0.29849293,-0.18066945,-0.47916238,-0.25382435,-0.07424528,-0.28092505,0.14839374,-0.03996214,-0.28705871,-0.03855392,0.03787801,-0.13552807,-0.03277413,-0.1348899,-0.15052124,-0.7876218,-0.45438924,-1.24201104,0.12610001,-0.50106723,0.10215394,-0.12863669,0.02688982,0.29654369,0.13571451,0.37222068,-0.22116725,0.22728664,-0.20794666,0.10864255,-0.07801646,0.41475047,0.33673401,-0.02240435,-0.04049598,-0.01613272,0.00467322,-0.05112933,0.1095015,-0.02653016,0.3548428,0.06518974,0.12322451,-0.18755807,0.09871739,-0.01598766,0.42788622,0.41189856,0.14818002,-0.10309145,-0.00649069,0.05816593,0.0701769,-0.11669954,-0.0089639,0.24240725,0.12541067,0.37000596,-0.14151608,0.25984316,0.05024115,0.84718706,0.89742822,0.43118916,0.08206276,0.27171158,0.41366942,-0.26838765,0.85193227,-0.32694156,-0.31031406,0.53015736,0.2995513,-0.10114191,0.54834427,1.78217754,0.63965541,2.42183295,0.37575914,0.17811863,0.23650546,0.48102461,-0.37587948,0.66923154,-0.25417837,-0.4542615,0.51726181,0.20805586,-0.11324837,0.68467266,1.5647599,0.5883021,2.15306201,0.21437585,0.0640963,0.09035422,0.32489063,-0.1156364,0.69146217,-0.29100968,-0.60172567,0.07328331,0.23152253,-0.18778513,0.24031064,1.26954278,-0.53540401,0.73413877,0.70960534,0.86913971,1.57874505,0.77163414,0.88227546,1.6539096,0.83786296,1.3015763,2.13943926,2.56979934,1.09404465,3.66384399,2.35238171,1.04269134,3.39507305,2.05716458,-0.08101477,1.97614981
29871328,sub-000029871328,HC,4.0,10.0,6.0,6.0,26.0,2.0,9.0,6.0,7.0,24.0,-2.0,4.37630643,-0.065135,0.12041254,-0.14343079,0.11727513,0.58557573,-0.23443416,0.23857,0.37625793,0.08809846,0.47210927,0.10481183,-0.08132834,0.38026345,1.19851915,1.5787826,0.07963616,0.01153308,0.13379171,0.08225163,-0.18038524,-0.38396474,0.17821912,-0.05484467,0.14842341,0.06248667,-0.24636036,0.06699814,-0.25713739,0.15492231,-0.10221507,0.21252212,-0.03772372,0.21887902,0.25278349,0.10238214,0.22823075,0.44920057,0.29683775,0.18606234,-0.02559607,-0.09190386,0.09402152,0.97707379,0.90862225,1.88569604,0.06343077,-0.00421876,-0.01962645,-0.0837896,0.09626225,0.09037608,0.4554906,0.25490032,0.09554228,-0.09797073,-0.08805648,0.02852691,0.14243428,0.6484329,0.79086718,0.22871042,-0.02311071,0.00883728,0.28475798,0.12639298,-0.02193782,0.53650577,0.0774339,0.02104173,0.31046531,-0.08709551,0.28743936,0.60365013,1.14579058,1.74944071,1.02978603,0.23950708,0.82639931,-0.0083758,0.10063055,0.20792543,0.35699384,0.47357852,0.82559312,-0.05807944,-0.210678,0.62818622,2.3958726,2.01559427,4.41146686,1.0903642,0.09970556,0.8548525,0.132902,0.15259913,0.36620522,0.45618244,0.57725457,0.80457757,-0.09011145,-0.17319896,0.56319006,2.69662862,2.13789424,4.83452286,0.91975772,0.14496823,0.83460692,0.19645092,0.19968964,0.42986258,0.34893877,0.58025911,0.74911059,-0.14424451,-0.23299804,0.58791268,2.725336,1.88897861,4.61431461,1.23421117,0.75369994,1.98791111,0.39957167,0.49351059,0.89308226,0.86078752,0.99086827,1.85165579,2.65300998,1.86067195,4.51368194,2.95376601,1.98297192,4.93673793,2.98247339,1.73405629,4.71652968
30276332,sub-000030276332,HC,0.0,7.0,5.0,2.0,14.0,1.0,6.0,7.0,4.0,18.0,4.0,6.84964111,-0.27526292,-0.03078247,0.19932866,-0.09981389,0.0735779,0.02378396,-0.2656881,-0.11971138,-0.04251445,0.03811121,-0.128383,-0.15983869,-0.10916875,-0.6780244,-0.78719315,0.16264504,0.03604327,0.08013789,0.09532555,0.4864266,0.3189728,0.14089594,-0.01519219,0.21899088,-0.02654256,0.16260131,0.14772963,1.17955116,0.62848301,1.80803417,-0.18960189,-0.10590198,-0.17910625,-0.09371506,0.13088386,-0.32301549,0.24395524,0.1533071,-0.06697088,-0.10716788,0.09752736,0.26385595,-0.76045681,0.58450689,-0.17594992,0.05988288,-0.0253842,0.06491801,0.00229391,0.17910399,-0.05860723,0.057394,0.35282101,0.09739049,-0.05970892,0.09569068,0.27324789,0.22220735,0.81683515,1.03904249,0.19961472,0.03009841,-0.12531748,-0.08533544,0.0945884,0.16920936,0.06594017,0.09422519,0.25267286,0.04564822,0.07420344,0.34334984,0.28285796,0.87603971,1.15889768,0.13265688,0.3199105,-0.0878189,0.10926038,0.00702186,0.51415652,0.15346808,0.36067556,0.14376767,0.00575879,0.02896431,0.324716,0.99518724,1.01735041,2.01253765,0.17123387,0.25098685,0.03275594,0.14669896,0.08849348,0.50807468,0.25150026,0.40077733,0.14629538,0.01347829,0.11134897,0.30137963,1.19824378,1.22477987,2.42302365,0.51772769,0.08704103,0.05532597,0.16590132,0.12565089,0.18912554,0.3402786,0.41364535,0.10108007,-0.19670997,0.09787806,0.25044452,1.14077244,1.00661663,2.14738907,-1.94000797,-0.04397611,-1.98398408,-0.95734381,0.18835214,-0.76899167,-0.8966932,0.24755671,-0.64913649,-0.18436392,0.3888674,0.20450348,0.01869262,0.59629686,0.61498948,-0.03877872,0.37813362,0.3393549
30649663,sub-000030649663,HC,0.0,12.0,8.0,3.0,23.0,0.0,1.0,5.0,17.0,23.0,0.0,5.4946401,-0.10937999,0.11174257,0.21661765,0.25229937,0.47796975,-0.13418764,0.31309265,0.07944893,-0.04846436,0.30160056,0.07054671,-0.09208559,0.8150617,0.62413889,1.43920059,0.03382609,0.13112239,0.18093764,0.13325843,0.24883617,-0.02230608,-0.18181496,0.0829716,-0.00912793,0.23858925,0.00904134,0.11933046,0.70567464,0.25898976,0.9646644,0.27503038,0.0602705,-0.04252365,-0.0533726,0.17806507,0.18962168,-0.28846985,0.15964718,0.08621132,0.06678449,0.20719864,-0.05190714,0.60709139,0.17946464,0.78655602,-0.02696765,0.0825841,0.06722345,-0.04838152,0.04907984,0.00315094,-0.13507804,0.19063629,0.22404155,0.12920999,0.17529398,0.00981705,0.12668916,0.59392082,0.72060998,0.01310691,-0.04219492,-0.06611653,-0.04481886,-0.0062693,0.0476771,-0.10008105,-0.09145278,0.11087024,0.40027314,0.35215903,0.06693805,-0.09861559,0.73870663,0.64009104,0.26018594,0.0403124,0.45808063,0.18580367,0.15577584,-0.27004714,0.3693353,-0.25748582,0.33762776,0.34238201,0.05973051,0.41147766,0.83011134,1.26306743,2.09317877,0.26984301,0.03270314,0.4479289,0.21990551,0.0371214,-0.24546336,0.36204213,-0.10649188,0.27913818,0.31469081,0.02686271,0.26733424,0.76203861,1.14357618,1.90561479,0.28139422,0.1005984,0.43770254,0.22782126,0.05343268,0.26659295,0.44272051,0.36347873,0.26539202,0.00211389,-0.18265585,0.30158128,1.36754205,1.19263059,2.56017264,-0.09858325,-0.07952513,-0.17810838,-0.57898548,0.33493106,-0.24405442,-0.80429023,0.47971686,-0.32457337,0.1244367,1.00407767,1.12851437,0.05636397,0.88458642,0.94095039,0.66186741,0.93364082,1.59550824
30779144,sub-000030779144,HC,0.0,5.0,5.0,4.0,14.0,0.0,4.0,7.0,5.0,16.0,2.0,4.84964111,-0.10284141,0.1519797,-0.07102815,0.11782302,0.39084621,0.05252204,0.49224989,-0.1093181,0.29988276,-0.14652278,-0.41099121,0.23714896,0.53930141,0.36244952,0.90175092,0.00339631,-0.07677195,-0.09266166,-0.05561096,0.12610172,-0.38207825,-0.0566902,-0.087972,-0.13254667,0.04610409,-0.18384087,-0.11876096,-0.47762478,-0.53370661,-1.01133139,0.19615055,0.06744692,0.19873715,-0.04855023,0.29707042,-0.18214833,0.20228905,0.31356639,-0.12250095,0.27323642,-0.35128014,-0.14995669,0.52870649,0.16535408,0.69406056,-0.13494672,0.0812423,-0.02159266,-0.00135741,0.03623547,-0.05453884,0.09499999,0.18243822,0.0956337,0.1246497,-0.33971013,0.14299474,-0.09495788,0.30100622,0.20604835,0.1580625,-0.26345467,0.16700633,-0.01725777,0.15322483,0.19312808,-0.05443472,0.01545094,0.2199089,0.04835479,-0.3443897,0.27597284,0.39070928,0.16086305,0.55157234,0.41832492,0.21451107,0.50466793,0.61603999,0.08667029,0.27253879,0.24618691,0.74401732,0.3176012,0.25551306,-0.53029934,0.38140288,2.112753,1.41442202,3.52717503,0.50169926,0.24533317,0.58453575,0.54855226,0.03597068,0.25619767,0.21305225,0.74390169,0.34724888,0.14880987,-0.47103412,0.47917645,2.1722888,1.46115501,3.63344381,0.31642001,0.09059001,0.44120747,0.68260573,0.08318973,0.32504061,0.344603,0.79275688,0.36935186,0.01998702,-0.53519164,0.47403309,1.93905356,1.46554022,3.40459378,1.00633127,0.69906069,1.70539195,0.3826669,0.83471284,1.21737974,0.86833406,0.69456967,1.56290373,2.59037778,1.94812864,4.53850642,2.64991358,1.99486163,4.6447752,2.41667834,1.99924684,4.41592517
31070544,sub-000031070544,HC,5.0,5.0,4.0,1.0,15.0,4.0,3.0,5.0,1.0,13.0,-2.0,1.14352989,-0.39978704,-0.18125014,0.04081244,0.20238148,0.13765238,0.02079048,0.22552839,-0.05116532,0.03824753,0.22195268,-0.02458224,0.21672743,-0.17940039,0.62670847,0.44730807,0.08237252,-0.00931323,-0.06096928,-0.04927309,0.02678033,0.18105756,-0.33995922,-0.02150715,0.17276492,-0.05583238,0.18171425,0.22994303,0.17065481,0.16712344,0.33777825,0.06765873,-0.06980421,-0.26147502,-0.15695429,0.22122496,0.36054676,-0.22705134,0.2888667,0.15108246,-0.09163424,0.22794154,0.18513844,0.16119693,0.53434355,0.69554048,0.00606791,-0.04163395,0.04626683,0.03248857,0.02731774,-0.03299877,0.03711812,0.07491527,-0.04322994,0.13916842,0.26533908,0.06034153,0.03750834,0.53365247,0.57116081,-0.04171864,0.19464418,-0.04395103,0.06279173,-0.08762296,0.06577507,-0.04491891,-0.01822861,-0.07118951,0.41938911,0.24299275,-0.26597153,0.14991836,0.26207331,0.41199167,0.0015426,-0.10668799,0.21281409,0.63962071,-0.15585264,0.3597631,-0.20878758,0.23249486,0.17400533,0.46338179,0.38943708,0.25613746,0.95119986,1.30666894,2.2578688,-0.09686215,-0.21591329,0.20967641,0.52594561,-0.21275258,0.32046698,-0.1649105,0.27895149,0.12943148,0.71508092,0.34253186,0.2910667,0.53056098,1.59215195,2.12271293,-0.08698582,-0.18949831,0.2654684,0.50570308,-0.22903518,0.37391671,-0.0312594,0.31600989,0.18997067,0.75388004,0.22564791,0.38284181,0.63956887,1.83709092,2.47665979,-0.00945788,0.36722011,0.35776223,-0.13314647,0.36652903,0.23338255,-0.02073645,0.09494986,0.07421341,0.78054505,1.13954549,1.92009055,0.35990617,1.42502851,1.78493468,0.46891406,1.66996748,2.13888154
31171219,sub-000031171219,HC,0.0,2.0,6.0,9.0,17.0,0.0,3.0,3.0,10.0,16.0,-1.0,2.73130744,-0.02993238,0.13968548,-0.11899448,-0.1715062,0.41024465,0.14110712,-0.15281721,-0.1042348,0.0258503,0.62663163,-0.05290115,0.11546782,0.37060418,0.45799658,0.82860077,0.18160675,-0.05121418,0.1223896,-0.28536457,0.16415884,0.63676117,-0.12026229,0.29671792,0.01655772,-0.03023433,-0.00352899,-0.14897837,0.76833762,0.01027165,0.77860927,0.18362969,0.13731681,0.0713127,-0.30264124,0.48611273,0.09684083,0.25666579,0.73810744,0.32274198,0.40659899,0.12481946,0.26244161,0.67257153,2.11137527,2.7839468,0.05097107,0.03379162,0.05928959,-0.03459093,-0.15555411,0.14741325,0.21446197,0.1329152,-0.06203922,0.37382625,0.15635701,0.05221829,0.1013205,0.86773949,0.96905999,0.08967803,-0.09056388,-0.00795916,-0.31585947,-0.1477069,0.44832862,0.21283764,-0.54275275,-0.43275449,0.10708241,0.33234682,-0.30812695,-0.02408275,-0.63136731,-0.65545007,0.14206581,-0.33456352,0.11676382,0.07711948,-0.36144062,-0.15198549,0.8534785,0.80686539,0.97702097,0.78288187,-0.09198848,0.77208795,-0.51204052,4.10034619,3.58830567,0.08416007,-0.39223686,0.21204589,-0.03326099,-0.01533716,-0.00658703,0.1685473,0.38807275,0.55068233,0.93483825,0.18400261,0.36104345,-0.15121608,2.58718669,2.43597062,0.50536461,-0.35311932,0.36193796,-0.11213238,0.03732494,0.19174289,-0.35396843,0.42246391,-0.14190653,0.89010724,0.08447076,0.14574854,0.6311187,1.04691548,1.67803418,-0.09576609,2.10110362,2.00533753,-0.66701712,0.85746784,0.19045072,-0.79242037,-0.64163896,-1.43405934,-1.28037814,4.09007454,2.8096964,-0.91955369,2.57691504,1.65736135,-0.13721892,1.03664383,0.89942491
31825112,sub-000031825112,HC,0.0,6.0,8.0,9.0,23.0,0.0,5.0,5.0,8.0,18.0,-5.0,0.4946401,-0.11159738,0.08558678,-0.14351204,-0.38645809,0.56144195,-0.30810684,0.19509651,0.29452646,-0.43935593,0.07745476,0.53273382,-0.19212218,-0.30264561,0.46833345,0.16568783,-0.08296158,-0.10381018,-0.08933781,-0.0846346,0.07092593,-0.11560468,-0.30188211,-0.09460045,0.24508115,0.04423112,0.09513839,0.05045478,-0.40542291,0.03842289,-0.36700002,0.08105342,0.074553,0.01236582,-0.13816614,-0.14394883,0.39341435,-0.33154775,0.34436813,0.2479847,-0.55058131,-0.05579706,0.17210724,0.27927162,-0.17346604,0.10580558,0.12040484,0.02179916,-0.01378111,0.00938728,-0.00537628,-0.00190985,-0.50208437,0.26633707,0.22052491,-0.08157735,-0.04053424,0.22932022,0.13052403,0.09198623,0.22251026,0.10697739,0.06741044,-0.02378679,0.00164201,0.15409536,-0.18939781,-0.28454029,0.21659189,0.67575714,0.50290982,-0.0125597,0.85523522,0.11694061,1.95339408,2.07033469,-0.20679503,0.00547251,-0.50319338,0.04954402,-0.27740714,0.33007953,-0.00319494,-0.10579425,0.43527006,0.52370457,0.00658839,0.03130781,-0.60229948,0.88788165,0.28558217,-0.12095705,0.01488337,-0.48296906,0.01083861,-0.2160324,0.29700845,-0.06887382,-0.07621068,0.41224373,0.84294873,-0.03664406,0.10394963,-0.49722807,1.17741354,0.68018546,0.01039043,0.13249111,-0.27791727,0.04510742,-0.23856148,0.09149424,-0.16257644,0.07697357,0.2386157,1.05865687,-0.01695889,-0.10376521,-0.23699556,1.09094559,0.85395004,0.68469453,-0.21188893,0.4728056,0.53594694,0.05356334,0.58951029,0.52236352,1.91497119,2.43733471,-0.19687657,0.84945876,0.6525822,-0.09180517,1.13899065,1.04718548,0.16842735,1.05252271,1.22095006
31851798,sub-000031851798,HC,2.0,4.0,8.0,4.0,18.0,0.0,2.0,1.0,2.0,5.0,-13.0,-8.97480378,-0.11450083,0.00023154,-0.32647333,-0.07869588,0.27505272,-0.08919823,0.0608979,-0.06244737,-0.00012468,0.2274379,-0.19027386,-0.10466372,-0.33358399,-0.06917384,-0.40275783,0.35946602,0.0729618,-0.06671227,0.01229516,0.1305814,0.17020415,0.06465915,-0.05667309,-0.0345354,0.04155452,-0.18992231,-0.03389891,0.67879626,-0.20881604,0.46998022,-0.04701228,0.08845429,-0.28894696,0.21845308,-0.11963025,0.03998648,-0.06036094,0.28459454,0.11461739,-0.12807668,-0.30909142,0.07172066,-0.10869565,-0.02659644,-0.13529209,-0.09150193,-0.12511052,-0.1336154,-0.0450316,-0.0177996,0.09145853,0.04619246,0.18171345,0.0730331,0.09827034,-0.31865764,-0.05014435,-0.32160052,0.03040735,-0.29119317,0.07028401,0.18477571,-0.23099507,-0.03208049,0.01761462,0.20461729,-0.010098,0.16670426,0.04664878,-0.20401601,-0.22523732,-0.05561396,0.21421608,-0.28161225,-0.06739617,0.10189431,-0.04257373,0.02005861,-0.10040609,-0.04597722,-0.12365783,0.30743028,0.23199269,0.21162849,0.48598026,0.14837627,0.08045869,-0.19066196,1.46586668,1.27520472,0.44883331,-0.05923182,0.04437772,-0.12520182,-0.14774894,0.1966391,0.20536794,0.09361445,0.14847096,0.36293216,0.26954236,0.00774494,0.35766755,1.08767281,1.44534036,0.43443534,-0.3270421,0.37965667,-0.35197311,-0.04021003,0.26841604,0.12442914,0.00363559,0.16283446,0.3680087,0.13962267,0.05342435,0.36328282,0.85195492,1.21523774,-0.7874919,0.1822196,-0.60527231,-1.00039677,0.23922339,-0.76117338,-0.46458018,-0.07279621,-0.53737638,-0.86945822,1.67468272,0.80522451,-0.32112871,1.29648886,0.97536015,-0.31551344,1.06077097,0.74525752
35704260,sub-000035704260,HC,0.0,9.0,6.0,2.0,17.0,2.0,2.0,1.0,0.0,5.0,-12.0,-8.26869256,-0.10060122,0.03390695,0.20854545,0.04147141,-0.13737769,0.0523586,-0.29122955,0.26947085,0.11426054,-0.22669974,-0.16175158,0.1412428,0.09830349,-0.15470668,-0.05640318,-0.22573037,0.11452141,-0.06944352,0.10557742,-0.27223863,-0.47764265,0.28224768,0.20410025,0.18566924,0.00266526,0.24685213,0.06300351,-0.82495635,0.98453806,0.15958171,-0.04899988,-0.17221824,-0.20288255,0.36367715,0.6492257,-0.24430778,0.14594951,0.17766723,0.15057814,0.29259205,0.21207845,0.01929844,0.34449441,0.99816382,1.34265824,-0.02406453,-0.05685221,0.05803811,0.08189991,0.211663,-0.02899182,0.23884811,0.16501752,0.05248187,-0.06541339,0.18775249,0.00291241,0.24169246,0.58159902,0.82329148,-0.00754796,-0.22875574,-0.0504136,0.18916633,-0.11850843,-0.09688802,-0.15917704,0.24281427,-0.3650469,-0.15376007,0.1892549,-0.15745878,-0.31294742,-0.40337362,-0.71632104,0.10045222,-0.06850513,-0.0039189,0.44662916,0.13801328,0.17470536,-0.18251155,0.81408948,0.09919965,0.32980694,0.3905529,0.27722597,0.787376,1.7283634,2.51573939,0.09712964,0.06583893,-0.01906743,0.49022601,0.13063482,0.45070981,-0.10514876,0.67451796,0.16244096,0.29819414,0.40696789,0.23008681,1.21547177,1.66705901,2.88253078,0.15848323,0.11415946,0.07522529,0.43002751,0.04271472,0.75018772,0.08268656,0.52868228,0.3894577,0.33982931,0.44653062,0.39665079,1.57079793,2.18383725,3.75463518,1.16945077,0.01362576,1.18307653,1.06664881,-0.40293904,0.66370977,0.51200893,-1.38791169,-0.87590276,1.61233235,0.74382533,2.35615768,2.04042812,0.68252094,2.72294906,2.39575429,1.19929918,3.59505347
37805580,sub-000037805580,HC,4.0,5.0,1.0,0.0,10.0,1.0,0.0,0.0,2.0,3.0,-7.0,-5.325914,0.17074545,0.23243789,0.03002912,0.05820783,-0.06969572,0.05634201,0.05513043,-0.0468191,-0.14286864,0.7296031,0.05793919,-0.0522788,0.47806658,0.60070616,1.07877274,0.01468664,0.14826022,-0.04271207,0.07627499,-0.00288703,-0.0544933,-0.31506411,-0.30503919,-0.39148515,0.07925084,-0.04159637,-0.38272616,0.13912946,-1.35666015,-1.21753069,0.13262356,0.04197942,-0.07512214,0.12364228,-0.10433721,0.20110785,0.14077273,0.03152845,-0.26705975,0.1569048,-0.24154407,-0.2313188,0.31989376,-0.41071664,-0.09082288,0.03662818,-0.00168006,0.05997671,0.03104392,-0.02364403,-0.05226746,0.10656769,0.10679841,-0.08765736,-0.045464,-0.11714858,-0.11600566,0.05005726,-0.1529095,-0.10285224,0.03472963,0.09444698,-0.09126189,0.0215025,-0.03825004,0.18485329,0.07532507,0.00615577,0.08889815,-0.10730671,-0.01495203,0.18910314,0.20602048,0.23722338,0.44324386,0.83554213,-0.0002638,0.30564869,0.66742025,0.50187239,0.1038792,-0.23775216,-0.37101353,-0.66816803,0.29484963,-0.06547669,-0.58973728,2.41409887,-1.63729806,0.77680081,0.63561699,0.09772701,0.28372866,0.77575795,0.51008603,0.00406759,-0.30292719,-0.32177172,-0.5908394,0.17282803,0.13906623,-0.43366042,2.30698424,-1.33730446,0.96967978,-0.06198451,0.05112427,-0.02072352,0.77196833,0.23708251,0.15262679,-0.40926037,-0.39709167,-0.3861309,0.12635029,0.26475289,-0.24939986,1.13009387,-1.05077963,0.07931424,0.1807643,0.94594351,1.1267078,-0.0890722,1.20375065,1.11467845,0.06689101,1.59388353,1.66077454,2.27496941,-0.28063791,1.9943315,2.16785478,0.01935568,2.18721046,0.9909644,0.30588052,1.29684492
38521433,sub-000038521433,HC,1.0,4.0,9.0,13.0,27.0,0.0,2.0,6.0,7.0,15.0,-12.0,-5.32980479,-0.27941681,-0.10431083,-0.22254143,0.21125558,0.34103825,-0.2688598,0.22415009,-0.0631278,-0.25898302,0.50541346,0.34067414,-0.29438449,-0.32283504,0.45374237,0.13090734,-0.06537878,-0.06195591,0.04365218,-0.16573661,0.23773265,-0.22848133,0.13157558,0.21852453,0.09580316,-0.13814363,0.38368127,-0.0130787,-0.24016778,0.67836221,0.43819443,0.03721944,-0.09611037,-0.06592578,-0.03440997,0.29959115,-0.29153736,0.14432492,0.32509736,0.22130914,0.02157258,0.32319643,0.17895527,-0.15117288,1.2144557,1.06328282,0.03734118,-0.01683205,-0.03985359,-0.04823776,0.00780486,-0.17708147,0.16585628,0.33192357,0.06014246,0.05115202,0.30255228,0.1116984,-0.23685882,1.02332501,0.78646618,0.10041938,-0.23992165,0.03633581,-0.17553342,-0.19618287,-0.02606238,0.262239,0.02036301,-0.28927189,0.51101213,0.37905926,-0.24302384,-0.50094513,0.64037766,0.13943253,0.26873162,0.05750894,0.35185427,0.24507927,-0.00388379,1.10462681,0.25652439,0.31904085,0.30419538,0.31110533,0.31715783,0.15063001,2.02391712,1.65865379,3.68257091,0.33222775,0.11748146,0.36941963,0.27963183,0.09606983,0.93571039,0.14606024,0.14169233,0.28105406,0.31573117,0.32168669,0.1171393,2.13054088,1.3233638,3.45390468,0.42381208,0.0974207,0.29349236,-0.09133847,0.09541285,0.65345813,0.27728519,0.12903122,0.29379288,0.31442794,0.29646023,0.16560466,1.47225764,1.47660212,2.94885976,0.0889949,0.53609349,0.62508839,0.00330896,0.3449628,0.34827175,-0.26077735,-0.03798454,-0.2987619,2.2640849,0.98029158,3.24437648,2.37070866,0.64500159,3.01571025,1.71242542,0.79823991,2.51066533
39776858,sub-000039776858,HC,3.0,7.0,2.0,5.0,17.0,1.0,7.0,4.0,7.0,19.0,2.0,5.73130744,0.04689026,0.38965526,0.0199238,-0.09060577,0.3277387,-0.23136546,0.0668888,0.4997871,0.08726227,0.21359836,0.30336066,0.08550632,0.46223678,1.25640351,1.71864029,-0.04360795,0.01286577,-0.05749357,-0.06288648,0.31572819,-0.11602195,-0.35924444,-0.03210386,0.0031878,0.02949899,0.16005106,0.17327832,0.04858402,-0.02533213,0.02325189,0.1504325,-0.3683588,0.16772602,0.31063908,0.36623791,-0.12902492,0.08945008,0.3832689,0.06250127,0.08114592,0.2299357,0.30455833,0.49765178,1.1508602,1.64851198,0.00634282,0.17251453,-0.09415755,-0.00834705,-0.05182961,0.18432918,0.09130113,0.12338939,-0.06330295,-0.08259232,0.26677658,-0.01596801,0.20885231,0.31960384,0.52845615,-0.21283186,0.10376019,0.28110984,-0.10459663,0.04211727,-0.09622872,0.38395249,0.14346195,-0.01522717,0.34638428,0.31777254,0.23369595,0.01333009,1.41004003,1.42337012,0.88586622,0.08950179,0.80056273,0.24018633,-0.09998997,1.08389691,-0.13324785,0.55900318,0.41883677,-0.01865548,0.09728663,0.65092677,3.000024,1.57415002,4.57417401,0.92352476,0.06684763,0.81356579,0.27794148,-0.18560676,0.98104819,0.00740642,0.47422816,0.30638547,0.19148899,0.09304703,0.55962987,2.87732108,1.63218594,4.50950703,1.05573865,0.06085447,0.94613429,0.3072304,-0.36885529,0.89791113,-0.05075582,0.60186803,0.23877005,0.32814985,0.00813732,0.55155204,2.89901366,1.67772147,4.57673513,0.44906776,1.17619233,1.62526009,0.16026829,0.34493597,0.50520426,-0.03525393,1.43537217,1.40011824,2.95143998,1.59948215,4.55092213,2.82873706,1.65751808,4.48625514,2.85042964,1.7030536,4.55348324
41383458,sub-000041383458,HC,2.0,9.0,6.0,6.0,23.0,0.0,3.0,3.0,7.0,13.0,-10.0,-4.5053599,-0.08523913,0.15898645,-0.04633648,-0.4022681,-0.07851602,-0.00538364,-0.17650299,-0.27847134,-0.60441861,0.0211609,0.00748946,-0.46319362,-0.45875692,-1.4939362,-1.95269313,0.12611762,-0.02084145,0.29405487,0.03334458,0.01815694,0.13597561,-0.29463679,0.09121126,0.12091723,0.21564644,0.57411869,0.09085177,0.58680816,0.79810861,1.38491676,0.01030938,-0.02148761,-0.15263646,-0.18899275,-0.04099663,-0.00733941,-0.06329403,-0.06272288,-0.02838114,0.13986996,0.48950846,-0.01780686,-0.40114348,0.45717352,0.05603005,0.07461548,0.02877671,-0.08777219,0.05081902,0.136111,-0.01527609,-0.08812486,0.00324066,-0.03535495,0.01143349,0.45909038,-0.08053063,0.18727392,0.26975408,0.457028,0.06322224,-0.10260495,0.28365957,-0.04255841,0.24363162,-0.3474885,-0.33712698,0.39293415,0.10183807,-0.01260077,0.54736142,0.00365449,0.09786156,0.69606038,0.79392194,0.45931993,0.17503377,0.33835471,0.60791689,0.38345429,0.99382436,-0.03482842,-0.11405301,-0.10383653,-0.05492082,0.566781,-0.02188756,2.95790395,0.23725464,3.19515859,0.17150736,0.19173946,0.05031212,0.41882319,0.44849952,0.94318392,0.0781054,-0.00035656,0.08382898,-0.12970983,0.4969404,0.14470573,2.22406558,0.67351412,2.89757969,-0.10840016,0.07386254,-0.1726962,0.73400475,0.37878967,0.98982201,0.1369746,-0.05747725,-0.00415007,0.3241205,0.50852824,0.04372297,1.89538261,0.951719,2.8471016,-0.98795164,-0.34093508,-1.32888672,-0.39953424,-0.52835452,-0.92788876,-0.4889466,-0.10204822,-0.59099483,2.37109579,-0.56085396,1.81024183,1.63725742,-0.12459449,1.51266293,1.30857445,0.15361039,1.46218484
41429086,sub-000041429086,HC,2.0,3.0,5.0,18.0,28.0,0.0,3.0,9.0,15.0,27.0,-1.0,5.96408399,-0.0616672,0.00174798,-0.26974745,0.29357295,0.15175757,-0.30230383,0.10433621,-0.24049406,-0.2835667,-0.04092238,0.11136295,-0.14011064,-0.18663997,-0.48939462,-0.67603459,-0.22302411,0.1422533,-0.09878551,0.07369332,0.12782019,-0.05672934,-0.19251617,0.31632441,0.09756285,-0.28632356,0.12877369,0.12550555,-0.03477216,0.18932677,0.15455461,-0.31456288,0.19605586,-0.00795551,0.16297905,0.13957382,-0.10415148,-0.26749033,0.38830031,-0.11530447,-0.07379634,0.1668526,-0.105462,0.07193886,-0.00690024,0.06503862,-0.06059133,0.23103208,-0.01261675,0.09221247,0.15230398,0.03282507,-0.17817837,0.16415186,-0.07380231,-0.00992264,0.08156172,-0.1518715,0.43516551,-0.16806125,0.26710427,-0.07003976,0.10940427,0.19787374,0.19875657,-0.00591101,-0.04489318,-0.06983169,0.16851222,0.29430737,0.20127149,0.2080451,0.13709779,0.38519064,0.93940228,1.32459291,-0.02861473,0.5068611,0.11774607,0.73031168,-0.14279388,0.14382927,0.68783091,0.39591631,0.50397327,0.30815675,0.33801815,0.51798348,1.32733952,2.75187887,4.07921839,0.22428935,0.48471556,0.29576904,0.40949088,-0.02411059,0.62968674,0.44268719,0.49964986,0.23335282,0.22411636,0.26698399,0.36031553,2.01984098,2.02710575,4.04694673,0.34506143,0.29006462,0.44236811,0.33260548,0.04667271,0.41441082,0.14145256,0.37371392,0.00252159,0.36068708,0.15038377,-0.02653479,1.87118317,1.00222414,2.87340731,0.10671102,-0.19622701,-0.08951599,0.46993767,-0.35738802,0.11254966,0.4199628,0.7500755,1.1700383,1.36211168,2.5625521,3.92466378,2.05461314,1.83777898,3.89239211,1.90595533,0.81289737,2.7188527
42449851,sub-000042449851,HC,0.0,0.0,3.0,1.0,4.0,0.0,2.0,2.0,1.0,5.0,1.0,0.91075334,0.0701147,0.00302996,-0.02847261,-0.52566679,0.00767522,0.12588796,-0.02516472,0.06922796,0.01656918,0.27466078,-0.26996108,-0.07437062,-0.34743156,-0.0090385,-0.35647006,0.02295774,0.13815777,-0.08910216,0.02448643,0.08464417,-0.5847872,-0.42465439,-0.3413372,-0.17055676,-0.20806574,-0.39555133,-0.14293836,-0.40364325,-1.68310377,-2.08674702,0.05991467,-0.09717679,-0.11329202,0.02185579,-0.18128428,0.24659552,-0.28053283,0.13490236,0.19419652,0.08223637,-0.31822699,0.07035412,-0.06338711,-0.11707045,-0.18045757,-0.03474301,0.05539039,-0.07083156,-0.0206779,0.09316222,-0.0449255,-0.21912784,0.1383083,0.26866323,0.08367796,-0.36951034,0.2302242,-0.02262537,0.13223552,0.10961015,0.03399125,-0.03223191,-0.04621614,0.12864533,0.23290266,-0.45341632,-0.41304555,-0.281816,0.01013596,0.30897559,-0.45772612,0.1574616,-0.13632514,-0.67601451,-0.81233965,0.40739453,-0.06314104,-0.0957961,0.64856154,0.00276785,0.76361716,-0.33460266,0.72426822,0.56287105,0.06917287,-0.16846025,0.66238907,1.66340395,1.5156383,3.17904225,0.37631356,-0.08518543,-0.14830677,0.49358657,-0.03060714,0.68273854,-0.20399205,0.77855832,0.46451248,0.32752085,-0.08802387,0.62143452,1.28853933,1.90001025,3.18854959,0.90228008,-0.06353268,0.18755872,0.43572313,0.07295492,0.68461816,-0.24433542,0.50809244,0.15891286,0.31392159,-0.32092461,0.39618448,2.21960233,0.81185134,3.03145367,0.34025613,1.56603332,1.90628946,0.38101788,1.81533929,2.19635717,0.26731811,1.00708927,1.27440738,2.0670472,3.19874207,5.26578927,1.69218258,3.58311402,5.27529661,2.62324558,2.49495511,5.11820069
42823353,sub-000042823353,HC,3.0,7.0,10.0,16.0,36.0,1.0,8.0,8.0,13.0,30.0,-6.0,3.3151942,0.02759486,-0.27833787,-0.11394072,-0.11932206,-0.28491175,-0.26048108,-0.06024576,-0.04313904,0.07846893,-0.02871058,-0.07538427,0.05229239,-1.02939862,-0.07671833,-1.10611695,0.05816077,0.20953025,0.07300702,-0.22575285,0.17483463,0.45878735,-0.07593851,-0.06246688,0.14799069,0.25928665,-0.15103732,0.02738547,0.74856716,0.1452201,0.89378726,-0.20183356,0.18414008,0.02051504,-0.04178999,0.3270887,-0.03587405,0.00520667,-0.03858766,0.14424875,-0.14142173,0.07568734,0.22993102,0.25224622,0.27506438,0.5273106,0.05637817,0.03268169,0.08146775,0.08203489,0.05090019,-0.05945026,-0.10047809,-0.04929642,0.06701208,0.06852695,0.09395748,0.08306394,0.24401243,0.16278594,0.40679837,-0.0953282,-0.26471531,-0.18426523,0.1615158,-0.19881012,0.17809514,-0.46254423,-0.1385656,0.1009865,0.0407572,0.13952162,-0.15721856,-0.40350792,-0.47706307,-0.88057099,0.41174371,0.66240858,0.22933058,0.58435757,0.42167225,1.04521982,-0.38542064,-0.05731309,0.179196,0.21797174,0.10083195,0.29933383,3.35473251,0.35459979,3.7093323,0.42654783,0.65167327,0.24331162,0.51628493,0.40510907,0.82670324,-0.30291335,-0.24969298,-0.31582729,0.11393566,0.04796116,-0.14277385,3.06962997,-0.84931065,2.22031932,0.51464764,0.66236334,0.31855266,0.53519361,0.45451962,0.70111323,-0.19417714,-0.0921556,-0.1397408,-0.26909607,0.10782705,-0.13646307,3.1863901,-0.72380564,2.46258446,-0.49632094,0.12984428,-0.36647666,-0.50455473,0.01756584,-0.48698889,-1.15207508,-0.62228317,-1.77435825,2.60616535,0.20937969,2.81554504,2.32106281,-0.99453075,1.32653206,2.43782294,-0.86902574,1.5687972
43525440,sub-000043525440,HC,0.0,0.0,2.0,1.0,3.0,3.0,0.0,2.0,1.0,6.0,3.0,2.61686456,-0.06313076,0.01728368,0.07691345,0.04988705,0.04179666,0.22073582,0.10165011,-0.02048755,0.09180919,-0.40148279,-0.26576253,0.00752798,0.34348588,-0.4867456,-0.14325972,0.37761469,-0.00233643,0.49100898,-0.05455446,0.11577661,0.35228005,-0.24617803,-0.04895077,0.03149186,-0.21648887,0.07183266,0.04275066,1.27978944,-0.36554248,0.91424695,0.02779118,-0.08035848,-0.1598385,-0.03674998,0.19448706,0.02420981,0.28880325,0.16049176,0.5081514,0.02942742,0.11201224,0.3985884,-0.03045891,1.49747447,1.46701556,0.03258073,-0.08569927,0.08875809,0.14272276,-0.01730359,-0.05186502,0.28609071,0.1155409,0.28220141,0.11458728,0.08943995,0.18971453,0.10919369,1.07757478,1.18676848,0.05869111,0.06828085,0.18559509,-0.05812745,0.01340538,0.01179976,0.32282034,0.27576624,0.34555083,-0.18039531,0.06619488,0.08043557,0.27964475,0.91037255,1.1900173,0.77384741,-0.25927619,0.51777239,0.24846987,0.04437597,0.3155571,-0.3816374,0.43357135,0.06893265,-0.03203082,0.21261826,0.17701183,1.64074656,0.47846586,2.11921242,0.69070044,-0.26832613,0.42392048,0.16306521,0.01654241,0.33991978,-0.4749662,0.55369927,0.11031729,0.03233368,0.14528818,0.2063272,1.36582219,0.57299942,1.93882161,0.75753243,-0.20949266,0.37570486,0.12384974,0.01320643,0.30801664,-0.39193108,0.35562471,-0.1780905,0.18654276,0.08806498,0.02323094,1.36881744,0.0834418,1.45225924,-1.31024835,1.86301696,0.55276861,-1.17059574,1.44311727,0.27252152,-1.00014469,1.27591503,0.27577034,0.36095712,0.84400835,1.20496547,0.08603275,0.93854191,1.02457466,0.089028,0.44898429,0.53801229
43720294,sub-000043720294,HC,4.0,8.0,6.0,8.0,26.0,4.0,3.0,6.0,9.0,22.0,-4.0,2.37630643,0.0702923,0.31397279,-0.16945614,0.23707101,0.42717789,-0.23806211,0.41928682,0.11654638,-0.35988721,0.22905365,-0.01224746,-0.2360307,0.64099575,0.15672148,0.79771723,-0.11854748,0.12257061,0.03070933,-0.10003353,-0.00637147,-0.2827416,0.04357313,0.0972569,0.05847877,0.01126885,0.37697665,0.04491503,-0.35441414,0.63246932,0.27805518,0.10949723,0.09182826,0.04473795,0.08948947,0.02834771,0.04663532,0.19997571,0.19737222,0.28431378,0.13003762,0.52856189,0.49305739,0.41053594,1.83331861,2.24385455,0.12080007,0.0054457,0.08237482,0.00033433,0.0363825,0.09247145,0.2507604,0.09192617,0.12579749,0.16884904,0.48851052,0.17265121,0.33780888,1.29849483,1.63630371,-0.15894909,0.11958828,-0.16219604,0.21516372,-0.01265624,-0.18025638,0.06586979,-0.40405169,0.54451338,0.40681513,0.45754411,0.34863634,-0.17930575,1.41932706,1.24002132,0.28155684,0.20957749,0.16354635,0.04245324,0.55277349,0.12651154,0.18658553,0.8715954,0.47227474,0.36330455,0.06377723,0.43478831,1.37641896,2.39232577,3.76874472,0.39955757,0.19204605,0.18578281,-0.05264036,0.57084428,0.13205289,0.19404191,0.72452873,0.49765626,0.57200959,0.08937137,0.47628624,1.42764323,2.55389411,3.98153734,0.47335511,0.18445135,0.20947396,-0.18281595,0.58433879,0.20767225,0.05363539,0.74631707,0.65405075,0.3647626,0.24845667,0.50737946,1.4764755,2.57460193,4.05107744,0.76495008,1.20084929,1.96579937,0.69222302,0.66602551,1.35824853,0.17510839,0.78685774,0.96196613,1.73083309,1.75985645,3.49068954,1.78205737,1.92142479,3.70348216,1.83088964,1.94213261,3.77302226
43926786,sub-000043926786,HC,2.0,6.0,6.0,3.0,17.0,0.0,3.0,2.0,8.0,13.0,-4.0,-0.26869256,0.04364947,-0.25748132,-0.2297104,0.26309581,0.3118813,0.08467251,0.13526646,0.0829603,-0.38086437,0.25426056,0.13129137,-0.31178978,0.21610736,-0.08887545,0.12723191,-0.18252138,0.13049638,0.01025858,0.04901684,0.00397316,-0.40322007,-0.11430519,-0.28954172,-0.00149779,-0.00345843,0.29988391,-0.01153872,-0.3919965,-0.12045793,-0.51245443,0.08842314,0.08089364,0.07867745,0.12984407,-0.0285586,0.00549594,0.24451644,0.11553243,-0.0177478,0.24147316,-0.05890075,-0.05734171,0.35477563,0.46753177,0.8223074,0.0697929,-0.12184348,0.00641727,-0.04399891,-0.03783708,-0.05810983,0.13601987,0.15673132,-0.03453522,-0.02298638,-0.09509651,-0.03863705,-0.18557912,0.10149602,-0.0840831,0.24268946,-0.12446385,0.17169559,-0.09742162,0.08053639,-0.04077206,-0.05868674,-0.00367605,-0.33348019,0.32421337,-0.08177613,-0.19205752,0.23226391,-0.34546326,-0.11319935,0.47537414,0.01220939,0.44048071,-0.11184565,0.13990974,0.12566385,0.15247123,0.05867213,0.1951454,0.41186218,0.13271467,0.14533529,1.08179218,1.09620089,2.17799307,0.48122551,0.02264407,0.52371074,-0.09821935,0.14545806,0.0906996,0.16910866,-0.29097666,0.1415954,0.218135,0.23589687,0.12309375,1.16551863,0.59685302,1.76237165,0.5968537,0.07859447,0.6950787,0.01416071,0.21178458,0.08338709,0.25104924,-0.01974058,0.0946708,0.23986193,0.28278627,0.05087686,1.67985926,0.89950452,2.57936378,0.74677213,0.5879897,1.33476183,0.20641737,0.22195395,0.42837132,0.6242604,-0.22500533,0.39925508,1.47378868,1.21665882,2.6904475,1.55751513,0.71731095,2.27482608,2.07185576,1.01996245,3.09181821
50395729,sub-000050395729,HC,0.0,6.0,8.0,6.0,20.0,0.0,5.0,6.0,4.0,15.0,-5.0,-0.38702623,-0.2294677,-0.22795397,-0.43936299,-0.17979528,0.07935739,0.06797465,-0.17559468,-0.0603466,-0.57271023,0.39194112,0.06156397,-0.51575801,-0.9292479,-0.87090444,-1.80015234,-0.32154692,0.00798285,-0.13571533,-0.23013139,-0.12478953,-0.11188429,-0.34402715,-0.20019644,-0.04007497,0.14711222,-0.09565347,-0.00555598,-0.91608462,-0.53839578,-1.4544804,0.43947339,0.09734797,0.20967401,0.17198745,0.13298199,0.23454754,-0.01215323,0.36254739,-0.01013464,0.12177215,-0.39360159,-0.02868767,1.28601235,0.03974242,1.32575476,0.19154764,-0.05087104,0.21875784,0.06850013,-0.03188952,0.16255783,0.09945833,0.27914836,0.1253573,0.14914406,-0.46256028,0.04172198,0.55860288,0.23226975,0.79087263,-0.23256996,-0.15115724,-0.20029141,0.00159715,0.12859347,-0.20731503,-0.09259668,0.20311385,0.29381391,-0.07710338,-0.49300814,0.11963954,-0.66114301,-0.0461409,-0.70728391,0.15291737,-0.35470373,0.28723845,0.23916536,-0.23996815,0.43564907,-0.0425982,-0.12048478,-0.16345087,-0.04246272,-0.35727421,-0.03676832,0.52029837,-0.7630391,-0.24274073,0.09416325,-0.33684861,0.28112181,0.31235708,-0.04970108,0.40575672,-0.03622942,-0.13156931,-0.22873089,-0.03772541,-0.35655021,-0.06596222,0.70684917,-0.85676746,-0.14991829,0.05632425,-0.38743749,0.28197632,0.3447672,-0.05101578,0.28117805,-0.014145,-0.00918259,-0.29389986,-0.25487653,-0.35615754,-0.14475317,0.52579255,-1.07301468,-0.54722213,2.20209697,0.57813819,2.78023516,1.4746875,0.77066553,2.24535303,0.25494161,0.49225488,0.74719649,1.436383,-0.22464333,1.21173967,1.62293379,-0.31837168,1.30456211,1.44187717,-0.5346189,0.90725827
52801880,sub-000052801880,HC,0.0,4.0,7.0,4.0,15.0,0.0,2.0,6.0,2.0,10.0,-5.0,-1.85647011,-0.14771608,0.34956431,-0.07428571,-0.1968214,0.2043573,-0.33375843,0.64752636,-0.05120462,-0.17326755,0.25815012,-0.34204758,-0.0746445,-0.19866001,0.26451222,0.06585221,-0.31519541,-0.01682682,-0.31389951,0.020874,0.15263189,-0.06559957,0.29134695,-0.05136957,0.03355521,-0.14250762,0.05633248,0.07030316,-0.53801543,0.2576606,-0.28035483,0.14648197,-0.07056743,-0.05672073,0.25806246,-0.0213582,-0.30411346,0.04604286,-0.01929331,0.07897325,0.28509082,-0.11046669,0.05225327,-0.0482154,0.33260019,0.2843848,-0.00204251,-0.01849008,-0.06050558,0.12332398,0.12610856,-0.03109958,-0.03578328,-0.00795571,0.04585652,-0.01923381,0.01849617,-0.03963877,0.1372948,-0.03825889,0.09903591,-0.18275441,0.03697932,-0.2645735,0.37971541,-0.07634296,-0.0605184,0.39129486,-0.01042826,0.16684316,0.30671138,0.14724471,0.08217391,-0.16749453,1.08383976,0.91634523,0.40295892,-0.11684875,0.10620677,0.04245651,-0.25100916,0.09630515,-0.00304769,0.48376207,0.53312336,0.8009442,-0.09151033,0.49791397,0.28006944,2.22118559,2.50125502,0.40297492,-0.14144973,0.0521083,0.01590653,-0.14290735,0.4155049,-0.04236825,0.41877045,0.45646425,0.6491095,-0.04891461,0.40072913,0.60213757,1.83379047,2.43592804,0.35152577,-0.06762076,0.04828585,0.07978773,-0.02875332,0.57809239,-0.09513551,0.14098653,0.17431483,0.58395096,-0.0584846,0.10499724,0.96131766,0.85062944,1.8119471,0.48980003,0.07493959,0.56473962,0.67531023,-0.29591949,0.37939074,0.3705209,0.82617916,1.19670006,0.81808487,1.96352498,2.78160985,1.140153,1.57612987,2.71628287,1.49933309,0.59296884,2.09230192
53120454,sub-000053120454,HC,2.0,5.0,4.0,2.0,13.0,2.0,2.0,4.0,5.0,13.0,0.0,2.55575233,-0.02314414,0.11362428,-0.13401962,0.33105527,0.2154628,0.00454072,-0.12079229,0.15302917,0.07105156,0.10395839,0.23865953,-0.01267786,0.50751931,0.43322851,0.94074783,0.26033212,-0.00106275,0.06255588,0.22388253,-0.10498809,0.24221115,-0.26637358,0.02974124,-0.06554914,0.07118123,-0.0551039,-0.05646512,0.68293085,-0.34256928,0.34036157,0.37039663,0.0692819,0.25348923,-0.02118905,0.08328662,-0.04693149,0.19368675,-0.1141211,0.55179436,0.11204758,-0.36196381,0.50021715,0.70833384,0.88166092,1.58999476,0.07398428,-0.09008326,-0.03701745,-0.04444234,0.04227718,-0.15035965,0.1046678,0.28383144,0.02688189,0.12323846,-0.36497917,0.10717423,-0.20564124,0.28081465,0.07517341,0.00732242,-0.15556297,0.05620688,0.08094908,-0.10848068,0.03196761,-0.03858835,-0.28291158,0.1440596,0.24807062,-0.36717618,0.16952547,-0.08759766,-0.12702044,-0.21461809,0.60044717,0.03015447,0.53730552,0.26091486,0.26056938,0.86124551,-0.04170001,0.12067399,0.1445299,0.22372337,-0.05513482,0.17409979,2.5506369,0.56619221,3.11682912,0.9909045,0.39937114,0.88269628,0.25044012,0.13421125,0.51224883,0.21826902,0.50889962,-0.09269909,-0.01494197,-0.1385192,-0.1989611,3.16987212,0.28204729,3.4519194,0.622341,0.23270592,0.44676829,0.14687088,0.22356904,0.66679384,0.03013704,0.1593208,-0.03478687,0.47236735,-0.16704016,0.03053521,2.33904897,0.49053338,2.82958235,0.02540299,1.2242302,1.24963319,-0.88857209,0.62338393,-0.26518816,-0.77052851,0.21554884,-0.55497966,1.86770606,0.90876149,2.77646755,2.48694127,0.62461656,3.11155783,1.65611812,0.83310266,2.48922078
54741718,sub-000054741718,HC,5.0,2.0,6.0,7.0,20.0,4.0,5.0,7.0,7.0,23.0,3.0,7.61297377,0.16140008,0.25410429,0.10379841,-0.12267993,0.02575498,-0.20651981,0.15773577,-0.44763548,-0.13381991,-0.28711356,0.27711789,-0.20767204,0.21585802,-0.64138733,-0.42552931,0.08582404,0.05739033,0.18280926,-0.27638904,0.20516224,0.53780713,0.25364457,0.25013805,0.26286729,0.15558317,0.39959868,0.15417352,0.79260396,1.47600528,2.26860924,-0.05113277,0.05540969,0.108885,0.10697522,0.20686693,-0.02271009,-0.13351036,-0.18547339,0.43403787,0.57715442,0.25426246,0.10951018,0.40429398,1.05598117,1.46027515,0.07838007,0.02798401,-0.00320858,0.11599025,0.17321053,-0.01098031,0.0437861,0.04997697,0.25283508,0.20980361,0.23330116,0.34292382,0.38137597,1.13262673,1.5140027,0.12281243,0.06207736,0.09735726,0.26459452,0.06625082,0.08116649,-0.29893752,-0.31011587,-0.23490781,-0.46646456,0.22390046,-0.21347625,0.69425887,-1.30000155,-0.60574268,0.29987469,0.17110478,0.23826678,0.40863692,0.32059822,0.50725149,0.21039348,-0.18489796,-0.22220117,-0.3413676,0.21354369,0.21339766,1.94573289,-0.1111319,1.83460099,0.4622188,0.19206979,0.35965591,0.37487344,0.31576589,0.51860135,0.16881235,-0.3659112,0.17521359,-0.0107793,0.32892638,0.28201136,2.22318518,0.57827318,2.80145836,0.5652363,0.19899171,0.38004701,0.36802475,0.31954421,0.58358309,0.08053385,-0.26543853,0.17532546,-0.09157918,0.47200448,0.13030538,2.41542707,0.50115147,2.91657854,-0.38830998,-0.4200241,-0.80833409,-0.41122799,-0.34337855,-0.75460654,-0.09834509,-2.77600683,-2.87435192,1.15312893,-1.58713718,-0.43400825,1.43058122,-0.89773209,0.53284913,1.62282311,-0.97485381,0.6479693
55619168,sub-000055619168,HC,2.0,5.0,6.0,7.0,20.0,3.0,4.0,9.0,7.0,23.0,3.0,7.61297377,0.06651766,0.03892992,0.04493996,-0.07008344,0.32752952,-0.17513407,0.25824906,0.30922463,-0.03728601,0.4026005,-0.06000524,0.04651868,0.23269955,0.91930161,1.15200116,0.4970975,-0.02798058,-0.0050149,-0.07183125,-0.07850633,0.40651701,-0.18929911,0.0942429,0.05171224,-0.00247475,0.10211821,0.07754235,0.72028145,0.13384184,0.8541233,0.08601526,-0.06367693,0.09520355,0.2294024,0.02999731,0.24345101,-0.12935949,0.16484296,0.10364156,0.56491934,0.11830453,0.10630584,0.62039259,0.92865474,1.54904733,-0.09186578,-0.01336177,0.01862447,0.03383502,0.23373775,-0.00744649,0.09554873,0.05201141,0.29451885,0.17862943,0.12748417,0.34890398,0.1735232,1.09709657,1.27061977,-0.04990521,-0.1810163,0.23453086,0.12701673,-0.01463575,-0.07489662,0.1172029,-0.04418911,-0.1514735,-0.02632869,0.20023501,0.02879388,0.04109371,0.12424049,0.1653342,0.50956465,0.18558654,0.42243411,0.24917718,0.10614834,0.10794574,-0.1815289,0.42318517,0.47820356,0.59892742,-0.1899825,0.19237476,1.58085656,1.3211795,2.90203606,0.3786423,0.22204345,0.24976109,0.18865929,0.17471964,-0.11111692,-0.12250731,0.29872954,0.40781799,0.56796731,-0.10987485,0.13850078,1.10270884,1.18063347,2.28334231,0.42345591,0.40786399,0.42076266,0.1802186,0.26854253,0.1275746,0.06076291,0.20741562,0.18802847,0.46839339,-0.11031177,0.09836339,1.8284183,0.91265201,2.74107031,-0.09988886,0.79481289,0.69492403,-0.54675825,0.96325472,0.41649647,-0.67918774,-0.00960135,-0.68878909,0.86057511,1.18733766,2.04791277,0.38242739,1.04679162,1.42921901,1.10813685,0.77881016,1.88694701
56819618,sub-000056819618,HC,0.0,9.0,8.0,1.0,18.0,0.0,7.0,8.0,1.0,16.0,-2.0,2.02519622,0.00908736,0.01524667,-0.40714714,-0.02572049,0.00508396,-0.17666682,-0.0092062,0.06947165,0.25083132,0.16392025,-0.02873345,0.33543601,-0.58011647,0.78171958,0.20160311,0.10642432,0.14213658,0.02541271,0.03590162,0.15333879,-0.00972198,-0.61585881,-0.3427987,-0.01992058,0.06994474,0.05054786,-0.11419521,0.45349204,-0.9722807,-0.51878866,0.08765769,-0.00548813,0.13828597,0.21988013,0.19900378,0.0604113,-0.31393073,0.19815595,0.12418354,-0.0817015,-0.41823113,0.01163817,0.69975074,-0.47988569,0.21986505,0.00973458,-0.06281021,-0.02679911,-0.00450179,0.07305642,0.02600466,-0.16228506,0.23307643,0.16351283,0.02431007,-0.27258935,0.01124685,0.01468455,-0.00272823,0.01195633,-0.07547791,-0.10801638,0.08090343,-0.25629274,-0.03001748,0.21608201,-0.33234362,-0.25566149,0.08220248,0.41919468,-0.17225462,-0.08257092,-0.17281907,-0.34143349,-0.51425256,1.04585542,0.10004947,0.94701186,0.75069817,0.27122985,1.01224618,-0.05914539,0.4098715,0.32023782,0.37873128,-0.42264064,0.17470438,4.12709096,0.80175896,4.92884992,1.01155876,0.133027,1.03909623,0.65007047,0.35407261,0.79569134,-0.04749196,0.3113791,0.26411508,0.41248949,-0.49117166,0.11316955,3.98351643,0.5624896,4.54600603,0.98303561,0.185885,0.9552318,0.61632805,0.30739304,0.9458595,-0.02960678,0.20142448,0.18726455,0.39348618,-0.48138919,0.17878811,3.99373299,0.44996735,4.44370035,0.2462587,0.49239501,0.73865371,-0.43880749,0.96955248,0.53074499,-0.62631111,0.63084722,0.0045361,3.67359892,1.77403966,5.44763859,3.53002439,1.53477031,5.06479469,3.54024095,1.42224806,4.96248901
57348284,sub-000057348284,HC,1.0,6.0,6.0,7.0,20.0,2.0,4.0,2.0,4.0,12.0,-8.0,-3.38702623,-0.1329975,0.12479762,-0.16608229,0.20269948,-0.05060044,0.11418356,0.20563444,0.0004398,-0.42866464,0.35318662,0.50229374,-0.3928416,0.09200043,0.24004836,0.33204878,0.09540248,-0.01291672,0.113985,-0.023886,-0.12307392,-0.33281983,-0.5415615,0.16565198,0.07483036,-0.01379195,0.03196113,0.02161143,-0.28330898,-0.26129855,-0.54460753,0.1135258,-0.09931816,0.13771793,-0.06089801,0.16889865,0.01062411,-0.38161935,0.5232686,0.11866867,0.01530883,0.06997247,0.00199483,0.27055032,0.34759405,0.61814437,-0.03806051,-0.01709417,0.09048866,-0.0347145,0.02823624,-0.05140586,-0.13968788,-0.07840009,0.0541724,0.03630731,-0.00884626,0.12777417,-0.02255014,-0.00868036,-0.0312305,-0.07350526,-0.26825001,0.09579894,0.04423438,0.19869813,0.0359916,0.16421344,0.18902713,0.11668013,0.14554038,-0.116224,-0.09799486,0.03296777,0.40124222,0.43421,1.01953305,0.22886469,0.81678424,-0.17621795,0.24155669,0.77047062,0.03171469,0.36482953,0.40588339,0.02231188,-0.06682485,0.45184671,2.90099135,1.20976136,4.1107527,0.85626519,0.1578648,0.74038355,-0.00839076,0.43025086,0.68272647,0.01648088,0.51343828,0.55685,-0.02083399,-0.02958881,0.58419633,2.85910011,1.62054269,4.4796428,0.8052102,0.07584589,0.69074208,-0.18466125,0.44910463,0.4950409,0.09003142,0.79718201,0.52150803,0.24774518,-0.01164185,0.36251723,2.33128245,2.00734203,4.33862448,0.5538593,0.6088926,1.1627519,0.26075884,0.25261819,0.51337703,0.31627675,0.66254077,0.97881753,3.18430033,1.47105991,4.65536024,3.14240909,1.88184124,5.02425033,2.61459143,2.26864058,4.88323201
57930100,sub-000057930100,HC,2.0,13.0,7.0,3.0,25.0,3.0,1.0,5.0,11.0,20.0,-5.0,1.08241766,0.08794878,0.28063808,-0.02568222,0.04709734,0.35944562,0.2190131,0.14385827,-0.25830532,-0.15737574,0.4532127,-0.38069642,-0.12038184,0.9684607,-0.31968835,0.64877234,-0.0221326,-0.09705755,-0.02669642,0.18123015,-0.30641676,-0.1165926,-0.41313612,-0.09765178,-0.34550471,-0.14920388,-0.05677866,-0.47127294,-0.38766579,-1.53354808,-1.92121387,-0.0396674,0.02010633,-0.10012524,0.031871,0.1017972,0.02472592,-0.33461109,0.36303656,-0.04864491,-0.19110717,-0.33702739,0.02176696,0.03870781,-0.52658704,-0.48787923,-0.08526465,-0.00887881,-0.05003589,0.00615715,0.11652454,-0.04955119,-0.25775508,0.26111451,-0.13404264,0.19762193,-0.32534969,-0.07128928,-0.07104884,-0.32970025,-0.40074909,-0.21339128,-0.15522091,0.1702409,0.07122938,0.06251785,0.20222374,-0.24164692,-0.15962549,0.28529253,-0.02284441,-0.35375356,0.13198816,0.13759967,-0.36058968,-0.22299001,0.79100271,0.00356191,0.35927097,0.65777299,0.3043678,0.39758755,-0.25749088,-0.40781257,-0.14305023,-0.01661541,-0.7576568,-0.1987179,2.51356393,-1.78134379,0.73222014,0.88599174,0.13186307,0.42041135,0.52793998,0.33641531,0.50883097,-0.36692748,-0.31995596,-0.34543953,-0.04884787,-0.64923291,-0.40832387,2.81145243,-2.13872763,0.6727248,0.56540797,0.04173523,0.35283516,0.48571229,0.20343872,0.77790897,-0.4885332,-0.23073229,-0.25861417,-0.17178114,-0.78766357,-0.49662394,2.42703834,-2.4339483,-0.00690997,0.4263736,1.00696105,1.43333464,0.31661695,1.20384784,1.52046479,0.52526546,1.1729584,1.69822386,2.90122972,-0.2477957,2.65343402,3.19911822,-0.60517955,2.59393867,2.81470413,-0.90040022,1.9143039
57968987,sub-000057968987,HC,1.0,1.0,3.0,9.0,14.0,1.0,6.0,5.0,6.0,18.0,4.0,6.84964111,-0.05203055,0.00130459,-0.21854693,-0.15934721,-0.12234955,0.11079458,0.12255485,0.30733667,-0.13060223,0.30113672,0.12826249,-0.19925929,-0.44017507,0.52942921,0.08925414,0.18590392,0.11701182,0.23777034,0.05783599,-0.01277226,0.40792704,-0.13014042,0.02479988,-0.09824171,-0.01548189,0.28106767,-0.16376692,0.99367686,-0.10176339,0.89191347,0.32401685,-0.24743642,0.1697814,-0.13340744,0.19995038,-0.27183881,-0.1777143,0.43190163,0.24020704,0.53634091,0.32008869,0.19130153,0.04106596,1.54212551,1.58319148,-0.13830469,-0.14841822,0.13286648,0.16372958,0.01591597,-0.07528641,-0.17544588,0.28283724,0.07422818,-0.14613072,0.32954459,0.13805203,-0.04949729,0.50308543,0.45358814,0.05060567,-0.11199975,-0.05910876,-0.11787555,0.16439861,0.08477744,-0.22290642,-0.26563177,0.19754069,-0.1492232,0.25427407,0.23987622,0.01079765,0.05392959,0.06472725,0.90662199,0.10642761,0.64596362,0.09909364,0.16085231,0.3244911,-0.59692225,0.26176714,-0.02876191,-0.28285751,0.16612639,-0.11486804,2.24345025,-0.59551618,1.64793407,0.9332291,0.12489013,0.72069641,0.16467163,0.23571296,0.34582709,-0.31144671,-0.06291359,-0.02536336,-0.26187919,0.17783952,-0.13281577,2.52502732,-0.6165791,1.90844821,1.01360384,0.20055653,0.76499469,0.23870521,0.19214862,0.48734287,-0.29098226,-0.42992447,-0.08720038,-0.15711458,0.23969568,-0.22017111,2.89735177,-0.94569712,1.95165465,-0.95261089,1.6438889,0.69127801,-1.04317414,0.60484882,-0.43832532,-0.9828792,0.15569298,-0.82718622,1.2497734,-0.49375279,0.75602061,1.53135046,-0.51481571,1.01653475,1.90367491,-0.84393372,1.05974119
60281382,sub-000060281382,HC,2.0,4.0,7.0,12.0,25.0,1.0,2.0,2.0,5.0,10.0,-15.0,-8.91758234,-0.06030409,0.08086363,-0.2002426,-0.07081512,0.33645494,0.14019262,0.02330832,-0.30190642,0.284437,-0.00691689,-0.26414082,0.21558307,0.22614939,-0.04963573,0.17651366,-0.12214802,-0.00494444,0.1351748,0.04268568,0.11646895,-0.35317532,-0.30208284,0.33501019,0.03841119,-0.14285188,-0.0670468,0.18026365,-0.18593835,0.0417035,-0.14423485,-0.07293945,-0.00621311,-0.43123232,0.34455263,0.01900784,-0.09801023,-0.08235878,0.51784322,-0.00966356,-0.07316634,0.21302817,0.08913172,-0.24483464,0.65481441,0.40997978,-0.06004502,-0.0112028,-0.03467993,-0.03579868,0.02073396,0.08555714,0.02569649,0.31690211,0.06992591,0.0677471,0.23822662,0.14211118,-0.03543533,0.86060941,0.82517408,0.03416646,-0.1896866,-0.11871121,-0.09947432,0.0330793,0.02353196,-0.08561905,-0.05912497,0.09319138,-0.0116669,0.21701455,0.14575411,-0.31709441,0.29954912,-0.01754529,0.85867537,0.1482652,0.18938899,0.13753553,0.62428442,0.20722022,-0.11021677,0.81985557,0.65992642,0.15147011,0.04084984,0.64929506,2.16536973,2.21118024,4.37654997,0.63040283,0.2293306,0.19411964,0.31531363,0.7276739,0.53624848,-0.02032199,0.96003163,0.70247843,0.1472448,0.12156323,0.67374695,2.63308908,2.58474306,5.21783213,0.38827087,0.38369844,0.14951984,0.3384295,0.95489881,0.43627414,-0.02152384,0.89797755,0.48940588,0.21610952,0.1575749,0.46978728,2.6510916,2.2093313,4.8604229,-0.05889629,0.61311092,0.55421463,0.15050302,0.81890592,0.96940893,-0.13115605,0.25784562,0.12668957,2.35130808,2.16947674,4.52078482,2.81902743,2.54303956,5.36206699,2.83702995,2.1676278,5.00465775
61581707,sub-000061581707,HC,0.0,1.0,0.0,1.0,2.0,0.0,0.0,1.0,1.0,2.0,0.0,-0.67702422,-0.01363918,-0.05472551,0.01795912,0.04468147,-0.01895499,-0.12671371,0.10643728,0.25016265,0.01247728,0.1302135,0.08892594,0.12823343,-0.1513928,0.71645007,0.56505727,0.02465906,0.14229437,0.05902692,-0.03329333,0.11885092,0.37543001,-0.31215823,0.33227523,-0.25425199,-0.24126902,-0.23385337,-0.16713657,0.68696793,-0.87639394,-0.189426,0.09230473,0.07592685,0.15588792,0.24989921,-0.03467665,-0.0790701,-0.34324338,0.02893572,-0.01416436,0.1693646,0.15102422,-0.02411513,0.46027196,-0.03219833,0.42807363,0.08415615,-0.06378819,0.08658251,-0.00273838,0.02498207,0.07707817,-0.28781768,0.20912866,-0.02742131,0.13565933,0.15049928,-0.06334175,0.20627232,0.11670653,0.32297886,-0.32010963,0.13844615,0.15562652,0.23353024,-0.11791691,0.03120528,-0.42175642,0.41362137,-0.08375757,0.03252532,0.11071366,-0.17251882,0.12078164,-0.12117245,-0.00039081,0.61223608,0.20726284,0.47411011,-0.07940885,0.39946791,0.63086736,0.08068979,0.09436868,-0.51690677,-0.00568458,-0.0678549,-0.36713537,2.24453545,-0.78252315,1.4620123,0.52846062,0.15980411,0.34173056,-0.0166581,0.3381305,0.68335985,0.13782461,0.09560687,-0.27748257,0.59324562,-0.13195664,-0.30309096,2.03482754,0.11414693,2.14897447,0.44074898,0.24963372,0.34723192,-0.03782385,0.2899948,0.67007121,-0.07996075,0.07275766,-0.09575297,0.6134012,0.01621622,-0.31818799,1.95985679,0.20847336,2.16833015,-0.22669597,0.8441956,0.61749963,-0.48069561,0.99310047,0.51240486,-0.56618629,0.75522148,0.1890352,1.55756752,0.09387078,1.65143831,1.34785961,0.99054086,2.33840048,1.27288886,1.08486729,2.35775615
61756624,sub-000061756624,HC,2.0,6.0,4.0,4.0,16.0,0.0,2.0,3.0,1.0,6.0,-10.0,-6.56258134,-0.0061443,0.28033015,-0.22364823,0.01876415,-0.13713632,-0.12067531,0.20902895,0.42525822,0.31531425,-0.056684,0.41883522,0.23656578,-0.18850985,1.54831843,1.35980858,-0.13716337,-0.12291217,0.15023897,-0.17475696,-0.16667654,-0.0480642,0.07876208,0.23484655,0.14669438,-0.06109633,0.24964864,0.07231665,-0.49933428,0.72117198,0.2218377,-0.06766337,0.08715461,0.05913159,0.06934809,0.06446243,0.19914659,0.16500746,0.01790143,-0.00066074,0.2590206,0.02250501,0.02220154,0.41157993,0.4859753,0.89755523,0.06470375,0.01932802,0.08537893,0.04409929,0.13306366,0.02078645,0.17285662,0.13026551,0.10331787,0.03402526,0.07125509,0.0471726,0.3673601,0.55889295,0.92625305,0.01337684,-0.12990991,0.26541119,0.14164232,0.06385564,-0.09336384,0.07881414,-0.42880387,0.44108966,0.1074587,0.01423966,0.0662604,0.26101224,0.27905868,0.54007092,1.08552646,0.32524087,0.43925571,0.34296329,0.243135,0.44987701,-0.39164878,0.29538194,0.2791447,0.55430502,-0.09497846,0.26820356,2.88599834,0.91040797,3.79640631,1.11823838,0.19854678,0.49062681,0.37905721,0.31814265,0.46246282,-0.1802787,0.41819649,0.49678138,0.70709967,-0.0138187,0.33832234,2.96707465,1.76630249,4.73337713,0.98320971,0.30055255,0.35560879,0.39575571,0.31794232,0.54246131,0.14086561,0.12678877,0.07435016,0.47948294,-0.24479015,-0.01667356,2.89553039,0.56002377,3.45555416,0.91091421,-0.23519668,0.67571753,0.86669438,-0.16227903,0.70441535,0.76034652,-0.4421133,0.31823322,3.38533261,0.189236,3.57456861,3.46640893,1.04513051,4.51153943,3.39486467,-0.16114821,3.23371646
67342911,sub-000067342911,high-symptom,4.0,10.0,9.0,17.0,40.0,3.0,5.0,9.0,4.0,21.0,-19.0,-8.50925069,-0.20344882,-0.32415761,-0.24853823,-0.08343793,-0.17284481,-0.10659938,-0.09001792,-0.21605859,-0.36330804,0.35606564,-0.03009993,-0.46325024,-1.13902678,-0.80666908,-1.94569585,-0.15105496,0.07358047,-0.05540746,0.05784233,-0.07369709,-0.12521842,-0.00416117,0.09090128,-0.15773571,0.07585726,-0.09851705,-0.16233824,-0.27395513,-0.25599363,-0.52994876,-0.11306991,-0.27699694,0.16521354,0.01980362,0.23597582,-0.108937,0.48082083,-0.05701601,-0.16558493,0.27424517,0.04133477,-0.07173474,-0.07801087,0.50206509,0.42405422,0.06515272,-0.16555117,0.08943369,-0.14059657,0.01513532,0.01849531,0.26705498,0.09947452,-0.05304552,0.031214,-0.01562971,-0.0865144,-0.11793071,0.24255387,0.12462316,0.01455889,-0.03996697,0.13328378,-0.09109699,-0.12632129,-0.11884703,-0.16649988,0.43583759,-0.13141439,0.07476075,0.20381819,0.04416209,-0.22838961,0.46066436,0.23227474,0.39842251,-0.0189497,0.49208316,0.55930399,0.13879267,1.07834009,0.02099657,0.09540431,-0.43979668,0.52766519,0.13611052,-0.56508487,2.64799271,-0.22470496,2.42328775,0.58730418,-0.04371048,0.49095616,0.39658878,0.19118461,0.466994,0.132007,-0.05969556,-0.48602237,0.16064662,0.03299716,-0.584982,2.08931724,-0.80504916,1.28426808,0.73880796,-0.02816293,0.68296241,0.42996426,0.25002382,0.52232305,0.14280536,-0.07772919,0.14082057,0.38449987,-0.06662254,-0.02597377,2.59591856,0.49780029,3.09371885,0.19594426,0.75805873,0.95400298,0.15602442,0.4985475,0.65457192,0.04556552,0.71665799,0.76222351,2.92194784,0.03128867,2.95323652,2.36327237,-0.54905553,1.81421684,2.86987369,0.75379392,3.62366761
67844279,sub-000067844279,high-symptom,4.0,9.0,8.0,17.0,38.0,3.0,4.0,6.0,11.0,24.0,-14.0,-4.09702824,-0.3605056,-0.00918612,-0.13108958,0.15072663,-0.13376117,-0.161597,0.01375631,0.33480352,0.32842932,-0.20890242,-0.1960332,0.17433638,-0.64541282,0.44638991,-0.19902292,-0.21696872,-0.09597009,-0.18209088,-0.03644081,-0.09744102,-0.15103937,-0.1267241,-0.06987679,0.16025851,-0.20544588,-0.16431446,0.31787613,-0.77995088,-0.08822658,-0.86817746,-0.02971836,-0.15247843,-0.20666527,-0.1838388,0.14803342,-0.03716227,0.30214707,-0.00551635,0.48284975,0.20817367,0.21526583,0.56700602,-0.46182971,1.769926,1.30809629,-0.17342826,-0.03081445,-0.14151998,-0.03276317,0.13822024,0.00548992,0.15767534,0.16204514,0.23205423,0.15040304,0.23502354,0.28413128,-0.23481571,1.22133258,0.98651687,-0.02704164,0.03691482,-0.10924404,0.05061064,-0.08082459,-0.01797198,0.04850903,0.09132069,0.21124948,0.23698035,0.18797674,0.26757045,-0.14755679,1.04360674,0.89604995,0.4698481,0.12408861,0.41609958,0.22369452,0.11450962,0.80695008,-0.45715831,-0.17415662,-0.28446306,-0.00499937,0.05694367,-0.11234205,2.1551905,-0.97617574,1.17901477,0.48656855,-0.01055125,0.46765969,0.12678692,0.31758367,0.89304277,-0.37222449,-0.27795259,-0.26114576,-0.01442481,0.07906851,-0.00708683,2.28109035,-0.85376597,1.42732438,0.68099453,-0.06902598,0.64002801,0.15148638,0.24337523,0.64971283,0.16789298,0.06732456,-0.11087877,0.1027636,0.17732102,0.15393294,2.29657099,0.55835633,2.85492732,0.31812118,1.85815258,2.17627375,0.54513517,1.30955916,1.85469433,0.63239409,1.13183332,1.76422741,2.93514139,-0.88794916,2.04719223,3.06104124,-0.76553939,2.29550185,3.07652187,0.64658291,3.72310478
68000499,sub-000068000499,HC,1.0,4.0,6.0,7.0,18.0,3.0,3.0,7.0,7.0,20.0,2.0,6.02519622,-0.24306152,0.45201919,-0.19412549,-0.17263008,-0.33832826,-0.27238444,-0.09623185,-0.27550287,-0.13649648,-0.02854313,0.03652364,-0.12193733,-0.76851059,-0.62218801,-1.3906986,0.14921615,0.0016659,0.18844903,0.18016459,0.19486624,0.29323716,-0.0349324,0.00921147,0.29437497,0.15465111,-0.50311804,0.1545886,1.00759908,0.07477571,1.08237479,0.24422495,0.17056977,0.13647164,-0.05262084,0.27413008,-0.19599035,0.00389642,-0.18192853,0.29973623,-0.24512309,-0.35422721,0.31867892,0.57678526,-0.15896725,0.41781801,0.15139895,-0.10161619,0.06458169,0.01605168,0.12894228,-0.07117748,0.01832725,-0.03493624,0.04015739,-0.07575599,-0.23056773,0.07720193,0.18818093,-0.20557339,-0.01739246,0.00845525,-0.06461776,-0.0043654,0.17824146,0.2160789,0.00693738,0.23929284,-0.25356124,0.35411962,0.05247989,-0.21493796,0.10820796,0.34072983,0.28560112,0.62633094,0.34294028,0.07397045,-0.02009477,0.01990676,0.09913099,0.65040476,0.32017832,-0.09285315,0.36582257,0.30170944,-0.20047668,0.47872665,1.16625847,1.17310715,2.33936562,0.26135933,-0.07578037,-0.07410612,0.0086429,0.19991337,0.72739671,0.30223902,-0.21112159,0.3498895,0.07784871,-0.29381097,0.4641477,1.04742582,0.68919237,1.73661819,0.18910639,-0.1500929,-0.0184319,0.20647818,0.18525917,0.60007852,0.21991497,-0.1778148,0.33624369,0.16736578,-0.53583759,0.40515231,1.01239746,0.41502436,1.42742181,-0.43081382,-0.23374296,-0.66455678,-0.81941815,-0.2803491,-1.09976725,-0.66686925,0.2108254,-0.45604385,0.15865939,1.09833144,1.25699083,0.03982674,0.61441666,0.6542434,0.00479838,0.34024864,0.34504703
69159223,sub-000069159223,HC,5.0,1.0,3.0,5.0,14.0,3.0,1.0,2.0,2.0,8.0,-6.0,-3.15035889,0.22138308,0.19720997,0.26443253,0.10954768,-0.13206572,-0.52166912,0.18595971,-0.15239398,-0.03801436,0.50887636,-0.18571013,0.14546186,0.13883844,0.46417946,0.60301789,0.11054623,0.02041955,-0.07467937,-0.01435024,-0.26952751,0.315625,0.1873721,0.03538662,0.06513141,-0.00864844,0.15922986,0.04393747,0.08803366,0.48240901,0.57044267,0.09014712,-0.14475418,-0.04727551,-0.31902357,0.08660472,-0.14283081,0.51213868,0.49217888,-0.17983949,0.23970759,0.05170549,0.0684557,-0.47713223,1.18434684,0.70721461,0.11922085,0.07753375,0.04945395,0.10424858,-0.05144131,0.02934055,0.27332922,0.22513712,0.04404015,-0.04719501,0.11569992,-0.02928633,0.32835636,0.58172506,0.91008143,-0.11693178,0.01680926,-0.07316103,0.01914128,-0.05561246,0.3188911,0.33088386,-0.11074054,-0.08134122,-0.05941983,0.05952184,0.11822511,0.10913637,0.25712922,0.36626559,0.61414248,0.29493569,0.56907374,-0.05065548,0.2862165,0.2556668,-0.09285071,1.13441092,0.31009224,0.34326696,-0.05547765,0.35993457,1.96937973,1.99937633,3.96875606,0.44464315,0.45201228,0.60121444,0.0530302,0.31429534,0.1572623,-0.30622269,1.03594972,0.3156673,0.38928251,-0.10292063,0.33334381,2.02245771,1.66510002,3.68755773,0.41576919,0.38636029,0.78927013,0.1574024,0.47009015,0.25737633,-0.4655582,1.07228732,0.31955877,0.63398506,-0.11354968,0.30561436,2.47626848,1.75233764,4.22860612,-0.56516589,0.70193783,0.13677193,0.2403227,0.09931605,0.33963875,0.02110271,-0.22527979,-0.20417708,1.88134607,1.51696732,3.39831339,1.93442404,1.18269101,3.11711505,2.38823482,1.26992863,3.65816345
69366941,sub-000069366941,HC,1.0,10.0,9.0,9.0,29.0,2.0,5.0,6.0,10.0,23.0,-6.0,1.25797276,0.09846962,0.14423834,-0.22300385,-0.23054403,0.29262151,-0.18691791,-0.29238493,-0.10445981,-0.0770573,0.05077622,-0.03881287,-0.11839057,-0.10513632,-0.58032925,-0.68546557,-0.15541556,-0.03044727,-0.10813945,-0.08695916,-0.04011983,-0.24725605,-0.03236717,-0.1778931,-0.19565773,0.13673195,-0.36415782,-0.04757324,-0.66833731,-0.6809171,-1.34925441,0.12566547,0.27968653,0.11053705,-0.01126798,0.00689667,-0.08172628,0.25532631,-0.11412018,0.02662404,0.16508677,-0.37141873,0.07854006,0.42979146,0.04003828,0.46982973,-0.01588596,0.01935561,-0.01646374,0.05360006,-0.0269924,0.03960762,0.19146955,0.05554557,0.10007934,0.04852672,-0.35841513,0.18570172,0.05322118,0.22290775,0.27612894,-0.05403151,0.08484702,-0.07709275,-0.01745412,-0.17416989,0.06806024,-0.40600219,0.06525067,0.27072747,0.45475217,-0.29667688,0.13610683,-0.16984101,0.22415807,0.05431706,0.30747824,-0.07276304,0.27656042,0.38315771,-0.38755008,0.3159457,0.33034367,0.23014784,0.16200984,0.38690401,-0.26571543,0.2704328,0.82282895,1.11412273,1.93695168,0.31645025,0.00170604,0.23570924,0.38612379,-0.43437107,0.35546878,0.27389198,0.37152464,0.24114168,0.14541907,-0.326383,0.37296809,0.86108703,1.07856246,1.93964949,0.23353333,0.20799353,0.1496035,0.31586153,-0.31157316,0.4926507,0.11425612,0.3476604,0.17777944,0.11539669,-0.34022316,0.4047596,1.08806943,0.81962909,1.90769851,1.09812877,0.72095537,1.81908414,0.7215585,0.90382485,1.62538335,0.4984963,0.90507516,1.40357147,1.49116626,1.79503983,3.28620609,1.52942434,1.75947956,3.2889039,1.75640674,1.50054618,3.25695292
69973472,sub-000069973472,HC,5.0,4.0,7.0,8.0,24.0,3.0,3.0,3.0,6.0,15.0,-9.0,-3.21147112,-0.37800125,-0.1724324,-0.15852136,-0.04229838,-0.11068001,0.01741828,-0.02079285,0.03406882,0.03634565,-0.30395686,0.03143168,-0.11329104,-0.84451512,-0.3361946,-1.18070972,0.04321623,-0.04280754,-0.10050694,0.12529847,-0.0473904,0.14021875,-0.3455542,0.02775365,-0.08009715,-0.1375393,-0.10240868,-0.06092998,0.11802857,-0.69877566,-0.5807471,0.14060853,-0.30320635,-0.02461803,0.12908493,-0.14801358,0.16118392,0.27499751,0.19857217,0.0018639,0.12481058,0.18680388,-0.29648399,-0.04496058,0.49056405,0.44560348,-0.05454575,-0.02068896,-0.0442531,0.04963313,0.02033387,-0.16043425,0.19187566,0.10002243,0.231989,0.16702987,0.10582262,0.10918671,-0.20995505,0.90592629,0.69597124,-0.07374092,0.04026223,-0.07638921,0.08137071,-0.16652622,0.17432607,-0.05285481,0.11341801,-0.10240055,-0.07750504,0.17215792,-0.26558325,-0.02069734,-0.21276771,-0.23346505,0.94496149,0.18295046,0.86249761,0.74054665,0.33067298,0.45943327,-0.07079499,-0.04333575,0.3088987,0.25905797,-0.12000472,0.18914358,3.52106247,0.5229648,4.04402727,1.11169491,0.24264143,0.96534349,0.70269566,0.36495212,0.60758004,-0.29012504,-0.05329824,0.1441058,0.17967177,0.00050746,0.08640906,3.99490765,0.06727082,4.06217847,1.1292434,0.15786776,0.86079704,0.77667214,0.36435527,0.67989385,-0.13489698,0.04777312,-0.07212797,0.31912879,0.13730189,0.01583015,3.96882946,0.313009,4.28183846,-0.16298914,1.18933972,1.02635057,-0.32798362,1.60470196,1.27671834,-0.1387259,0.48600795,0.34728205,3.40303391,1.22174046,4.62477437,3.87687909,0.76604648,4.64292557,3.8508009,1.01178466,4.86258555
70910152,sub-000070910152,HC,1.0,6.0,4.0,4.0,15.0,1.0,4.0,4.0,6.0,15.0,0.0,3.14352989,-0.05654178,0.01950141,0.14338859,-0.03607152,-0.15314858,-0.15231259,0.14397774,0.13861611,0.0004165,0.44793861,-0.07643193,0.00993681,-0.23518448,0.66445384,0.42926936,-0.05168448,-0.03540772,-0.02240437,0.01241296,0.03788253,0.29536236,-0.02972622,0.2008637,0.06281167,0.24139266,0.12505447,0.00403693,0.23616128,0.60443322,0.8405945,0.14587947,0.21325269,0.32511829,0.05473671,0.1433701,0.40714615,0.13968487,0.66127272,0.31117338,-0.00414484,-0.37927427,0.44537541,1.28950341,1.17408728,2.46359068,-0.09449719,-0.05713388,0.00108148,-0.00990528,0.06982463,-0.00392416,0.00466432,0.18433957,0.02221441,0.11498174,0.06807324,0.05747799,-0.0945544,0.45175127,0.35719686,-0.07306507,0.05723096,0.12223862,0.26040175,-0.09862872,-0.07133806,-0.04029363,0.21493628,0.15675364,0.03322865,-0.32709168,0.21727003,0.19683948,0.2548033,0.45164278,0.32090882,0.08414941,0.57739077,-0.21774398,0.36838958,0.25815844,0.02343576,0.25481209,0.52507447,0.74839156,-0.38876981,0.4950658,1.39125305,1.65800987,3.04926292,0.28908552,0.07045552,0.47327564,-0.18996622,0.28245169,0.58925625,0.11354711,0.4500519,0.65274966,0.91249002,-0.13940755,0.54865648,1.51455841,2.53808763,4.05264604,0.13407643,-0.01116862,0.50029239,-0.26674707,0.20959314,0.51763089,-0.11341166,0.03008331,0.55370582,0.60781478,-0.43106576,0.56650064,1.08367716,1.21362713,2.2973043,1.05334213,0.56965405,1.62299618,-0.33071568,-0.15268196,-0.48339764,-0.0393218,-0.34962993,-0.38895172,1.15509177,1.05357665,2.20866842,1.27839713,1.9336544,3.21205153,0.84751589,0.60919391,1.45670979
72155879,sub-000072155879,HC,5.0,2.0,0.0,5.0,12.0,5.0,5.0,0.0,2.0,12.0,0.0,2.26186355,-0.10030008,0.08645648,-0.01549637,-0.11911989,0.28957009,0.09805295,0.24805006,-0.09838626,-0.06706382,0.10979416,0.26411064,-0.02485546,0.23916317,0.43164932,0.67081249,0.28866624,-0.03941947,0.16027417,-0.00688165,-0.03152197,0.50877178,-0.06483018,0.28172559,0.0146488,0.10108245,0.20643548,0.03944424,0.8798891,0.57850637,1.45839547,-0.0089138,0.04352705,-0.03214874,-0.03507169,0.08669336,-0.14410715,-0.36231925,0.55537649,-0.05199815,0.09954788,0.16255962,0.14780924,-0.09002097,0.55097583,0.46095485,0.07220822,0.06407165,0.0461075,-0.00451925,-0.12313146,-0.00504677,-0.30841799,0.24809308,0.21280501,0.11706676,0.26241327,0.2251997,0.04968989,0.75715984,0.80684973,0.05143382,-0.02315228,0.10413068,0.29259972,0.1414107,0.0290208,-0.21757127,-0.2635948,-0.1667912,-0.06426921,0.10716281,-0.26232568,0.59544343,-0.86738935,-0.27194592,1.41153299,0.13885577,1.10625042,0.2166934,0.56395864,0.92650106,-0.2253292,0.28069942,-0.01280309,0.48480921,0.01895925,0.16474869,4.36379227,0.71108427,5.07487654,1.34049658,0.25613771,1.11529236,0.0782542,0.2867919,0.99945527,-0.30698853,0.41460829,0.26855003,0.30652264,0.22113284,0.13011122,4.07642803,1.0339365,5.11036452,1.41667194,0.09551832,1.08357624,0.08850371,0.52578306,0.76571407,-0.38507418,0.20640252,-0.15168782,0.20746215,0.23977189,-0.10903769,3.97576734,0.00783688,3.98360422,-0.96991007,-0.02753054,-0.99744062,-0.83019921,0.17865347,-0.65154574,-0.28444567,-1.44589572,-1.73034139,3.48390317,0.1325779,3.61648107,3.19653892,0.45543013,3.65196905,3.09587824,-0.57066949,2.52520875
72358748,sub-000072358748,HC,0.0,3.0,6.0,8.0,17.0,0.0,1.0,3.0,5.0,9.0,-8.0,-4.26869256,-0.0371738,0.29085989,-0.0394657,-0.19679219,0.44166262,-0.16988956,0.05046549,-0.12155501,-0.00048368,0.18048293,-0.05559255,-0.16818101,0.28920126,-0.11486383,0.17433743,0.13812881,0.02080422,0.00112891,0.05085127,-0.17101657,0.17092972,-0.34495977,-0.15608732,-0.06335279,0.29126998,0.02006033,-0.12806517,0.21082637,-0.38113473,-0.17030836,0.08307353,-0.13272001,0.0764494,0.13928918,0.07049506,-0.21472751,-0.2602037,-0.00805002,-0.01925806,-0.059884,0.01608041,0.03573311,0.02185965,-0.29558225,-0.2737226,0.02778456,-0.01610632,-0.12025996,0.05889874,0.047341,-0.06352991,-0.28823913,-0.10197547,0.0518211,0.13431174,0.04390813,0.10900631,-0.06587189,-0.05116731,-0.11703921,-0.08442396,-0.28942988,7.524e-05,-0.19366131,-0.24720981,0.00891322,-0.09734033,0.3249918,0.13010296,0.17299217,0.07897716,-0.06472678,-0.8057365,0.54499697,-0.26073952,0.18371058,0.19943426,0.48724382,0.69702709,0.08685662,0.20442041,-0.17275818,-0.13247401,0.09181408,0.04700732,0.02702796,0.3165949,1.85869279,0.17721208,2.03590487,0.24126727,0.20150386,0.37476499,0.6296564,-0.06222706,0.29479308,-0.11392324,-0.1316342,0.03030438,0.48534728,-0.08880688,0.26077202,1.67975853,0.44205935,2.12181788,0.27406025,0.11848642,0.09484408,0.21820931,-0.063287,0.02795549,0.02294056,0.04786646,-0.25475532,-0.04010432,0.11129868,0.00057054,0.67026854,-0.11218341,0.55808514,-0.18896672,0.08555248,-0.10341424,-0.27669826,0.32996742,0.05326916,-1.01656287,0.92613171,-0.09043116,1.64786642,0.55834681,2.20621323,1.46893216,0.82319408,2.29212624,0.45944217,0.26895132,0.7283935
79630427,sub-000079630427,HC,0.0,6.0,7.0,11.0,24.0,1.0,6.0,7.0,5.0,19.0,-5.0,0.78852888,-0.16972282,0.16104398,-0.16546846,0.26094621,0.22786414,-0.20016197,-0.11365451,-0.0071313,-0.17376612,0.16279213,0.11250346,-0.14119945,0.11450107,-0.16045578,-0.0459547,-0.01982091,0.07692193,-0.07128325,-0.03729151,-0.16668918,-0.45965686,-0.14065856,0.16914997,0.03986228,0.19056243,-0.00040286,0.08282,-0.67781979,0.34133327,-0.33648652,0.21449209,0.01573898,0.31105323,-0.21155783,-0.11615154,-0.19175294,-0.14566464,0.0645101,-0.06934632,0.09620814,0.16683103,-0.43344141,0.02182198,-0.32090309,-0.2990811,-0.0194594,0.0243038,0.0466332,-0.07128359,0.03478882,-0.10685363,-0.04294676,0.1353443,0.13352217,0.21516353,0.16454051,0.11908217,-0.0918708,0.72470592,0.63283511,-0.06097081,0.240394,0.06149271,0.05643292,0.52002404,-0.34452822,-0.17315027,-0.28002032,-0.08966632,0.03791906,0.18247608,-0.1115496,0.47284463,-0.43399136,0.03885328,1.14668485,0.45653277,0.82988018,0.97754927,0.38725005,0.86285709,-0.12609515,0.43803686,0.22503001,0.44663736,0.08659883,-0.11061875,4.6607542,0.95958916,5.62034337,1.10885515,0.40630183,0.8798512,0.92059688,0.3965747,0.92688223,-0.0355424,0.33305747,0.36217026,0.26747625,-0.01261863,0.02042699,4.63906199,0.93496994,5.57403193,1.19654859,0.45073478,0.93876315,0.60458226,0.53986935,0.75646769,-0.117544,-0.11557409,0.38778679,0.36389166,-0.13770622,0.30784621,4.48696582,0.68870035,5.17566617,0.69964177,-0.66223636,0.03740541,0.58594898,0.38337265,0.96932163,1.15066442,-0.77532462,0.3753398,5.33857399,0.61825589,5.95682988,5.31688178,0.59363667,5.91051845,5.1647856,0.34736708,5.51215269
80301458,sub-000080301458,HC,3.0,4.0,8.0,6.0,21.0,0.0,4.0,7.0,1.0,12.0,-9.0,-4.09313745,-0.14240112,-0.14983347,-0.24159511,-0.07968245,0.0477916,-0.06114299,-0.19113838,0.19987451,0.12980976,-0.08240669,0.00222449,0.17541197,-0.62686354,0.23377566,-0.39308788,0.1127196,0.02663772,0.13982865,-0.04583075,0.18268537,0.09416735,-0.00341302,-0.10003859,0.4202665,-0.29423147,-0.22943984,0.27970183,0.51020795,0.07284541,0.58305336,-0.16036489,-0.02163652,-0.13048014,-0.17270308,0.16925305,-0.05742878,-0.04273243,0.02019704,0.01991844,0.01253475,0.04879683,0.04586301,-0.37336037,0.10457764,-0.26878273,0.03346905,-0.0192657,-0.10269032,0.06981419,0.0920231,-0.01453378,0.00643602,0.06865746,0.04898025,-0.03904195,0.07918814,0.16453649,0.05881655,0.32875641,0.38757296,-0.02308373,0.28434512,0.20190583,0.19930552,-0.20708703,0.12315232,0.11877307,0.01437012,-0.37504151,0.07078078,0.04528693,-0.13659743,0.57853803,-0.26242804,0.31610999,0.06157182,-0.26005075,-0.14511209,0.04008332,-0.3122629,0.58999148,-0.18892906,0.4461027,0.60306055,0.25062909,-0.41429854,0.61624949,-0.02577912,1.31281423,1.28703511,0.05462303,-0.18317611,-0.19557058,0.03057536,-0.3033774,0.61002765,-0.30529721,0.44994553,0.46143917,0.16873689,-0.4192303,0.49388306,0.01310196,0.84947713,0.86257908,0.07270729,-0.14986454,-0.09751582,0.1124128,-0.23326124,0.62884768,-0.36167133,0.51799793,0.27750222,0.03218845,-0.30131313,0.29712313,0.33332616,0.46182726,0.79515342,-0.88356832,0.03173223,-0.85183608,-0.4513914,0.25591101,-0.19548039,0.06833008,-0.33527345,-0.26694336,-0.53598707,1.23996882,0.70398175,-0.49710599,0.77663172,0.27952572,-0.17688179,0.38898185,0.21210006
80461839,sub-000080461839,HC,5.0,4.0,7.0,5.0,21.0,5.0,6.0,4.0,6.0,21.0,0.0,4.90686255,0.2078306,0.2097669,-0.23603106,-0.05418595,0.14402286,0.24102509,0.01842187,-0.03254491,0.09054385,-0.16221823,-0.14565034,0.01954991,0.51242845,-0.21189786,0.30053059,0.3662066,0.0256269,0.20409909,0.23767244,0.11575734,0.42353886,-0.22527111,-0.03283022,0.21203566,0.17883935,0.24817783,0.09104666,1.37290121,0.47199817,1.84489939,0.05393166,-0.14194687,0.29599592,0.11065846,0.215553,0.03804752,0.01013791,-0.30552883,0.57071833,0.17523937,0.03518852,0.39649237,0.57223969,0.88224766,1.45448735,-0.01965288,0.06960288,0.03811847,0.07297066,0.03101782,0.02681075,-0.03445511,0.01368115,0.26773298,0.10646613,0.02028037,0.15376662,0.21886771,0.52747213,0.74633985,-0.02034126,-0.00105484,0.01199817,0.20062537,0.0112691,0.2047609,0.24528139,0.51983987,0.11391287,0.56856348,-0.28111002,-0.0349038,0.40725744,1.13158379,1.53884123,0.86546579,0.30694958,0.73592614,0.4727426,0.02325548,0.59656093,-0.17818961,-0.14091441,0.62482299,-0.2812295,-0.07955412,0.23080365,3.00090052,0.175739,3.17663952,0.93618675,0.30467857,0.8121522,0.40109104,0.07153588,0.63984595,-0.20281703,-0.1842223,0.49839726,-0.13737673,-0.1097593,0.089801,3.16549038,-0.0459771,3.11951328,1.07857019,0.16472995,0.82779033,0.2833354,0.04026108,0.48324979,-0.24620265,-0.38941002,0.69569946,0.40662575,0.00318906,0.48205111,2.87793674,0.95195272,3.82988947,-0.80066152,0.41024949,-0.39041203,-1.1540335,0.05547396,-1.09855954,-0.96564377,0.65958562,-0.30605815,1.6279993,-0.29625917,1.33174013,1.79258916,-0.51797527,1.27461389,1.50503553,0.47995455,1.98499008
82149344,sub-000082149344,HC,3.0,2.0,8.0,10.0,23.0,2.0,2.0,7.0,5.0,16.0,-7.0,-1.5053599,-0.33540834,-0.1731142,-0.43587991,-0.35254565,0.10220415,-0.25742024,0.05853451,-0.00442333,0.23273075,-0.29834083,0.14542036,0.3684593,-1.45216418,0.50238076,-0.94978342,0.00265005,-0.01482195,-0.05662048,-0.06868321,0.12783152,-0.33616248,-0.04303709,0.01601922,-0.02302752,-0.03866934,-0.12185567,-0.00886328,-0.34580655,-0.21943369,-0.56524024,0.24306136,0.20230066,-0.10859173,0.21619302,0.14906403,-0.18365731,-0.20475693,0.22964722,0.01303646,0.02970844,0.11524219,0.01365215,0.51837003,0.19652953,0.71489955,-0.04119097,0.03907566,-0.02487654,0.07932232,0.12748738,0.07705575,-0.33984468,0.19460473,-0.01448759,0.01549728,0.1221162,-0.02571357,0.2568736,-0.04782762,0.20904598,0.09532747,0.00313327,0.13091181,-0.07984868,0.03598326,-0.02491547,0.37004607,0.62066189,0.29365108,0.28921246,0.42078534,0.40958335,0.16059166,2.40394018,2.56453184,0.80492016,0.07485244,0.50076415,0.03450575,0.19601772,0.90222077,-0.50658154,0.22694488,0.45649858,0.60295891,0.25442738,0.3439167,2.513281,1.37816491,3.89144591,0.84120997,0.08224254,0.55531783,-0.03659293,0.27993851,0.79143766,-0.39958483,-0.00756925,0.26958658,0.42898214,0.22986927,0.22211291,2.51355359,0.74339682,3.2569504,0.6741511,0.04799019,0.41491894,-0.01901002,0.28501297,0.5041995,-0.46653755,-0.03820407,-0.08774181,-0.12765571,0.16015463,-0.10120652,1.90726269,-0.66119104,1.24607165,0.86417658,0.41596321,1.28013979,0.60268015,0.17160607,0.77428622,0.50639821,2.62337387,3.12977208,2.85908755,1.59759859,4.45668614,2.85936013,0.96283051,3.82219064,2.25306924,-0.44175735,1.81131189
83490451,sub-000083490451,HC,2.0,4.0,5.0,8.0,19.0,3.0,2.0,5.0,5.0,15.0,-4.0,0.31908499,-0.39467617,0.05835996,-0.10099976,0.23114244,0.09246792,-0.06220007,-0.2814792,0.44212573,0.00795618,0.2898151,0.4063585,0.12818364,-0.17590568,0.99295995,0.81705427,0.02718181,0.07281548,-0.07556574,0.04620699,0.01075394,0.03422941,-0.57498464,-0.09224405,0.27706513,-0.27810273,0.26182929,0.31106041,0.11562188,-0.09537659,0.02024529,-0.03675605,0.1483636,0.20236036,0.11425455,0.28461717,-0.06682307,0.012801,-0.03704593,0.40965783,0.02399066,0.80943635,0.17407648,0.64601655,1.3929164,2.03893295,-0.02215919,-0.03054337,0.02961206,-0.02029993,0.16329829,-0.06961882,-0.22711305,-0.10305196,0.19542192,0.15691502,0.63747372,0.00946899,0.05028903,0.66911464,0.71940367,0.18908215,-0.23461931,0.26637607,0.04587238,0.09406279,-0.13414448,-0.01888246,-0.34289879,-0.58836496,-0.13085014,0.17562129,0.07574125,0.22662961,-0.82963381,-0.6030042,0.72982973,0.12206634,0.60447348,0.2731275,0.25402293,0.6014225,0.23614001,1.17040612,0.89537481,0.38507984,0.25094121,0.86152961,2.58494248,3.7994716,6.38441408,0.89398247,0.22932639,0.70302386,0.25987498,0.2071952,0.66307603,-0.11751269,0.43854495,0.59656954,0.03695862,0.14930822,0.48909905,2.95647893,1.59296768,4.54944662,0.90165492,0.29233946,0.81254569,0.27523673,0.19483309,0.6033008,-0.0829841,0.91973966,0.61928097,0.10943935,-0.44844448,-0.10018199,3.0799107,1.01684942,4.09676011,0.53039467,1.48829299,2.01868766,-0.06533285,0.76449123,0.69915838,0.11100773,-0.73425722,-0.62324949,2.4693206,3.89484819,6.36416879,2.84085705,1.68834427,4.52920133,2.96428881,1.11222601,4.07651482
84037702,sub-000084037702,HC,5.0,7.0,6.0,5.0,23.0,5.0,3.0,7.0,5.0,20.0,-3.0,2.4946401,0.08387705,0.00226322,-0.05313924,0.00247989,-0.01015998,-0.04207683,-0.16608998,0.06785075,-0.3757781,0.20001483,-0.0126196,-0.35150997,-0.01675588,-0.63813207,-0.65488795,-0.03934354,-0.04760014,-0.03216549,-0.08709706,-0.45576002,-0.60460618,-0.30091693,-0.16604383,-0.03883108,-0.19642821,-0.05742939,-0.04591675,-1.26657243,-0.80556619,-2.07213862,0.15360257,-0.04840334,0.00298895,-0.18961838,-0.00595664,0.01985496,-0.34747086,0.12987633,0.29064013,0.16094323,0.45473166,0.31915339,-0.06753189,1.00787388,0.94034199,0.01466329,0.07748188,-0.03670397,-0.03182908,-0.00498829,0.16077479,-0.31417586,0.15984974,0.13997678,0.02153864,0.40786311,0.11705233,0.17939863,0.53210474,0.71150337,-0.15872281,0.16649811,-0.07965752,0.09401979,0.04274757,0.14374481,0.25257077,0.61683145,0.30592296,0.12618704,0.71249994,0.12291476,0.20862996,2.13692693,2.34555689,-0.32360992,0.1232738,-0.00755878,0.0469239,0.16777671,0.4012967,-0.28346521,0.17866488,-0.09681294,-0.16094181,0.2668604,-0.00634441,0.4081024,-0.1020391,0.3060633,0.10941821,0.18393307,-0.03345152,-0.27255767,0.37004545,0.25352859,-0.41330692,0.09337967,-0.19443787,-0.30213318,0.08508531,-0.12118039,0.61091614,-0.85259338,-0.24167724,0.19858766,0.23127369,-0.24404727,-0.14415343,0.3498654,0.15311366,-0.39444268,0.02546324,-0.18596897,-0.1647337,-0.04873936,-0.07976365,0.54463971,-0.84818512,-0.30354541,1.19904054,1.81344007,3.01248061,1.44597106,1.33767093,2.78364198,1.47520239,2.94249312,4.4176955,1.67467483,0.70352709,2.37820192,1.87748857,-0.04702719,1.83046137,1.81121214,-0.04261893,1.76859321
84828767,sub-000084828767,HC,3.0,5.0,4.0,4.0,16.0,0.0,0.0,1.0,1.0,2.0,-14.0,-10.56258134,0.06675926,0.16883007,-0.26664452,0.33446801,0.05097826,0.01168011,-0.23497095,0.37721416,-0.20642919,0.21994962,-0.33351898,-0.18892385,0.36607118,-0.36667918,-0.000608,0.00891518,-0.07094549,-0.11109166,0.06345343,0.07408203,0.0655828,-0.14987506,-0.2482626,0.37278075,-0.14918809,-0.26849867,0.26427339,0.02999629,-0.17877027,-0.14877398,-0.03422193,-0.14569758,-0.20960309,0.04217929,0.00177301,0.34861811,-0.20391693,-0.25687325,-0.05155602,-0.22242846,-0.164337,-0.27808227,0.00304781,-1.17719394,-1.17414613,-0.00736911,0.00213122,0.08663944,0.03701558,-0.00767603,0.03770631,-0.13475878,-0.26281539,-0.01820732,0.11379745,-0.05966708,-0.23529389,0.1484474,-0.59694501,-0.44849761,-0.04997931,-0.25346055,0.09138583,-0.02796364,0.01314874,0.11034049,-0.05606221,0.24794488,0.39118615,0.06773852,0.09501144,0.65954454,-0.11652844,1.40536333,1.28883489,0.65337915,0.11320331,0.07501671,0.21543922,0.63301446,-0.13084943,-0.33489415,0.33183839,-0.29833334,0.38063768,-0.2333987,-0.31379442,1.55920343,-0.46794455,1.09125888,0.52578583,0.11997192,0.03110457,0.23005837,0.57673998,-0.1240703,-0.3557864,-0.14401474,-0.27768155,0.4896453,-0.18233912,-0.15575261,1.35959037,-0.62592912,0.73366125,0.78401331,0.24518988,0.34156082,0.04377116,0.52504897,-0.0678741,0.03582335,-0.62277404,-0.13932141,0.41684464,-0.09852052,-0.0750436,1.87171003,-0.48299159,1.38871844,-0.02694848,-0.99842367,-1.02537215,0.11845111,-0.41817474,-0.29972363,-0.14652473,1.5841336,1.43760887,1.52920714,-0.28917427,1.24003286,1.32959408,-0.44715885,0.88243523,1.84171374,-0.30422132,1.53749242
90973178,sub-000090973178,HC,0.0,5.0,6.0,4.0,15.0,1.0,6.0,10.0,7.0,24.0,9.0,12.14352989,0.12120122,0.08279723,-0.05483872,-0.01152832,0.72781407,0.03759727,0.27596761,0.03713671,-0.23266599,-0.18665487,0.1917936,-0.01597481,0.90304275,0.06960225,0.972645,0.10885547,0.00629082,-0.0611871,0.11274722,0.20183665,0.01267289,-0.32554252,-0.34556815,-0.10897186,-0.26815744,0.1115194,-0.24430441,0.38121595,-1.18102498,-0.79980903,0.02511272,0.00152306,0.19361559,-0.01497357,-0.01531335,-0.09389093,-0.16527539,0.06754973,-0.27931276,0.10294155,0.11782628,-0.28389224,0.09607352,-0.44016283,-0.34408931,0.01177764,-0.00833639,0.10306648,-0.05867965,0.08673623,0.12790192,-0.21141413,0.25112111,-0.12494125,-0.02565286,0.13682349,-0.10295432,0.26246622,-0.07701797,0.18544825,0.06795493,0.16515359,0.08517207,0.24520193,0.01067952,-0.1013958,0.40939267,0.48358146,0.28816204,0.08084512,0.19457413,0.55463685,0.47276623,2.01119228,2.48395851,0.57139397,-0.42647469,0.41518905,-0.35832118,-0.24914488,0.45553344,0.00377682,0.00834936,0.05165108,0.25511084,0.00932758,0.03566609,0.40817572,0.36388176,0.77205748,0.5983594,-0.36809845,0.38061741,-0.50267363,-0.23539603,0.4230179,-0.07448726,0.10050998,-0.06960757,0.29746419,0.09800891,-0.0395172,0.29582659,0.31237105,0.60819764,0.53782335,-0.37373699,0.23833264,-0.5267918,-0.15668931,0.46014599,-0.12166939,-0.09985306,0.03782876,0.86028016,0.03385264,-0.05224373,0.17908389,0.65819537,0.83727926,-0.28514243,0.74086215,0.45571973,-0.11874973,1.10400701,0.98525728,0.09155028,3.19221726,3.28376755,0.02695977,1.54490674,1.57186651,-0.08538936,1.49339603,1.40800667,-0.20213206,1.83922036,1.6370883
92432902,sub-000092432902,HC,3.0,7.0,8.0,3.0,21.0,2.0,3.0,11.0,6.0,22.0,1.0,5.90686255,-0.061899,0.27035113,0.06064945,0.16359891,0.41197928,-0.02358286,0.06078617,0.18663407,-0.13428566,0.1019913,0.02083306,-0.14652219,0.82109691,0.08943675,0.91053365,0.3766891,0.06582547,-0.01932728,0.25983865,0.23194547,0.36283782,-0.26579938,-0.06772591,0.19475693,0.15763171,0.35495137,0.28043376,1.27780922,0.65424849,1.93205771,0.1500885,0.21163501,-0.08713947,0.28368641,0.09394924,-0.09490966,-0.01154359,0.23457238,0.22626856,-0.05776873,0.24497737,0.27914816,0.55731003,0.91565415,1.47296418,-0.0481894,0.0088547,-0.08461234,0.0317517,0.1311291,0.06787308,0.00238488,-0.09744502,0.11205095,-0.01171648,0.20277567,0.16757173,0.10680684,0.37562173,0.48242857,0.20808895,0.07419619,0.11652275,-0.00712419,-0.10239849,0.05752973,0.50717169,0.35020449,0.05182684,0.09792874,0.38787261,0.00305308,0.34681494,1.39805746,1.74487239,0.64420444,-0.12121408,0.26989478,0.76430275,0.3964283,0.68008265,-0.24447986,0.81230293,0.30902951,0.86568096,0.06634403,0.53907413,2.63369885,2.34795169,4.98165055,0.60429017,-0.25799465,0.21838478,0.71442976,0.37910672,0.67988303,-0.17172029,0.72374403,0.15715462,0.86571929,0.06382338,0.36474074,2.3380998,2.00346177,4.34156157,0.58269592,-0.19496473,0.15872907,0.54498921,0.40140755,0.68950164,-0.24132016,0.68273573,0.13147085,0.9175537,0.04485452,0.41175807,2.18235866,1.9470527,4.12941136,-0.72049919,0.26140567,-0.45909353,-1.17100238,-0.27862676,-1.44962914,-0.93099429,0.74380897,-0.18718532,1.35588963,1.69370321,3.04959283,1.06029058,1.34921328,2.40950386,0.90454944,1.29280421,2.19735365
92523261,sub-000092523261,HC,3.0,6.0,5.0,1.0,15.0,3.0,7.0,9.0,4.0,23.0,8.0,11.14352989,-0.2865842,0.0730309,-0.36534201,-0.21134025,0.23502541,0.10563946,0.31184566,0.03891341,-0.11768086,0.41395693,-0.23194942,0.0533182,-0.44957068,0.46840393,0.01883325,0.25166425,-0.05537173,-0.21562201,-0.17516752,-0.06691296,0.40463209,-0.15981446,-0.13146516,-0.01941377,0.31684446,0.13608055,0.03646403,0.14322211,0.17869564,0.32191775,0.30230618,0.15300743,0.26491509,0.10659377,0.14040684,-0.2000251,0.08611109,0.54359219,0.06155366,0.17259181,0.01223526,0.08392726,0.7672042,0.96001127,1.72721547,0.00655425,-0.02327903,0.04331034,-0.085567,0.17966157,0.06165253,0.10195012,0.16208569,0.13007685,-0.02753843,0.04915959,0.06816294,0.18233266,0.48389676,0.66622941,0.25626096,-0.00418867,0.0142458,-0.14809058,0.00151352,-0.15112528,0.05221958,0.64017907,0.33625367,0.55132493,0.21253819,0.28995844,-0.03138425,2.08247388,2.05108962,0.80598685,-0.26387848,0.70914604,0.05180502,-0.41479089,0.5892471,0.3695731,0.48538652,0.31203311,0.54792933,-0.07791684,0.34650404,1.47751565,1.98350925,3.4610249,0.8043733,-0.29683,0.82473486,0.05349122,-0.41442363,0.66514714,0.36460545,0.70827614,0.4994516,0.49866116,0.05230905,0.45462397,1.63649289,2.57792738,4.21442026,0.78536974,-0.38832134,0.79239971,0.07518314,-0.32374742,0.60709842,0.23751548,0.66789264,0.471968,0.48758691,0.21975741,0.40307829,1.54798225,2.48779872,4.03578097,0.62398209,0.78131562,1.40529771,0.03911054,0.30520112,0.34431166,-0.17460636,1.90377823,1.72917187,1.33429354,1.8048136,3.13910714,1.49327077,2.39923174,3.89250251,1.40476014,2.30910308,3.71386321
94345446,sub-000094345446,HC,1.0,7.0,6.0,5.0,19.0,0.0,5.0,5.0,5.0,15.0,-4.0,0.31908499,-0.274703,0.1123181,-0.06083315,-0.37885436,0.34165437,0.00222571,0.17040808,-0.08359022,-0.30647751,0.2740124,0.05026915,-0.26088512,-0.25819233,-0.15626322,-0.41445556,-0.11893454,0.04170029,0.06694064,0.08808471,-0.02498437,0.46952409,-0.18424014,-0.10241795,-0.0395118,-0.06145585,0.02468778,-0.04582059,0.52233081,-0.40875855,0.11357227,0.07785689,-0.15642131,0.04964246,-0.13207431,0.33979415,-0.03271616,-0.08645231,0.41069498,0.23817344,0.11001136,0.06185979,0.15716367,0.14608172,0.89145093,1.03753264,0.03370537,0.14492719,-0.04448754,-0.06556095,-0.0176142,-0.01435307,0.05906063,0.36086854,0.11504663,0.10788594,0.03609092,0.19173052,0.03661679,0.87068318,0.90729998,-0.22094786,-0.15299867,0.02547682,0.10848924,-0.00073592,0.27479728,0.18316251,0.80101092,0.43584728,0.03448981,0.01485547,0.50150205,0.03408089,1.97086804,2.00494893,0.30487961,0.50152147,0.35991113,0.49103269,-0.20310582,0.18646354,-0.02483218,-0.00638956,-0.31075772,0.01893591,0.11475585,0.01891327,1.64070263,-0.18937443,1.45132819,0.26879163,0.45755239,0.22856392,0.58937629,-0.21899998,0.13634643,-0.10033549,-0.00814079,-0.50622943,0.25815836,0.02780672,-0.19765909,1.46163067,-0.52639972,0.93523095,0.27244833,0.28975598,0.22154917,0.57334085,-0.29676192,-0.31512313,-0.11074102,-0.04116819,-0.49422692,0.33138052,-0.06517865,-0.2751517,0.74520928,-0.65508595,0.09012333,-0.3762491,1.30020948,0.92396038,-0.48571402,1.27944173,0.79372771,-0.48824993,2.37962659,1.89137666,1.11837181,0.21938411,1.33775593,0.93929986,-0.11764117,0.82165869,0.22287847,-0.24632741,-0.02344894
94998851,sub-000094998851,HC,0.0,7.0,6.0,7.0,20.0,0.0,4.0,5.0,2.0,11.0,-9.0,-4.38702623,-0.10219197,0.26849585,-0.22668942,-0.35580032,0.33744232,0.1175359,-0.01848769,0.05180926,-0.06860889,0.3484254,0.03162314,-0.05520552,0.03879234,0.28955569,0.32834803,-0.10104758,-0.18029956,-0.08905171,-0.0066309,-0.06871661,-0.0963393,-0.16899241,0.06207585,-0.05993187,-0.13622075,0.08405532,-0.09348663,-0.54208566,-0.31250047,-0.85458613,-0.10449232,0.04307755,-0.1937265,0.20426735,-0.16579937,0.16408686,-0.47474242,0.00342392,0.15977359,0.14296412,-0.20460326,0.02403992,-0.05258644,-0.34914412,-0.40173056,-0.02905163,-0.06181924,0.02979988,0.04630897,0.05258189,-0.04302872,-0.10739311,-0.1096279,0.02687734,0.00094198,-0.27713814,0.04300902,-0.00520885,-0.42333079,-0.42853964,0.23336352,-0.03052817,0.15720098,0.04831081,0.10303,-0.22580938,0.10603965,0.11296331,0.02855977,0.47403525,-0.27268496,0.27487574,0.28556775,0.72378875,1.0093565,0.56806836,0.4059275,0.38400613,0.47894995,0.25640399,0.20822505,-0.13115798,0.21536146,0.11674251,0.27238668,-0.03305834,-0.16454173,2.301581,0.27573261,2.5773136,0.61888479,0.33503616,0.33192114,0.50591964,0.28820009,0.29505567,-0.00138865,0.58284363,0.13137274,0.66414536,0.06012427,0.04705719,2.3750175,1.48415455,3.85917205,0.38880781,0.04624328,0.37206059,0.19207503,0.28087292,0.5520399,-0.10594663,0.5547061,-0.24313809,0.48318083,0.1263212,-0.1642576,1.83209953,0.65086582,2.48296535,0.48949922,-0.03664365,0.45285557,0.53687681,-0.11083032,0.42604649,0.82765341,1.03628922,1.86394263,2.84366665,0.58823308,3.43189974,2.91710316,1.79665502,4.71375818,2.37418519,0.96336629,3.33755148
97970921,sub-000097970921,HC,4.0,7.0,6.0,6.0,23.0,0.0,5.0,6.0,4.0,15.0,-8.0,-2.5053599,0.26655084,-0.22493683,-0.20121966,-0.26050056,0.23508794,0.03265236,0.13262017,0.04658059,-0.40962613,-0.04162536,0.10065342,-0.34768043,-0.1523659,-0.51907774,-0.67144364,-0.40861625,-0.10133137,-0.42519222,0.076297,-0.25153028,-0.15499125,-0.11089313,-0.42810453,-0.00223341,-0.10430226,0.21316522,-0.13360539,-1.26536437,-0.56597351,-1.83133789,0.17241441,0.01660661,0.03078504,-0.27086408,0.29893203,-0.03029383,0.06419846,0.47131722,0.59974658,-0.02055157,0.12658262,0.57633114,0.21758019,1.81762445,2.03520464,0.08806842,0.00802075,0.12909013,-0.02643055,0.25257149,-0.03675446,0.01960165,0.21306945,0.31444427,0.00177972,0.10161621,0.23933904,0.41456579,0.88985034,1.30441613,-0.26467083,-0.05173366,-0.32478284,0.0724225,0.0387186,0.15952225,0.3267564,0.84731962,0.09698796,0.31226354,0.06140863,0.27850197,-0.37052398,1.92323813,1.55271415,0.35361318,-0.36878883,0.52834714,-0.11557136,-0.12141397,0.21295053,-0.23870673,0.07421455,0.52953265,0.10422561,0.31192029,0.31675814,0.48913668,1.09794452,1.58708121,0.03567362,-0.26709128,0.19764267,0.03520278,-0.14755991,-0.01705175,-0.1764112,0.23347892,0.54622136,0.07540584,0.3341463,0.30195525,-0.16318387,1.31479647,1.1516126,0.10794054,-0.54399818,0.23231837,-0.08951853,-0.00032967,0.0047203,-0.19225664,0.21820859,0.49053032,0.18089375,0.28553997,0.22244834,-0.28886718,1.20536433,0.91649715,1.48294456,2.38359797,3.86654253,1.67993016,1.45582386,3.13575402,0.89484039,2.48921164,3.38405203,1.75450105,1.66391804,3.41841909,1.1021805,1.88076998,2.98295048,0.97649719,1.77133784,2.74783504
