id,sub_id,group,sex,age_baseline,site,headmotion,cond,rep,mid_rep_label,sst_rep_label,mid_file,sst_file,edge1,edge2,edge3,edge4,edge5,edge6,edge7,edge8,edge9,edge10,edge11,edge12,sst_sum,mid_sum,np_sum,n_edges_present
1647364,sub-000001647364,High-symptom,M,18.0,NOTTINGHAM,0.19464849,ampa,1,1,1,mid_data_mani_IMAGEN.mat,sst_data_mani_IMAGEN.mat,-0.10379045,-0.11517437,0.19019673,0.29773665,-0.02227506,0.07475257,0.07976669,0.01748668,0.14335143,-0.06955356,0.09273143,0.21164699,0.32144607,0.47542965,0.79687572,12
1647364,sub-000001647364,High-symptom,M,18.0,NOTTINGHAM,0.19464849,ampa,2,2,2,mid_data_mani_IMAGEN.mat,sst_data_mani_IMAGEN.mat,0.06610322,-0.13606977,-0.17793482,-0.25678282,0.06861655,0.04504215,0.19806151,0.1539505,-0.03767058,-0.25548039,0.12291349,0.10661388,-0.39102549,0.28838841,-0.10263708,12
1647364,sub-000001647364,High-symptom,M,18.0,NOTTINGHAM,0.19464849,ampa,3,3,3,mid_data_mani_IMAGEN.mat,sst_data_mani_IMAGEN.mat,0.26152042,0.15756629,0.24692097,0.07083481,0.22883627,0.05290745,-0.20691898,-0.15211447,0.24511373,-0.03580616,0.08749817,0.40764402,1.01858621,0.3454163,1.36400252,12
1647364,sub-000001647364,High-symptom,M,18.0,NOTTINGHAM,0.19464849,ampa,4,4,4,mid_data_mani_IMAGEN.mat,sst_data_mani_IMAGEN.mat,-0.03046561,0.07023727,0.14457328,-0.17832241,0.22202023,0.10367578,-0.3158429,0.21370371,0.24772794,-0.24082877,0.04201434,0.32998672,0.33171855,0.27676104,0.60847959,12
1647364,sub-000001647364,High-symptom,M,18.0,NOTTINGHAM,0.19464849,ampa,5,5,5,mid_data_mani_IMAGEN.mat,sst_data_mani_IMAGEN.mat,-0.05728073,-0.06967667,0.12470818,-0.13008093,0.19241009,0.01637241,-0.29706045,0.1260496,0.28184266,0.07379429,0.14144338,0.16611523,0.07645234,0.49218471,0.56863705,12
1647364,sub-000001647364,High-symptom,M,18.0,NOTTINGHAM,0.19464849,baseline,1,1,1,mid_data_simulated_IMAGEN.mat,sst_data_simulated_IMAGEN.mat,0.10428477,-0.24073114,-0.01948892,-0.22558569,-0.16119007,-0.90385457,-0.46157055,-0.07361782,0.47712193,-0.00377312,0.15394456,0.21763236,-1.44656562,0.30973737,-1.13682825,12
1647364,sub-000001647364,High-symptom,M,18.0,NOTTINGHAM,0.19464849,baseline,2,2,2,mid_data_simulated_IMAGEN.mat,sst_data_simulated_IMAGEN.mat,-0.19503788,0.09452852,0.04372192,0.29509166,-0.03791985,-0.48021812,-0.19001709,-0.11235173,0.32301584,0.09690929,0.24298842,0.1586348,-0.27983376,0.51917952,0.23934576,12
1647364,sub-000001647364,High-symptom,M,18.0,NOTTINGHAM,0.19464849,baseline,3,3,3,mid_data_simulated_IMAGEN.mat,sst_data_simulated_IMAGEN.mat,-0.06920551,0.39552191,-0.11854613,0.00518549,0.0623705,-0.57259474,-0.42981697,0.14387679,0.18754407,0.18474686,0.12637439,0.05859283,-0.29726848,0.27131796,-0.02595052,12
1647364,sub-000001647364,High-symptom,M,18.0,NOTTINGHAM,0.19464849,baseline,4,4,4,mid_data_simulated_IMAGEN.mat,sst_data_simulated_IMAGEN.mat,-0.39383197,0.06704122,-0.34572509,0.36141852,0.09828874,-0.6720873,-0.28157901,-0.08862483,0.46476944,0.29041002,0.14742279,0.30120873,-0.88489588,0.83360714,-0.05128874,12
1647364,sub-000001647364,High-symptom,M,18.0,NOTTINGHAM,0.19464849,baseline,5,5,5,mid_data_simulated_IMAGEN.mat,sst_data_simulated_IMAGEN.mat,-0.04720208,0.24432154,-0.18786412,-0.11230065,0.1343234,-0.92467301,-0.31947683,0.40206822,0.46528281,-0.39307709,0.17127834,0.41928523,-0.89339491,0.74536067,-0.14803424,12
1647364,sub-000001647364,High-symptom,M,18.0,NOTTINGHAM,0.19464849,gaba,1,1,1,mid_data_mani_gaba.mat,sst_data_mani_gaba.mat,0.57469134,0.26341233,0.36548857,0.55952188,0.46001708,0.68657389,0.31178102,-0.02333689,0.4201698,0.07587239,0.08193269,0.37486107,2.90970509,1.24128007,4.15098516,12
1647364,sub-000001647364,High-symptom,M,18.0,NOTTINGHAM,0.19464849,gaba,2,2,2,mid_data_mani_gaba.mat,sst_data_mani_gaba.mat,0.62287495,0.17455979,0.40441066,0.61835715,0.53566027,0.68785643,0.23354635,0.01918793,0.28758132,0.07502062,0.08318281,0.30030553,3.04371925,0.99882455,4.04254381,12
1647364,sub-000001647364,High-symptom,M,18.0,NOTTINGHAM,0.19464849,gaba,3,3,3,mid_data_mani_gaba.mat,sst_data_mani_gaba.mat,0.73148622,0.23643668,0.520353,0.52241413,0.51118541,0.70432367,0.32474954,-0.08489982,0.42306424,0.07626225,0.07576342,0.38127655,3.22619911,1.19621618,4.42241529,12
1647364,sub-000001647364,High-symptom,M,18.0,NOTTINGHAM,0.19464849,gaba,4,4,4,mid_data_mani_gaba.mat,sst_data_mani_gaba.mat,0.50103023,0.19009994,0.32458024,0.62164356,0.61417797,0.72356273,0.33657068,-0.04921256,0.39314802,-0.04244855,0.0948752,0.41378525,2.97509467,1.14671805,4.12181272,12
1647364,sub-000001647364,High-symptom,M,18.0,NOTTINGHAM,0.19464849,gaba,5,5,5,mid_data_mani_gaba.mat,sst_data_mani_gaba.mat,0.59069234,0.29569866,0.50070803,0.63717888,0.48161707,0.46279189,0.33890565,0.00461565,0.45458834,0.14126791,0.11418396,0.42964964,2.96868686,1.48321116,4.45189802,12
2695459,sub-000002695459,High-symptom,F,18.0,DUBLIN,0.14770876,ampa,1,1,1,mid_data_mani_IMAGEN.mat,sst_data_mani_IMAGEN.mat,0.01903801,-0.05653319,0.23737409,0.1691582,0.0620274,0.05542062,-0.21080028,0.17441027,0.32556586,0.09869547,0.16301004,0.40273499,0.48648513,0.95361636,1.44010149,12
2695459,sub-000002695459,High-symptom,F,18.0,DUBLIN,0.14770876,ampa,2,2,2,mid_data_mani_IMAGEN.mat,sst_data_mani_IMAGEN.mat,0.04336858,0.16108944,0.09359434,0.12540167,0.26535467,0.31383155,-0.33725535,0.18865985,0.15646891,0.1563649,0.22685031,0.24915276,1.00264025,0.64024137,1.64288161,12
2695459,sub-000002695459,High-symptom,F,18.0,DUBLIN,0.14770876,ampa,3,3,3,mid_data_mani_IMAGEN.mat,sst_data_mani_IMAGEN.mat,0.2914246,-0.29165659,0.21770887,0.05595074,0.24623061,-0.16385328,-0.45593612,0.16505783,0.42978372,-0.09921938,0.25091152,0.2378146,0.35580496,0.52841218,0.88421714,12
2695459,sub-000002695459,High-symptom,F,18.0,DUBLIN,0.14770876,ampa,4,4,4,mid_data_mani_IMAGEN.mat,sst_data_mani_IMAGEN.mat,0.05325231,0.09419179,-0.05607176,-0.28202514,0.07004062,0.01943048,-0.47472797,0.31619823,0.35725157,-0.18207859,0.18980044,0.36311304,-0.10118171,0.56955672,0.46837501,12
2695459,sub-000002695459,High-symptom,F,18.0,DUBLIN,0.14770876,ampa,5,5,5,mid_data_mani_IMAGEN.mat,sst_data_mani_IMAGEN.mat,0.02792846,0.10625768,-0.22446448,0.19711095,0.05980119,0.05159397,-0.60381515,0.09889673,0.34178965,0.47874588,0.18197461,0.19040518,0.21822777,0.68799691,0.90622469,12
2695459,sub-000002695459,High-symptom,F,18.0,DUBLIN,0.14770876,baseline,1,1,1,mid_data_simulated_IMAGEN.mat,sst_data_simulated_IMAGEN.mat,0.41559388,-0.22262245,0.57862923,-0.1868362,0.02099013,0.15672072,-0.1404327,0.48035938,-0.02530199,0.19506432,0.0080043,-0.10257125,0.76247532,0.41512205,1.17759738,12
2695459,sub-000002695459,High-symptom,F,18.0,DUBLIN,0.14770876,baseline,2,2,2,mid_data_simulated_IMAGEN.mat,sst_data_simulated_IMAGEN.mat,0.52238941,0.13030083,0.61104646,-0.2491914,0.25519763,0.2077842,-0.41424895,0.55678285,-0.25135192,-0.28268295,0.10727385,-0.34718298,1.47752714,-0.6314101,0.84611703,12
2695459,sub-000002695459,High-symptom,F,18.0,DUBLIN,0.14770876,baseline,3,3,3,mid_data_simulated_IMAGEN.mat,sst_data_simulated_IMAGEN.mat,0.04047584,0.04250739,0.07499411,-0.20649306,0.02550826,0.0424735,-0.31184299,0.38080202,0.37911828,0.11847355,0.12770126,0.3021647,0.01946604,0.99641682,1.01588287,12
2695459,sub-000002695459,High-symptom,F,18.0,DUBLIN,0.14770876,baseline,4,4,4,mid_data_simulated_IMAGEN.mat,sst_data_simulated_IMAGEN.mat,0.19693969,0.06110125,0.44122215,-0.23048365,0.06953767,0.1429304,-0.22196507,0.57816066,-0.05629522,0.02517838,-0.0534022,-0.18058233,0.68124751,0.09109422,0.77234173,12
2695459,sub-000002695459,High-symptom,F,18.0,DUBLIN,0.14770876,baseline,5,5,5,mid_data_simulated_IMAGEN.mat,sst_data_simulated_IMAGEN.mat,0.53741568,0.1598432,0.52030175,-0.13303619,0.15989637,0.1546613,-0.29124368,0.26336546,0.1530122,0.00582993,-0.11683874,0.33257739,1.39908211,0.34670256,1.74578466,12
2695459,sub-000002695459,High-symptom,F,18.0,DUBLIN,0.14770876,gaba,1,1,1,mid_data_mani_gaba.mat,sst_data_mani_gaba.mat,0.13536592,0.50793592,0.01572526,-0.11781828,0.25767448,0.41092404,-0.38042503,0.54622496,0.4221518,0.45986513,-0.02795424,0.3959121,1.20980734,1.41577471,2.62558205,12
2695459,sub-000002695459,High-symptom,F,18.0,DUBLIN,0.14770876,gaba,2,2,2,mid_data_mani_gaba.mat,sst_data_mani_gaba.mat,0.49347698,0.55875311,0.37589442,-0.08873961,0.18020279,0.39832656,-0.2806566,0.50956269,0.38099118,0.37743685,-0.14318866,0.40961629,1.91791424,1.25376175,3.17167599,12
2695459,sub-000002695459,High-symptom,F,18.0,DUBLIN,0.14770876,gaba,3,3,3,mid_data_mani_gaba.mat,sst_data_mani_gaba.mat,0.36111928,0.5142995,0.28665418,-0.06539029,0.3035557,0.32831852,-0.44316883,0.48934391,0.35007015,0.49328805,-0.00187097,0.36812344,1.72855689,1.25578575,2.98434264,12
2695459,sub-000002695459,High-symptom,F,18.0,DUBLIN,0.14770876,gaba,4,4,4,mid_data_mani_gaba.mat,sst_data_mani_gaba.mat,0.10520446,0.40205544,0.01420576,-0.13032734,0.11855093,0.49310402,-0.42280374,0.39451544,0.49595034,0.69321849,0.02859071,0.43666772,1.00279327,1.62613896,2.62893223,12
2695459,sub-000002695459,High-symptom,F,18.0,DUBLIN,0.14770876,gaba,5,5,5,mid_data_mani_gaba.mat,sst_data_mani_gaba.mat,0.44955835,0.43074351,0.37311583,-0.13395149,0.27779917,0.45649785,-0.52097758,0.46272657,0.37395296,0.57506771,-0.01982916,0.37647867,1.85376322,1.24741918,3.10118239,12
4794212,sub-000004794212,High-symptom,F,18.0,NOTTINGHAM,0.17785409,ampa,1,1,1,mid_data_mani_IMAGEN.mat,sst_data_mani_IMAGEN.mat,0.32784583,-0.13300137,-0.2467606,0.18797504,0.13012474,0.08295068,-0.05278734,-0.19252534,-0.11937265,0.25579662,-0.30903836,-0.24437804,0.34913433,-0.66230511,-0.31317078,12
4794212,sub-000004794212,High-symptom,F,18.0,NOTTINGHAM,0.17785409,ampa,2,2,2,mid_data_mani_IMAGEN.mat,sst_data_mani_IMAGEN.mat,0.09963582,-0.05679331,0.05258164,0.09988857,0.27432404,0.33562432,0.16824124,-0.01117048,-0.07097136,-0.10058272,-0.2932494,-0.04153228,0.80526109,-0.34926499,0.4559961,12
4794212,sub-000004794212,High-symptom,F,18.0,NOTTINGHAM,0.17785409,ampa,3,3,3,mid_data_mani_IMAGEN.mat,sst_data_mani_IMAGEN.mat,-0.00248494,0.13072162,-0.07950238,-0.02010838,0.06084937,0.02672706,-0.09313049,0.01687648,0.30672323,0.00658771,-0.31842649,0.3632745,0.11620235,0.28190494,0.3981073,12
4794212,sub-000004794212,High-symptom,F,18.0,NOTTINGHAM,0.17785409,ampa,4,4,4,mid_data_mani_IMAGEN.mat,sst_data_mani_IMAGEN.mat,0.00936713,-0.37916152,-0.1140904,0.06942224,-0.30515085,-0.09123577,-0.08217686,0.03912241,0.20262919,-0.07032687,-0.36314145,-0.22845154,-0.81084916,-0.50234512,-1.31319427,12
4794212,sub-000004794212,High-symptom,F,18.0,NOTTINGHAM,0.17785409,ampa,5,5,5,mid_data_mani_IMAGEN.mat,sst_data_mani_IMAGEN.mat,-0.03660508,0.36475099,0.11886081,-0.12921229,-0.01956177,-0.19054377,0.12300873,-0.18446601,0.06892929,0.07393972,-0.29352118,0.04852866,0.10768889,-0.16358079,-0.0558919,12
4794212,sub-000004794212,High-symptom,F,18.0,NOTTINGHAM,0.17785409,baseline,1,1,1,mid_data_simulated_IMAGEN.mat,sst_data_simulated_IMAGEN.mat,0.43141043,0.3277939,-0.32663035,-0.04351775,0.23791683,0.37114096,-0.06807317,0.29992458,-0.1635086,-0.34112884,0.00174717,-0.15529812,0.99811403,-0.42633697,0.57177705,12
4794212,sub-000004794212,High-symptom,F,18.0,NOTTINGHAM,0.17785409,baseline,2,2,2,mid_data_simulated_IMAGEN.mat,sst_data_simulated_IMAGEN.mat,0.30503813,-0.111564,0.16451021,-0.03843991,0.11832367,0.41518906,-0.33571934,0.39429178,-0.09543506,0.04054734,0.04592995,-0.19309576,0.85305716,-0.14348108,0.70957608,12
4794212,sub-000004794212,High-symptom,F,18.0,NOTTINGHAM,0.17785409,baseline,3,3,3,mid_data_simulated_IMAGEN.mat,sst_data_simulated_IMAGEN.mat,0.43333452,0.10828413,-0.08312545,0.13212682,0.13181257,0.31887606,-0.18947801,0.38552257,0.18577453,-0.06795197,0.06915393,-0.00651614,1.04130864,0.37650491,1.41781355,12
4794212,sub-000004794212,High-symptom,F,18.0,NOTTINGHAM,0.17785409,baseline,4,4,4,mid_data_simulated_IMAGEN.mat,sst_data_simulated_IMAGEN.mat,0.0751351,-0.05598298,-0.05281151,-0.02012957,0.06158489,-0.08940811,-0.34300371,0.06907424,0.0537893,-0.54556744,0.05369273,-0.17681756,-0.08161219,-0.88883244,-0.97044463,12
4794212,sub-000004794212,High-symptom,F,18.0,NOTTINGHAM,0.17785409,baseline,5,5,5,mid_data_simulated_IMAGEN.mat,sst_data_simulated_IMAGEN.mat,0.36636519,-0.00719275,0.06105536,0.11211399,0.23227827,0.11510981,-0.37503075,0.25521528,0.01326871,-0.43971488,0.10708422,0.14721372,0.87972986,-0.2919637,0.58776616,12
4794212,sub-000004794212,High-symptom,F,18.0,NOTTINGHAM,0.17785409,gaba,1,1,1,mid_data_mani_gaba.mat,sst_data_mani_gaba.mat,0.78437257,0.37061579,0.6110141,0.22931303,0.16804183,1.2308201,-0.12386319,0.36509016,0.51092933,0.65026016,-0.02942864,0.32911097,3.3941774,1.7020988,5.0962762,12
4794212,sub-000004794212,High-symptom,F,18.0,NOTTINGHAM,0.17785409,gaba,2,2,2,mid_data_mani_gaba.mat,sst_data_mani_gaba.mat,0.77662937,0.40036002,0.60139185,0.14044983,0.17441063,1.20727652,-0.01162795,0.4215944,0.54789905,0.51725642,0.06266574,0.31993164,3.30051823,1.85771931,5.15823753,12
4794212,sub-000004794212,High-symptom,F,18.0,NOTTINGHAM,0.17785409,gaba,3,3,3,mid_data_mani_gaba.mat,sst_data_mani_gaba.mat,0.88284358,0.33325864,0.63713487,0.26541088,0.19054535,1.32796373,-0.05868112,0.38755645,0.52113608,0.44713657,-0.18671557,0.34577564,3.63715705,1.45620805,5.0933651,12
4794212,sub-000004794212,High-symptom,F,18.0,NOTTINGHAM,0.17785409,gaba,4,4,4,mid_data_mani_gaba.mat,sst_data_mani_gaba.mat,0.82258309,0.28960831,0.69843044,0.19286384,0.16771905,1.30510976,-0.0619622,0.40642574,0.47172951,0.50975551,-0.01934026,0.24032854,3.47631448,1.54693685,5.02325133,12
4794212,sub-000004794212,High-symptom,F,18.0,NOTTINGHAM,0.17785409,gaba,5,5,5,mid_data_mani_gaba.mat,sst_data_mani_gaba.mat,0.60870561,0.24400901,0.43304538,0.23167531,0.13733028,0.80335881,-0.15078139,0.42891609,0.50683777,0.50376556,-0.07276568,0.28191986,2.4581244,1.4978922,3.9560166,12
5182386,sub-000005182386,High-symptom,F,20.0,BERLIN,0.2200421,ampa,1,1,1,mid_data_mani_IMAGEN.mat,sst_data_mani_IMAGEN.mat,-0.05527956,0.06701665,-0.09440906,-0.04702238,0.23501555,0.23871756,-0.00034503,0.1695372,0.12006543,-0.22802151,0.08050183,0.1957333,0.34403877,0.33747122,0.68150999,12
5182386,sub-000005182386,High-symptom,F,20.0,BERLIN,0.2200421,ampa,2,2,2,mid_data_mani_IMAGEN.mat,sst_data_mani_IMAGEN.mat,0.04492811,0.16638388,-0.00272044,0.04743127,-0.0458162,0.35442206,0.04433668,0.08478407,0.39057143,0.14598407,0.24679314,0.09929611,0.56462869,1.01176549,1.57639418,12
5182386,sub-000005182386,High-symptom,F,20.0,BERLIN,0.2200421,ampa,3,3,3,mid_data_mani_IMAGEN.mat,sst_data_mani_IMAGEN.mat,0.12348707,-0.28024038,-0.06457676,-0.02572001,0.10209276,0.23826187,-0.20996038,0.16474094,0.2341907,0.2656906,0.11284383,0.43594306,0.09330455,1.00344874,1.09675329,12
5182386,sub-000005182386,High-symptom,F,20.0,BERLIN,0.2200421,ampa,4,4,4,mid_data_mani_IMAGEN.mat,sst_data_mani_IMAGEN.mat,-0.0092628,-0.10454725,-0.20653613,0.06378201,0.24061484,-0.05090067,-0.16599385,0.03090655,0.18211001,0.13867026,0.10209824,0.35042188,-0.06684999,0.63821309,0.5713631,12
5182386,sub-000005182386,High-symptom,F,20.0,BERLIN,0.2200421,ampa,5,5,5,mid_data_mani_IMAGEN.mat,sst_data_mani_IMAGEN.mat,-0.00218609,0.03044712,-0.249827,-0.05954574,0.16629993,0.14536667,0.01754998,0.27743756,0.00475155,0.13194654,0.16690211,0.15428099,0.03055489,0.75286872,0.78342361,12
5182386,sub-000005182386,High-symptom,F,20.0,BERLIN,0.2200421,baseline,1,1,1,mid_data_simulated_IMAGEN.mat,sst_data_simulated_IMAGEN.mat,0.23279144,0.09465683,0.108269,0.26956866,0.39660572,0.08059941,-0.39856336,0.40634392,0.27590567,-0.29733539,0.02470832,-0.16478481,1.18249106,-0.15372565,1.0287654,12
5182386,sub-000005182386,High-symptom,F,20.0,BERLIN,0.2200421,baseline,2,2,2,mid_data_simulated_IMAGEN.mat,sst_data_simulated_IMAGEN.mat,0.36317628,0.00297358,0.43461164,0.28754926,-0.31358257,-0.17805994,-0.43661489,0.28338639,0.22862673,0.08870665,0.04416416,0.04785863,0.59666824,0.25612767,0.8527959,12
5182386,sub-000005182386,High-symptom,F,20.0,BERLIN,0.2200421,baseline,3,3,3,mid_data_simulated_IMAGEN.mat,sst_data_simulated_IMAGEN.mat,-0.27357576,-0.21862818,-0.31149895,0.03110529,-0.29520958,-0.18777458,-0.04564289,0.10606128,-0.1351604,0.09359434,0.04773002,0.06238103,-1.25558177,0.12896338,-1.12661839,12
5182386,sub-000005182386,High-symptom,F,20.0,BERLIN,0.2200421,baseline,4,4,4,mid_data_simulated_IMAGEN.mat,sst_data_simulated_IMAGEN.mat,0.32990073,0.18481356,0.22982679,0.25273637,0.2258089,-0.15104869,-0.61798762,-0.00300602,0.1513562,-0.335965,0.14155996,0.10997162,1.07203767,-0.55407085,0.51796682,12
5182386,sub-000005182386,High-symptom,F,20.0,BERLIN,0.2200421,baseline,5,5,5,mid_data_simulated_IMAGEN.mat,sst_data_simulated_IMAGEN.mat,-0.03297595,-0.01537575,-0.0917566,0.06529844,0.16381267,-0.19102138,-0.12343292,0.3048074,0.17139514,0.29643379,0.11379059,-0.03946233,-0.10201857,0.72353167,0.6215131,12
5182386,sub-000005182386,High-symptom,F,20.0,BERLIN,0.2200421,gaba,1,1,1,mid_data_mani_gaba.mat,sst_data_mani_gaba.mat,1.15009714,0.05364301,1.02771124,0.29637456,0.54130057,0.72057566,0.0128098,0.5268094,0.29040668,0.6381992,0.26652014,0.07182519,3.78970218,1.80657041,5.59627259,12
5182386,sub-000005182386,High-symptom,F,20.0,BERLIN,0.2200421,gaba,2,2,2,mid_data_mani_gaba.mat,sst_data_mani_gaba.mat,1.10193433,0.12674459,1.0117926,0.38828003,0.3987088,0.77243761,0.13986502,0.55709127,0.21580987,0.7308593,0.32000136,0.10017114,3.79989797,2.06379796,5.86369593,12
5182386,sub-000005182386,High-symptom,F,20.0,BERLIN,0.2200421,gaba,3,3,3,mid_data_mani_gaba.mat,sst_data_mani_gaba.mat,1.09183075,0.12683618,0.99516487,0.28653507,0.39053387,0.88129595,0.13387296,0.72313175,0.4069437,0.5541455,0.17351037,0.26625891,3.7721967,2.25786319,6.03005989,12
5182386,sub-000005182386,High-symptom,F,20.0,BERLIN,0.2200421,gaba,4,4,4,mid_data_mani_gaba.mat,sst_data_mani_gaba.mat,1.08017141,0.14940824,0.96709457,0.34350502,0.37533195,0.75654637,-0.01039379,0.65822184,0.3397743,0.69254494,0.32165233,0.11637577,3.67205755,2.11817539,5.79023293,12
5182386,sub-000005182386,High-symptom,F,20.0,BERLIN,0.2200421,gaba,5,5,5,mid_data_mani_gaba.mat,sst_data_mani_gaba.mat,1.1664757,0.12410664,0.99615947,0.25058628,0.43526205,0.70816651,0.00433547,0.56656462,0.3045849,0.71003482,0.21449678,0.1313125,3.68075665,1.93132908,5.61208574,12
5901115,sub-000005901115,High-symptom,F,18.0,HAMBURG,0.07411286,ampa,1,1,1,mid_data_mani_IMAGEN.mat,sst_data_mani_IMAGEN.mat,-0.0720745,0.03953373,-0.01572374,-0.06355718,0.18094075,-0.0013094,-0.25048645,0.24374647,-0.00513964,-0.02467763,0.5668109,0.04844006,0.06780965,0.57869371,0.64650336,12
5901115,sub-000005901115,High-symptom,F,18.0,HAMBURG,0.07411286,ampa,2,2,2,mid_data_mani_IMAGEN.mat,sst_data_mani_IMAGEN.mat,0.0244103,-0.07981779,0.38786077,-0.32374194,0.06153689,0.19490316,-0.25569939,0.42637586,-0.01514934,0.15219398,0.54472521,-0.0366828,0.26515139,0.81576352,1.08091491,12
5901115,sub-000005901115,High-symptom,F,18.0,HAMBURG,0.07411286,ampa,3,3,3,mid_data_mani_IMAGEN.mat,sst_data_mani_IMAGEN.mat,0.21096348,0.02878048,0.04831571,0.05016607,0.1496301,-0.18098786,-0.21084865,0.16421583,0.09149759,0.15728498,0.6750707,0.2358011,0.30686797,1.11302155,1.41988952,12
5901115,sub-000005901115,High-symptom,F,18.0,HAMBURG,0.07411286,ampa,4,4,4,mid_data_mani_IMAGEN.mat,sst_data_mani_IMAGEN.mat,0.18522893,0.06791453,-0.01638503,0.17926921,0.08178738,0.22633958,-0.17470741,0.22722162,-0.00510821,0.25835243,0.66268735,-0.14881275,0.72415461,0.81963303,1.54378764,12
5901115,sub-000005901115,High-symptom,F,18.0,HAMBURG,0.07411286,ampa,5,5,5,mid_data_mani_IMAGEN.mat,sst_data_mani_IMAGEN.mat,0.20401507,0.24263458,-0.09793104,0.01082511,0.12317754,-0.0610325,-0.3501502,0.22596469,0.07469297,0.00418155,0.68436661,0.37477109,0.42168876,1.01382672,1.43551548,12
5901115,sub-000005901115,High-symptom,F,18.0,HAMBURG,0.07411286,baseline,1,1,1,mid_data_simulated_IMAGEN.mat,sst_data_simulated_IMAGEN.mat,-0.06720611,0.19085784,0.01601537,0.08403342,-0.17334271,-0.25749671,-0.20049403,-0.12300745,0.16679449,0.02487284,0.4159555,0.13758519,-0.20713891,0.42170654,0.21456764,12
5901115,sub-000005901115,High-symptom,F,18.0,HAMBURG,0.07411286,baseline,2,2,2,mid_data_simulated_IMAGEN.mat,sst_data_simulated_IMAGEN.mat,0.09442994,0.08920462,0.06844506,0.03947783,-0.19874219,-0.45064507,0.16351605,-0.15861924,0.58157937,-0.08167964,0.39350776,0.48727951,-0.35782981,1.38558381,1.027754,12
5901115,sub-000005901115,High-symptom,F,18.0,HAMBURG,0.07411286,baseline,3,3,3,mid_data_simulated_IMAGEN.mat,sst_data_simulated_IMAGEN.mat,0.28950066,-0.00712605,-0.0592375,0.22832308,-0.25044367,-0.38749642,0.13123924,-0.2219558,0.16634313,0.10540928,0.34834945,0.00884352,-0.18647991,0.53822883,0.35174892,12
5901115,sub-000005901115,High-symptom,F,18.0,HAMBURG,0.07411286,baseline,4,4,4,mid_data_simulated_IMAGEN.mat,sst_data_simulated_IMAGEN.mat,-0.01740754,-0.10828457,-0.02328249,0.47893352,0.20233336,-0.39703573,0.38210633,-0.02330572,0.05499366,-0.00868144,0.37659061,0.10808849,0.13525655,0.88979194,1.02504849,12
5901115,sub-000005901115,High-symptom,F,18.0,HAMBURG,0.07411286,baseline,5,5,5,mid_data_simulated_IMAGEN.mat,sst_data_simulated_IMAGEN.mat,0.10932886,0.07779482,0.00033882,0.10301766,0.19980806,-0.62218973,0.12043778,-0.45470135,0.2891521,-0.31734749,0.28320644,0.26851048,-0.13190152,0.18925796,0.05735643,12
5901115,sub-000005901115,High-symptom,F,18.0,HAMBURG,0.07411286,gaba,1,1,1,mid_data_mani_gaba.mat,sst_data_mani_gaba.mat,0.11249515,0.01627941,0.17174322,0.3543433,0.01883937,0.81941283,-0.27511651,0.87760127,0.46604682,-0.25963444,0.22734604,0.07558352,1.49311329,1.1118267,2.60493998,12
5901115,sub-000005901115,High-symptom,F,18.0,HAMBURG,0.07411286,gaba,2,2,2,mid_data_mani_gaba.mat,sst_data_mani_gaba.mat,0.16092198,0.07988529,0.18913095,0.31992329,0.04661049,0.77317016,-0.17376959,0.66009346,0.28671121,-0.14158463,0.22767277,-0.09237972,1.56964216,0.76674351,2.33638566,12
5901115,sub-000005901115,High-symptom,F,18.0,HAMBURG,0.07411286,gaba,3,3,3,mid_data_mani_gaba.mat,sst_data_mani_gaba.mat,0.08559881,0.12028202,0.1492597,0.39852258,-0.01451718,0.84957322,-0.14233926,0.76973419,0.34372395,-0.05537744,0.23331891,-0.03408375,1.58871916,1.1149766,2.70369575,12
5901115,sub-000005901115,High-symptom,F,18.0,HAMBURG,0.07411286,gaba,4,4,4,mid_data_mani_gaba.mat,sst_data_mani_gaba.mat,0.08629745,0.16583853,0.17519849,0.42758812,0.04343453,0.86483023,-0.19033937,0.62673073,0.23892954,-0.15523911,0.2164315,-0.13492793,1.76318734,0.60158534,2.36477268,12
5901115,sub-000005901115,High-symptom,F,18.0,HAMBURG,0.07411286,gaba,5,5,5,mid_data_mani_gaba.mat,sst_data_mani_gaba.mat,0.06732086,0.08599627,0.1816833,0.47402601,-0.01514854,0.89466487,-0.15202737,0.69369937,0.28951049,0.0357747,0.3210632,-0.05103975,1.68854277,1.13698064,2.82552341,12
5978534,sub-000005978534,HC,M,20.0,BERLIN,0.12486537,ampa,1,250405-0701,250405-0942,mid_data_mani_hc.mat,sst_data_mani_hc.mat,-0.09436123,-0.01854793,-0.01011035,-0.0863635,-0.13594445,0.03548871,0.06098974,0.70805633,0.61508416,-0.50817339,-0.4217658,0.45114864,-0.30983874,0.90533968,0.59550094,12
5978534,sub-000005978534,HC,M,20.0,BERLIN,0.12486537,ampa,2,250405-2224,250405-2306,mid_data_mani_hc.mat,sst_data_mani_hc.mat,-0.17605543,0.18013876,-0.2085463,0.21495,0.36616527,0.03241623,-0.54657949,0.34444602,0.36927562,0.60343748,-0.20026263,0.40876832,0.40906853,0.97908532,1.38815385,12
5978534,sub-000005978534,HC,M,20.0,BERLIN,0.12486537,ampa,3,250406-0612,250406-0950,mid_data_mani_hc.mat,sst_data_mani_hc.mat,0.05737272,-0.08070331,-0.04357408,0.0160174,-0.10189696,6.963e-05,-0.1890426,-1.09435969,-0.19096966,-0.51927655,-0.16223083,-0.02976407,-0.15271461,-2.1856434,-2.338358,12
5978534,sub-000005978534,HC,M,20.0,BERLIN,0.12486537,ampa,4,250406-1720,250406-1242,mid_data_mani_hc.mat,sst_data_mani_hc.mat,0.26612637,-0.12541795,0.33836551,-0.00194303,-0.08737597,0.14014434,-0.96305357,-0.02990852,-0.09278095,0.95437155,-0.26578221,-0.23521516,0.52989928,-0.63236886,-0.10246958,12
5978534,sub-000005978534,HC,M,20.0,BERLIN,0.12486537,baseline,1,250105-2136,250105-2136,mid_data_hc1_mdd1.mat,sst_data_hc1_mdd1.mat,0.05029199,-0.02969496,0.3139025,-0.35684273,-0.33961526,0.18529167,-0.07768946,-0.6873005,-0.26622486,0.38495699,0.4777873,-0.13136913,-0.17666678,-0.29983965,-0.47650643,12
5978534,sub-000005978534,HC,M,20.0,BERLIN,0.12486537,baseline,2,250106-0509,250106-1737,mid_data_hc1_mdd1.mat,sst_data_hc1_mdd1.mat,-0.27379481,-0.13420215,0.04676371,-0.29415075,-0.43227013,0.11551782,-0.89521889,-0.06556939,-0.15657397,-0.02647591,0.55171843,-0.00882302,-0.97213631,-0.60094275,-1.57307906,12
5978534,sub-000005978534,HC,M,20.0,BERLIN,0.12486537,baseline,3,250106-1750,250106-1750,mid_data_hc1_mdd1.mat,sst_data_hc1_mdd1.mat,0.03483368,0.24354155,-0.09694764,0.25634761,-0.18276084,-0.06278642,-0.54605556,-0.32669209,-0.16960964,0.27069814,0.83617683,-0.05121545,0.19222793,0.01330224,0.20553017,12
5978534,sub-000005978534,HC,M,20.0,BERLIN,0.12486537,baseline,4,250107-0115,250107-0115,mid_data_hc1_mdd1.mat,sst_data_hc1_mdd1.mat,0.16782103,-0.26975372,0.16147013,-0.39848529,-0.23907621,-0.08316562,-0.26735407,-0.28387397,0.00038185,-0.15876576,0.41522407,-0.18596574,-0.66118967,-0.48035362,-1.14154329,12
5978534,sub-000005978534,HC,M,20.0,BERLIN,0.12486537,baseline,5,250107-0834,250107-0834,mid_data_hc1_mdd1.mat,sst_data_hc1_mdd1.mat,0.14275346,-0.02298629,-0.1861841,-0.42791972,-0.33428117,-0.11629772,-0.64812769,-0.18694091,-0.22166533,-0.67779299,0.5081129,-0.09858705,-0.94491554,-1.32500107,-2.26991661,12
5978534,sub-000005978534,HC,M,20.0,BERLIN,0.12486537,gaba,1,1,1,mid_data_mani_gaba.mat,sst_data_mani_gaba.mat,0.26116667,-0.03579438,0.14137631,0.44392932,-0.17966571,0.37365454,-0.30048093,-0.77678957,-0.3331174,0.37290084,0.5930302,-0.2022239,1.00466675,-0.64668077,0.35798597,12
5978534,sub-000005978534,HC,M,20.0,BERLIN,0.12486537,gaba,2,2,2,mid_data_mani_gaba.mat,sst_data_mani_gaba.mat,0.27772249,-0.06089345,0.09851325,0.57878004,-0.24663153,0.42169435,-0.3434217,0.09939475,-0.23792676,0.84480881,0.39677026,-0.07627634,1.06918515,0.68334901,1.75253415,12
5978534,sub-000005978534,HC,M,20.0,BERLIN,0.12486537,gaba,3,3,3,mid_data_mani_gaba.mat,sst_data_mani_gaba.mat,0.22707964,-0.00345506,0.085787,0.30417941,0.0393448,0.0466729,-0.2658757,0.02255477,-0.19541546,0.43833377,0.36673479,-0.08274895,0.69960868,0.28358321,0.9831919,12
5978534,sub-000005978534,HC,M,20.0,BERLIN,0.12486537,gaba,4,4,4,mid_data_mani_gaba.mat,sst_data_mani_gaba.mat,0.20925612,0.10820253,0.12479296,0.32245277,-0.07836372,0.16609296,-0.40148154,-0.27726638,-0.01251936,0.66588071,0.60396928,0.14701788,0.85243362,0.72560059,1.5780342,12
5978534,sub-000005978534,HC,M,20.0,BERLIN,0.12486537,gaba,5,5,5,mid_data_mani_gaba.mat,sst_data_mani_gaba.mat,0.26316237,-0.01467997,0.07807539,0.43211203,-0.10253347,0.32894056,-0.58084824,-0.14052944,-0.39986736,0.33809736,0.44671735,-0.24324843,0.98507692,-0.57967877,0.40539815,12
7478069,sub-000007478069,High-symptom,M,20.0,PARIS,0.16477496,ampa,1,1,1,mid_data_mani_IMAGEN.mat,sst_data_mani_IMAGEN.mat,-0.17435949,0.12924975,-0.12401139,0.19855226,0.12076154,-0.0851173,-0.25704459,0.21402637,-0.19733542,0.02985257,-0.15410805,-0.17201231,0.06507536,-0.53662143,-0.47154606,12
7478069,sub-000007478069,High-symptom,M,20.0,PARIS,0.16477496,ampa,2,2,2,mid_data_mani_IMAGEN.mat,sst_data_mani_IMAGEN.mat,0.23030557,-0.44056173,0.0468869,0.07109732,0.10986404,-0.24610988,0.13540338,0.25527093,-0.11859158,-0.26763298,-0.17919688,0.01398787,-0.22851779,-0.16075926,-0.38927704,12
7478069,sub-000007478069,High-symptom,M,20.0,PARIS,0.16477496,ampa,3,3,3,mid_data_mani_IMAGEN.mat,sst_data_mani_IMAGEN.mat,0.13399658,0.12912685,-0.06749216,-0.02957668,0.25790132,-0.15836595,-0.04865775,0.1455637,0.06327587,0.2630729,-0.22581487,0.07137799,0.26558995,0.26881784,0.5344078,12
7478069,sub-000007478069,High-symptom,M,20.0,PARIS,0.16477496,ampa,4,4,4,mid_data_mani_IMAGEN.mat,sst_data_mani_IMAGEN.mat,0.08339162,-0.09943812,-0.1672609,0.28155627,0.12161207,-0.30929534,0.00889102,0.42296552,0.26474764,-0.05611756,-0.19853089,0.11376254,-0.08943439,0.55571828,0.46628389,12
7478069,sub-000007478069,High-symptom,M,20.0,PARIS,0.16477496,ampa,5,5,5,mid_data_mani_IMAGEN.mat,sst_data_mani_IMAGEN.mat,-0.03472803,0.10261364,0.23954481,0.20780381,0.03804278,-0.05768867,-0.06433121,0.36694143,0.25250173,0.32212979,-0.23560127,0.10867581,0.49558835,0.75031627,1.24590463,12
7478069,sub-000007478069,High-symptom,M,20.0,PARIS,0.16477496,baseline,1,1,1,mid_data_simulated_IMAGEN.mat,sst_data_simulated_IMAGEN.mat,-0.47584345,-0.25195799,-0.08679912,0.37390409,-0.56960171,-0.82446276,0.22243804,-0.3454014,0.2666142,-0.38081182,-0.15173427,0.1244087,-1.83476094,-0.26448655,-2.09924749,12
7478069,sub-000007478069,High-symptom,M,20.0,PARIS,0.16477496,baseline,2,2,2,mid_data_simulated_IMAGEN.mat,sst_data_simulated_IMAGEN.mat,-0.22839846,-0.00750035,0.16759702,0.27893542,-0.4734413,-0.17217343,0.56805441,0.09531155,0.03936931,-0.03195162,-0.24256273,0.21035812,-0.4349811,0.63857903,0.20359793,12
7478069,sub-000007478069,High-symptom,M,20.0,PARIS,0.16477496,baseline,3,3,3,mid_data_simulated_IMAGEN.mat,sst_data_simulated_IMAGEN.mat,-0.10655901,-0.10645644,0.11630474,0.2156999,-0.13929936,-0.18394989,0.25612135,-0.19021479,0.22325697,-0.21259633,-0.06805291,0.2727724,-0.20426006,0.28128669,0.07702663,12
7478069,sub-000007478069,High-symptom,M,20.0,PARIS,0.16477496,baseline,4,4,4,mid_data_simulated_IMAGEN.mat,sst_data_simulated_IMAGEN.mat,-0.00988605,-0.01196734,0.06149713,-0.0984741,-0.09339486,-0.22257441,0.27739699,-0.10048323,0.17112389,0.16382961,-0.10511954,0.01820922,-0.37479963,0.42495694,0.05015731,12
7478069,sub-000007478069,High-symptom,M,20.0,PARIS,0.16477496,baseline,5,5,5,mid_data_simulated_IMAGEN.mat,sst_data_simulated_IMAGEN.mat,0.01688549,0.26502575,0.11148241,-0.01898113,-0.28538018,-0.42811851,0.45508743,0.28431947,-0.11461796,0.26798745,-0.30531692,-0.05717711,-0.33908618,0.53028236,0.19119618,12
7478069,sub-000007478069,High-symptom,M,20.0,PARIS,0.16477496,gaba,1,1,1,mid_data_mani_gaba.mat,sst_data_mani_gaba.mat,0.31440573,0.20947255,0.24352086,-0.04903076,-0.0100692,0.41869096,0.0251859,0.46372812,0.02162927,-0.0227434,-0.13666676,0.03200676,1.12699014,0.3831399,1.51013003,12
7478069,sub-000007478069,High-symptom,M,20.0,PARIS,0.16477496,gaba,2,2,2,mid_data_mani_gaba.mat,sst_data_mani_gaba.mat,0.24454017,0.22615503,0.17556023,-0.04401625,-0.06775062,0.56470725,0.21940216,0.43207711,-0.00268381,0.06499588,-0.14835447,0.01315904,1.09919581,0.57859592,1.67779173,12
7478069,sub-000007478069,High-symptom,M,20.0,PARIS,0.16477496,gaba,3,3,3,mid_data_mani_gaba.mat,sst_data_mani_gaba.mat,0.19894935,0.27652915,0.18464034,-0.09885607,-0.02584766,0.20085522,0.02215328,0.36849799,-0.08256041,0.10880918,-0.15980332,-0.01873696,0.73627034,0.23835977,0.9746301,12
7478069,sub-000007478069,High-symptom,M,20.0,PARIS,0.16477496,gaba,4,4,4,mid_data_mani_gaba.mat,sst_data_mani_gaba.mat,0.2532521,0.2339251,0.28559264,-0.09103868,-0.07261716,0.26001336,0.09533048,0.40610225,-0.044626,0.07350712,-0.09647132,0.03896741,0.86912734,0.47280993,1.34193727,12
7478069,sub-000007478069,High-symptom,M,20.0,PARIS,0.16477496,gaba,5,5,5,mid_data_mani_gaba.mat,sst_data_mani_gaba.mat,0.23738696,0.12026849,0.27873917,-0.03819723,-0.20872639,0.35636794,0.21557658,0.4220709,0.1709621,0.24130469,-0.12280545,0.09782268,0.74583895,1.0249315,1.77077045,12
10121092,sub-000010121092,High-symptom,F,18.0,BERLIN,0.14112345,ampa,1,1,1,mid_data_mani_IMAGEN.mat,sst_data_mani_IMAGEN.mat,0.23276265,-0.2713407,-0.25078843,0.14845369,-0.08090613,0.14453153,0.2036672,0.49004389,0.07831135,0.58145848,0.24333517,0.30980829,-0.07728739,1.90662439,1.829337,12
10121092,sub-000010121092,High-symptom,F,18.0,BERLIN,0.14112345,ampa,2,2,2,mid_data_mani_IMAGEN.mat,sst_data_mani_IMAGEN.mat,-0.1669192,-0.11940412,0.02349998,0.08361029,0.00720929,-0.08903067,-0.02800476,0.3624846,0.35937422,0.24845801,0.22276785,0.43584181,-0.26103444,1.60092173,1.33988729,12
10121092,sub-000010121092,High-symptom,F,18.0,BERLIN,0.14112345,ampa,3,3,3,mid_data_mani_IMAGEN.mat,sst_data_mani_IMAGEN.mat,-0.10843194,-0.45580647,0.11229916,0.0051341,0.07059574,0.07608069,0.04612938,0.53005087,-0.11053465,0.21881635,0.23658857,0.09795733,-0.30012873,1.01900784,0.71887912,12
10121092,sub-000010121092,High-symptom,F,18.0,BERLIN,0.14112345,ampa,4,4,4,mid_data_mani_IMAGEN.mat,sst_data_mani_IMAGEN.mat,-0.13542614,-0.02135498,0.00021948,-0.01024887,-0.08534694,0.03957545,0.27431856,0.43953762,0.19141516,-0.06577881,0.26034028,0.27674398,-0.21258199,1.37657679,1.1639948,12
10121092,sub-000010121092,High-symptom,F,18.0,BERLIN,0.14112345,ampa,5,5,5,mid_data_mani_IMAGEN.mat,sst_data_mani_IMAGEN.mat,-0.14404142,-0.0197401,-0.22102098,-0.15548714,0.00339834,-0.1721218,0.51543055,0.72219933,0.39808046,0.28283709,0.25022903,0.59392672,-0.70901309,2.76270319,2.0536901,12
10121092,sub-000010121092,High-symptom,F,18.0,BERLIN,0.14112345,baseline,1,1,1,mid_data_simulated_IMAGEN.mat,sst_data_simulated_IMAGEN.mat,0.05560336,-0.03612735,0.11670876,0.06966466,-0.11623593,-0.65245372,-0.16599265,0.00455265,0.14059173,0.03558139,0.26715186,-0.04150688,-0.56284022,0.2403781,-0.32246212,12
10121092,sub-000010121092,High-symptom,F,18.0,BERLIN,0.14112345,baseline,2,2,2,mid_data_simulated_IMAGEN.mat,sst_data_simulated_IMAGEN.mat,-0.06422792,0.12453853,0.22714473,0.45053655,-0.23114243,-0.54454131,0.13413552,-0.14387978,0.38669739,0.08612571,0.46164179,0.20374865,-0.03769184,1.12846927,1.09077743,12
10121092,sub-000010121092,High-symptom,F,18.0,BERLIN,0.14112345,baseline,3,3,3,mid_data_simulated_IMAGEN.mat,sst_data_simulated_IMAGEN.mat,0.03908199,-0.35409858,-0.00469358,-0.06334589,0.01569811,-0.40284158,0.02017853,0.08462244,0.18272588,0.07782026,0.28968071,0.0940021,-0.77019952,0.74902992,-0.0211696,12
10121092,sub-000010121092,High-symptom,F,18.0,BERLIN,0.14112345,baseline,4,4,4,mid_data_simulated_IMAGEN.mat,sst_data_simulated_IMAGEN.mat,0.06692668,-0.11659739,-0.06409884,0.41731359,-0.06585338,-0.50194075,0.19388186,-0.23179892,0.00503928,0.36293817,0.38707794,-0.2139684,-0.26425009,0.50316992,0.23891984,12
10121092,sub-000010121092,High-symptom,F,18.0,BERLIN,0.14112345,baseline,5,5,5,mid_data_simulated_IMAGEN.mat,sst_data_simulated_IMAGEN.mat,0.25160302,-0.11310862,0.21001341,-0.00475051,-0.15359445,-0.24683353,-0.21240607,-0.00734292,0.05645401,0.0644708,0.3140068,0.04457843,-0.05667068,0.25976104,0.20309036,12
10121092,sub-000010121092,High-symptom,F,18.0,BERLIN,0.14112345,gaba,1,1,1,mid_data_mani_gaba.mat,sst_data_mani_gaba.mat,0.80110371,0.09202256,0.63580509,0.14953453,0.22660015,-0.00214021,-0.07675111,-0.01258991,-0.23101953,-0.59140714,0.08108486,-0.26298457,1.90292583,-1.09366739,0.80925844,12
10121092,sub-000010121092,High-symptom,F,18.0,BERLIN,0.14112345,gaba,2,2,2,mid_data_mani_gaba.mat,sst_data_mani_gaba.mat,0.6745589,0.06924903,0.57213974,0.14689289,0.19136898,0.02022999,-0.034782,0.07763137,-0.22387206,-0.7901295,0.10028789,-0.15410487,1.67443953,-1.02496917,0.64947036,12
10121092,sub-000010121092,High-symptom,F,18.0,BERLIN,0.14112345,gaba,3,3,3,mid_data_mani_gaba.mat,sst_data_mani_gaba.mat,0.77053642,-0.01231489,0.47482237,0.03269006,0.18649202,0.16042824,-0.11222055,0.02457428,-0.3277142,-0.72831252,0.06688112,-0.35429313,1.61265422,-1.431085,0.18156922,12
10121092,sub-000010121092,High-symptom,F,18.0,BERLIN,0.14112345,gaba,4,4,4,mid_data_mani_gaba.mat,sst_data_mani_gaba.mat,0.67241128,0.05984787,0.52222599,0.19622982,0.21301917,0.24387699,-0.07162236,0.09321537,-0.2140578,-0.66240573,0.07737076,-0.2857948,1.90761112,-1.06329457,0.84431655,12
10121092,sub-000010121092,High-symptom,F,18.0,BERLIN,0.14112345,gaba,5,5,5,mid_data_mani_gaba.mat,sst_data_mani_gaba.mat,0.7430553,0.05784574,0.59488315,0.1371837,0.14036988,-0.05840424,-0.02891902,0.01911765,-0.17255004,-0.68018692,0.05986256,-0.2432316,1.61493353,-1.04590736,0.56902618,12
11922061,sub-000011922061,High-symptom,F,18.0,LONDON,0.15178222,ampa,1,1,1,mid_data_mani_IMAGEN.mat,sst_data_mani_IMAGEN.mat,-0.07229989,0.10871228,0.2173338,-0.15968909,-0.06832724,0.08480576,-0.34677667,0.33478737,-0.11891836,-0.19369435,0.43686925,-0.36539334,0.11053562,-0.25312611,-0.14259048,12
11922061,sub-000011922061,High-symptom,F,18.0,LONDON,0.15178222,ampa,2,2,2,mid_data_mani_IMAGEN.mat,sst_data_mani_IMAGEN.mat,0.17224274,0.2539022,0.18661948,0.01500123,-0.09195751,0.00324141,0.10368789,0.37639483,-0.26597418,0.3462146,0.5561121,-0.10196489,0.53904956,1.01447035,1.5535199,12
11922061,sub-000011922061,High-symptom,F,18.0,LONDON,0.15178222,ampa,3,3,3,mid_data_mani_IMAGEN.mat,sst_data_mani_IMAGEN.mat,0.08213367,-0.11229252,-0.29103175,-0.0154278,0.17483074,0.03695968,-0.32586228,-0.11846415,-0.14211455,0.17126505,0.47446933,-0.16052502,-0.12482799,-0.10123161,-0.22605961,12
11922061,sub-000011922061,High-symptom,F,18.0,LONDON,0.15178222,ampa,4,4,4,mid_data_mani_IMAGEN.mat,sst_data_mani_IMAGEN.mat,-0.01406384,-0.20166611,0.11003091,0.20259514,0.17011102,-0.37387258,0.09225317,-0.0361508,0.27707507,0.04251319,0.5087859,0.05211213,-0.10686546,0.93658865,0.82972319,12
11922061,sub-000011922061,High-symptom,F,18.0,LONDON,0.15178222,ampa,5,5,5,mid_data_mani_IMAGEN.mat,sst_data_mani_IMAGEN.mat,-0.3237419,-0.08891825,-0.10861118,0.00904693,0.40199109,-0.18452861,-0.02282073,0.15786017,0.33443692,0.17391176,0.51465456,0.11825676,-0.29476191,1.27629945,0.98153753,12
11922061,sub-000011922061,High-symptom,F,18.0,LONDON,0.15178222,baseline,1,1,1,mid_data_simulated_IMAGEN.mat,sst_data_simulated_IMAGEN.mat,0.6337556,0.26891362,0.20187875,0.01434375,0.03288131,0.01735331,-0.57807055,0.18412173,-0.06067659,0.36847333,0.52089094,-0.06349375,1.16912633,0.37124512,1.54037145,12
11922061,sub-000011922061,High-symptom,F,18.0,LONDON,0.15178222,baseline,2,2,2,mid_data_simulated_IMAGEN.mat,sst_data_simulated_IMAGEN.mat,0.01069057,0.06517822,-0.14389167,-0.05894919,0.14472043,0.27930223,-0.04096422,0.01431208,0.0279336,0.25744197,0.55803246,0.24048827,0.29705057,1.05724416,1.35429474,12
11922061,sub-000011922061,High-symptom,F,18.0,LONDON,0.15178222,baseline,3,3,3,mid_data_simulated_IMAGEN.mat,sst_data_simulated_IMAGEN.mat,0.7023702,-0.1036876,0.32794346,-0.07898014,0.42430816,0.20675323,-0.49372153,0.68857312,-0.02769719,-0.01803205,0.34262623,-0.02835446,1.47870731,0.46339412,1.94210143,12
11922061,sub-000011922061,High-symptom,F,18.0,LONDON,0.15178222,baseline,4,4,4,mid_data_simulated_IMAGEN.mat,sst_data_simulated_IMAGEN.mat,0.37229054,-0.11787218,0.38756281,0.1364309,0.00914938,0.49472215,-0.19721883,0.13205781,-0.18973099,-0.53261836,0.58977655,-0.09960215,1.2822836,-0.29733598,0.98494762,12
11922061,sub-000011922061,High-symptom,F,18.0,LONDON,0.15178222,baseline,5,5,5,mid_data_simulated_IMAGEN.mat,sst_data_simulated_IMAGEN.mat,0.34278087,0.40766848,0.16297939,0.08058571,0.39370127,0.16795698,-0.62829287,0.33272245,0.06054133,0.05048611,0.53021288,-0.10916148,1.5556727,0.23650843,1.79218113,12
11922061,sub-000011922061,High-symptom,F,18.0,LONDON,0.15178222,gaba,1,1,1,mid_data_mani_gaba.mat,sst_data_mani_gaba.mat,0.55029766,-0.15471553,0.4045945,0.21933791,0.00579068,0.62568289,-0.85008301,0.76710926,0.4195517,0.4668928,0.42394843,0.35848946,1.65098811,1.58590864,3.23689675,12
11922061,sub-000011922061,High-symptom,F,18.0,LONDON,0.15178222,gaba,2,2,2,mid_data_mani_gaba.mat,sst_data_mani_gaba.mat,0.46506338,-0.30372879,0.36191018,0.00409441,-0.17763663,0.91950078,-0.82354033,0.84411015,0.56239757,0.55682005,0.41841387,0.47148646,1.26920332,2.02968776,3.29889108,12
11922061,sub-000011922061,High-symptom,F,18.0,LONDON,0.15178222,gaba,3,3,3,mid_data_mani_gaba.mat,sst_data_mani_gaba.mat,0.61355516,-0.29914065,0.46029199,0.17272538,-0.10613648,0.78692365,-0.69167703,1.02719417,0.55300186,0.47894682,0.38927556,0.41304163,1.62821903,2.16978301,3.79800205,12
11922061,sub-000011922061,High-symptom,F,18.0,LONDON,0.15178222,gaba,4,4,4,mid_data_mani_gaba.mat,sst_data_mani_gaba.mat,0.53172391,-0.11369891,0.46269054,0.10309072,-0.07759699,0.80520461,-0.68905623,0.98969845,0.35801088,0.11959558,0.33846838,0.32780462,1.71141388,1.44452166,3.15593555,12
11922061,sub-000011922061,High-symptom,F,18.0,LONDON,0.15178222,gaba,5,5,5,mid_data_mani_gaba.mat,sst_data_mani_gaba.mat,0.54859609,-0.10076594,0.43339415,0.03051158,-0.20161797,0.81664505,-0.6937019,0.8790379,0.45615428,0.51333475,0.35625888,0.34266938,1.52676296,1.85375328,3.38051624,12
13471924,sub-000013471924,High-symptom,F,18.0,DUBLIN,0.1144609,ampa,1,1,1,mid_data_mani_IMAGEN.mat,sst_data_mani_IMAGEN.mat,0.43194563,-0.13069755,0.29553666,-0.21624097,-0.00850168,0.16996747,-0.15813752,0.34610541,0.01774311,0.08782226,0.09417297,-0.02457921,0.54200956,0.36312703,0.90513659,12
13471924,sub-000013471924,High-symptom,F,18.0,DUBLIN,0.1144609,ampa,2,2,2,mid_data_mani_IMAGEN.mat,sst_data_mani_IMAGEN.mat,0.0501054,0.09484728,0.30128838,0.07582218,0.09644823,-0.04710811,-0.08643386,0.04639379,0.2964663,0.22653412,0.10844823,0.14284794,0.57140337,0.73425652,1.30565989,12
13471924,sub-000013471924,High-symptom,F,18.0,DUBLIN,0.1144609,ampa,3,3,3,mid_data_mani_IMAGEN.mat,sst_data_mani_IMAGEN.mat,0.05538398,-0.19377162,-0.14014664,-0.02205539,0.52371648,-0.11689504,-0.17532817,0.15181177,0.3424419,-0.01835353,0.10858763,0.26453885,0.10623177,0.67369846,0.77993024,12
13471924,sub-000013471924,High-symptom,F,18.0,DUBLIN,0.1144609,ampa,4,4,4,mid_data_mani_IMAGEN.mat,sst_data_mani_IMAGEN.mat,0.37129101,-0.40285025,0.04448158,-0.25403217,0.03711836,0.04400309,-0.20772735,-0.076552,0.03246448,0.03701247,0.12722239,-0.08823114,-0.15998837,-0.17581114,-0.33579952,12
13471924,sub-000013471924,High-symptom,F,18.0,DUBLIN,0.1144609,ampa,5,5,5,mid_data_mani_IMAGEN.mat,sst_data_mani_IMAGEN.mat,0.12568644,0.16717345,0.14648172,0.22001619,0.25742256,0.09466702,0.04446439,0.14564359,0.10052165,0.27857681,0.07843353,-0.09718231,1.01144739,0.55045766,1.56190505,12
13471924,sub-000013471924,High-symptom,F,18.0,DUBLIN,0.1144609,baseline,1,1,1,mid_data_simulated_IMAGEN.mat,sst_data_simulated_IMAGEN.mat,-0.15353948,0.06287289,-0.08229382,0.03880603,0.33893764,-0.48054801,0.02711799,0.30403483,-0.1171822,-0.07867418,0.13812476,-0.20518218,-0.27576475,0.06823901,-0.20752573,12
13471924,sub-000013471924,High-symptom,F,18.0,DUBLIN,0.1144609,baseline,2,2,2,mid_data_simulated_IMAGEN.mat,sst_data_simulated_IMAGEN.mat,0.00530751,0.08837882,0.22160247,-0.03804028,0.22533715,-0.55530444,0.10353048,0.20258773,-0.09530017,0.05958221,0.30661307,-0.12432582,-0.05271877,0.4526875,0.39996873,12
13471924,sub-000013471924,High-symptom,F,18.0,DUBLIN,0.1144609,baseline,3,3,3,mid_data_simulated_IMAGEN.mat,sst_data_simulated_IMAGEN.mat,0.13489975,0.07961126,0.01986188,-0.06739259,-0.04297378,-0.4831623,-0.10508317,0.03695097,0.04594406,0.24248215,0.24637581,-0.15138521,-0.35915577,0.31528462,-0.04387115,12
13471924,sub-000013471924,High-symptom,F,18.0,DUBLIN,0.1144609,baseline,4,4,4,mid_data_simulated_IMAGEN.mat,sst_data_simulated_IMAGEN.mat,0.17327299,0.26667352,-0.00046592,0.14123234,0.22112133,-0.52341188,-0.09213934,0.05377961,-0.07642293,-0.02734013,0.29489856,-0.2693374,0.27842239,-0.11656163,0.16186075,12
13471924,sub-000013471924,High-symptom,F,18.0,DUBLIN,0.1144609,baseline,5,5,5,mid_data_simulated_IMAGEN.mat,sst_data_simulated_IMAGEN.mat,0.14903527,-0.09260371,0.24145982,-0.17041682,-0.05852358,-0.65895759,0.02044535,-0.01894236,0.13911053,-0.23419918,0.21505409,0.14746231,-0.59000663,0.26893075,-0.32107588,12
13471924,sub-000013471924,High-symptom,F,18.0,DUBLIN,0.1144609,gaba,1,1,1,mid_data_mani_gaba.mat,sst_data_mani_gaba.mat,0.35324669,-0.03045363,0.22795123,0.08430249,0.20691421,0.50775671,-0.27443846,0.42685041,-0.05239541,-0.13325383,0.14544593,-0.1367135,1.3497177,-0.02450487,1.32521283,12
13471924,sub-000013471924,High-symptom,F,18.0,DUBLIN,0.1144609,gaba,2,2,2,mid_data_mani_gaba.mat,sst_data_mani_gaba.mat,0.1710273,-0.06882825,0.08502978,-0.05347309,0.16013044,0.38079716,-0.19803624,0.60767052,-0.1390555,-0.1012132,0.11209653,-0.13079468,0.67468333,0.15066742,0.82535075,12
13471924,sub-000013471924,High-symptom,F,18.0,DUBLIN,0.1144609,gaba,3,3,3,mid_data_mani_gaba.mat,sst_data_mani_gaba.mat,0.10332232,0.03816469,0.11334193,0.04515776,0.18016348,0.31735807,-0.12756745,0.52077169,0.0373223,-0.17811476,0.08740273,-0.10448293,0.79750825,0.23533159,1.03283984,12
13471924,sub-000013471924,High-symptom,F,18.0,DUBLIN,0.1144609,gaba,4,4,4,mid_data_mani_gaba.mat,sst_data_mani_gaba.mat,0.24411814,0.04631062,0.17175655,-0.01816891,0.23442966,0.28867762,-0.1180388,0.48801194,0.04010762,-0.03059974,0.08826962,-0.00540097,0.96712369,0.46234966,1.42947335,12
13471924,sub-000013471924,High-symptom,F,18.0,DUBLIN,0.1144609,gaba,5,5,5,mid_data_mani_gaba.mat,sst_data_mani_gaba.mat,0.21620821,0.03837233,0.1154545,0.07567561,0.18460295,0.30498789,-0.24457626,0.52837561,0.00161129,0.0605211,0.07089167,-0.11154326,0.93530149,0.30528015,1.24058164,12
14759699,sub-000014759699,High-symptom,F,18.0,HAMBURG,0.13247715,ampa,1,1,1,mid_data_mani_IMAGEN.mat,sst_data_mani_IMAGEN.mat,0.03784265,-0.33488688,0.01952283,0.13804153,0.09961195,-0.05355871,0.07115294,0.35548735,-0.18661572,-0.40349463,-0.2008392,-0.42734906,-0.09342663,-0.79165831,-0.88508494,12
14759699,sub-000014759699,High-symptom,F,18.0,HAMBURG,0.13247715,ampa,2,2,2,mid_data_mani_IMAGEN.mat,sst_data_mani_IMAGEN.mat,-0.23188592,0.22712394,-0.13530249,-0.20446499,-0.01703002,0.30960897,0.33205563,0.22317052,-0.15433004,-0.05801112,-0.14855268,-0.09682723,-0.05195051,0.09750507,0.04555456,12
14759699,sub-000014759699,High-symptom,F,18.0,HAMBURG,0.13247715,ampa,3,3,3,mid_data_mani_IMAGEN.mat,sst_data_mani_IMAGEN.mat,-0.01449935,-0.12229271,0.04481026,0.21868219,0.06804118,-0.22355623,5.767e-05,0.25041906,-0.10892778,-0.08557773,-0.16187356,-0.14866012,-0.02881465,-0.25456246,-0.28337711,12
14759699,sub-000014759699,High-symptom,F,18.0,HAMBURG,0.13247715,ampa,4,4,4,mid_data_mani_IMAGEN.mat,sst_data_mani_IMAGEN.mat,-0.01662219,0.13896146,0.06160803,-0.06757278,-0.00640543,0.03164161,0.20597914,0.17466789,0.04412397,0.00698363,-0.19181785,0.06219549,0.14161071,0.30213226,0.44374297,12
14759699,sub-000014759699,High-symptom,F,18.0,HAMBURG,0.13247715,ampa,5,5,5,mid_data_mani_IMAGEN.mat,sst_data_mani_IMAGEN.mat,0.27057999,0.26895944,0.19236783,-0.08313738,0.16793012,-0.06940672,0.35245464,0.27119697,-0.26980496,-0.22203714,-0.18377067,-0.16993055,0.74729328,-0.22189171,0.52540157,12
14759699,sub-000014759699,High-symptom,F,18.0,HAMBURG,0.13247715,baseline,1,1,1,mid_data_simulated_IMAGEN.mat,sst_data_simulated_IMAGEN.mat,0.06401947,-0.01493245,0.28618727,-0.00297196,0.17189148,0.50773561,0.2847931,0.30612436,0.12359591,-0.10220236,-0.17772825,0.26865405,1.01192942,0.7032368,1.71516623,12
14759699,sub-000014759699,High-symptom,F,18.0,HAMBURG,0.13247715,baseline,2,2,2,mid_data_simulated_IMAGEN.mat,sst_data_simulated_IMAGEN.mat,0.04560266,0.13584806,0.05153151,0.08437701,0.4853158,0.3486967,0.16762253,0.42719405,-0.10213493,-0.628003,-0.21116758,-0.05368188,1.15137174,-0.40017081,0.75120093,12
14759699,sub-000014759699,High-symptom,F,18.0,HAMBURG,0.13247715,baseline,3,3,3,mid_data_simulated_IMAGEN.mat,sst_data_simulated_IMAGEN.mat,0.19165273,-0.03814075,0.06582666,-0.15541981,0.31157399,0.28542885,-0.52387304,-0.01514176,0.47516787,-0.02705942,-0.06778963,0.60332194,0.66092167,0.44462595,1.10554762,12
14759699,sub-000014759699,High-symptom,F,18.0,HAMBURG,0.13247715,baseline,4,4,4,mid_data_simulated_IMAGEN.mat,sst_data_simulated_IMAGEN.mat,0.31461523,0.12828851,0.21040406,0.19268475,-0.00199204,0.35099134,-0.18106343,-0.13673795,0.38852287,-0.2467878,-0.11707832,0.09300777,1.19499184,-0.20013686,0.99485498,12
14759699,sub-000014759699,High-symptom,F,18.0,HAMBURG,0.13247715,baseline,5,5,5,mid_data_simulated_IMAGEN.mat,sst_data_simulated_IMAGEN.mat,-0.10265209,0.0002887,0.00209537,0.14897319,0.15578968,0.58311984,-0.25295003,-0.03122637,0.24830535,-0.51157915,-0.10541547,0.04506382,0.78761469,-0.60780184,0.17981285,12
14759699,sub-000014759699,High-symptom,F,18.0,HAMBURG,0.13247715,gaba,1,1,1,mid_data_mani_gaba.mat,sst_data_mani_gaba.mat,0.34940128,0.37159825,0.29133035,-0.10445843,-0.05856552,0.90988545,0.41948179,0.66125358,0.13425818,0.07393224,-0.08336751,0.09948198,1.75919138,1.30504026,3.06423164,12
14759699,sub-000014759699,High-symptom,F,18.0,HAMBURG,0.13247715,gaba,2,2,2,mid_data_mani_gaba.mat,sst_data_mani_gaba.mat,0.32281402,0.37972727,0.32411087,-0.10508495,-0.14315344,0.91473056,0.20814818,0.71261064,0.20960391,0.13472412,-0.05733809,0.15098627,1.69314434,1.35873502,3.05187937,12
14759699,sub-000014759699,High-symptom,F,18.0,HAMBURG,0.13247715,gaba,3,3,3,mid_data_mani_gaba.mat,sst_data_mani_gaba.mat,0.25890023,0.31795271,0.26677913,-0.05834839,-0.12067703,0.78177823,0.24020914,0.68988637,0.2337711,0.37090223,-0.02019027,0.14834769,1.44638489,1.66292626,3.10931115,12
14759699,sub-000014759699,High-symptom,F,18.0,HAMBURG,0.13247715,gaba,4,4,4,mid_data_mani_gaba.mat,sst_data_mani_gaba.mat,0.28300842,0.41551142,0.34257192,-0.13142137,-0.13098293,0.9062546,0.24698964,0.60650059,0.21756484,0.5123839,-0.02125973,0.13668867,1.68494207,1.6988679,3.38380997,12
14759699,sub-000014759699,High-symptom,F,18.0,HAMBURG,0.13247715,gaba,5,5,5,mid_data_mani_gaba.mat,sst_data_mani_gaba.mat,0.24867014,0.2984201,0.2451864,-0.1112116,-0.07383991,0.8050775,0.25646999,0.68203204,0.13224589,0.04356594,-0.10813597,0.13745658,1.41230263,1.14363448,2.55593711,12
14893890,sub-000014893890,High-symptom,F,18.0,BERLIN,0.09248319,ampa,1,1,1,mid_data_mani_IMAGEN.mat,sst_data_mani_IMAGEN.mat,-0.0424911,0.26489625,-0.16441284,0.27240066,0.25249391,0.00767466,-0.00100418,0.19582478,0.25057453,0.24724869,0.01863882,0.25635477,0.59056154,0.96763741,1.55819895,12
14893890,sub-000014893890,High-symptom,F,18.0,BERLIN,0.09248319,ampa,2,2,2,mid_data_mani_IMAGEN.mat,sst_data_mani_IMAGEN.mat,0.07756547,-0.10960666,0.00313001,0.21685037,0.23971858,0.17704751,0.57609567,0.53536883,0.05250795,0.02289622,0.00275937,0.1236143,0.60470528,1.31324234,1.91794762,12
14893890,sub-000014893890,High-symptom,F,18.0,BERLIN,0.09248319,ampa,3,3,3,mid_data_mani_IMAGEN.mat,sst_data_mani_IMAGEN.mat,0.14424635,0.09444034,-0.27810323,-0.0257681,-0.22950463,-0.19498439,0.33315217,-0.12623068,0.42175316,-0.19158758,-0.00415917,0.42569781,-0.48967367,0.85862573,0.36895206,12
14893890,sub-000014893890,High-symptom,F,18.0,BERLIN,0.09248319,ampa,4,4,4,mid_data_mani_IMAGEN.mat,sst_data_mani_IMAGEN.mat,-0.11127818,-0.19823286,-0.28010504,-0.10420966,-0.15468439,-0.06879033,0.27512388,0.16763429,0.50859389,0.21051216,0.06324001,0.28308742,-0.91730045,1.50819166,0.59089121,12
14893890,sub-000014893890,High-symptom,F,18.0,BERLIN,0.09248319,ampa,5,5,5,mid_data_mani_IMAGEN.mat,sst_data_mani_IMAGEN.mat,0.35008326,-0.2214122,-0.21444879,0.27489461,0.1392679,0.13375034,0.15790421,-0.03340097,0.07397392,0.18359907,0.08572104,0.08168145,0.46213513,0.54947872,1.01161385,12
14893890,sub-000014893890,High-symptom,F,18.0,BERLIN,0.09248319,baseline,1,1,1,mid_data_simulated_IMAGEN.mat,sst_data_simulated_IMAGEN.mat,-0.30642372,0.05804697,-0.11485295,-0.19740478,-0.37288731,-0.14201837,-0.26715646,0.17683162,-0.19328099,0.02729126,-0.25703258,-0.51822026,-1.07554015,-1.03156741,-2.10710756,12
14893890,sub-000014893890,High-symptom,F,18.0,BERLIN,0.09248319,baseline,2,2,2,mid_data_simulated_IMAGEN.mat,sst_data_simulated_IMAGEN.mat,0.16261951,0.05980068,0.13916303,0.06894066,-0.22561144,-0.40625633,0.42160231,0.37761206,-0.45667777,0.14657619,-0.12917643,-0.40999457,-0.20134387,-0.0500582,-0.25140207,12
14893890,sub-000014893890,High-symptom,F,18.0,BERLIN,0.09248319,baseline,3,3,3,mid_data_simulated_IMAGEN.mat,sst_data_simulated_IMAGEN.mat,0.06474164,0.05522192,0.03301712,-0.04851086,-0.51202675,-0.36545334,-0.60147772,0.23540378,-0.17788481,0.66331824,-0.15372612,-0.20255633,-0.77301027,-0.23692298,-1.00993325,12
14893890,sub-000014893890,High-symptom,F,18.0,BERLIN,0.09248319,baseline,4,4,4,mid_data_simulated_IMAGEN.mat,sst_data_simulated_IMAGEN.mat,-0.24778656,-0.20953214,0.07386169,-0.06503517,-0.14740939,-0.34576373,-0.35054947,-0.07078023,-0.28429423,-0.08815055,-0.18504084,-0.23253043,-0.9416653,-1.21134574,-2.15301103,12
14893890,sub-000014893890,High-symptom,F,18.0,BERLIN,0.09248319,baseline,5,5,5,mid_data_simulated_IMAGEN.mat,sst_data_simulated_IMAGEN.mat,0.12214023,0.01053185,0.21875782,0.02905942,-0.09723388,-0.42071517,-0.29810244,0.2968281,-0.34175251,-0.34875435,-0.10784336,-0.26207788,-0.13745972,-1.06170245,-1.19916217,12
14893890,sub-000014893890,High-symptom,F,18.0,BERLIN,0.09248319,gaba,1,1,1,mid_data_mani_gaba.mat,sst_data_mani_gaba.mat,0.32277929,-0.24540912,-0.12901558,0.13234458,-0.22523452,0.36096234,0.14738921,0.92253751,0.16284333,0.39020787,-0.18685143,0.30063898,0.21642698,1.73676547,1.95319245,12
14893890,sub-000014893890,High-symptom,F,18.0,BERLIN,0.09248319,gaba,2,2,2,mid_data_mani_gaba.mat,sst_data_mani_gaba.mat,0.37418425,-0.30852785,-0.02956706,0.17212798,-0.21277019,0.54637212,0.1473114,0.81619323,0.23207375,0.56475933,-0.04791197,0.30908438,0.54181924,2.02151012,2.56332936,12
14893890,sub-000014893890,High-symptom,F,18.0,BERLIN,0.09248319,gaba,3,3,3,mid_data_mani_gaba.mat,sst_data_mani_gaba.mat,0.33846879,-0.34809092,0.02066204,0.17097916,-0.26629201,0.58799712,0.18445154,0.91815339,0.19377837,0.63963164,-0.01795461,0.32234581,0.50372419,2.24040614,2.74413033,12
14893890,sub-000014893890,High-symptom,F,18.0,BERLIN,0.09248319,gaba,4,4,4,mid_data_mani_gaba.mat,sst_data_mani_gaba.mat,0.44519869,-0.12970754,0.03997593,0.21000855,-0.15640529,0.28647593,0.11929621,0.93504101,0.28652799,0.53984216,-0.14332704,0.39650103,0.69554626,2.13388136,2.82942762,12
14893890,sub-000014893890,High-symptom,F,18.0,BERLIN,0.09248319,gaba,5,5,5,mid_data_mani_gaba.mat,sst_data_mani_gaba.mat,0.29439651,-0.17575519,-0.0126778,0.10360844,-0.24524091,0.58753428,0.11747542,0.76287463,0.15807996,0.60785862,-0.14844181,0.17865954,0.55186532,1.67650637,2.22837169,12
15059321,sub-000015059321,High-symptom,F,18.0,LONDON,0.26651476,ampa,1,1,1,mid_data_mani_IMAGEN.mat,sst_data_mani_IMAGEN.mat,0.01027561,0.03251075,0.06749192,0.08082486,-0.07074843,-0.01430285,-0.26402076,-0.28941404,0.12739237,-0.3545431,0.1760564,0.06324612,0.10605186,-0.54128302,-0.43523116,12
15059321,sub-000015059321,High-symptom,F,18.0,LONDON,0.26651476,ampa,2,2,2,mid_data_mani_IMAGEN.mat,sst_data_mani_IMAGEN.mat,0.01575758,0.07191555,0.24428133,-0.14669464,-0.09319181,0.07977024,0.52084774,-0.37758935,0.11905213,-0.26934455,0.27139903,-0.01161574,0.17183824,0.25274927,0.42458752,12
15059321,sub-000015059321,High-symptom,F,18.0,LONDON,0.26651476,ampa,3,3,3,mid_data_mani_IMAGEN.mat,sst_data_mani_IMAGEN.mat,0.09890577,-0.0596223,0.1915734,0.07757071,0.06461001,0.055192,0.27756442,0.12963857,0.13602869,-0.26952026,0.12845048,0.07830304,0.42822959,0.48046495,0.90869454,12
15059321,sub-000015059321,High-symptom,F,18.0,LONDON,0.26651476,ampa,4,4,4,mid_data_mani_IMAGEN.mat,sst_data_mani_IMAGEN.mat,-0.00484528,0.05111615,0.31084989,0.27091487,-0.05086851,-0.06132862,0.04860932,0.02116657,0.06266301,0.25952296,0.0365599,0.15530375,0.51583849,0.58382552,1.09966401,12
15059321,sub-000015059321,High-symptom,F,18.0,LONDON,0.26651476,ampa,5,5,5,mid_data_mani_IMAGEN.mat,sst_data_mani_IMAGEN.mat,-0.01205409,-0.02756493,-0.09392866,-0.09626017,-0.23776779,-0.05428336,0.11648322,0.2717221,-0.36965649,-0.04467213,0.07490958,-0.31632916,-0.521859,-0.26754287,-0.78940188,12
15059321,sub-000015059321,High-symptom,F,18.0,LONDON,0.26651476,baseline,1,1,1,mid_data_simulated_IMAGEN.mat,sst_data_simulated_IMAGEN.mat,0.70212723,-0.05339136,0.51732291,0.095086,0.50881441,0.12439951,0.20658747,0.17124121,0.03713255,-0.3670544,-0.03346934,0.10154322,1.89435871,0.11598072,2.01033943,12
15059321,sub-000015059321,High-symptom,F,18.0,LONDON,0.26651476,baseline,2,2,2,mid_data_simulated_IMAGEN.mat,sst_data_simulated_IMAGEN.mat,0.20145758,-0.11150375,0.204476,0.14567194,0.2245848,-0.13696704,-0.10226652,0.26167252,-0.05800737,-0.06599086,-0.03219083,-0.09218301,0.52771953,-0.08896608,0.43875345,12
15059321,sub-000015059321,High-symptom,F,18.0,LONDON,0.26651476,baseline,3,3,3,mid_data_simulated_IMAGEN.mat,sst_data_simulated_IMAGEN.mat,0.37098292,0.08566272,0.35598729,-0.16238037,0.05542778,-0.02613475,0.35706502,0.24625664,0.50380089,-0.23206851,0.03765022,0.42686669,0.67954559,1.33957094,2.01911652,12
15059321,sub-000015059321,High-symptom,F,18.0,LONDON,0.26651476,baseline,4,4,4,mid_data_simulated_IMAGEN.mat,sst_data_simulated_IMAGEN.mat,0.19328164,0.05528856,0.13317193,-0.07537618,0.23602676,-0.28927669,0.0350637,0.47522012,0.18078082,-0.2707523,0.06659645,0.22588613,0.25311603,0.71279492,0.96591095,12
15059321,sub-000015059321,High-symptom,F,18.0,LONDON,0.26651476,baseline,5,5,5,mid_data_simulated_IMAGEN.mat,sst_data_simulated_IMAGEN.mat,0.54187769,0.14956112,0.10647061,-0.19386881,0.16418375,0.37023957,0.05000531,-0.00238691,-0.07427818,-0.10940209,-0.0571559,-0.01062441,1.13846393,-0.20384218,0.93462175,12
15059321,sub-000015059321,High-symptom,F,18.0,LONDON,0.26651476,gaba,1,1,1,mid_data_mani_gaba.mat,sst_data_mani_gaba.mat,0.40110184,0.07811869,0.40849571,0.72100625,0.2070993,0.17555576,-0.13606609,-0.48889652,0.34459741,0.12935915,0.03816813,0.23397957,1.99137756,0.12114164,2.1125192,12
15059321,sub-000015059321,High-symptom,F,18.0,LONDON,0.26651476,gaba,2,2,2,mid_data_mani_gaba.mat,sst_data_mani_gaba.mat,0.62820082,-0.02412297,0.62979433,0.8412857,0.25273753,0.49424095,-0.25689191,-0.62863909,0.32331965,0.07177668,-0.00546505,0.13169703,2.82213636,-0.36420269,2.45793367,12
15059321,sub-000015059321,High-symptom,F,18.0,LONDON,0.26651476,gaba,3,3,3,mid_data_mani_gaba.mat,sst_data_mani_gaba.mat,0.5565979,0.01451665,0.58518303,0.86239156,0.27319067,0.14696996,-0.33496706,-0.32286622,0.33493133,0.21319087,-0.05615575,0.16370553,2.43884977,-0.0021613,2.43668847,12
15059321,sub-000015059321,High-symptom,F,18.0,LONDON,0.26651476,gaba,4,4,4,mid_data_mani_gaba.mat,sst_data_mani_gaba.mat,0.3665157,0.0602129,0.42030992,0.61090996,0.23361735,0.11043943,-0.22623498,-0.3316782,0.23945235,0.14103939,-0.10280865,0.10846231,1.80200525,-0.17176778,1.63023747,12
15059321,sub-000015059321,High-symptom,F,18.0,LONDON,0.26651476,gaba,5,5,5,mid_data_mani_gaba.mat,sst_data_mani_gaba.mat,0.55604018,0.01058443,0.58417092,0.77525567,0.24276628,0.17664651,-0.35409865,-0.34633048,0.214967,0.07818727,-0.05516494,0.07113126,2.34546399,-0.39130854,1.95415545,12
16190159,sub-000016190159,High-symptom,F,18.0,NOTTINGHAM,0.09933741,ampa,1,1,1,mid_data_mani_IMAGEN.mat,sst_data_mani_IMAGEN.mat,0.08366956,0.16035859,0.00115777,0.11940898,0.23356807,-0.27130987,-0.71712604,0.18516675,0.15618881,0.16561616,-0.05408225,0.21221849,0.3268531,-0.05201808,0.27483502,12
16190159,sub-000016190159,High-symptom,F,18.0,NOTTINGHAM,0.09933741,ampa,2,2,2,mid_data_mani_IMAGEN.mat,sst_data_mani_IMAGEN.mat,0.05510903,-0.19811162,-0.07853195,0.06350664,0.10462642,0.16144265,-0.80865267,0.22698894,-0.11440933,-0.07838367,-0.03397508,-0.16989457,0.10804117,-0.97832639,-0.87028521,12
16190159,sub-000016190159,High-symptom,F,18.0,NOTTINGHAM,0.09933741,ampa,3,3,3,mid_data_mani_IMAGEN.mat,sst_data_mani_IMAGEN.mat,0.05842987,-0.30464159,-0.00320077,-0.19826877,0.20274389,-0.03246397,-0.42387055,-0.02568369,0.0460045,0.06690858,-0.02668479,0.01770692,-0.27740133,-0.34561903,-0.62302036,12
16190159,sub-000016190159,High-symptom,F,18.0,NOTTINGHAM,0.09933741,ampa,4,4,4,mid_data_mani_IMAGEN.mat,sst_data_mani_IMAGEN.mat,-0.12019857,-0.02112038,0.16108945,0.23873434,0.07301253,-0.32345013,-0.42208611,0.38371179,0.17073117,0.04186836,-0.08016687,0.06854185,0.00806723,0.16260019,0.17066742,12
16190159,sub-000016190159,High-symptom,F,18.0,NOTTINGHAM,0.09933741,ampa,5,5,5,mid_data_mani_IMAGEN.mat,sst_data_mani_IMAGEN.mat,0.06174064,-0.0480412,0.05213487,0.01476033,0.06166015,0.00712301,-0.82822552,0.2610154,-0.18733321,0.12503132,-0.14122062,-0.12392791,0.14937779,-0.89466055,-0.74528276,12
16190159,sub-000016190159,High-symptom,F,18.0,NOTTINGHAM,0.09933741,baseline,1,1,1,mid_data_simulated_IMAGEN.mat,sst_data_simulated_IMAGEN.mat,-0.17166418,-0.00134181,0.1927079,0.02906826,-0.31370245,-0.44869736,-0.03931081,0.02832733,-0.08477199,-0.13104828,0.09711722,-0.06356095,-0.71362964,-0.19324747,-0.90687712,12
16190159,sub-000016190159,High-symptom,F,18.0,NOTTINGHAM,0.09933741,baseline,2,2,2,mid_data_simulated_IMAGEN.mat,sst_data_simulated_IMAGEN.mat,0.30787094,-0.14390034,0.22059615,-0.03536762,0.09210756,0.00159867,-0.12907439,-0.31082932,-0.16159837,0.15837213,0.0200108,0.12831402,0.44290536,-0.29480513,0.14810023,12
16190159,sub-000016190159,High-symptom,F,18.0,NOTTINGHAM,0.09933741,baseline,3,3,3,mid_data_simulated_IMAGEN.mat,sst_data_simulated_IMAGEN.mat,0.24178876,0.17076463,0.2784859,-0.21928225,-0.1168718,-0.19798849,-0.19914299,-0.39711387,0.23293127,0.07024981,0.11617071,0.28439382,0.15689674,0.10748875,0.26438549,12
16190159,sub-000016190159,High-symptom,F,18.0,NOTTINGHAM,0.09933741,baseline,4,4,4,mid_data_simulated_IMAGEN.mat,sst_data_simulated_IMAGEN.mat,0.23029225,-0.0144497,0.10768617,0.11825338,-0.08830647,-0.40277596,0.16399967,0.34012606,-0.11317928,0.08594738,-0.00573224,0.09058155,-0.04930032,0.56174314,0.51244282,12
16190159,sub-000016190159,High-symptom,F,18.0,NOTTINGHAM,0.09933741,baseline,5,5,5,mid_data_simulated_IMAGEN.mat,sst_data_simulated_IMAGEN.mat,-0.10892522,-0.00066618,-0.15850012,-0.21816227,-0.36588136,-0.18243171,-0.3235915,-0.06127746,-0.41781362,0.00851182,0.06835262,-0.18798982,-1.03456686,-0.91380795,-1.94837481,12
16190159,sub-000016190159,High-symptom,F,18.0,NOTTINGHAM,0.09933741,gaba,1,1,1,mid_data_mani_gaba.mat,sst_data_mani_gaba.mat,0.26081168,-0.22357639,0.10032505,-0.01683847,0.07008144,0.07655347,-0.35150638,0.18768857,-0.21561755,-0.35734743,-0.1293536,-0.1678193,0.26735679,-1.0339557,-0.76659892,12
16190159,sub-000016190159,High-symptom,F,18.0,NOTTINGHAM,0.09933741,gaba,2,2,2,mid_data_mani_gaba.mat,sst_data_mani_gaba.mat,0.19831869,-0.10984527,0.0106748,0.10870304,0.11380536,0.21029531,-0.24012333,0.22680584,-0.20330391,-0.38439025,-0.16090701,-0.15966052,0.53195194,-0.92157919,-0.38962726,12
16190159,sub-000016190159,High-symptom,F,18.0,NOTTINGHAM,0.09933741,gaba,3,3,3,mid_data_mani_gaba.mat,sst_data_mani_gaba.mat,0.18196201,-0.09891459,0.01730886,0.05299543,0.1622265,0.15868239,-0.21745747,0.21934445,-0.23410297,-0.4003343,-0.09744823,-0.18708064,0.4742606,-0.91707916,-0.44281856,12
16190159,sub-000016190159,High-symptom,F,18.0,NOTTINGHAM,0.09933741,gaba,4,4,4,mid_data_mani_gaba.mat,sst_data_mani_gaba.mat,0.15920301,-0.24370047,-0.0115098,-0.06654939,0.13454341,0.07051285,-0.32392948,0.2783797,-0.15635385,-0.41658411,-0.12693315,-0.08108027,0.04249961,-0.82650117,-0.78400156,12
16190159,sub-000016190159,High-symptom,F,18.0,NOTTINGHAM,0.09933741,gaba,5,5,5,mid_data_mani_gaba.mat,sst_data_mani_gaba.mat,0.29572154,-0.06505307,0.09981001,0.02704605,0.10210795,0.13754604,-0.29241779,0.25864753,-0.24771511,-0.33659457,-0.07419512,-0.22432565,0.59717852,-0.91660071,-0.31942219,12
16275727,sub-000016275727,High-symptom,M,19.0,PARIS,0.18973888,ampa,1,1,1,mid_data_mani_IMAGEN.mat,sst_data_mani_IMAGEN.mat,0.10589847,-0.08661563,-0.20469915,0.3397146,-0.03265578,-0.11461129,0.3432864,0.2729431,-0.02664614,-0.17834315,0.11442991,-0.06039618,0.00703121,0.46527395,0.47230516,12
16275727,sub-000016275727,High-symptom,M,19.0,PARIS,0.18973888,ampa,2,2,2,mid_data_mani_IMAGEN.mat,sst_data_mani_IMAGEN.mat,0.08820304,-0.00034229,0.13967138,-0.21570199,0.27431487,-0.11144943,0.0924946,0.48811619,-0.03443375,-0.10619155,0.1260479,-0.07254732,0.17469557,0.49348607,0.66818164,12
16275727,sub-000016275727,High-symptom,M,19.0,PARIS,0.18973888,ampa,3,3,3,mid_data_mani_IMAGEN.mat,sst_data_mani_IMAGEN.mat,-0.09421078,-0.15176595,-0.04338549,0.34771382,0.05392999,-0.3286416,0.19251716,0.26901839,-0.04819482,-0.24762138,0.08064169,-0.04748314,-0.21636002,0.1988779,-0.01748212,12
16275727,sub-000016275727,High-symptom,M,19.0,PARIS,0.18973888,ampa,4,4,4,mid_data_mani_IMAGEN.mat,sst_data_mani_IMAGEN.mat,0.13688147,0.26156773,-0.0389255,0.06653745,-0.08605154,0.14870105,-0.04872436,0.3072278,-0.18679132,-0.33308207,0.15139152,-0.15718321,0.48871065,-0.26716165,0.221549,12
16275727,sub-000016275727,High-symptom,M,19.0,PARIS,0.18973888,ampa,5,5,5,mid_data_mani_IMAGEN.mat,sst_data_mani_IMAGEN.mat,0.08065362,-0.06553419,-0.18478361,-0.13460094,0.02753441,-0.01911832,0.16382885,0.75966419,-0.01311046,-0.07392527,0.11856897,-0.02760983,-0.29584903,0.92741644,0.63156741,12
16275727,sub-000016275727,High-symptom,M,19.0,PARIS,0.18973888,baseline,1,1,1,mid_data_simulated_IMAGEN.mat,sst_data_simulated_IMAGEN.mat,-0.01522073,-0.00186748,-0.10052256,-0.01968131,-0.27229472,-0.2756909,0.09813815,-0.23153932,-0.36338617,-0.13426083,-0.21846085,-0.09298539,-0.6852777,-0.9424944,-1.6277721,12
16275727,sub-000016275727,High-symptom,M,19.0,PARIS,0.18973888,baseline,2,2,2,mid_data_simulated_IMAGEN.mat,sst_data_simulated_IMAGEN.mat,-0.05620756,-0.03321401,0.13276051,0.14217381,-0.3837012,0.56752877,0.20446156,-0.13717255,-0.20943844,-0.12999791,-0.31839985,-0.15175872,0.36934033,-0.7423059,-0.37296557,12
16275727,sub-000016275727,High-symptom,M,19.0,PARIS,0.18973888,baseline,3,3,3,mid_data_simulated_IMAGEN.mat,sst_data_simulated_IMAGEN.mat,0.12538303,-0.06629095,0.00154999,-0.13821012,-0.46813005,-0.3651581,0.14822522,-0.0793051,-0.26796411,-0.19490702,-0.13998167,-0.34562076,-0.9108562,-0.87955344,-1.79040964,12
16275727,sub-000016275727,High-symptom,M,19.0,PARIS,0.18973888,baseline,4,4,4,mid_data_simulated_IMAGEN.mat,sst_data_simulated_IMAGEN.mat,-0.0533532,-0.02185633,-0.1496386,0.11124119,-0.17347936,0.03730954,-0.04933312,-0.08647097,-0.00764577,-0.09040567,-0.08350519,-0.20605632,-0.24977677,-0.52341704,-0.77319381,12
16275727,sub-000016275727,High-symptom,M,19.0,PARIS,0.18973888,baseline,5,5,5,mid_data_simulated_IMAGEN.mat,sst_data_simulated_IMAGEN.mat,0.2097905,-0.01236991,0.13063022,-0.16269399,-0.27003186,-0.15585569,-0.10857395,-0.13834994,-0.05232239,0.06824817,-0.15089059,-0.18910559,-0.26053072,-0.57099429,-0.831525,12
16275727,sub-000016275727,High-symptom,M,19.0,PARIS,0.18973888,gaba,1,1,1,mid_data_mani_gaba.mat,sst_data_mani_gaba.mat,0.64207025,0.22206448,0.76236374,0.50033231,0.12849254,0.70872094,-0.11521239,-0.01940487,-0.02404305,0.43044542,-0.07698076,0.21626058,2.96404426,0.41106494,3.3751092,12
16275727,sub-000016275727,High-symptom,M,19.0,PARIS,0.18973888,gaba,2,2,2,mid_data_mani_gaba.mat,sst_data_mani_gaba.mat,0.55165906,0.34795259,0.68301489,0.48191985,0.15547478,0.72762197,-0.12681176,0.00074392,0.11685222,0.38711292,-0.00988229,0.38976045,2.94764314,0.75777545,3.70541859,12
16275727,sub-000016275727,High-symptom,M,19.0,PARIS,0.18973888,gaba,3,3,3,mid_data_mani_gaba.mat,sst_data_mani_gaba.mat,0.72573685,0.35351053,0.76586535,0.43231804,0.12417452,0.68369881,-0.12267185,-0.03705351,0.00219007,0.6228124,-0.02434484,0.25400889,3.08530409,0.69494115,3.78024525,12
16275727,sub-000016275727,High-symptom,M,19.0,PARIS,0.18973888,gaba,4,4,4,mid_data_mani_gaba.mat,sst_data_mani_gaba.mat,0.54321249,0.28765489,0.66094275,0.27359403,0.16152309,0.67017284,-0.09683592,0.05173196,0.00779207,0.40776483,-0.00463674,0.27023962,2.59710009,0.63605581,3.23315591,12
16275727,sub-000016275727,High-symptom,M,19.0,PARIS,0.18973888,gaba,5,5,5,mid_data_mani_gaba.mat,sst_data_mani_gaba.mat,0.63565459,0.27862789,0.70993096,0.39737609,0.19309734,0.80645147,-0.06675122,0.09511261,0.01982441,0.49300721,0.0022627,0.26893513,3.02113834,0.81239084,3.83352919,12
17213220,sub-000017213220,High-symptom,F,19.0,DRESDEN,0.08499057,ampa,1,1,1,mid_data_mani_IMAGEN.mat,sst_data_mani_IMAGEN.mat,-0.26523138,0.11907208,-0.07335478,-0.02381028,0.0426747,-0.17492549,-0.25626821,0.32747995,0.19794066,0.03680183,0.27543857,0.21105253,-0.37557515,0.79244533,0.41687018,12
17213220,sub-000017213220,High-symptom,F,19.0,DRESDEN,0.08499057,ampa,2,2,2,mid_data_mani_IMAGEN.mat,sst_data_mani_IMAGEN.mat,-0.00255143,0.29253257,-0.01590816,0.12454467,-0.13943266,-0.3539525,-0.28285163,0.163091,0.23936464,-0.00040275,0.32614065,0.29149249,-0.09476751,0.7368344,0.64206689,12
17213220,sub-000017213220,High-symptom,F,19.0,DRESDEN,0.08499057,ampa,3,3,3,mid_data_mani_IMAGEN.mat,sst_data_mani_IMAGEN.mat,0.19370766,-0.14541521,0.22432224,0.01634126,-0.08675421,0.19169055,-0.21326457,0.14547754,0.3954834,0.17251318,0.32798124,0.26085341,0.39389228,1.08904421,1.48293649,12
17213220,sub-000017213220,High-symptom,F,19.0,DRESDEN,0.08499057,ampa,4,4,4,mid_data_mani_IMAGEN.mat,sst_data_mani_IMAGEN.mat,-0.02054194,0.22387359,-0.02548432,0.12179178,0.10980935,0.15044904,-0.28903186,0.33892502,0.10536196,0.12154936,0.28627888,0.07072637,0.5598975,0.63380973,1.19370722,12
17213220,sub-000017213220,High-symptom,F,19.0,DRESDEN,0.08499057,ampa,5,5,5,mid_data_mani_IMAGEN.mat,sst_data_mani_IMAGEN.mat,-0.01052525,0.35087063,-0.01078371,-0.01505915,0.11558619,-0.1031031,-0.2831745,0.15775719,0.07665831,0.38056815,0.28777957,0.15629096,0.3269856,0.77587969,1.10286529,12
17213220,sub-000017213220,High-symptom,F,19.0,DRESDEN,0.08499057,baseline,1,1,1,mid_data_simulated_IMAGEN.mat,sst_data_simulated_IMAGEN.mat,-0.18686366,0.00232163,-0.0119817,0.10872692,0.20988923,-0.5004708,-0.25373086,0.05422704,0.23568253,0.09580931,0.22235318,0.02787448,-0.37837838,0.38221568,0.00383731,12
17213220,sub-000017213220,High-symptom,F,19.0,DRESDEN,0.08499057,baseline,2,2,2,mid_data_simulated_IMAGEN.mat,sst_data_simulated_IMAGEN.mat,-0.25967023,-0.23091475,0.04333627,0.20651401,0.02695705,-0.64622242,-0.16694873,0.0105545,-0.01546196,-0.36397538,0.35019443,-0.12974653,-0.86000007,-0.31538367,-1.17538374,12
17213220,sub-000017213220,High-symptom,F,19.0,DRESDEN,0.08499057,baseline,3,3,3,mid_data_simulated_IMAGEN.mat,sst_data_simulated_IMAGEN.mat,-0.15932299,-0.2299352,-0.20958903,0.15485403,0.06266124,0.18680589,-0.1822813,-0.15143408,-0.01577019,-0.22334065,0.27593,-0.07026415,-0.19452606,-0.36716035,-0.56168641,12
17213220,sub-000017213220,High-symptom,F,19.0,DRESDEN,0.08499057,baseline,4,4,4,mid_data_simulated_IMAGEN.mat,sst_data_simulated_IMAGEN.mat,0.04882305,0.08064129,0.26264532,0.1377944,-0.0925774,-0.05304265,0.00327851,-0.19787043,-0.09602618,0.02584378,0.31040721,0.002097,0.38428401,0.0477299,0.43201391,12
17213220,sub-000017213220,High-symptom,F,19.0,DRESDEN,0.08499057,baseline,5,5,5,mid_data_simulated_IMAGEN.mat,sst_data_simulated_IMAGEN.mat,-0.42451531,0.21779401,-0.52490246,-0.03151717,-0.39814602,-0.09121027,-0.16313098,-0.19301654,0.06789188,0.12827697,0.23870534,-0.11057802,-1.25249723,-0.03185134,-1.28434857,12
17213220,sub-000017213220,High-symptom,F,19.0,DRESDEN,0.08499057,gaba,1,1,1,mid_data_mani_gaba.mat,sst_data_mani_gaba.mat,-0.01647818,0.52160389,0.13378817,-0.13159269,0.11253237,0.30330445,-0.26955778,0.22228444,0.41011875,0.187723,0.02613408,0.28809122,0.92315802,0.86479371,1.78795172,12
17213220,sub-000017213220,High-symptom,F,19.0,DRESDEN,0.08499057,gaba,2,2,2,mid_data_mani_gaba.mat,sst_data_mani_gaba.mat,0.00029081,0.48098479,0.00488778,0.18250133,0.08110323,0.66811403,-0.15201346,0.06658222,0.25023174,0.01200558,0.04586019,0.16320685,1.41788198,0.38587311,1.80375509,12
17213220,sub-000017213220,High-symptom,F,19.0,DRESDEN,0.08499057,gaba,3,3,3,mid_data_mani_gaba.mat,sst_data_mani_gaba.mat,-0.08755309,0.28733437,0.08683926,-0.06700682,0.03654328,0.41575567,-0.11660583,0.21471563,0.3140537,-0.0111874,0.06775208,0.20315551,0.67191267,0.67188369,1.34379636,12
17213220,sub-000017213220,High-symptom,F,19.0,DRESDEN,0.08499057,gaba,4,4,4,mid_data_mani_gaba.mat,sst_data_mani_gaba.mat,-0.02874378,0.49716672,0.22057973,-0.07812815,0.09122558,0.27326721,-0.18203646,-0.04054942,0.20129383,0.08071188,0.01893627,0.11952333,0.97536731,0.19787942,1.17324673,12
17213220,sub-000017213220,High-symptom,F,19.0,DRESDEN,0.08499057,gaba,5,5,5,mid_data_mani_gaba.mat,sst_data_mani_gaba.mat,0.00635149,0.52562056,0.15129633,-0.13665076,0.06429251,0.34939246,-0.173253,0.13187064,0.29608694,0.1235484,0.21843677,0.10451467,0.96030259,0.70120442,1.66150702,12
18801650,sub-000018801650,High-symptom,F,18.0,DUBLIN,0.11248441,ampa,1,1,1,mid_data_mani_IMAGEN.mat,sst_data_mani_IMAGEN.mat,0.16478562,-0.02818927,0.02620634,0.24576411,0.06151686,-0.08790009,-0.01320476,0.10878152,0.38335073,-0.36430912,0.03423847,0.32253449,0.38218357,0.47139133,0.8535749,12
18801650,sub-000018801650,High-symptom,F,18.0,DUBLIN,0.11248441,ampa,2,2,2,mid_data_mani_IMAGEN.mat,sst_data_mani_IMAGEN.mat,0.09328483,-0.20700404,0.28314885,0.65647763,-0.03224098,0.23710297,0.1696701,0.06940505,0.45684526,0.26340524,0.02667576,0.23475221,1.03076926,1.22075361,2.25152287,12
18801650,sub-000018801650,High-symptom,F,18.0,DUBLIN,0.11248441,ampa,3,3,3,mid_data_mani_IMAGEN.mat,sst_data_mani_IMAGEN.mat,-0.29224327,-0.21848594,-0.01716055,0.0022469,-0.13777354,0.0379312,0.15806722,0.10336748,0.15733127,0.10418812,0.02509204,0.15291958,-0.62548519,0.70096572,0.07548054,12
18801650,sub-000018801650,High-symptom,F,18.0,DUBLIN,0.11248441,ampa,4,4,4,mid_data_mani_IMAGEN.mat,sst_data_mani_IMAGEN.mat,0.02910269,-0.2571757,0.25621621,0.14826475,0.29446514,0.23849973,-0.02721268,0.04262498,0.36163136,0.31609391,0.02348739,0.14010992,0.70937283,0.85673487,1.56610771,12
18801650,sub-000018801650,High-symptom,F,18.0,DUBLIN,0.11248441,ampa,5,5,5,mid_data_mani_IMAGEN.mat,sst_data_mani_IMAGEN.mat,-0.10449076,-0.26946217,0.1514503,0.22620819,0.01420648,-0.17572256,0.40305423,0.22544369,0.35959287,-0.45094664,0.03689063,0.18126105,-0.15781051,0.75529583,0.59748532,12
18801650,sub-000018801650,High-symptom,F,18.0,DUBLIN,0.11248441,baseline,1,1,1,mid_data_simulated_IMAGEN.mat,sst_data_simulated_IMAGEN.mat,0.3493845,-0.09073951,0.23779939,0.11951083,0.16355779,0.07001216,-0.0892991,0.00259998,0.35352838,0.02124794,-0.04396418,0.12270841,0.84952516,0.36682143,1.21634659,12
18801650,sub-000018801650,High-symptom,F,18.0,DUBLIN,0.11248441,baseline,2,2,2,mid_data_simulated_IMAGEN.mat,sst_data_simulated_IMAGEN.mat,0.28011018,0.21800681,0.30099938,-0.07065955,0.02445055,0.05420525,-0.20566457,-0.03561381,0.16181437,-0.36225748,0.01865273,0.02528294,0.80711262,-0.39778583,0.4093268,12
18801650,sub-000018801650,High-symptom,F,18.0,DUBLIN,0.11248441,baseline,3,3,3,mid_data_simulated_IMAGEN.mat,sst_data_simulated_IMAGEN.mat,0.3993374,-0.08279203,0.21473825,0.11856619,0.22581245,-0.08772491,-0.11656248,-0.07063954,0.20147787,0.11815318,0.09828094,0.08334958,0.78793735,0.31405956,1.10199692,12
18801650,sub-000018801650,High-symptom,F,18.0,DUBLIN,0.11248441,baseline,4,4,4,mid_data_simulated_IMAGEN.mat,sst_data_simulated_IMAGEN.mat,0.26159148,0.05629735,0.12340689,0.12519458,0.1673103,0.16666686,-0.38887528,-0.23896069,0.07973047,-0.00249589,-0.0278015,0.06678804,0.90046747,-0.51161484,0.38885263,12
18801650,sub-000018801650,High-symptom,F,18.0,DUBLIN,0.11248441,baseline,5,5,5,mid_data_simulated_IMAGEN.mat,sst_data_simulated_IMAGEN.mat,0.19186907,0.05574266,0.27158046,-0.15322546,0.28744587,0.36390832,-0.15412679,-0.14993035,-0.03110056,-0.18789268,0.10646499,-0.01273382,1.01732092,-0.4293192,0.58800172,12
18801650,sub-000018801650,High-symptom,F,18.0,DUBLIN,0.11248441,gaba,1,1,1,mid_data_mani_gaba.mat,sst_data_mani_gaba.mat,0.15892364,0.38111002,0.18175536,0.0748483,-0.04763251,-0.10969981,-0.10599006,-0.07414837,0.06236458,-0.16455307,0.21323679,-0.03898447,0.63930499,-0.1080746,0.53123039,12
18801650,sub-000018801650,High-symptom,F,18.0,DUBLIN,0.11248441,gaba,2,2,2,mid_data_mani_gaba.mat,sst_data_mani_gaba.mat,0.14974507,0.39270944,0.18046471,0.16800037,0.00801143,-0.15857546,0.16263064,-0.06809129,0.060552,0.03974741,0.14326889,-0.02541202,0.74035557,0.31269563,1.0530512,12
18801650,sub-000018801650,High-symptom,F,18.0,DUBLIN,0.11248441,gaba,3,3,3,mid_data_mani_gaba.mat,sst_data_mani_gaba.mat,0.21835192,0.31837091,0.21679018,0.01147536,0.01371474,-0.07222084,0.21976011,-0.02953762,0.10360168,0.1464109,0.1289896,-0.00386451,0.70648227,0.56536015,1.27184242,12
18801650,sub-000018801650,High-symptom,F,18.0,DUBLIN,0.11248441,gaba,4,4,4,mid_data_mani_gaba.mat,sst_data_mani_gaba.mat,0.22674389,0.46202837,0.20285667,0.1462819,0.04063328,-0.12829468,-0.07250733,-0.04810565,0.01002504,-0.2223071,0.25928394,-0.05699284,0.95024944,-0.13060393,0.8196455,12
18801650,sub-000018801650,High-symptom,F,18.0,DUBLIN,0.11248441,gaba,5,5,5,mid_data_mani_gaba.mat,sst_data_mani_gaba.mat,0.2368561,0.37349764,0.23383578,0.14286142,-0.04780642,-0.08648716,-0.3016499,-0.03716422,-0.00245678,-0.27136018,0.23531696,-0.07954652,0.85275736,-0.45686064,0.39589672,12
18904077,sub-000018904077,HC,M,19.0,BERLIN,0.08474474,ampa,1,250405-0014,250405-0216,mid_data_mani_hc.mat,sst_data_mani_hc.mat,0.14405765,0.23513349,0.00826154,0.20317322,0.06736295,0.12607357,-0.17645738,0.20091632,0.05807088,-0.02212398,-0.24275674,-0.08976079,0.78406243,-0.2721117,0.51195073,12
18904077,sub-000018904077,HC,M,19.0,BERLIN,0.08474474,ampa,2,250405-1550,250405-1819,mid_data_mani_hc.mat,sst_data_mani_hc.mat,0.11737015,-0.05458553,0.03921193,0.16563376,0.01977983,-0.16847101,-0.32336049,0.18696916,-0.4051495,0.06667048,-0.23171464,-0.26539394,0.11893914,-0.97197893,-0.85303979,12
18904077,sub-000018904077,HC,M,19.0,BERLIN,0.08474474,ampa,3,250405-2016,250406-0102,mid_data_mani_hc.mat,sst_data_mani_hc.mat,0.10686199,0.16406253,0.02859843,0.03632047,-0.10280485,0.03232321,-0.57237493,-0.21578934,-0.15131483,-0.06952126,-0.22792531,-0.00740026,0.26536177,-1.24432594,-0.97896416,12
18904077,sub-000018904077,HC,M,19.0,BERLIN,0.08474474,ampa,4,250405-2328,250406-0605,mid_data_mani_hc.mat,sst_data_mani_hc.mat,0.02133326,0.14277814,-0.0400678,0.1639316,-0.07154626,0.00837047,0.04150328,0.28419106,-0.28516874,0.22453919,-0.24562276,-0.33407487,0.2247994,-0.31463284,-0.08983343,12
18904077,sub-000018904077,HC,M,19.0,BERLIN,0.08474474,ampa,5,250406-0922,250406-0906,mid_data_mani_hc.mat,sst_data_mani_hc.mat,0.15868026,0.01455429,0.00500924,0.21500091,0.127434,-0.16684726,-0.21251705,0.19523997,0.09757086,0.28520235,-0.24619322,-0.05251356,0.35383145,0.06678936,0.42062081,12
18904077,sub-000018904077,HC,M,19.0,BERLIN,0.08474474,ampa,6,250406-1438,250406-1520,mid_data_mani_hc.mat,sst_data_mani_hc.mat,0.08574933,0.08506411,0.07025277,0.05114571,-0.14448553,-0.15216406,-0.45530989,-0.01429383,0.08606446,0.23027614,-0.23122085,-0.03249618,-0.00443767,-0.41698016,-0.42141782,12
18904077,sub-000018904077,HC,M,19.0,BERLIN,0.08474474,baseline,1,250105-2132,250105-2132,mid_data_hc1_mdd1.mat,sst_data_hc1_mdd1.mat,-0.15848017,-0.36665608,0.36498973,-0.27518874,-0.05980394,-0.31860327,0.08953411,-0.38360145,-0.24665603,-0.07795817,-0.21084969,-0.09385714,-0.81374246,-0.92338837,-1.73713083,12
18904077,sub-000018904077,HC,M,19.0,BERLIN,0.08474474,baseline,2,250106-0506,250106-0506,mid_data_hc1_mdd1.mat,sst_data_hc1_mdd1.mat,-0.44528492,-0.12096543,0.14882166,-0.10774107,-0.20059904,-0.23742853,-0.06921819,-0.08624163,-0.11763332,0.16919123,-0.19296742,-0.05093883,-0.96319733,-0.34780815,-1.31100548,12
18904077,sub-000018904077,HC,M,19.0,BERLIN,0.08474474,baseline,3,250106-1747,250106-1746,mid_data_hc1_mdd1.mat,sst_data_hc1_mdd1.mat,-0.30911828,-0.13195136,0.26865228,0.11196967,-0.12563762,-0.3735703,0.08503563,-0.40757834,-0.11475035,0.01331891,-0.22021981,0.0547288,-0.55965561,-0.58946516,-1.14912077,12
18904077,sub-000018904077,HC,M,19.0,BERLIN,0.08474474,baseline,4,250107-0111,250107-0111,mid_data_hc1_mdd1.mat,sst_data_hc1_mdd1.mat,-0.01132245,0.3211608,0.01902087,-0.05384606,-0.08408584,-0.27062746,-0.12702924,-0.02773279,-0.25879398,0.2945998,-0.16667185,-0.38445001,-0.07970014,-0.67007808,-0.74977821,12
18904077,sub-000018904077,HC,M,19.0,BERLIN,0.08474474,baseline,5,250107-0830,250107-0830,mid_data_hc1_mdd1.mat,sst_data_hc1_mdd1.mat,0.03649317,0.05529337,0.15398599,0.17023817,0.10788373,-0.43265495,0.11270504,-0.25245125,-0.02940528,-0.13219728,-0.20600239,-0.1335746,0.09123947,-0.64092576,-0.54968629,12
18904077,sub-000018904077,HC,M,19.0,BERLIN,0.08474474,gaba,1,1,1,mid_data_mani_gaba.mat,sst_data_mani_gaba.mat,0.48951198,-0.0783179,0.28204561,0.05974411,-0.29394872,0.43331909,-0.58909024,0.01476565,-0.11531857,0.23009084,-0.08737044,0.0458227,0.89235416,-0.50110007,0.39125409,12
18904077,sub-000018904077,HC,M,19.0,BERLIN,0.08474474,gaba,2,2,2,mid_data_mani_gaba.mat,sst_data_mani_gaba.mat,0.44018074,-0.14381918,0.27684438,0.01208349,-0.38374587,0.47116807,-0.68774386,-0.15377769,0.07339566,0.29678735,-0.05071504,0.23316916,0.67271162,-0.28888442,0.38382719,12
18904077,sub-000018904077,HC,M,19.0,BERLIN,0.08474474,gaba,3,3,3,mid_data_mani_gaba.mat,sst_data_mani_gaba.mat,0.49859069,-0.17180656,0.2267373,0.0397265,-0.38061946,0.47736807,-0.59126033,-0.14314633,-0.08977667,0.23247556,-0.09838779,0.11541073,0.68999654,-0.57468483,0.11531171,12
18904077,sub-000018904077,HC,M,19.0,BERLIN,0.08474474,gaba,4,4,4,mid_data_mani_gaba.mat,sst_data_mani_gaba.mat,0.49517938,-0.13012094,0.25037521,0.06546684,-0.29872046,0.34906715,-0.47240342,-0.05031642,-0.05712627,0.277267,-0.11807932,0.18005121,0.73124717,-0.24060722,0.49063995,12
18904077,sub-000018904077,HC,M,19.0,BERLIN,0.08474474,gaba,5,5,5,mid_data_mani_gaba.mat,sst_data_mani_gaba.mat,0.47407658,-0.06444967,0.2512559,0.02504726,-0.36855022,0.45364661,-0.50560193,-0.13820124,0.00723697,0.23355897,-0.06681188,0.17211124,0.77102646,-0.29770786,0.47331859,12
20830744,sub-000020830744,HC,M,19.0,LONDON,0.11813752,ampa,1,250405-1334,250405-1546,mid_data_mani_hc.mat,sst_data_mani_hc.mat,0.24028963,-0.0041254,0.30027182,0.35215869,-0.01006516,-0.23702502,0.24461852,-0.03152665,0.14757822,-0.23657185,-0.14899693,0.16979089,0.64150455,0.1448922,0.78639675,12
20830744,sub-000020830744,HC,M,19.0,LONDON,0.11813752,ampa,2,250405-2343,250405-2311,mid_data_mani_hc.mat,sst_data_mani_hc.mat,0.00388163,-0.32918189,0.22737866,0.2238041,0.25236411,0.15089879,-0.32500199,-0.12209277,0.11197432,-0.25287063,-0.1530459,0.22294789,0.52914539,-0.51808906,0.01105633,12
20830744,sub-000020830744,HC,M,19.0,LONDON,0.11813752,ampa,3,250406-1344,250406-0250,mid_data_mani_hc.mat,sst_data_mani_hc.mat,-0.03490114,0.06598172,0.02408652,-0.14178502,0.19055915,0.06814362,-0.49625084,0.08640194,0.41713956,0.22446874,-0.12281209,0.47735837,0.17208485,0.58630568,0.75839054,12
20830744,sub-000020830744,HC,M,19.0,LONDON,0.11813752,ampa,4,250406-1543,250406-0629,mid_data_mani_hc.mat,sst_data_mani_hc.mat,-0.00196427,0.14842282,0.15751705,-0.32017821,-0.38367867,-0.30362643,0.04289892,-0.21614672,0.27779457,-0.30943953,-0.16286114,0.29551037,-0.70350772,-0.07224355,-0.77575127,12
20830744,sub-000020830744,HC,M,19.0,LONDON,0.11813752,ampa,5,,250406-0843,,sst_data_mani_hc.mat,0.0386089,-0.0170079,0.15370999,0.10834738,0.23902171,0.00804305,,,,,,,0.53072312,,,6
20830744,sub-000020830744,HC,M,19.0,LONDON,0.11813752,ampa,6,,250406-1007,,sst_data_mani_hc.mat,-0.21438349,0.24344453,0.36569636,-0.00892044,-0.08743383,0.1638352,,,,,,,0.46223834,,,6
20830744,sub-000020830744,HC,M,19.0,LONDON,0.11813752,ampa,7,,250406-1346,,sst_data_mani_hc.mat,0.20753952,0.24191504,-0.04194507,0.05266199,-0.21358502,0.26234457,,,,,,,0.50893103,,,6
20830744,sub-000020830744,HC,M,19.0,LONDON,0.11813752,baseline,1,250105-2137,250105-2137,mid_data_hc1_mdd1.mat,sst_data_hc1_mdd1.mat,0.12297006,0.14110919,-0.30118148,0.15445841,-0.12900144,0.27233345,-0.11092117,-0.5736423,0.31408625,-0.00795918,-0.00269737,0.2886165,0.2606882,-0.09251728,0.16817092,12
20830744,sub-000020830744,HC,M,19.0,LONDON,0.11813752,baseline,2,250106-0511,250106-1318,mid_data_hc1_mdd1.mat,sst_data_hc1_mdd1.mat,-0.0791575,0.35322626,-0.05940102,0.09892588,0.14502146,0.29789819,0.06878558,-0.67401301,0.32353142,0.52596698,0.03679362,0.31411667,0.75651327,0.59518126,1.35169454,12
20830744,sub-000020830744,HC,M,19.0,LONDON,0.11813752,baseline,3,250106-2231,250106-1752,mid_data_hc1_mdd1.mat,sst_data_hc1_mdd1.mat,-0.14616682,0.20498674,-0.22026444,0.13190341,0.10707023,0.13349686,0.1791309,-0.21799193,-0.00628811,-0.10894725,0.08290484,0.16111959,0.21102599,0.08992804,0.30095403,12
20830744,sub-000020830744,HC,M,19.0,LONDON,0.11813752,baseline,4,250107-0116,250107-0151,mid_data_hc1_mdd1.mat,sst_data_hc1_mdd1.mat,0.27386253,0.39032331,-0.04063374,0.0630864,0.11958712,0.23143117,0.23809011,-0.31374475,-0.10795934,0.44996452,-0.05773826,-0.08157905,1.03765679,0.12703323,1.16469002,12
20830744,sub-000020830744,HC,M,19.0,LONDON,0.11813752,baseline,5,250107-0835,250107-0835,mid_data_hc1_mdd1.mat,sst_data_hc1_mdd1.mat,0.06059926,0.38096377,-0.10440673,0.10668489,0.11552721,0.537396,-0.02347727,-0.06753002,-0.09433665,0.09623553,-0.09971427,0.20486607,1.09676441,0.01604339,1.1128078,12
20830744,sub-000020830744,HC,M,19.0,LONDON,0.11813752,gaba,1,2,1,mid_data_mani_gaba.mat,sst_data_mani_gaba.mat,0.29619752,-0.21893601,-0.07798551,0.11005332,0.03432816,0.68371416,-0.248732,-0.34007842,-0.035292,0.1683562,-0.02080275,-0.29236927,0.82737165,-0.76891822,0.05845342,12
20830744,sub-000020830744,HC,M,19.0,LONDON,0.11813752,gaba,2,3,2,mid_data_mani_gaba.mat,sst_data_mani_gaba.mat,0.13291886,-0.1595785,0.04183519,0.11114957,0.15609045,0.59402343,-0.39472697,-0.0498573,-0.16141744,0.1097872,0.00093683,-0.3160199,0.87643899,-0.81129758,0.06514141,12
20830744,sub-000020830744,HC,M,19.0,LONDON,0.11813752,gaba,3,4,3,mid_data_mani_gaba.mat,sst_data_mani_gaba.mat,0.13535529,-0.31670494,-0.03859915,0.05941776,0.13651654,0.62568183,-0.28107596,-0.08956027,-0.14584817,0.13027334,0.00216124,-0.33555725,0.60166734,-0.71960707,-0.11793973,12
20830744,sub-000020830744,HC,M,19.0,LONDON,0.11813752,gaba,4,5,4,mid_data_mani_gaba.mat,sst_data_mani_gaba.mat,0.13528548,-0.12430821,0.00540678,0.0794373,-0.03427268,0.94486985,-0.09630154,-0.26160802,-0.14435732,0.1113051,-0.03248073,-0.41256366,1.00641851,-0.83600616,0.17041235,12
20830744,sub-000020830744,HC,M,19.0,LONDON,0.11813752,gaba,5,,5,,sst_data_mani_gaba.mat,0.14824972,-0.16163605,0.0605065,0.06902033,0.04360612,0.69187852,,,,,,,0.85162514,,,6
21053574,sub-000021053574,HC,M,19.0,BERLIN,0.06769573,ampa,1,250405-0237,250405-0509,mid_data_mani_hc.mat,sst_data_mani_hc.mat,-0.06416609,0.07081113,-0.07592787,-0.10887103,0.14019999,-0.03432838,0.62022417,-0.09903867,0.25897234,-0.33146645,-0.50090265,0.11218264,-0.07228226,0.05997138,-0.01231088,12
21053574,sub-000021053574,HC,M,19.0,BERLIN,0.06769573,ampa,2,250405-1951,250405-2013,mid_data_mani_hc.mat,sst_data_mani_hc.mat,-0.0120749,-0.18713398,0.13481708,0.03576652,-0.17486836,0.06018548,0.58585371,-0.0031838,0.4974891,-0.17168795,-0.63630918,0.06790898,-0.14330816,0.34007085,0.19676269,12
21053574,sub-000021053574,HC,M,19.0,BERLIN,0.06769573,ampa,3,250406-0144,250406-0356,mid_data_mani_hc.mat,sst_data_mani_hc.mat,0.12390522,-0.10865738,0.22580042,0.18463152,-0.11891814,0.10658472,0.57986762,0.55640957,0.30880103,-0.37400226,-0.59383238,0.50631224,0.41334636,0.98355581,1.39690217,12
21053574,sub-000021053574,HC,M,19.0,BERLIN,0.06769573,ampa,4,250406-0359,250406-0949,mid_data_mani_hc.mat,sst_data_mani_hc.mat,0.18680174,0.21773081,-0.06620307,0.14295179,0.05957323,0.33068887,0.44604385,0.24148754,-0.02944802,0.44178741,-0.62199276,-0.12151406,0.87154337,0.35636395,1.22790732,12
21053574,sub-000021053574,HC,M,19.0,BERLIN,0.06769573,ampa,5,250406-0938,,mid_data_mani_hc.mat,,,,,,,,0.83982668,-0.01357705,0.3464483,0.12620842,-0.61292701,0.71228968,,1.39826901,,6
21053574,sub-000021053574,HC,M,19.0,BERLIN,0.06769573,baseline,1,250105-2349,250105-2134,mid_data_hc1_mdd1.mat,sst_data_hc1_mdd1.mat,-0.05722556,0.13392682,0.15917717,-0.08896675,-0.07778203,0.13535322,-0.30937401,-0.24549875,-0.18132837,-0.19761413,-0.50561298,-0.23003071,0.20448288,-1.66945896,-1.46497608,12
21053574,sub-000021053574,HC,M,19.0,BERLIN,0.06769573,baseline,2,250106-0508,250106-0507,mid_data_hc1_mdd1.mat,sst_data_hc1_mdd1.mat,-0.10809034,0.12131519,-0.08092634,0.00672192,-0.19843413,0.13411799,0.27416526,-0.23560492,-0.25170415,-0.2284589,-0.68729849,0.30098551,-0.1252957,-0.8279157,-0.9532114,12
21053574,sub-000021053574,HC,M,19.0,BERLIN,0.06769573,baseline,3,250106-1749,250106-1749,mid_data_hc1_mdd1.mat,sst_data_hc1_mdd1.mat,0.0217348,0.47212701,-0.02166866,0.09420028,-0.00105211,-0.11981131,-0.63105486,0.16346266,0.32131903,-0.23403254,-0.3082983,0.49453121,0.44553001,-0.19407279,0.25145722,12
21053574,sub-000021053574,HC,M,19.0,BERLIN,0.06769573,baseline,4,250107-0113,250107-0113,mid_data_hc1_mdd1.mat,sst_data_hc1_mdd1.mat,-0.03229786,-0.12725628,0.01923225,-0.19318379,-0.10489826,0.2518268,-0.76536322,-0.72647257,-0.37358401,0.06185607,-0.42915874,-0.10576431,-0.18657714,-2.33848679,-2.52506393,12
21053574,sub-000021053574,HC,M,19.0,BERLIN,0.06769573,baseline,5,250107-0832,250107-0832,mid_data_hc1_mdd1.mat,sst_data_hc1_mdd1.mat,-0.08391232,0.0375889,-0.12245412,0.07453989,0.10666611,0.15176709,-0.08686328,-0.84747542,-0.24923189,0.12526128,-0.5916747,0.13828504,0.16419554,-1.51169898,-1.34750344,12
21053574,sub-000021053574,HC,M,19.0,BERLIN,0.06769573,gaba,1,1,1,mid_data_mani_gaba.mat,sst_data_mani_gaba.mat,-0.00172541,-0.09213359,0.08021802,0.26703892,-0.11232208,0.94357957,-0.35248665,0.08596034,-0.09147485,0.55439433,-0.57514797,-0.32650981,1.08465542,-0.7052646,0.37939082,12
21053574,sub-000021053574,HC,M,19.0,BERLIN,0.06769573,gaba,2,2,2,mid_data_mani_gaba.mat,sst_data_mani_gaba.mat,0.05180487,-0.23135522,0.11446342,0.17971382,-0.30397236,0.97856438,-0.33599928,0.15797401,0.21201427,0.77514371,-0.62898081,0.25849765,0.78921891,0.43864955,1.22786846,12
21053574,sub-000021053574,HC,M,19.0,BERLIN,0.06769573,gaba,3,3,3,mid_data_mani_gaba.mat,sst_data_mani_gaba.mat,0.03653556,-0.13887997,0.12960152,0.30772615,-0.18961559,1.01553048,-0.73648039,0.36159615,0.22511998,0.91187006,-0.57953731,0.17549328,1.16089816,0.35806176,1.51895992,12
21053574,sub-000021053574,HC,M,19.0,BERLIN,0.06769573,gaba,4,4,4,mid_data_mani_gaba.mat,sst_data_mani_gaba.mat,0.06049615,-0.10195489,0.13071571,0.16474014,-0.18224931,0.99080373,-0.53159036,0.44032941,0.13812076,0.94305248,-0.53243408,0.10898142,1.06255153,0.56645963,1.62901116,12
21053574,sub-000021053574,HC,M,19.0,BERLIN,0.06769573,gaba,5,5,5,mid_data_mani_gaba.mat,sst_data_mani_gaba.mat,0.04717743,-0.15231336,0.0716682,0.33991604,-0.16831185,1.00048158,-0.57273693,0.15051528,-0.02466081,0.84061558,-0.56669091,-0.10713516,1.13861803,-0.28009296,0.85852507,12
21313420,sub-000021313420,High-symptom,F,18.0,HAMBURG,0.10861694,ampa,1,1,1,mid_data_mani_IMAGEN.mat,sst_data_mani_IMAGEN.mat,0.15947856,0.0597978,-0.2257326,0.21095651,-0.21830727,0.14310801,-0.08574928,-0.01851292,0.22829406,-0.12252451,0.45095879,-0.05652977,0.12930101,0.39593638,0.52523739,12
21313420,sub-000021313420,High-symptom,F,18.0,HAMBURG,0.10861694,ampa,2,2,2,mid_data_mani_IMAGEN.mat,sst_data_mani_IMAGEN.mat,0.05656934,-0.0243433,-0.03496876,-0.22373339,0.09341561,0.04594273,-0.05845226,-0.29920417,-0.24527559,0.42696939,0.42030686,-0.30536094,-0.08711778,-0.06101671,-0.14813449,12
21313420,sub-000021313420,High-symptom,F,18.0,HAMBURG,0.10861694,ampa,3,3,3,mid_data_mani_IMAGEN.mat,sst_data_mani_IMAGEN.mat,0.06628485,-0.03218155,0.09900069,-0.16577034,0.13966116,-0.00974018,-0.22674588,0.4802742,-0.05129325,0.2417407,0.49879101,-0.22113057,0.09725463,0.7216362,0.81889084,12
21313420,sub-000021313420,High-symptom,F,18.0,HAMBURG,0.10861694,ampa,4,4,4,mid_data_mani_IMAGEN.mat,sst_data_mani_IMAGEN.mat,-0.11814441,0.25557332,-0.12264284,-0.07315347,0.10749018,0.24903571,-0.18125933,0.37725864,-0.18515291,0.20006898,0.41715997,-0.28630807,0.2981585,0.34176727,0.63992577,12
21313420,sub-000021313420,High-symptom,F,18.0,HAMBURG,0.10861694,ampa,5,5,5,mid_data_mani_IMAGEN.mat,sst_data_mani_IMAGEN.mat,0.33471944,-0.08127311,-0.28226902,0.08082181,0.07356476,0.17468198,-0.06679206,0.08780786,-0.04527887,-0.05403119,0.44433104,0.17064416,0.30024587,0.53668093,0.83692681,12
21313420,sub-000021313420,High-symptom,F,18.0,HAMBURG,0.10861694,baseline,1,1,1,mid_data_simulated_IMAGEN.mat,sst_data_simulated_IMAGEN.mat,0.14664362,0.01740532,-0.13684281,-0.05114938,-0.18921365,0.48369097,0.05625969,0.25816367,-0.18025811,-0.02669233,0.10012717,-0.13877807,0.27053408,0.06882203,0.3393561,12
21313420,sub-000021313420,High-symptom,F,18.0,HAMBURG,0.10861694,baseline,2,2,2,mid_data_simulated_IMAGEN.mat,sst_data_simulated_IMAGEN.mat,0.17642031,-0.01889523,0.14231686,0.18491467,-0.29024606,0.18583231,0.02886433,0.58552946,-0.08271276,0.1799938,0.30740696,0.1754836,0.38034287,1.19456539,1.57490826,12
21313420,sub-000021313420,High-symptom,F,18.0,HAMBURG,0.10861694,baseline,3,3,3,mid_data_simulated_IMAGEN.mat,sst_data_simulated_IMAGEN.mat,0.12253681,0.07668791,0.06996947,-0.24684651,0.0802281,-0.23415271,0.05809301,-0.18943751,0.0493545,0.05827346,0.11450793,0.14674958,-0.13157693,0.23754098,0.10596405,12
21313420,sub-000021313420,High-symptom,F,18.0,HAMBURG,0.10861694,baseline,4,4,4,mid_data_simulated_IMAGEN.mat,sst_data_simulated_IMAGEN.mat,-0.02717192,0.07278811,-0.12140026,-0.36099633,-0.31628839,-0.26209352,0.06039276,0.12713729,-0.23416085,-0.17756761,0.250896,-0.22445181,-1.01516229,-0.19775422,-1.21291652,12
21313420,sub-000021313420,High-symptom,F,18.0,HAMBURG,0.10861694,baseline,5,5,5,mid_data_simulated_IMAGEN.mat,sst_data_simulated_IMAGEN.mat,0.10005149,-0.14644881,0.18771324,-0.49819145,-0.16323332,-0.43711849,0.02769525,0.27465101,-0.39982344,0.1964375,0.25188229,-0.34286609,-0.95722734,0.00797651,-0.94925083,12
21313420,sub-000021313420,High-symptom,F,18.0,HAMBURG,0.10861694,gaba,1,1,1,mid_data_mani_gaba.mat,sst_data_mani_gaba.mat,0.36955761,0.07784979,0.33490774,-0.07726385,-0.09068447,0.27602686,-0.09769235,0.10285554,0.01186983,0.27973825,0.0767859,0.12633236,0.89039367,0.49988953,1.3902832,12
21313420,sub-000021313420,High-symptom,F,18.0,HAMBURG,0.10861694,gaba,2,2,2,mid_data_mani_gaba.mat,sst_data_mani_gaba.mat,0.43123538,0.0484819,0.47289704,0.09196364,-0.12101002,0.28200233,-0.02433918,0.19583649,-0.00957537,0.36084867,-0.02209325,0.0686402,1.20557027,0.56931755,1.77488782,12
21313420,sub-000021313420,High-symptom,F,18.0,HAMBURG,0.10861694,gaba,3,3,3,mid_data_mani_gaba.mat,sst_data_mani_gaba.mat,0.67992244,0.06028969,0.6470593,-0.02751217,0.06744568,0.42007723,0.00245509,0.23980735,0.01997752,0.54230231,0.0531778,0.09784486,1.84728217,0.95556493,2.8028471,12
21313420,sub-000021313420,High-symptom,F,18.0,HAMBURG,0.10861694,gaba,4,4,4,mid_data_mani_gaba.mat,sst_data_mani_gaba.mat,0.42132554,0.13333387,0.36515091,-0.00573628,-0.04639747,0.29825849,-0.00446911,0.36210412,0.04503445,0.52172622,0.0234916,0.16106856,1.16593506,1.10895584,2.2748909,12
21313420,sub-000021313420,High-symptom,F,18.0,HAMBURG,0.10861694,gaba,5,5,5,mid_data_mani_gaba.mat,sst_data_mani_gaba.mat,0.55435561,0.25818355,0.49953907,-0.0956257,0.03091213,0.4028912,0.01952835,0.13183782,0.13266518,0.47814387,0.06170708,0.14295082,1.65025586,0.96683312,2.61708898,12
24115048,sub-000024115048,HC,F,18.0,LONDON,0.18737776,ampa,1,250405-0701,250405-0942,mid_data_mani_hc.mat,sst_data_mani_hc.mat,-0.21608753,0.1324424,0.14821554,0.28962671,0.10529383,-0.07876568,0.37807518,0.02700275,0.13919345,0.12239337,-0.2926398,-0.11892629,0.38072529,0.25509865,0.63582394,12
24115048,sub-000024115048,HC,F,18.0,LONDON,0.18737776,ampa,2,250405-2224,250405-2306,mid_data_mani_hc.mat,sst_data_mani_hc.mat,-0.12523853,-0.23820075,-0.2520453,0.12396904,-0.08936634,-0.13836668,0.08064026,-0.03889925,-0.12838747,0.04474376,-0.33386651,-0.04901739,-0.71924857,-0.42478659,-1.14403516,12
24115048,sub-000024115048,HC,F,18.0,LONDON,0.18737776,ampa,3,250406-0357,250406-0611,mid_data_mani_hc.mat,sst_data_mani_hc.mat,0.20417023,0.10881974,0.15746965,-0.21821901,0.08798825,0.06582854,0.13274379,0.14677218,-0.02429757,0.00847343,-0.23714504,-0.12349791,0.40605741,-0.09695112,0.30910629,12
24115048,sub-000024115048,HC,F,18.0,LONDON,0.18737776,ampa,4,250406-0612,250406-0950,mid_data_mani_hc.mat,sst_data_mani_hc.mat,0.23911545,0.12744093,0.20744226,0.08854204,0.17214044,0.23357031,0.16479875,0.06781413,-0.15978284,0.25803889,-0.3433888,-0.11287086,1.06825143,-0.12539074,0.9428607,12
24115048,sub-000024115048,HC,F,18.0,LONDON,0.18737776,ampa,5,250406-1720,250406-1242,mid_data_mani_hc.mat,sst_data_mani_hc.mat,0.01800648,-0.00716039,0.09428396,0.04755741,0.02469636,0.24398089,-0.10011281,-0.09467365,-0.0341653,0.15277485,-0.16249094,0.07710974,0.4213647,-0.16155813,0.25980658,12
24115048,sub-000024115048,HC,F,18.0,LONDON,0.18737776,ampa,6,,250406-1710,,sst_data_mani_hc.mat,-0.25409704,-0.17946854,0.32514743,-0.23230982,0.03890105,0.03908767,,,,,,,-0.26273926,,,6
24115048,sub-000024115048,HC,F,18.0,LONDON,0.18737776,baseline,1,250105-2136,250105-2136,mid_data_hc1_mdd1.mat,sst_data_hc1_mdd1.mat,0.23357091,0.07457663,-0.09334521,0.17068567,0.05722637,-0.06120076,-0.35004683,0.44159558,0.18630578,-0.02619208,-0.39137211,0.27938856,0.38151362,0.1396789,0.52119252,12
24115048,sub-000024115048,HC,F,18.0,LONDON,0.18737776,baseline,2,250106-0509,250106-1737,mid_data_hc1_mdd1.mat,sst_data_hc1_mdd1.mat,0.35044838,0.25752141,0.42756407,0.17307685,-0.14314086,0.6634407,-0.56550888,0.04852644,0.040429,0.01157721,-0.41990467,0.02851969,1.72891055,-0.85636121,0.87254935,12
24115048,sub-000024115048,HC,F,18.0,LONDON,0.18737776,baseline,3,250106-1750,250106-1750,mid_data_hc1_mdd1.mat,sst_data_hc1_mdd1.mat,0.35480412,0.24707608,0.63327681,0.23714759,0.26238856,0.71831646,-0.51044209,-0.12282742,-0.18057443,-0.18045917,-0.310787,0.10755837,2.45300962,-1.19753175,1.25547788,12
24115048,sub-000024115048,HC,F,18.0,LONDON,0.18737776,baseline,4,250107-0115,250107-0115,mid_data_hc1_mdd1.mat,sst_data_hc1_mdd1.mat,0.15962504,0.14526083,0.16717057,0.08269469,0.27575948,0.56261469,-0.27342849,0.1684688,0.34357982,-0.06750605,-0.3298211,0.24547783,1.39312529,0.08677081,1.47989611,12
24115048,sub-000024115048,HC,F,18.0,LONDON,0.18737776,baseline,5,250107-0834,250107-0834,mid_data_hc1_mdd1.mat,sst_data_hc1_mdd1.mat,0.33032253,-0.03613094,0.65518351,0.00091579,0.09830933,0.8842503,-0.40891369,-0.12787259,-0.02047274,-0.43713869,-0.43675422,0.02437885,1.93285052,-1.40677308,0.52607744,12
24115048,sub-000024115048,HC,F,18.0,LONDON,0.18737776,gaba,1,2,1,mid_data_mani_gaba.mat,sst_data_mani_gaba.mat,0.82648,0.07278927,0.62689516,0.50703673,0.49940764,0.18552548,0.28434184,0.44793341,0.23082308,0.69171725,-0.23992318,0.2999346,2.71813427,1.71482699,4.43296127,12
24115048,sub-000024115048,HC,F,18.0,LONDON,0.18737776,gaba,2,3,2,mid_data_mani_gaba.mat,sst_data_mani_gaba.mat,0.78597541,0.02033676,0.70374748,0.52615883,0.46516395,0.22263723,0.47248438,0.41540897,0.22392521,0.86962133,-0.24295015,0.28008021,2.72401967,2.01856995,4.74258962,12
24115048,sub-000024115048,HC,F,18.0,LONDON,0.18737776,gaba,3,4,3,mid_data_mani_gaba.mat,sst_data_mani_gaba.mat,1.00174721,0.10562536,0.87188,0.53165865,0.46899887,0.29059913,0.39515715,0.36964473,0.23309117,0.78886511,-0.26218751,0.23755802,3.27050923,1.76212867,5.0326379,12
24115048,sub-000024115048,HC,F,18.0,LONDON,0.18737776,gaba,4,5,4,mid_data_mani_gaba.mat,sst_data_mani_gaba.mat,0.97495657,0.20545366,0.84187204,0.81178451,0.5096053,0.12705709,0.24418359,0.44461738,0.33430457,0.86302676,-0.21312487,0.3787883,3.47072917,2.05179573,5.5225249,12
24115048,sub-000024115048,HC,F,18.0,LONDON,0.18737776,gaba,5,,5,,sst_data_mani_gaba.mat,0.91998421,0.08341401,0.73945146,0.55941051,0.50579897,0.09394583,,,,,,,2.90200499,,,6
24495953,sub-000024495953,High-symptom,F,18.0,HAMBURG,0.08630943,ampa,1,1,1,mid_data_mani_IMAGEN.mat,sst_data_mani_IMAGEN.mat,-0.01163261,0.12260949,0.10672615,-0.15763916,0.19240788,-0.14512823,0.15595226,0.29638603,0.27103868,0.25969675,0.28524669,0.66035146,0.10734351,1.92867187,2.03601539,12
24495953,sub-000024495953,High-symptom,F,18.0,HAMBURG,0.08630943,ampa,2,2,2,mid_data_mani_IMAGEN.mat,sst_data_mani_IMAGEN.mat,0.18430971,-0.1442042,0.00596798,-0.22396798,-0.07688997,0.12298072,-0.08998385,0.22330434,0.12417082,0.18534522,0.22656059,0.09970925,-0.13180374,0.76910637,0.63730264,12
24495953,sub-000024495953,High-symptom,F,18.0,HAMBURG,0.08630943,ampa,3,3,3,mid_data_mani_IMAGEN.mat,sst_data_mani_IMAGEN.mat,0.33631837,-0.13816762,0.12779939,0.17972272,0.2944909,0.07060821,-0.01966477,0.13388526,0.03359573,0.16876407,0.23286114,0.1577794,0.87077198,0.70722084,1.57799281,12
24495953,sub-000024495953,High-symptom,F,18.0,HAMBURG,0.08630943,ampa,4,4,4,mid_data_mani_IMAGEN.mat,sst_data_mani_IMAGEN.mat,-0.09608489,0.10789609,-0.05235749,0.16799451,-0.05897756,0.03749387,-0.23141347,-0.00347247,0.08043702,0.09922658,0.21248176,0.04219801,0.10596453,0.19945743,0.30542196,12
24495953,sub-000024495953,High-symptom,F,18.0,HAMBURG,0.08630943,ampa,5,5,5,mid_data_mani_IMAGEN.mat,sst_data_mani_IMAGEN.mat,-0.05524405,0.14890208,-0.25345666,0.02677356,0.1015832,0.14242099,0.30910063,0.36306406,0.00126033,-0.19302679,0.20267036,-0.03031744,0.11097912,0.65275115,0.76373027,12
24495953,sub-000024495953,High-symptom,F,18.0,HAMBURG,0.08630943,baseline,1,1,1,mid_data_simulated_IMAGEN.mat,sst_data_simulated_IMAGEN.mat,-0.05354486,-0.10651674,0.07432417,0.20846131,-0.25843664,-0.47344376,-0.04145056,0.58309505,-0.06127905,-0.16267518,0.2258363,-0.22907721,-0.60915652,0.31444936,-0.29470717,12
24495953,sub-000024495953,High-symptom,F,18.0,HAMBURG,0.08630943,baseline,2,2,2,mid_data_simulated_IMAGEN.mat,sst_data_simulated_IMAGEN.mat,-0.41511669,-0.39717288,0.03156719,0.06845114,-0.34799828,-0.38333179,-0.44602333,0.08467303,-0.07469576,0.03018582,0.16209922,0.1625766,-1.44360131,-0.08118442,-1.52478573,12
24495953,sub-000024495953,High-symptom,F,18.0,HAMBURG,0.08630943,baseline,3,3,3,mid_data_simulated_IMAGEN.mat,sst_data_simulated_IMAGEN.mat,-0.03153039,0.03293217,-0.05511362,0.22986449,-0.30082115,-0.41859101,-0.22514794,0.05484088,-0.27661575,0.21362195,0.23216882,-0.29358644,-0.54325952,-0.29471849,-0.83797801,12
24495953,sub-000024495953,High-symptom,F,18.0,HAMBURG,0.08630943,baseline,4,4,4,mid_data_simulated_IMAGEN.mat,sst_data_simulated_IMAGEN.mat,-0.13924904,-0.13306203,-0.30708418,0.21216657,-0.20185163,-0.21702796,-0.10017554,0.07727479,-0.19456184,0.44492486,0.30676702,-0.28352972,-0.78610828,0.25069957,-0.53540871,12
24495953,sub-000024495953,High-symptom,F,18.0,HAMBURG,0.08630943,baseline,5,5,5,mid_data_simulated_IMAGEN.mat,sst_data_simulated_IMAGEN.mat,-0.28217282,0.0793952,-0.05074219,0.05946156,0.0643652,-0.26748289,-0.20749156,0.16578614,-0.01864635,-0.38009206,0.16556172,-0.12730525,-0.39717595,-0.40218736,-0.79936332,12
24495953,sub-000024495953,High-symptom,F,18.0,HAMBURG,0.08630943,gaba,1,1,1,mid_data_mani_gaba.mat,sst_data_mani_gaba.mat,0.7805404,0.23423288,0.09225481,0.599971,0.1377916,0.41407882,0.13870844,0.29668247,-0.02807722,0.49680367,0.02854334,-0.05667799,2.25886951,0.87598272,3.13485222,12
24495953,sub-000024495953,High-symptom,F,18.0,HAMBURG,0.08630943,gaba,2,2,2,mid_data_mani_gaba.mat,sst_data_mani_gaba.mat,0.97624321,0.1133702,0.17401354,0.49959604,0.12378038,0.31287214,0.12765892,0.39157784,0.02200486,0.48143455,-0.04655855,0.02775926,2.1998755,1.00387689,3.20375239,12
24495953,sub-000024495953,High-symptom,F,18.0,HAMBURG,0.08630943,gaba,3,3,3,mid_data_mani_gaba.mat,sst_data_mani_gaba.mat,0.84551828,0.28749676,0.0510839,0.58570194,0.15201662,0.41574467,0.17998107,0.39981031,0.05881613,0.54490471,-0.04179545,0.05193091,2.33756218,1.19364768,3.53120985,12
24495953,sub-000024495953,High-symptom,F,18.0,HAMBURG,0.08630943,gaba,4,4,5,mid_data_mani_gaba.mat,sst_data_mani_gaba.mat,0.9658899,0.22284991,0.11234153,0.61266007,0.08314754,0.59920028,0.24510038,0.36947616,0.19174491,0.48705967,-0.01371078,0.11226556,2.59608923,1.39193589,3.98802512,12
24495953,sub-000024495953,High-symptom,F,18.0,HAMBURG,0.08630943,gaba,5,5,,mid_data_mani_gaba.mat,,,,,,,,0.19944769,0.2601226,0.10242452,0.37965693,0.01328168,0.11627921,,1.07121263,,6
25000478,sub-000025000478,HC,M,19.0,LONDON,0.1309807,ampa,1,250405-1334,250405-1546,mid_data_mani_hc.mat,sst_data_mani_hc.mat,-0.01959556,0.00967042,-0.03943555,0.28579869,0.00401042,0.19661671,-0.31927468,-0.04253871,-0.02725947,0.41796533,-0.12131274,0.08280446,0.43706512,-0.00961581,0.42744931,12
25000478,sub-000025000478,HC,M,19.0,LONDON,0.1309807,ampa,2,250405-2343,250405-2311,mid_data_mani_hc.mat,sst_data_mani_hc.mat,0.03315261,0.34155054,-0.2720909,-0.0475857,-0.18463373,-0.11355578,-0.33943542,0.57564339,-0.07535802,-0.02480994,-0.16271204,0.16684734,-0.24316297,0.14017532,-0.10298766,12
25000478,sub-000025000478,HC,M,19.0,LONDON,0.1309807,ampa,3,250406-0651,250406-0843,mid_data_mani_hc.mat,sst_data_mani_hc.mat,-0.10091667,-0.07931658,-0.02974179,0.11108422,0.23978954,-0.17553291,-0.37822601,0.46015056,0.10115404,0.04262668,-0.16484209,0.23151991,-0.03463419,0.29238309,0.2577489,12
25000478,sub-000025000478,HC,M,19.0,LONDON,0.1309807,ampa,4,250406-1543,250406-1346,mid_data_mani_hc.mat,sst_data_mani_hc.mat,0.30567983,-0.17597776,0.0323674,0.05587671,0.31271213,0.2213113,-0.2563923,0.21819032,0.06958885,0.26714925,-0.10902417,0.06033082,0.75196962,0.24984277,1.00181239,12
25000478,sub-000025000478,HC,M,19.0,LONDON,0.1309807,ampa,5,,250406-1804,,sst_data_mani_hc.mat,-0.04387873,0.1880003,-0.05344836,-0.24028123,0.35583739,-0.02561608,,,,,,,0.1806133,,,6
25000478,sub-000025000478,HC,M,19.0,LONDON,0.1309807,baseline,1,250105-2137,250105-2137,mid_data_hc1_mdd1.mat,sst_data_hc1_mdd1.mat,-0.33183831,-0.15566247,-0.14483314,0.05064429,0.01030098,-0.00945673,-0.73529698,0.08883326,-0.0381388,0.43697871,0.00087271,0.03169953,-0.58084537,-0.21505156,-0.79589693,12
25000478,sub-000025000478,HC,M,19.0,LONDON,0.1309807,baseline,2,250106-0511,250106-1318,mid_data_hc1_mdd1.mat,sst_data_hc1_mdd1.mat,-0.21718694,0.06875776,-0.03594622,0.03720571,0.24680628,0.42115832,-0.29263501,-0.22590358,-0.05009814,0.15351206,0.05052315,0.09516179,0.5207949,-0.26943973,0.25135517,12
25000478,sub-000025000478,HC,M,19.0,LONDON,0.1309807,baseline,3,250106-2231,250106-1752,mid_data_hc1_mdd1.mat,sst_data_hc1_mdd1.mat,-0.07467085,-0.16778251,0.08150369,0.06348909,-0.04549929,0.43937799,-0.02150979,0.04461341,-0.03951645,0.10018859,0.05178278,-0.0711871,0.29641811,0.06437143,0.36078954,12
25000478,sub-000025000478,HC,M,19.0,LONDON,0.1309807,baseline,4,250107-0116,250107-0151,mid_data_hc1_mdd1.mat,sst_data_hc1_mdd1.mat,-0.15642795,-0.1109907,-0.24924029,0.26511584,-0.02605838,0.16368526,-0.27438391,-0.11437059,-0.46934129,0.04539764,0.13287932,-0.37501214,-0.11391623,-1.05483097,-1.1687472,12
25000478,sub-000025000478,HC,M,19.0,LONDON,0.1309807,baseline,5,250107-0835,250107-0835,mid_data_hc1_mdd1.mat,sst_data_hc1_mdd1.mat,0.01054711,-0.21314411,0.00102331,-0.26143249,0.01922281,0.03382237,-0.49769215,-0.34598655,-0.27773198,0.20664869,-0.02613357,-0.29859694,-0.40996099,-1.2394925,-1.6494535,12
25000478,sub-000025000478,HC,M,19.0,LONDON,0.1309807,gaba,1,1,1,mid_data_mani_gaba.mat,sst_data_mani_gaba.mat,0.59698255,0.38791267,0.19136193,0.56007746,-0.06893315,0.70717119,-0.31353381,0.18892447,-0.23490135,0.38489436,0.16479109,-0.12760727,2.37457265,0.06256749,2.43714014,12
25000478,sub-000025000478,HC,M,19.0,LONDON,0.1309807,gaba,2,2,2,mid_data_mani_gaba.mat,sst_data_mani_gaba.mat,0.63602511,0.25180352,0.20750458,0.53705031,-0.03211322,0.81034699,-0.34014987,0.17385831,-0.15594549,0.44116333,0.12416727,-0.1176643,2.41061728,0.12542925,2.53604654,12
25000478,sub-000025000478,HC,M,19.0,LONDON,0.1309807,gaba,3,3,3,mid_data_mani_gaba.mat,sst_data_mani_gaba.mat,0.6286746,0.36057404,0.20770247,0.61434193,-0.04501497,0.71134379,-0.33401611,0.16260345,-0.2457707,0.40118446,0.15845145,-0.16089305,2.47762186,-0.01844049,2.45918136,12
25000478,sub-000025000478,HC,M,19.0,LONDON,0.1309807,gaba,4,4,4,mid_data_mani_gaba.mat,sst_data_mani_gaba.mat,0.62856164,0.34707604,0.16779188,0.66483882,-0.04109027,0.65789026,-0.27980869,0.17623111,-0.15633976,0.43349582,0.12463536,-0.17451102,2.42506838,0.12370281,2.5487712,12
25000478,sub-000025000478,HC,M,19.0,LONDON,0.1309807,gaba,5,5,5,mid_data_mani_gaba.mat,sst_data_mani_gaba.mat,0.6521023,0.31532346,0.24550514,0.57829842,-0.06227252,0.64893216,-0.26079305,0.21921113,-0.23132391,0.38181827,0.09439061,-0.16192197,2.37788896,0.04138108,2.41927004,12
25067315,sub-000025067315,High-symptom,F,18.0,NOTTINGHAM,0.16227198,ampa,1,1,1,mid_data_mani_IMAGEN.mat,sst_data_mani_IMAGEN.mat,0.22733437,-0.14837196,0.07908585,-0.26892221,0.023457,-0.30805038,0.00153925,0.07655293,-0.0100981,-0.37408518,0.3473789,-0.54048478,-0.39546732,-0.49919696,-0.89466429,12
25067315,sub-000025067315,High-symptom,F,18.0,NOTTINGHAM,0.16227198,ampa,2,2,2,mid_data_mani_IMAGEN.mat,sst_data_mani_IMAGEN.mat,0.22065864,-0.01807578,-0.06116507,0.14703511,0.3210552,0.11568128,0.35172839,-0.32616306,-0.24546056,1.14532335,0.40650083,-0.34713566,0.72518939,0.98479329,1.70998268,12
25067315,sub-000025067315,High-symptom,F,18.0,NOTTINGHAM,0.16227198,ampa,3,3,3,mid_data_mani_IMAGEN.mat,sst_data_mani_IMAGEN.mat,0.1027812,0.11509276,-0.15240704,0.03495318,0.33736506,0.12954599,0.25854185,0.52693508,0.1237417,-0.08473815,0.37408969,0.24198878,0.56733115,1.44055896,2.00789011,12
25067315,sub-000025067315,High-symptom,F,18.0,NOTTINGHAM,0.16227198,ampa,4,4,4,mid_data_mani_IMAGEN.mat,sst_data_mani_IMAGEN.mat,-0.0117164,-0.06580666,-0.09812352,0.1209783,0.04199984,-0.28734831,-0.24548831,0.13993667,-0.22143479,1.11269286,0.49701446,-0.25634624,-0.30001675,1.02637465,0.7263579,12
25067315,sub-000025067315,High-symptom,F,18.0,NOTTINGHAM,0.16227198,ampa,5,5,5,mid_data_mani_IMAGEN.mat,sst_data_mani_IMAGEN.mat,-0.02468573,-0.0938305,0.04558654,0.35533656,0.20240214,0.17174662,0.522822,0.85352729,0.62763081,0.59722518,0.31980045,0.32870326,0.65655563,3.249709,3.90626463,12
25067315,sub-000025067315,High-symptom,F,18.0,NOTTINGHAM,0.16227198,baseline,1,1,1,mid_data_simulated_IMAGEN.mat,sst_data_simulated_IMAGEN.mat,-0.05105998,-0.19969116,-0.14469391,-0.06170763,0.0820389,-0.1045782,-0.62778654,-0.0553466,-0.17317358,-0.34109225,0.79778554,0.12874698,-0.47969198,-0.27086645,-0.75055843,12
25067315,sub-000025067315,High-symptom,F,18.0,NOTTINGHAM,0.16227198,baseline,2,2,2,mid_data_simulated_IMAGEN.mat,sst_data_simulated_IMAGEN.mat,0.42268072,-0.03351193,0.04761958,0.22844001,0.13440147,-0.00838714,0.54003568,-0.82158079,0.19669394,-0.00572185,0.75450952,0.54595889,0.79124271,1.20989539,2.0011381,12
25067315,sub-000025067315,High-symptom,F,18.0,NOTTINGHAM,0.16227198,baseline,3,3,3,mid_data_simulated_IMAGEN.mat,sst_data_simulated_IMAGEN.mat,-0.16409404,-0.29332409,-0.2275961,0.11890198,-0.00328434,-0.4873769,0.0281222,0.45595478,-0.51005162,-0.56646518,0.78594408,-0.58950886,-1.05677347,-0.39600462,-1.45277809,12
25067315,sub-000025067315,High-symptom,F,18.0,NOTTINGHAM,0.16227198,baseline,4,4,4,mid_data_simulated_IMAGEN.mat,sst_data_simulated_IMAGEN.mat,-0.1002167,0.02457277,-0.05333876,-0.22768152,-0.11701527,-0.47818993,-0.38420132,-0.46876498,0.55611535,0.00805525,0.83043268,0.64424594,-0.95186941,1.18588291,0.2340135,12
25067315,sub-000025067315,High-symptom,F,18.0,NOTTINGHAM,0.16227198,baseline,5,5,5,mid_data_simulated_IMAGEN.mat,sst_data_simulated_IMAGEN.mat,0.08364344,0.14791776,-0.03340477,0.1054404,-0.088164,-0.23645451,-0.31689869,-0.41130577,0.07226688,0.41312271,0.95229732,0.31553627,-0.02102168,1.02501873,1.00399705,12
25067315,sub-000025067315,High-symptom,F,18.0,NOTTINGHAM,0.16227198,gaba,1,1,1,mid_data_mani_gaba.mat,sst_data_mani_gaba.mat,0.29466258,-0.08507661,0.29232331,0.1621421,-0.23049828,0.10283459,-0.98094246,0.58491843,-0.25721019,-0.3995752,0.73392591,0.08435002,0.5363877,-0.2345335,0.3018542,12
25067315,sub-000025067315,High-symptom,F,18.0,NOTTINGHAM,0.16227198,gaba,2,2,2,mid_data_mani_gaba.mat,sst_data_mani_gaba.mat,0.3059001,-0.113156,0.32749473,0.14711112,-0.26951722,-0.12066789,-0.71183681,0.527451,-0.23359048,-0.27871974,0.66151024,0.07906662,0.27716484,0.04388083,0.32104566,12
25067315,sub-000025067315,High-symptom,F,18.0,NOTTINGHAM,0.16227198,gaba,3,3,3,mid_data_mani_gaba.mat,sst_data_mani_gaba.mat,0.34003321,-0.24589445,0.36987558,0.1701075,-0.2901918,0.03430286,-0.76098536,0.45134175,-0.26409178,-0.20907559,0.86646996,0.05064365,0.37823289,0.13430263,0.51253551,12
25067315,sub-000025067315,High-symptom,F,18.0,NOTTINGHAM,0.16227198,gaba,4,4,4,mid_data_mani_gaba.mat,sst_data_mani_gaba.mat,0.32428187,-0.0898079,0.35490083,0.13652142,-0.24197433,0.05781538,-0.61844535,0.67403787,-0.29636748,-0.23853553,0.358642,-0.01567761,0.54173727,-0.1363461,0.40539116,12
25067315,sub-000025067315,High-symptom,F,18.0,NOTTINGHAM,0.16227198,gaba,5,5,5,mid_data_mani_gaba.mat,sst_data_mani_gaba.mat,0.33410047,-0.0888344,0.33127901,0.17746378,-0.26089113,0.09533369,-0.89421974,0.51213243,-0.37583616,-0.19132527,0.63034893,-0.05417567,0.58845141,-0.37307549,0.21537592,12
25356336,sub-000025356336,High-symptom,F,18.0,PARIS,0.10526238,ampa,1,1,1,mid_data_mani_IMAGEN.mat,sst_data_mani_IMAGEN.mat,0.18962566,-0.15435927,0.29724978,0.03158603,0.01685601,0.4828122,0.18183452,0.31871549,-0.2665762,0.1902757,0.05331621,-0.16098362,0.86377042,0.31658211,1.18035253,12
25356336,sub-000025356336,High-symptom,F,18.0,PARIS,0.10526238,ampa,2,2,2,mid_data_mani_IMAGEN.mat,sst_data_mani_IMAGEN.mat,0.03844194,0.18101571,-0.0877026,0.12674896,0.22959205,0.03007376,0.30120026,-0.09675803,-0.15480434,0.27463774,0.12899925,-0.03746501,0.51816982,0.41580988,0.9339797,12
25356336,sub-000025356336,High-symptom,F,18.0,PARIS,0.10526238,ampa,3,3,3,mid_data_mani_IMAGEN.mat,sst_data_mani_IMAGEN.mat,-0.11066626,0.41551391,0.00084426,-0.2131876,0.14011668,0.17356566,0.5125623,-0.01664298,0.03575595,-0.4784518,0.015255,0.21091567,0.40618665,0.27939414,0.68558079,12
25356336,sub-000025356336,High-symptom,F,18.0,PARIS,0.10526238,ampa,4,4,4,mid_data_mani_IMAGEN.mat,sst_data_mani_IMAGEN.mat,0.00734355,-0.08730585,-0.13449433,-0.16783315,-0.01597176,0.06923721,0.1828686,-0.07166235,-0.04030464,-0.16474888,0.04661693,-0.02722031,-0.32902433,-0.07445064,-0.40347497,12
25356336,sub-000025356336,High-symptom,F,18.0,PARIS,0.10526238,ampa,5,5,5,mid_data_mani_IMAGEN.mat,sst_data_mani_IMAGEN.mat,0.20451806,-0.00487172,-0.01514853,-0.20679407,-0.02661748,0.19413936,0.2223406,-0.42211644,0.16071881,0.30589846,0.06867935,0.23035583,0.14522561,0.5658766,0.71110221,12
25356336,sub-000025356336,High-symptom,F,18.0,PARIS,0.10526238,baseline,1,1,1,mid_data_simulated_IMAGEN.mat,sst_data_simulated_IMAGEN.mat,0.28258671,0.27935044,-0.28205327,-0.10343998,-0.04000623,-0.53737333,-0.0312018,-0.61708571,-0.21040304,0.34653276,-0.06066209,-0.4510957,-0.40093567,-1.02391558,-1.42485125,12
25356336,sub-000025356336,High-symptom,F,18.0,PARIS,0.10526238,baseline,2,2,2,mid_data_simulated_IMAGEN.mat,sst_data_simulated_IMAGEN.mat,-0.04234747,-0.02459657,-0.28217893,0.04229356,-0.10171436,-0.24247767,-0.08467966,-0.48528732,-0.31589978,0.23431807,-0.07576137,-0.24834772,-0.65102143,-0.97565777,-1.62667921,12
25356336,sub-000025356336,High-symptom,F,18.0,PARIS,0.10526238,baseline,3,3,3,mid_data_simulated_IMAGEN.mat,sst_data_simulated_IMAGEN.mat,-0.08799615,0.0247415,-0.18459488,0.01758117,0.12499501,-0.19321059,0.03710248,-0.38606078,-0.19835194,-0.17338286,-0.15558515,-0.11261465,-0.29848394,-0.98889289,-1.28737684,12
25356336,sub-000025356336,High-symptom,F,18.0,PARIS,0.10526238,baseline,4,4,4,mid_data_simulated_IMAGEN.mat,sst_data_simulated_IMAGEN.mat,0.27493396,-0.35608673,-0.02389357,0.18645592,0.13012966,-0.18222448,0.32096113,-0.41449911,-0.0696458,-0.08126967,-0.102506,-0.02888102,0.02931475,-0.37584047,-0.34652572,12
25356336,sub-000025356336,High-symptom,F,18.0,PARIS,0.10526238,baseline,5,5,5,mid_data_simulated_IMAGEN.mat,sst_data_simulated_IMAGEN.mat,0.02724034,0.15653069,-0.00584516,0.0368867,0.00022663,-0.39231279,-0.20630987,-0.54320401,-0.35953304,-0.11152998,-0.08397462,-0.33468653,-0.17727358,-1.63923805,-1.81651163,12
25356336,sub-000025356336,High-symptom,F,18.0,PARIS,0.10526238,gaba,1,1,1,mid_data_mani_gaba.mat,sst_data_mani_gaba.mat,0.41834065,-0.43866467,0.26506249,-0.07202979,0.05436541,0.70541091,0.22733859,0.05451724,0.1822741,-0.13244403,0.09162019,0.01671849,0.93248499,0.44002459,1.37250958,12
25356336,sub-000025356336,High-symptom,F,18.0,PARIS,0.10526238,gaba,2,2,2,mid_data_mani_gaba.mat,sst_data_mani_gaba.mat,0.20629551,0.05441235,0.05537653,-0.11226579,0.27200766,0.47566926,0.16539631,0.19226125,0.06834027,-0.16219141,0.07703494,0.0107241,0.95149552,0.35156546,1.30306098,12
25356336,sub-000025356336,High-symptom,F,18.0,PARIS,0.10526238,gaba,3,3,3,mid_data_mani_gaba.mat,sst_data_mani_gaba.mat,0.47612546,-0.21925887,0.27095291,-0.00573343,0.04106227,0.64168699,0.15213634,0.12734381,0.1315038,-0.09902638,0.17464917,0.03910887,1.20483534,0.5257156,1.73055094,12
25356336,sub-000025356336,High-symptom,F,18.0,PARIS,0.10526238,gaba,4,4,4,mid_data_mani_gaba.mat,sst_data_mani_gaba.mat,0.36953485,-0.07559115,0.1465191,-0.19953488,0.20323739,0.61522915,0.1568909,0.11696113,0.15388136,-0.19470699,0.06850987,0.08425014,1.05939446,0.3857864,1.44518086,12
25356336,sub-000025356336,High-symptom,F,18.0,PARIS,0.10526238,gaba,5,5,5,mid_data_mani_gaba.mat,sst_data_mani_gaba.mat,0.3357459,-0.12478666,0.19321413,-0.25005455,0.16700427,0.7027125,0.25161905,0.1290483,0.20271062,-0.23906699,0.12543282,0.0270962,1.02383557,0.49684001,1.52067558,12
25517914,sub-000025517914,High-symptom,M,18.0,LONDON,0.16248752,ampa,1,1,1,mid_data_mani_IMAGEN.mat,sst_data_mani_IMAGEN.mat,0.02091659,0.19892753,0.14165447,0.06228222,0.01823491,-0.00996274,0.07913539,0.07698139,-0.05902979,0.01941928,-0.19507213,-0.00070532,0.43205298,-0.07927119,0.35278179,12
25517914,sub-000025517914,High-symptom,M,18.0,LONDON,0.16248752,ampa,2,2,2,mid_data_mani_IMAGEN.mat,sst_data_mani_IMAGEN.mat,0.00392317,-0.18127466,0.09410712,-0.11504778,-0.0297867,-0.13816441,-0.01563998,-0.00226949,0.24277891,-0.28954565,-0.17373445,0.22121984,-0.36624325,-0.01719081,-0.38343406,12
25517914,sub-000025517914,High-symptom,M,18.0,LONDON,0.16248752,ampa,3,3,3,mid_data_mani_IMAGEN.mat,sst_data_mani_IMAGEN.mat,0.08521861,-0.32215639,-0.0362632,0.01446642,-0.03570201,-0.20613831,-0.20226864,-0.23078907,-0.25170798,0.15832722,-0.1830666,-0.00804341,-0.5005749,-0.71754848,-1.21812338,12
25517914,sub-000025517914,High-symptom,M,18.0,LONDON,0.16248752,ampa,4,4,4,mid_data_mani_IMAGEN.mat,sst_data_mani_IMAGEN.mat,0.17072713,-0.17714476,-0.10504904,-0.03318811,0.09082006,-0.06729131,-0.11511517,0.30140172,-0.12722967,-0.14419185,-0.18821837,-0.10462559,-0.12112603,-0.37797894,-0.49910497,12
25517914,sub-000025517914,High-symptom,M,18.0,LONDON,0.16248752,ampa,5,5,5,mid_data_mani_IMAGEN.mat,sst_data_mani_IMAGEN.mat,-0.0544632,-0.17776002,-0.22680723,0.02811848,-0.12160277,0.40314798,-0.03443525,-0.07553162,-0.01130968,0.15645963,-0.21363364,9.974e-05,-0.14936677,-0.17835083,-0.3277176,12
25517914,sub-000025517914,High-symptom,M,18.0,LONDON,0.16248752,baseline,1,1,1,mid_data_simulated_IMAGEN.mat,sst_data_simulated_IMAGEN.mat,-0.22465621,0.05215061,-0.04583759,-0.32826505,0.13234558,-0.30081562,0.22511955,-0.41131296,0.32436858,-0.12617147,0.06966219,0.41722683,-0.71507829,0.49889271,-0.21618558,12
25517914,sub-000025517914,High-symptom,M,18.0,LONDON,0.16248752,baseline,2,2,2,mid_data_simulated_IMAGEN.mat,sst_data_simulated_IMAGEN.mat,-0.27057843,0.01921628,0.08942027,0.00199746,-0.26310691,-0.04772043,0.37769681,-0.67125926,0.23398079,-0.08950167,-0.07598607,0.36091515,-0.47077176,0.13584575,-0.33492601,12
25517914,sub-000025517914,High-symptom,M,18.0,LONDON,0.16248752,baseline,3,3,3,mid_data_simulated_IMAGEN.mat,sst_data_simulated_IMAGEN.mat,-0.31866972,0.11333334,-0.11170566,0.11938711,0.10270612,0.14947862,0.51257875,-0.27919193,0.0801789,0.02330418,0.12468716,0.07019869,0.05452982,0.53175575,0.58628557,12
25517914,sub-000025517914,High-symptom,M,18.0,LONDON,0.16248752,baseline,4,4,4,mid_data_simulated_IMAGEN.mat,sst_data_simulated_IMAGEN.mat,-0.04058256,-0.05490381,0.20368533,0.06002165,-0.20598912,0.05241036,0.16650994,-0.21913443,0.09576947,-0.03097785,0.02477427,0.29426042,0.01464185,0.33120181,0.34584366,12
25517914,sub-000025517914,High-symptom,M,18.0,LONDON,0.16248752,baseline,5,5,5,mid_data_simulated_IMAGEN.mat,sst_data_simulated_IMAGEN.mat,-0.0320298,-0.03032493,-0.03115224,0.35485929,0.24282205,-0.02978311,0.37222449,-0.24190592,0.14134506,0.36246361,-0.07879385,-0.03098575,0.47439127,0.52434764,0.99873891,12
25517914,sub-000025517914,High-symptom,M,18.0,LONDON,0.16248752,gaba,1,1,1,mid_data_mani_gaba.mat,sst_data_mani_gaba.mat,0.27807246,0.17626214,0.28544809,0.03430669,0.3785908,0.16559091,-0.08256168,0.10826905,0.69075703,0.64584957,-0.07632883,0.75953614,1.31827108,2.04552128,3.36379236,12
25517914,sub-000025517914,High-symptom,M,18.0,LONDON,0.16248752,gaba,2,2,2,mid_data_mani_gaba.mat,sst_data_mani_gaba.mat,0.27353495,0.09273634,0.22821289,-0.09097376,0.43326063,0.28359804,-0.05358856,0.28938637,0.65196025,0.72644126,0.06365349,0.71500902,1.22036909,2.39286183,3.61323092,12
25517914,sub-000025517914,High-symptom,M,18.0,LONDON,0.16248752,gaba,3,3,3,mid_data_mani_gaba.mat,sst_data_mani_gaba.mat,0.29449387,0.04993621,0.31012333,-0.12740811,0.47818562,0.38427517,-0.14215324,0.09607019,0.76734155,0.59394597,-0.07276724,0.71188244,1.38960609,1.95431968,3.34392577,12
25517914,sub-000025517914,High-symptom,M,18.0,LONDON,0.16248752,gaba,4,4,4,mid_data_mani_gaba.mat,sst_data_mani_gaba.mat,0.26067066,0.09934819,0.27437851,-0.18639843,0.46037513,0.37945207,-0.07801494,0.2428142,0.75728269,0.70720093,0.03686541,0.75639363,1.28782613,2.42254194,3.71036807,12
25517914,sub-000025517914,High-symptom,M,18.0,LONDON,0.16248752,gaba,5,5,5,mid_data_mani_gaba.mat,sst_data_mani_gaba.mat,0.27982424,0.16750393,0.21885604,0.08264174,0.38322236,0.25207332,-0.03793706,0.08621722,0.79565375,0.48407414,-0.09383162,0.73112826,1.38412164,1.96530469,3.34942632,12
26901488,sub-000026901488,High-symptom,F,18.0,DRESDEN,0.06362642,ampa,1,1,1,mid_data_mani_IMAGEN.mat,sst_data_mani_IMAGEN.mat,0.12174846,-0.16980241,0.0906685,0.10458638,0.14619871,-0.1086575,-0.02960793,0.01436153,-0.11713606,-0.30492757,-0.15550901,-0.2613868,0.18474215,-0.85420585,-0.6694637,12
26901488,sub-000026901488,High-symptom,F,18.0,DRESDEN,0.06362642,ampa,2,2,2,mid_data_mani_IMAGEN.mat,sst_data_mani_IMAGEN.mat,0.0641962,-0.07610426,0.12524405,-0.24871372,0.07341516,0.12502677,-0.05058324,0.17706931,0.0719489,-0.10047172,-0.19904303,-0.02633066,0.06306419,-0.12741044,-0.06434624,12
26901488,sub-000026901488,High-symptom,F,18.0,DRESDEN,0.06362642,ampa,3,3,3,mid_data_mani_IMAGEN.mat,sst_data_mani_IMAGEN.mat,0.20760914,-0.0359512,0.05751322,-0.02300012,-0.19739589,0.13692094,0.30229184,0.06354838,0.14003884,0.13592901,-0.1093404,0.14642169,0.14569609,0.67888937,0.82458546,12
26901488,sub-000026901488,High-symptom,F,18.0,DRESDEN,0.06362642,ampa,4,4,4,mid_data_mani_IMAGEN.mat,sst_data_mani_IMAGEN.mat,0.15347525,-0.17083113,-0.05694033,-0.18392819,-0.08538639,0.31592578,-0.15520944,-0.25197403,0.18160451,-0.04930002,-0.15616159,-0.18032508,-0.02768501,-0.61136565,-0.63905067,12
26901488,sub-000026901488,High-symptom,F,18.0,DRESDEN,0.06362642,ampa,5,5,5,mid_data_mani_IMAGEN.mat,sst_data_mani_IMAGEN.mat,-0.01706025,-0.00644159,0.25206957,-0.0228729,0.03878641,0.26781143,-0.09053636,0.15029827,-0.00052255,-0.03358446,-0.08690556,0.00405144,0.51229268,-0.05719923,0.45509345,12
26901488,sub-000026901488,High-symptom,F,18.0,DRESDEN,0.06362642,baseline,1,1,1,mid_data_simulated_IMAGEN.mat,sst_data_simulated_IMAGEN.mat,0.13389237,-0.23909039,0.06147909,-0.14140324,-0.09924363,0.33976872,-0.40215259,-0.21799437,0.28740306,-0.26449998,-0.2784303,-0.06762998,0.05540293,-0.94330415,-0.88790123,12
26901488,sub-000026901488,High-symptom,F,18.0,DRESDEN,0.06362642,baseline,2,2,2,mid_data_simulated_IMAGEN.mat,sst_data_simulated_IMAGEN.mat,-0.15427036,-0.05143817,-0.05217558,0.06873744,0.3006387,-0.11559406,-0.61630261,-0.32412784,-0.26370858,0.01485427,-0.28358194,-0.15196344,-0.00410203,-1.62483015,-1.62893218,12
26901488,sub-000026901488,High-symptom,F,18.0,DRESDEN,0.06362642,baseline,3,3,3,mid_data_simulated_IMAGEN.mat,sst_data_simulated_IMAGEN.mat,-0.16153999,-0.38789456,-0.10421698,-0.16507726,0.41416395,-0.06489204,-0.0407998,-0.42438647,-0.08922241,0.04622014,-0.32994214,-0.35250152,-0.46945688,-1.19063219,-1.66008907,12
26901488,sub-000026901488,High-symptom,F,18.0,DRESDEN,0.06362642,baseline,4,4,4,mid_data_simulated_IMAGEN.mat,sst_data_simulated_IMAGEN.mat,0.1877726,-0.27878836,0.11090325,-0.02185017,-0.01668094,0.17854228,-0.61653536,-0.07035072,-0.37549536,-0.24000626,-0.29431396,-0.2070034,0.15989866,-1.80370506,-1.6438064,12
26901488,sub-000026901488,High-symptom,F,18.0,DRESDEN,0.06362642,baseline,5,5,5,mid_data_simulated_IMAGEN.mat,sst_data_simulated_IMAGEN.mat,-0.01069141,-0.03379591,0.04935694,-0.05208106,0.07140919,0.23679924,-0.6922883,-0.47716861,-0.06114659,-0.09480232,-0.39474816,0.00966408,0.26099699,-1.71048989,-1.4494929,12
26901488,sub-000026901488,High-symptom,F,18.0,DRESDEN,0.06362642,gaba,1,1,1,mid_data_mani_gaba.mat,sst_data_mani_gaba.mat,0.01359121,-0.04376242,-0.12035851,0.25136655,-0.16463802,-0.16639947,-0.29855562,0.24865177,0.70262251,0.00217751,-0.33218126,0.4091756,-0.23020065,0.73189052,0.50168986,12
26901488,sub-000026901488,High-symptom,F,18.0,DRESDEN,0.06362642,gaba,2,2,2,mid_data_mani_gaba.mat,sst_data_mani_gaba.mat,-0.27267272,-0.2737247,-0.093975,0.42500828,-0.11558557,-0.33766856,-0.17593843,0.25939562,0.33346417,-0.17093645,-0.08801449,0.1103998,-0.66861826,0.26837022,-0.40024804,12
26901488,sub-000026901488,High-symptom,F,18.0,DRESDEN,0.06362642,gaba,3,3,3,mid_data_mani_gaba.mat,sst_data_mani_gaba.mat,-0.06649743,-0.26188074,-0.07166587,0.28024872,-0.19747311,-0.3068013,-0.22610664,0.24435648,0.59079671,-0.20270826,-0.32600278,0.19219171,-0.62406973,0.27252722,-0.35154251,12
26901488,sub-000026901488,High-symptom,F,18.0,DRESDEN,0.06362642,gaba,4,4,4,mid_data_mani_gaba.mat,sst_data_mani_gaba.mat,-0.11135784,-0.24345948,-0.05007271,0.4621521,-0.04130267,-0.28803252,-0.37070023,0.27082889,0.3867868,-0.10723883,-0.24129527,0.07746216,-0.27207311,0.01584352,-0.25622959,12
26901488,sub-000026901488,High-symptom,F,18.0,DRESDEN,0.06362642,gaba,5,5,5,mid_data_mani_gaba.mat,sst_data_mani_gaba.mat,-0.16999481,-0.1439366,-0.08982068,0.4091643,0.00935003,-0.01445557,-0.19814526,0.21161302,0.49357917,-0.09750464,-0.29516089,0.28489814,0.00030667,0.39927954,0.39958621,12
27578624,sub-000027578624,High-symptom,F,18.0,MANNHEIM,0.15829084,ampa,1,1,1,mid_data_mani_IMAGEN.mat,sst_data_mani_IMAGEN.mat,-0.20329395,0.19052933,0.10516044,-0.10776995,-0.05986284,0.18292981,0.34819969,0.02180593,-0.13253762,0.31449598,-0.11251012,-0.18953635,0.10769283,0.24991752,0.35761035,12
27578624,sub-000027578624,High-symptom,F,18.0,MANNHEIM,0.15829084,ampa,2,2,2,mid_data_mani_IMAGEN.mat,sst_data_mani_IMAGEN.mat,0.25916844,-0.15846318,0.02334224,-0.12066815,0.02998876,-0.27265735,0.41234439,0.03145947,0.33055036,-0.12372274,-0.06863733,0.34509421,-0.23928923,0.92708836,0.68779913,12
27578624,sub-000027578624,High-symptom,F,18.0,MANNHEIM,0.15829084,ampa,3,3,3,mid_data_mani_IMAGEN.mat,sst_data_mani_IMAGEN.mat,0.03782884,-0.00142378,0.07933268,0.10598343,0.43467622,-0.30306801,0.4147604,0.10306194,0.15796693,0.16151606,-0.09680661,0.01167561,0.35332937,0.75217434,1.10550371,12
27578624,sub-000027578624,High-symptom,F,18.0,MANNHEIM,0.15829084,ampa,4,4,4,mid_data_mani_IMAGEN.mat,sst_data_mani_IMAGEN.mat,-0.1807353,0.13537862,-0.09473743,-0.07899037,-0.00958656,-0.1404558,0.08518731,0.01014799,0.03228521,0.05531075,-0.01189584,0.02096155,-0.36912684,0.19199697,-0.17712987,12
27578624,sub-000027578624,High-symptom,F,18.0,MANNHEIM,0.15829084,ampa,5,5,5,mid_data_mani_IMAGEN.mat,sst_data_mani_IMAGEN.mat,0.07980309,-0.01527317,-0.02438507,0.17085535,-0.14341495,-0.14497296,0.27834863,0.18129699,0.0086216,0.06518842,-0.12441871,0.1614404,-0.07738772,0.57047733,0.49308962,12
27578624,sub-000027578624,High-symptom,F,18.0,MANNHEIM,0.15829084,baseline,1,1,1,mid_data_simulated_IMAGEN.mat,sst_data_simulated_IMAGEN.mat,0.29595615,0.03706701,0.14380765,0.00143921,0.25461297,-0.23125333,0.20745105,-0.12378064,0.00889196,-0.18956772,-0.27703299,-0.06770002,0.50162966,-0.44173835,0.05989131,12
27578624,sub-000027578624,High-symptom,F,18.0,MANNHEIM,0.15829084,baseline,2,2,2,mid_data_simulated_IMAGEN.mat,sst_data_simulated_IMAGEN.mat,-0.02578892,0.17315395,-0.26525782,-0.0554035,0.16139523,-0.53107076,0.06411407,-0.15667083,-0.41792617,0.07811813,-0.21198336,-0.326759,-0.54297183,-0.97110717,-1.514079,12
27578624,sub-000027578624,High-symptom,F,18.0,MANNHEIM,0.15829084,baseline,3,3,3,mid_data_simulated_IMAGEN.mat,sst_data_simulated_IMAGEN.mat,0.23649841,-0.09452243,0.25974733,0.13678365,0.19729156,-0.24675874,-0.28447153,-0.15714782,-0.18595713,-0.12579804,-0.3163623,-0.02477794,0.48903979,-1.09451476,-0.60547497,12
27578624,sub-000027578624,High-symptom,F,18.0,MANNHEIM,0.15829084,baseline,4,4,4,mid_data_simulated_IMAGEN.mat,sst_data_simulated_IMAGEN.mat,0.28390452,0.13412261,0.20277123,0.06866388,0.00238151,-0.68234055,-0.00579024,0.36775633,-0.11534021,-0.31041971,-0.30770092,-0.04183653,0.00950321,-0.41333128,-0.40382806,12
27578624,sub-000027578624,High-symptom,F,18.0,MANNHEIM,0.15829084,baseline,5,5,5,mid_data_simulated_IMAGEN.mat,sst_data_simulated_IMAGEN.mat,-0.03680499,-0.18731375,-0.02461892,-0.00647662,0.33831016,-0.12932543,-0.31311388,-0.13162377,0.04633238,-0.27104807,-0.19324953,0.13818481,-0.04622956,-0.72451806,-0.77074762,12
27578624,sub-000027578624,High-symptom,F,18.0,MANNHEIM,0.15829084,gaba,1,1,1,mid_data_mani_gaba.mat,sst_data_mani_gaba.mat,0.94476287,0.12125284,0.72200545,0.14475231,0.30779065,0.33110868,0.50924193,0.19973368,0.40528134,0.72867589,-0.10802678,0.41695414,2.57167281,2.15186018,4.72353299,12
27578624,sub-000027578624,High-symptom,F,18.0,MANNHEIM,0.15829084,gaba,2,3,2,mid_data_mani_gaba.mat,sst_data_mani_gaba.mat,0.86996571,0.15089939,0.61512117,0.15304308,0.22581645,0.31177266,0.51962784,0.25316242,0.51943685,0.77271871,-0.06663729,0.5506598,2.32661846,2.54896834,4.8755868,12
27578624,sub-000027578624,High-symptom,F,18.0,MANNHEIM,0.15829084,gaba,3,4,3,mid_data_mani_gaba.mat,sst_data_mani_gaba.mat,0.87374494,0.13294932,0.63689006,0.15958509,0.32177067,0.33617873,0.47693938,0.23259468,0.22281443,0.69615652,-0.15305478,0.32314327,2.46111882,1.79859349,4.25971231,12
27578624,sub-000027578624,High-symptom,F,18.0,MANNHEIM,0.15829084,gaba,4,5,4,mid_data_mani_gaba.mat,sst_data_mani_gaba.mat,0.85949781,0.11873741,0.67500983,0.22131314,0.37270253,0.20140688,0.59753745,0.31664951,0.41053435,0.85365149,-0.12863551,0.49366334,2.4486676,2.54340062,4.99206823,12
27578624,sub-000027578624,High-symptom,F,18.0,MANNHEIM,0.15829084,gaba,5,,5,,sst_data_mani_gaba.mat,0.79754722,0.2401418,0.80824404,0.24348283,0.34276825,0.26270282,,,,,,,2.69488696,,,6
28113492,sub-000028113492,HC,F,18.0,BERLIN,0.14287454,ampa,1,250409-1834,250409-1835,mid_data_mani_hc2.mat,sst_data_mani_hc2.mat,-0.02170333,-0.19546927,-0.18981115,0.12197829,0.22126959,0.12421755,0.27667616,0.55056528,0.22886517,0.46713255,0.15752815,0.16738397,0.06048167,1.84815127,1.90863294,12
28113492,sub-000028113492,HC,F,18.0,BERLIN,0.14287454,ampa,2,250409-2318,250409-2349,mid_data_mani_hc2.mat,sst_data_mani_hc2.mat,-0.09019684,-0.25336135,-0.26671982,0.16019428,-0.10490644,0.13324777,0.0673299,0.60269028,0.40859113,0.24842894,0.11348854,0.61178595,-0.4217424,2.05231474,1.63057234,12
28113492,sub-000028113492,HC,F,18.0,BERLIN,0.14287454,ampa,3,250410-0731,250410-0753,mid_data_mani_hc2.mat,sst_data_mani_hc2.mat,-0.23899799,-0.01465317,0.10219881,0.03026304,-0.3621073,0.26767631,-0.12286612,0.80284168,-0.24405798,0.11938209,0.09416735,0.04338408,-0.21562029,0.69285111,0.47723081,12
28113492,sub-000028113492,HC,F,18.0,BERLIN,0.14287454,ampa,4,250411-0210,250411-0002,mid_data_mani_hc2.mat,sst_data_mani_hc2.mat,-0.00956702,0.07316803,0.05885043,-0.28551993,-0.3402352,-0.27607172,0.09371285,0.51114236,-0.03730478,0.01965608,0.08309641,0.18500782,-0.77937542,0.85531074,0.07593532,12
28113492,sub-000028113492,HC,F,18.0,BERLIN,0.14287454,ampa,5,250411-0400,250411-0434,mid_data_mani_hc2.mat,sst_data_mani_hc2.mat,-0.02166477,-0.17103568,0.08009312,-0.00609037,0.26359151,-0.13497465,0.59435308,0.42777626,0.2689793,0.17997204,0.11204314,0.34651952,0.00991915,1.92964333,1.93956248,12
28113492,sub-000028113492,HC,F,18.0,BERLIN,0.14287454,ampa,6,250411-0639,250411-1247,mid_data_mani_hc2.mat,sst_data_mani_hc2.mat,0.26323572,0.17406237,0.15792371,0.02375599,-0.2795883,0.08070857,0.65172883,0.92342781,0.76821715,0.04691893,0.10509756,0.67050614,0.42009806,3.16589643,3.58599449,12
28113492,sub-000028113492,HC,F,18.0,BERLIN,0.14287454,ampa,7,250411-1016,250411-1551,mid_data_mani_hc2.mat,sst_data_mani_hc2.mat,0.15442945,0.04383908,0.03641623,-0.2388582,-0.06931381,-0.10976122,0.5346699,0.787648,0.361168,0.20634873,0.08543248,0.24135012,-0.18324846,2.21661724,2.03336878,12
28113492,sub-000028113492,HC,F,18.0,BERLIN,0.14287454,ampa,8,250411-1549,,mid_data_mani_hc2.mat,,,,,,,,0.74383198,0.67768485,0.43734929,0.50845963,0.09897267,0.33484527,,2.8011437,,6
28113492,sub-000028113492,HC,F,18.0,BERLIN,0.14287454,baseline,1,250110-2208,250110-2246,mid_data_simu_hc2.mat,sst_data_simulated_hc2.mat,0.52226002,-0.05803655,0.27358376,0.09478246,0.06657312,0.41345635,-0.02270097,0.58402715,0.21553152,-0.32775636,0.02882037,0.20794589,1.31261916,0.6858676,1.99848676,12
28113492,sub-000028113492,HC,F,18.0,BERLIN,0.14287454,baseline,2,250111-0802,250111-0824,mid_data_simu_hc2.mat,sst_data_simulated_hc2.mat,0.31898573,0.20392531,0.12681834,-0.1184167,-0.32897413,0.14117963,-0.46087477,-0.06791003,0.17083004,-0.45139312,-0.07436296,0.01688821,0.34351818,-0.86682264,-0.52330445,12
28113492,sub-000028113492,HC,F,18.0,BERLIN,0.14287454,baseline,3,250111-1325,250111-1327,mid_data_simu_hc2.mat,sst_data_simulated_hc2.mat,0.08989501,0.07842442,0.01215501,0.30143276,-0.18087622,0.47827827,-0.60438345,0.228036,0.55317777,-0.2799915,0.18014456,0.30953685,0.77930925,0.38652023,1.16582948,12
28113492,sub-000028113492,HC,F,18.0,BERLIN,0.14287454,baseline,4,250111-1659,250111-1711,mid_data_simu_hc2.mat,sst_data_simulated_hc2.mat,0.3261871,-0.02315131,0.31409107,0.30342514,-0.23268854,0.263395,-0.50846496,0.10370257,0.01212049,0.14639338,0.00827253,0.19061303,0.95125846,-0.04736296,0.9038955,12
28113492,sub-000028113492,HC,F,18.0,BERLIN,0.14287454,baseline,5,250111-2012,250111-2104,mid_data_simu_hc2.mat,sst_data_simulated_hc2.mat,0.40571493,-0.03540572,0.26438138,-0.0092,-0.13605837,0.5177981,-0.25904362,-0.32142436,0.0223607,-0.37091412,0.23062955,-0.05747189,1.00723033,-0.75586375,0.25136658,12
28113492,sub-000028113492,HC,F,18.0,BERLIN,0.14287454,gaba,1,2,1,mid_data_mani_gaba.mat,sst_data_mani_gaba.mat,1.06112258,-0.10376652,0.71149106,0.46105888,-0.15111953,0.86362646,-0.06331178,0.5796965,0.43305234,0.23125812,-0.29816844,0.50218244,2.84241293,1.38470918,4.22712212,12
28113492,sub-000028113492,HC,F,18.0,BERLIN,0.14287454,gaba,2,3,2,mid_data_mani_gaba.mat,sst_data_mani_gaba.mat,0.91858262,-0.14535798,0.688442,0.42675478,-0.15868567,0.44809302,-0.07599987,0.61573889,0.48961841,0.3179376,-0.23023784,0.6227466,2.17782878,1.7398038,3.91763258,12
28113492,sub-000028113492,HC,F,18.0,BERLIN,0.14287454,gaba,3,4,3,mid_data_mani_gaba.mat,sst_data_mani_gaba.mat,0.8912654,-0.23580774,0.61518102,0.61317078,-0.28008871,0.50348575,-0.13781999,0.6604261,0.49232459,0.24679997,-0.20479506,0.60581105,2.10720651,1.66274666,3.76995317,12
28113492,sub-000028113492,HC,F,18.0,BERLIN,0.14287454,gaba,4,5,4,mid_data_mani_gaba.mat,sst_data_mani_gaba.mat,0.88815481,0.01837391,0.70890804,0.58046306,-0.16662604,0.52984449,-0.12339898,0.51707687,0.39672973,0.27486039,-0.20082823,0.53690743,2.55911827,1.40134721,3.96046548,12
28113492,sub-000028113492,HC,F,18.0,BERLIN,0.14287454,gaba,5,,5,,sst_data_mani_gaba.mat,0.93729442,-0.04129133,0.57321634,0.52138331,-0.21299009,0.57027717,,,,,,,2.34788981,,,6
29658673,sub-000029658673,High-symptom,F,19.0,DUBLIN,0.20300892,ampa,1,1,1,mid_data_mani_IMAGEN.mat,sst_data_mani_IMAGEN.mat,-0.09923269,0.00026514,-0.0928992,0.21860027,0.06169694,0.0505626,0.11478788,0.36132964,-0.18288879,-0.09379706,0.00292014,-0.14216718,0.13899305,0.06018463,0.19917768,12
29658673,sub-000029658673,High-symptom,F,19.0,DUBLIN,0.20300892,ampa,2,2,2,mid_data_mani_IMAGEN.mat,sst_data_mani_IMAGEN.mat,0.1262789,0.05384765,0.11867184,-0.01353774,-0.11049199,0.27199235,-0.02628837,0.256866,-0.20770539,0.07083415,0.00671566,-0.26283469,0.446761,-0.16241264,0.28434836,12
29658673,sub-000029658673,High-symptom,F,19.0,DUBLIN,0.20300892,ampa,3,3,3,mid_data_mani_IMAGEN.mat,sst_data_mani_IMAGEN.mat,0.14879179,-0.10720045,0.0888561,0.18561212,-0.12893821,0.20374123,0.14650759,-0.08232082,0.07684525,0.07410632,-0.14136745,0.20443391,0.39086258,0.27820479,0.66906737,12
29658673,sub-000029658673,High-symptom,F,19.0,DUBLIN,0.20300892,ampa,4,4,4,mid_data_mani_IMAGEN.mat,sst_data_mani_IMAGEN.mat,0.24257083,-0.20471124,0.1819633,0.22020045,0.27403121,-0.20759331,0.06143453,-0.08383295,-0.30460665,-0.12109609,-0.09854944,-0.17180779,0.50646123,-0.7184584,-0.21199717,12
29658673,sub-000029658673,High-symptom,F,19.0,DUBLIN,0.20300892,ampa,5,5,5,mid_data_mani_IMAGEN.mat,sst_data_mani_IMAGEN.mat,-0.3442938,0.18706149,0.29494383,-0.01904665,0.03769916,-0.34191525,0.08025374,-0.00997367,0.075518,-0.02026457,-0.01917165,-0.03002269,-0.18555123,0.07633917,-0.10921206,12
29658673,sub-000029658673,High-symptom,F,19.0,DUBLIN,0.20300892,baseline,1,1,1,mid_data_simulated_IMAGEN.mat,sst_data_simulated_IMAGEN.mat,0.09518808,0.18613016,-0.11288775,0.04356712,-0.04795769,0.08762149,-0.31597334,-0.10570152,-0.16228771,0.03042278,-0.0818892,-0.02989111,0.2516614,-0.66532011,-0.4136587,12
29658673,sub-000029658673,High-symptom,F,19.0,DUBLIN,0.20300892,baseline,2,2,2,mid_data_simulated_IMAGEN.mat,sst_data_simulated_IMAGEN.mat,0.24074126,0.003086,-0.0123663,0.50407948,0.03638704,-0.05450384,-0.09650418,-0.27740391,-0.29640464,0.04354093,-0.01551709,-0.31407298,0.71742365,-0.95636187,-0.23893822,12
29658673,sub-000029658673,High-symptom,F,19.0,DUBLIN,0.20300892,baseline,3,3,3,mid_data_simulated_IMAGEN.mat,sst_data_simulated_IMAGEN.mat,0.01256361,0.17229696,0.0203541,-0.18747248,-0.08204919,-0.06832378,-0.24770547,-0.06940716,0.14684321,-0.52096581,-0.03204737,-0.01125004,-0.13263078,-0.73453264,-0.86716343,12
29658673,sub-000029658673,High-symptom,F,19.0,DUBLIN,0.20300892,baseline,4,4,4,mid_data_simulated_IMAGEN.mat,sst_data_simulated_IMAGEN.mat,-0.08105966,0.0136627,-0.21950924,0.17959861,0.0198664,-0.21015402,-0.32205408,-0.02899707,-0.21312923,0.20202346,0.08612244,-0.11459978,-0.29759522,-0.39063425,-0.68822947,12
29658673,sub-000029658673,High-symptom,F,19.0,DUBLIN,0.20300892,baseline,5,5,5,mid_data_simulated_IMAGEN.mat,sst_data_simulated_IMAGEN.mat,-0.17169594,-0.22827521,-0.12073228,0.280632,-0.17608141,0.06617704,-0.4605599,-0.07129976,-0.11761983,-0.1350289,0.04394921,-0.17204763,-0.34997579,-0.91260681,-1.2625826,12
29658673,sub-000029658673,High-symptom,F,19.0,DUBLIN,0.20300892,gaba,1,1,1,mid_data_mani_gaba.mat,sst_data_mani_gaba.mat,0.63649157,-0.21529072,0.45318893,0.20649904,0.01089624,0.3489961,0.15639307,0.3776851,0.78488224,0.58861812,-0.24155992,0.81004218,1.44078116,2.47606079,3.91684195,12
29658673,sub-000029658673,High-symptom,F,19.0,DUBLIN,0.20300892,gaba,2,2,2,mid_data_mani_gaba.mat,sst_data_mani_gaba.mat,0.72329858,-0.22481732,0.415225,0.19365323,-0.09903564,0.37403211,0.15846427,0.58589726,0.59546475,0.52009441,-0.28490987,0.77690592,1.38235595,2.35191674,3.73427269,12
29658673,sub-000029658673,High-symptom,F,19.0,DUBLIN,0.20300892,gaba,3,3,3,mid_data_mani_gaba.mat,sst_data_mani_gaba.mat,0.73876126,-0.34490661,0.45818982,0.21683858,-0.10582636,0.38506959,0.08561801,0.31764501,0.69211009,0.56116853,-0.18151316,0.69882135,1.34812627,2.17384983,3.5219761,12
29658673,sub-000029658673,High-symptom,F,19.0,DUBLIN,0.20300892,gaba,4,4,4,mid_data_mani_gaba.mat,sst_data_mani_gaba.mat,0.71615165,-0.34565893,0.40618411,0.29079744,-0.12871627,0.30563626,0.08628252,0.32120093,0.73806677,0.5238718,-0.28356999,0.69629359,1.24439427,2.08214561,3.32653988,12
29658673,sub-000029658673,High-symptom,F,19.0,DUBLIN,0.20300892,gaba,5,5,5,mid_data_mani_gaba.mat,sst_data_mani_gaba.mat,0.72280577,-0.22575468,0.4331803,0.19645877,-0.14792793,0.4560851,0.08526734,0.55154238,0.77194675,0.56649646,-0.30193975,0.78608359,1.43484734,2.45939677,3.89424411,12
29751086,sub-000029751086,High-symptom,M,19.0,NOTTINGHAM,0.12530096,ampa,1,1,1,mid_data_mani_IMAGEN.mat,sst_data_mani_IMAGEN.mat,-0.11232427,-0.02377311,-0.05568667,-0.17864613,-0.08073939,-0.12966427,-0.05337448,0.37826822,0.05462088,-0.04650595,-0.19984101,0.13716332,-0.58083384,0.27033098,-0.31050286,12
29751086,sub-000029751086,High-symptom,M,19.0,NOTTINGHAM,0.12530096,ampa,2,2,2,mid_data_mani_IMAGEN.mat,sst_data_mani_IMAGEN.mat,-0.01474333,-0.12477234,-0.05066846,-0.20908834,-0.01408404,-0.03630525,-0.07315259,0.34704824,-0.15975859,0.1309319,-0.19196517,-0.05149253,-0.44966175,0.00161127,-0.44805048,12
29751086,sub-000029751086,High-symptom,M,19.0,NOTTINGHAM,0.12530096,ampa,3,3,3,mid_data_mani_IMAGEN.mat,sst_data_mani_IMAGEN.mat,-0.03430504,-0.07408145,0.04101485,0.41963781,-0.28025478,0.27476753,-0.16194791,0.35164481,0.1407919,0.33246922,-0.18229327,0.20469319,0.34677892,0.68535794,1.03213686,12
29751086,sub-000029751086,High-symptom,M,19.0,NOTTINGHAM,0.12530096,ampa,4,4,4,mid_data_mani_IMAGEN.mat,sst_data_mani_IMAGEN.mat,-0.00612415,-0.05039405,-0.08402163,-0.10950941,0.09957846,0.19813192,-0.09780533,0.30715703,0.03515183,0.11782942,-0.18835848,0.14282017,0.04766114,0.31679464,0.36445578,12
29751086,sub-000029751086,High-symptom,M,19.0,NOTTINGHAM,0.12530096,ampa,5,5,5,mid_data_mani_IMAGEN.mat,sst_data_mani_IMAGEN.mat,0.05547502,0.07054104,0.06869832,0.10097218,0.0198531,0.24057757,0.25362953,0.39009572,0.25514268,0.08139795,-0.1753324,0.0604028,0.55611724,0.86533628,1.42145352,12
29751086,sub-000029751086,High-symptom,M,19.0,NOTTINGHAM,0.12530096,baseline,1,1,1,mid_data_simulated_IMAGEN.mat,sst_data_simulated_IMAGEN.mat,-0.31496302,-0.09170259,-0.3089631,0.24587515,0.11740638,-0.00623209,-0.16695758,-0.0237435,-0.09016181,-0.27623807,-0.23916724,-0.05406544,-0.35857928,-0.85033363,-1.20891292,12
29751086,sub-000029751086,High-symptom,M,19.0,NOTTINGHAM,0.12530096,baseline,2,2,2,mid_data_simulated_IMAGEN.mat,sst_data_simulated_IMAGEN.mat,-0.23233072,-0.25582182,-0.28861704,0.18394772,0.0010057,-0.34664378,0.3188262,0.46916372,-0.66394407,0.23328758,-0.07444936,-0.53037124,-0.93845995,-0.24748719,-1.18594714,12
29751086,sub-000029751086,High-symptom,M,19.0,NOTTINGHAM,0.12530096,baseline,3,3,3,mid_data_simulated_IMAGEN.mat,sst_data_simulated_IMAGEN.mat,-0.32115521,-0.20337988,-0.38740422,-0.12361628,0.12527281,-0.38332242,-0.02985409,0.06651287,-0.20014553,0.27562813,-0.09371032,-0.14262387,-1.29360521,-0.12419281,-1.41779802,12
29751086,sub-000029751086,High-symptom,M,19.0,NOTTINGHAM,0.12530096,baseline,4,4,4,mid_data_simulated_IMAGEN.mat,sst_data_simulated_IMAGEN.mat,-0.261318,0.19668618,-0.24341486,-0.03046915,-0.13802569,-0.53919992,-0.15724041,-0.19571815,0.05302648,-0.15812633,-0.09207615,-0.05722441,-1.01574145,-0.60735896,-1.62310041,12
29751086,sub-000029751086,High-symptom,M,19.0,NOTTINGHAM,0.12530096,baseline,5,5,5,mid_data_simulated_IMAGEN.mat,sst_data_simulated_IMAGEN.mat,-0.1393548,-0.01700829,-0.17622602,0.46623125,-0.30546991,-0.15989537,-0.15754373,-0.12682487,0.22358459,-0.23842195,-0.1750464,0.03167878,-0.33172313,-0.44257358,-0.77429672,12
29751086,sub-000029751086,High-symptom,M,19.0,NOTTINGHAM,0.12530096,gaba,1,1,1,mid_data_mani_gaba.mat,sst_data_mani_gaba.mat,0.38594207,0.25949871,0.19193441,0.51703814,-0.39738818,0.67163914,-0.22223252,-0.4327276,0.53146787,0.31851526,-0.09496002,0.65466711,1.62866429,0.75473009,2.38339438,12
29751086,sub-000029751086,High-symptom,M,19.0,NOTTINGHAM,0.12530096,gaba,2,2,2,mid_data_mani_gaba.mat,sst_data_mani_gaba.mat,0.35636702,0.15669271,0.28941173,0.43049589,-0.36158938,0.68139969,-0.28614645,-0.43177877,0.572311,0.25660327,-0.09855676,0.68873418,1.55277767,0.70116648,2.25394415,12
29751086,sub-000029751086,High-symptom,M,19.0,NOTTINGHAM,0.12530096,gaba,3,3,3,mid_data_mani_gaba.mat,sst_data_mani_gaba.mat,0.47186354,0.20137325,0.2786585,0.46595581,-0.31653255,0.81881211,-0.26223024,-0.43964678,0.40041728,0.31016928,-0.13469282,0.6495951,1.92013067,0.52361184,2.4437425,12
29751086,sub-000029751086,High-symptom,M,19.0,NOTTINGHAM,0.12530096,gaba,4,4,4,mid_data_mani_gaba.mat,sst_data_mani_gaba.mat,0.36935103,0.10019202,0.22589302,0.48411327,-0.42443115,0.47281908,-0.26105603,-0.49998326,0.59360405,-0.03001246,-0.13314965,0.75961425,1.22793728,0.4290169,1.65695418,12
29751086,sub-000029751086,High-symptom,M,19.0,NOTTINGHAM,0.12530096,gaba,5,5,5,mid_data_mani_gaba.mat,sst_data_mani_gaba.mat,0.29527203,0.17283649,0.19662964,0.50751992,-0.37945615,0.70148768,-0.23922659,-0.46717108,0.48850886,0.18500396,-0.1048826,0.67075266,1.49428961,0.53298522,2.02727483,12
29871328,sub-000029871328,High-symptom,F,18.0,BERLIN,0.16193002,ampa,1,1,1,mid_data_mani_IMAGEN.mat,sst_data_mani_IMAGEN.mat,0.25443234,-0.24770924,0.08604092,-0.087331,-0.02675668,0.1347804,0.48837338,0.46860498,-0.10316603,-0.01246414,-0.11376216,-0.08566027,0.11345676,0.64192576,0.75538251,12
29871328,sub-000029871328,High-symptom,F,18.0,BERLIN,0.16193002,ampa,2,2,2,mid_data_mani_IMAGEN.mat,sst_data_mani_IMAGEN.mat,0.22874066,0.0488454,0.03000298,-0.08525609,-0.0072948,0.275827,0.33386625,-0.1233748,0.236798,0.06683121,-0.02550677,0.11634039,0.49086516,0.60495429,1.09581945,12
29871328,sub-000029871328,High-symptom,F,18.0,BERLIN,0.16193002,ampa,3,3,3,mid_data_mani_IMAGEN.mat,sst_data_mani_IMAGEN.mat,-0.36601951,-0.05169234,0.04870643,-0.26968731,0.11811948,0.10164739,0.46209143,0.18162681,0.1715681,-0.24500566,-0.10998371,0.06711471,-0.41892586,0.52741169,0.10848583,12
29871328,sub-000029871328,High-symptom,F,18.0,BERLIN,0.16193002,ampa,4,4,4,mid_data_mani_IMAGEN.mat,sst_data_mani_IMAGEN.mat,0.16569481,0.10111022,-0.26695018,0.17403892,0.086789,0.00769767,0.45424389,0.20715385,-0.04106013,-0.34468111,-0.05339091,-0.09562673,0.26838044,0.12663886,0.3950193,12
29871328,sub-000029871328,High-symptom,F,18.0,BERLIN,0.16193002,ampa,5,5,5,mid_data_mani_IMAGEN.mat,sst_data_mani_IMAGEN.mat,0.03430555,0.12835217,0.0040676,-0.15071255,0.31045422,-0.06807209,0.53887804,0.54049076,0.21357145,0.04546604,-0.13763883,0.14046646,0.2583949,1.34123393,1.59962883,12
29871328,sub-000029871328,High-symptom,F,18.0,BERLIN,0.16193002,baseline,1,1,1,mid_data_simulated_IMAGEN.mat,sst_data_simulated_IMAGEN.mat,0.36429436,-0.13236618,0.2187311,0.0186511,-0.34940747,-0.50192818,0.26018105,-0.27073343,0.18283839,-0.11573646,-0.23613425,-0.13314799,-0.38202527,-0.31273269,-0.69475795,12
29871328,sub-000029871328,High-symptom,F,18.0,BERLIN,0.16193002,baseline,2,2,2,mid_data_simulated_IMAGEN.mat,sst_data_simulated_IMAGEN.mat,-0.01853283,-0.25839079,0.14409314,-0.05470994,0.14902953,-0.11065653,0.09383968,0.02401807,0.34020759,-0.03452765,-0.23898887,0.45641473,-0.14916742,0.64096355,0.49179613,12
29871328,sub-000029871328,High-symptom,F,18.0,BERLIN,0.16193002,baseline,3,3,3,mid_data_simulated_IMAGEN.mat,sst_data_simulated_IMAGEN.mat,-0.14218455,0.20987166,0.18315151,0.25811113,-0.11821281,-0.36074779,0.09425656,0.04338647,0.32529498,0.29103647,-0.29427002,0.25210713,0.02998915,0.71181159,0.74180074,12
29871328,sub-000029871328,High-symptom,F,18.0,BERLIN,0.16193002,baseline,4,4,4,mid_data_simulated_IMAGEN.mat,sst_data_simulated_IMAGEN.mat,-0.0202871,0.04393195,0.16612653,0.1128553,-0.43394322,-0.56714528,0.25034344,-0.14395112,-0.05799021,0.07407239,-0.20961504,-0.06863439,-0.69846182,-0.15577494,-0.85423676,12
29871328,sub-000029871328,High-symptom,F,18.0,BERLIN,0.16193002,baseline,5,5,5,mid_data_simulated_IMAGEN.mat,sst_data_simulated_IMAGEN.mat,0.21489095,0.19461878,-0.04314372,0.07635054,-0.14939222,-0.37934591,0.19247486,0.07305665,-0.0482337,0.09758862,-0.25279362,-0.17174875,-0.08602158,-0.10965594,-0.19567752,12
29871328,sub-000029871328,High-symptom,F,18.0,BERLIN,0.16193002,gaba,1,1,1,mid_data_mani_gaba.mat,sst_data_mani_gaba.mat,0.99436268,0.1195995,0.84810544,0.25367842,0.1821515,0.27739605,0.48898992,0.66969339,0.93037189,-0.01122393,-0.21225283,0.65232312,2.6752936,2.51790156,5.19319515,12
29871328,sub-000029871328,High-symptom,F,18.0,BERLIN,0.16193002,gaba,2,2,2,mid_data_mani_gaba.mat,sst_data_mani_gaba.mat,1.13539064,0.06654842,0.84363357,0.03025517,0.11579722,0.37993207,0.43294638,0.54966179,0.87589777,-0.10551546,-0.12309311,0.63891546,2.57155708,2.26881282,4.84036991,12
29871328,sub-000029871328,High-symptom,F,18.0,BERLIN,0.16193002,gaba,3,3,3,mid_data_mani_gaba.mat,sst_data_mani_gaba.mat,0.94232923,-0.04848347,0.75431085,0.18507421,0.17100633,0.45710706,0.36451044,0.56298882,0.7814279,-0.09919327,-0.1506796,0.53411844,2.46134421,1.99317274,4.45451695,12
29871328,sub-000029871328,High-symptom,F,18.0,BERLIN,0.16193002,gaba,4,4,4,mid_data_mani_gaba.mat,sst_data_mani_gaba.mat,1.15853296,0.1888567,0.82488744,0.04504083,0.20653589,0.25460763,0.57571798,0.56747391,0.69288784,-0.13055446,-0.15895228,0.5090712,2.67846145,2.0556442,4.73410566,12
29871328,sub-000029871328,High-symptom,F,18.0,BERLIN,0.16193002,gaba,5,5,5,mid_data_mani_gaba.mat,sst_data_mani_gaba.mat,1.2212055,0.17200665,1.00332518,0.15046139,0.08750473,0.46198331,0.41874748,0.53645495,0.74230247,-0.10407015,-0.22101699,0.48152211,3.09648676,1.85393986,4.95042662,12
30276332,sub-000030276332,High-symptom,F,18.0,NOTTINGHAM,0.25567129,ampa,1,1,1,mid_data_mani_IMAGEN.mat,sst_data_mani_IMAGEN.mat,0.05635825,-0.07577058,0.15995853,0.11922651,0.37471564,-0.18547938,0.30017154,0.48586624,0.18136296,-0.05506576,0.13377154,0.19967432,0.44900897,1.24578083,1.6947898,12
30276332,sub-000030276332,High-symptom,F,18.0,NOTTINGHAM,0.25567129,ampa,2,2,2,mid_data_mani_IMAGEN.mat,sst_data_mani_IMAGEN.mat,-0.0414014,-0.04954977,0.2184013,0.03985051,-0.0655017,0.03358908,0.0400018,0.38781222,0.10998221,-0.11614225,0.13603212,0.41216456,0.13538801,0.96985066,1.10523867,12
30276332,sub-000030276332,High-symptom,F,18.0,NOTTINGHAM,0.25567129,ampa,3,3,3,mid_data_mani_IMAGEN.mat,sst_data_mani_IMAGEN.mat,0.18403811,-0.05746068,-0.05344696,-0.1938476,0.18140798,-0.12460798,-0.26111877,0.31647151,-0.05202399,-0.1029579,0.05344297,0.30649394,-0.06391713,0.26030777,0.19639063,12
30276332,sub-000030276332,High-symptom,F,18.0,NOTTINGHAM,0.25567129,ampa,4,4,4,mid_data_mani_IMAGEN.mat,sst_data_mani_IMAGEN.mat,-0.10137588,0.1226841,0.05764253,-0.25304269,0.25345837,0.01947424,-0.04922623,0.26686428,0.34596003,-0.00316169,0.05236206,0.45077728,0.09884067,1.06357573,1.16241639,12
30276332,sub-000030276332,High-symptom,F,18.0,NOTTINGHAM,0.25567129,ampa,5,5,5,mid_data_mani_IMAGEN.mat,sst_data_mani_IMAGEN.mat,0.20179532,-0.06682407,-0.05796538,0.29928282,0.15143966,-0.03601211,0.25714168,0.30709079,-0.09832878,-0.021217,0.10284472,-0.00287066,0.49171623,0.54466074,1.03637697,12
30276332,sub-000030276332,High-symptom,F,18.0,NOTTINGHAM,0.25567129,baseline,1,1,1,mid_data_simulated_IMAGEN.mat,sst_data_simulated_IMAGEN.mat,0.14663609,-0.08278732,0.20765117,0.18206123,0.54334817,0.23851017,0.31555603,-0.26554814,0.35922654,0.07881891,0.1720479,0.23871441,1.23541951,0.89881565,2.13423517,12
30276332,sub-000030276332,High-symptom,F,18.0,NOTTINGHAM,0.25567129,baseline,2,2,2,mid_data_simulated_IMAGEN.mat,sst_data_simulated_IMAGEN.mat,0.2962173,0.31915204,0.20304331,0.26171764,0.36543321,0.20915662,0.22610107,0.00399829,-0.03732155,0.05661372,0.29336557,-0.01079926,1.65472011,0.53195784,2.18667794,12
30276332,sub-000030276332,High-symptom,F,18.0,NOTTINGHAM,0.25567129,baseline,3,3,3,mid_data_simulated_IMAGEN.mat,sst_data_simulated_IMAGEN.mat,0.08814251,-0.31910117,0.04323456,0.00493073,0.55641437,0.32014021,0.15536748,0.03285749,0.22405729,0.10577699,0.08427878,0.19851828,0.6937612,0.8008563,1.4946175,12
30276332,sub-000030276332,High-symptom,F,18.0,NOTTINGHAM,0.25567129,baseline,4,4,4,mid_data_simulated_IMAGEN.mat,sst_data_simulated_IMAGEN.mat,0.17589171,-0.00630848,0.04045611,0.0857537,0.33867383,0.3661014,-0.35184085,0.29123267,0.00623999,-0.24023019,0.1720848,0.01549508,1.00056827,-0.1070185,0.89354977,12
30276332,sub-000030276332,High-symptom,F,18.0,NOTTINGHAM,0.25567129,baseline,5,5,5,mid_data_simulated_IMAGEN.mat,sst_data_simulated_IMAGEN.mat,0.10633758,0.26926129,-0.09369567,-0.05783555,0.62826344,0.46095562,0.35929594,-0.13850126,0.54275212,-0.13369222,0.09122948,0.29671967,1.31328671,1.01780374,2.33109045,12
30276332,sub-000030276332,High-symptom,F,18.0,NOTTINGHAM,0.25567129,gaba,1,1,1,mid_data_mani_gaba.mat,sst_data_mani_gaba.mat,0.14373207,0.22848658,0.0526868,0.12003335,0.1272255,0.38244832,0.15052272,0.45609468,0.00974201,0.20840843,0.04675793,0.24269553,1.05461262,1.1142213,2.16883391,12
30276332,sub-000030276332,High-symptom,F,18.0,NOTTINGHAM,0.25567129,gaba,2,2,2,mid_data_mani_gaba.mat,sst_data_mani_gaba.mat,0.208877,0.27126082,0.06086288,0.15002005,0.0837297,0.46605527,0.3615697,0.26525784,0.22210109,-0.0459488,0.13533761,0.30026019,1.24080572,1.23857763,2.47938335,12
30276332,sub-000030276332,High-symptom,F,18.0,NOTTINGHAM,0.25567129,gaba,3,3,3,mid_data_mani_gaba.mat,sst_data_mani_gaba.mat,0.23830821,0.26936481,0.0597337,0.10835319,0.08521751,0.48960831,0.1652456,0.36380941,0.1787567,0.02178264,0.12487137,0.3229417,1.25058574,1.17740742,2.42799316,12
30276332,sub-000030276332,High-symptom,F,18.0,NOTTINGHAM,0.25567129,gaba,4,4,4,mid_data_mani_gaba.mat,sst_data_mani_gaba.mat,0.08899797,0.22020419,0.00253689,0.09472817,0.08827612,0.5613763,0.32969747,0.49577631,0.1780296,-0.08825731,0.14505496,0.3470043,1.05611964,1.40730533,2.46342497,12
30276332,sub-000030276332,High-symptom,F,18.0,NOTTINGHAM,0.25567129,gaba,5,5,5,mid_data_mani_gaba.mat,sst_data_mani_gaba.mat,0.17625412,0.26561788,-0.01204059,0.26036002,0.05801858,0.64088519,0.2504658,0.42294843,0.14284751,-0.02859351,0.104723,0.29399641,1.38909519,1.18638765,2.57548283,12
30649663,sub-000030649663,HC,F,19.0,LONDON,0.11363924,ampa,1,250409-2134,250409-2306,mid_data_mani_hc2.mat,sst_data_mani_hc2.mat,-0.0987954,-0.00632929,-0.15275382,0.01841297,0.25789453,-0.01258688,-0.24864166,0.01526862,-0.05010882,0.36554021,0.14414875,0.06177159,0.00584212,0.28797869,0.29382081,12
30649663,sub-000030649663,HC,F,19.0,LONDON,0.11363924,ampa,2,250410-0528,250410-0530,mid_data_mani_hc2.mat,sst_data_mani_hc2.mat,-0.06219489,0.09494948,-0.04323088,0.14255497,-0.07443697,0.06873308,-0.12113494,0.20604717,0.43108289,-0.00889677,0.25820149,0.09636564,0.12637478,0.86166548,0.98804026,12
30649663,sub-000030649663,HC,F,19.0,LONDON,0.11363924,ampa,3,250411-0002,250411-0617,mid_data_mani_hc2.mat,sst_data_mani_hc2.mat,-0.29730925,0.15061496,0.13519119,-0.26064149,-0.1835245,-0.15904144,-0.14628879,0.26150847,0.09749462,-0.09547164,0.12961653,-0.13001705,-0.61471053,0.11684212,-0.49786841,12
30649663,sub-000030649663,HC,F,19.0,LONDON,0.11363924,ampa,4,250411-1546,250411-0914,mid_data_mani_hc2.mat,sst_data_mani_hc2.mat,0.20669002,-0.0471764,0.12699253,0.10465298,0.02399078,-0.17406539,-0.02424677,0.27972089,0.41769753,0.25566816,0.16920914,0.01114804,0.24108452,1.10919699,1.35028151,12
30649663,sub-000030649663,HC,F,19.0,LONDON,0.11363924,ampa,5,,250411-1548,,sst_data_mani_hc2.mat,0.10814902,0.26516724,0.09011356,-0.16544245,0.24349534,0.02143068,,,,,,,0.5629134,,,6
30649663,sub-000030649663,HC,F,19.0,LONDON,0.11363924,ampa,6,,250411-2031,,sst_data_mani_hc2.mat,-0.01834539,0.03827863,0.24702813,-0.12982612,0.02705986,0.27443557,,,,,,,0.43863068,,,6
30649663,sub-000030649663,HC,F,19.0,LONDON,0.11363924,baseline,1,250111-0538,250111-0600,mid_data_simu_hc2.mat,sst_data_simulated_hc2.mat,0.03607115,-0.07398704,0.33609778,0.35648991,0.43581751,0.04124687,-0.42518409,0.28232558,0.08863114,0.47432495,-4.564e-05,0.0628386,1.13173618,0.48289053,1.61462671,12
30649663,sub-000030649663,HC,F,19.0,LONDON,0.11363924,baseline,2,250111-1322,250111-1324,mid_data_simu_hc2.mat,sst_data_simulated_hc2.mat,-0.26912948,-0.0036314,-0.05570741,0.04476666,0.17264694,0.12078379,-0.11142378,-0.1671536,-0.11478237,0.38391505,0.07566576,-0.01790774,0.0097291,0.04831332,0.05804242,12
30649663,sub-000030649663,HC,F,19.0,LONDON,0.11363924,baseline,3,250111-1605,250111-1637,mid_data_simu_hc2.mat,sst_data_simulated_hc2.mat,0.08550573,0.25870299,0.31917108,0.03306701,0.12865745,0.03590143,-0.10316572,-0.08142261,-0.07283633,0.01528247,-0.09885955,-0.0440232,0.86100568,-0.38502496,0.47598073,12
30649663,sub-000030649663,HC,F,19.0,LONDON,0.11363924,baseline,4,250111-1919,250111-2011,mid_data_simu_hc2.mat,sst_data_simulated_hc2.mat,0.04968626,0.26147679,0.29069334,0.19346816,0.17691777,-0.08457591,0.0897511,0.21303784,0.05161587,0.36569791,0.03415874,0.45227982,0.88766641,1.20654128,2.0942077,12
30649663,sub-000030649663,HC,F,19.0,LONDON,0.11363924,baseline,5,250111-2312,250112-0004,mid_data_simu_hc2.mat,sst_data_simulated_hc2.mat,0.21677171,0.36240691,0.07530917,0.04806235,0.55013022,-0.25290857,-0.35905229,0.16807079,0.00173205,-0.04627411,0.03428737,0.14346482,0.99977179,-0.05777136,0.94200043,12
30649663,sub-000030649663,HC,F,19.0,LONDON,0.11363924,baseline,6,,250112-0006,,sst_data_simulated_hc2.mat,0.08405118,-0.01823394,0.12006189,0.12369646,0.02884715,0.00571592,,,,,,,0.34413867,,,6
30649663,sub-000030649663,HC,F,19.0,LONDON,0.11363924,gaba,1,1,1,mid_data_mani_gaba.mat,sst_data_mani_gaba.mat,0.23690272,-0.00688155,0.40824489,0.1588892,0.01071909,-0.23273903,0.33430444,-0.01538202,0.22409171,0.38228762,0.00827493,0.23479381,0.57513532,1.16837049,1.74350581,12
30649663,sub-000030649663,HC,F,19.0,LONDON,0.11363924,gaba,2,2,2,mid_data_mani_gaba.mat,sst_data_mani_gaba.mat,0.28431085,-0.00257575,0.41882039,0.30803049,0.05164404,-0.27453344,0.3876044,-0.08228957,0.22742434,0.27352329,0.01715234,0.18425361,0.78569659,1.00766841,1.793365,12
30649663,sub-000030649663,HC,F,19.0,LONDON,0.11363924,gaba,3,3,3,mid_data_mani_gaba.mat,sst_data_mani_gaba.mat,0.3339004,0.15817035,0.45811626,0.24685684,0.02308463,-0.15540748,0.2500361,-0.06355657,0.49559977,0.37429497,0.02823021,0.4002147,1.06472099,1.48481918,2.54954017,12
30649663,sub-000030649663,HC,F,19.0,LONDON,0.11363924,gaba,4,4,4,mid_data_mani_gaba.mat,sst_data_mani_gaba.mat,0.24739917,-0.01197905,0.48223261,0.19816541,0.08999174,-0.27722732,0.38158561,-0.13497877,0.2262055,0.25858468,0.04352742,0.19154859,0.72858257,0.96647303,1.6950556,12
30649663,sub-000030649663,HC,F,19.0,LONDON,0.11363924,gaba,5,5,5,mid_data_mani_gaba.mat,sst_data_mani_gaba.mat,0.24670193,0.02678168,0.47223036,0.18758563,0.01016749,-0.28740954,0.45668008,-0.23625246,0.22236956,0.28476349,0.03712867,0.32586047,0.65605756,1.0905498,1.74660736,12
30779144,sub-000030779144,High-symptom,F,18.0,DUBLIN,0.1517802,ampa,1,1,1,mid_data_mani_IMAGEN.mat,sst_data_mani_IMAGEN.mat,-0.1239628,-0.09870092,-0.10934574,0.05732293,-0.24449971,0.1703974,-0.0575155,-0.08304978,0.31147107,0.14943913,-0.32852803,0.17672237,-0.34878884,0.16853926,-0.18024958,12
30779144,sub-000030779144,High-symptom,F,18.0,DUBLIN,0.1517802,ampa,2,2,2,mid_data_mani_IMAGEN.mat,sst_data_mani_IMAGEN.mat,-0.22693547,0.0841243,-0.11199238,-0.19109291,0.29701929,-0.32880762,0.11965394,0.23701544,0.17761211,0.07996987,-0.44529615,0.19040507,-0.47768478,0.35936028,-0.1183245,12
30779144,sub-000030779144,High-symptom,F,18.0,DUBLIN,0.1517802,ampa,3,3,3,mid_data_mani_IMAGEN.mat,sst_data_mani_IMAGEN.mat,-0.08320503,0.1157119,0.07965576,0.17550003,-0.06288556,-0.07957705,0.15755982,0.53605987,-0.04099449,0.30733596,-0.31300691,0.18844486,0.14520007,0.83539911,0.98059918,12
30779144,sub-000030779144,High-symptom,F,18.0,DUBLIN,0.1517802,ampa,4,4,4,mid_data_mani_IMAGEN.mat,sst_data_mani_IMAGEN.mat,-0.19644633,0.23558187,0.02898423,0.11590363,0.16917114,-0.03739094,0.22281234,0.07701172,0.26454994,0.14312685,-0.31353321,0.22978233,0.3158036,0.62374997,0.93955356,12
30779144,sub-000030779144,High-symptom,F,18.0,DUBLIN,0.1517802,ampa,5,5,5,mid_data_mani_IMAGEN.mat,sst_data_mani_IMAGEN.mat,-0.04418398,0.06949433,0.0047348,-0.16442075,0.02237218,0.002684,0.03248937,0.14515387,-0.23447012,-0.05662332,-0.29818637,-0.07038092,-0.10931942,-0.4820175,-0.59133692,12
30779144,sub-000030779144,High-symptom,F,18.0,DUBLIN,0.1517802,baseline,1,1,1,mid_data_simulated_IMAGEN.mat,sst_data_simulated_IMAGEN.mat,-0.02391856,-0.25268022,-0.02783654,0.0030899,0.05143119,0.01424658,-0.09848691,-0.13066116,-0.26473082,0.36100452,-0.17990476,-0.09650034,-0.23566765,-0.40927947,-0.64494713,12
30779144,sub-000030779144,High-symptom,F,18.0,DUBLIN,0.1517802,baseline,2,2,2,mid_data_simulated_IMAGEN.mat,sst_data_simulated_IMAGEN.mat,0.05271304,0.31283936,-0.17005152,-0.06270172,-0.11405638,-0.86802254,-0.08777852,-0.08523015,-0.13104209,0.13595064,-0.1649818,-0.00600961,-0.84927976,-0.33909151,-1.18837127,12
30779144,sub-000030779144,High-symptom,F,18.0,DUBLIN,0.1517802,baseline,3,3,3,mid_data_simulated_IMAGEN.mat,sst_data_simulated_IMAGEN.mat,-0.01055442,-0.14138016,-0.18348177,-0.29520981,0.3690826,-0.33335095,0.01024029,-0.07121038,-0.10215019,-0.01328314,-0.05763811,-0.26518629,-0.59489451,-0.49922781,-1.09412232,12
30779144,sub-000030779144,High-symptom,F,18.0,DUBLIN,0.1517802,baseline,4,4,4,mid_data_simulated_IMAGEN.mat,sst_data_simulated_IMAGEN.mat,0.02839557,-0.19670558,-0.00995506,0.02576336,0.06892853,-0.32150503,-0.00778037,-0.01039647,0.11452956,0.16087459,-0.3265605,0.03996881,-0.40507821,-0.02936439,-0.4344426,12
30779144,sub-000030779144,High-symptom,F,18.0,DUBLIN,0.1517802,baseline,5,5,5,mid_data_simulated_IMAGEN.mat,sst_data_simulated_IMAGEN.mat,-0.02965407,-0.10593316,-0.07198339,0.05100349,0.25512267,-0.40175932,-0.0996455,-0.14236185,-0.27933981,-0.41402617,-0.19011918,-0.26607736,-0.30320377,-1.39156987,-1.69477364,12
30779144,sub-000030779144,High-symptom,F,18.0,DUBLIN,0.1517802,gaba,1,1,1,mid_data_mani_gaba.mat,sst_data_mani_gaba.mat,0.52118136,0.15635041,0.579018,0.33556402,0.01933432,0.2768873,0.16877195,0.69895362,0.49284638,-0.00478889,-0.50367376,0.66284779,1.8883354,1.51495709,3.40329248,12
30779144,sub-000030779144,High-symptom,F,18.0,DUBLIN,0.1517802,gaba,2,2,2,mid_data_mani_gaba.mat,sst_data_mani_gaba.mat,0.52280917,0.29664366,0.55813209,0.5837091,0.03994289,0.38218614,0.1684941,0.76766439,0.35080558,0.17809112,-0.52650279,0.46146212,2.38342306,1.40001452,3.78343758,12
30779144,sub-000030779144,High-symptom,F,18.0,DUBLIN,0.1517802,gaba,3,3,3,mid_data_mani_gaba.mat,sst_data_mani_gaba.mat,0.53595847,0.29048696,0.65211185,0.62855941,0.05091458,0.10805101,0.23467818,0.81803799,0.26660459,0.28730507,-0.42144884,0.39735507,2.26608227,1.58253207,3.84861434,12
30779144,sub-000030779144,High-symptom,F,18.0,DUBLIN,0.1517802,gaba,4,4,5,mid_data_mani_gaba.mat,sst_data_mani_gaba.mat,0.42684804,0.23785163,0.54888108,0.64637652,0.03369094,0.25766623,0.31649569,0.74671877,0.31226745,0.10931314,-0.48296493,0.39907755,2.15131445,1.40090766,3.55222211,12
30779144,sub-000030779144,High-symptom,F,18.0,DUBLIN,0.1517802,gaba,5,5,,mid_data_mani_gaba.mat,,,,,,,,0.17682132,0.68813367,0.31372038,0.17412891,-0.42058028,0.47513974,,1.40736374,,6
31070544,sub-000031070544,High-symptom,F,20.0,PARIS,0.14558282,ampa,1,1,1,mid_data_mani_IMAGEN.mat,sst_data_mani_IMAGEN.mat,-0.16667865,0.14851769,-0.23889216,0.08177055,-0.07488821,-0.16680357,-0.17445409,0.02820976,-0.05777733,-0.21086621,0.23580312,0.02392502,-0.41697435,-0.15515974,-0.57213409,12
31070544,sub-000031070544,High-symptom,F,20.0,PARIS,0.14558282,ampa,2,2,2,mid_data_mani_IMAGEN.mat,sst_data_mani_IMAGEN.mat,0.04753711,-0.10193979,0.07763697,0.17720762,0.14431982,0.1917592,-0.03193321,0.24725955,-0.14054006,0.03304771,0.28508973,0.04972874,0.53652092,0.44265247,0.97917339,12
31070544,sub-000031070544,High-symptom,F,20.0,PARIS,0.14558282,ampa,3,3,3,mid_data_mani_IMAGEN.mat,sst_data_mani_IMAGEN.mat,-0.07839007,-0.05670206,0.06888049,0.13312336,-0.10430463,0.10060757,0.29099278,0.01403878,-0.12262138,0.31388328,0.24287922,0.01276904,0.06321465,0.75194172,0.81515637,12
31070544,sub-000031070544,High-symptom,F,20.0,PARIS,0.14558282,ampa,4,4,4,mid_data_mani_IMAGEN.mat,sst_data_mani_IMAGEN.mat,0.03440556,-0.27798582,0.09408917,-0.15899232,0.18365438,-0.24987261,0.1519994,0.16038261,0.01114976,0.16722522,0.29514268,0.19184087,-0.37470164,0.97774055,0.60303891,12
31070544,sub-000031070544,High-symptom,F,20.0,PARIS,0.14558282,ampa,5,5,5,mid_data_mani_IMAGEN.mat,sst_data_mani_IMAGEN.mat,0.19346558,0.07994025,0.22961969,-0.07066634,-0.01219265,-0.04068443,-0.0510143,-0.07531434,0.0936393,0.39255209,0.26778063,0.02344397,0.3794821,0.65108736,1.03056946,12
31070544,sub-000031070544,High-symptom,F,20.0,PARIS,0.14558282,baseline,1,1,1,mid_data_simulated_IMAGEN.mat,sst_data_simulated_IMAGEN.mat,0.18504396,-0.06574516,0.20954698,-0.08913194,0.13824829,-0.02962098,-0.48819098,0.11787036,0.12037571,-0.21422463,0.12728571,0.13618265,0.34834114,-0.20070118,0.14763996,12
31070544,sub-000031070544,High-symptom,F,20.0,PARIS,0.14558282,baseline,2,2,2,mid_data_simulated_IMAGEN.mat,sst_data_simulated_IMAGEN.mat,0.29210098,-0.34670561,-0.37240311,0.15313848,0.12003577,0.07799758,-0.01149932,-0.06583811,-0.02029178,-0.00443988,0.17056033,0.12072771,-0.07583592,0.18921895,0.11338303,12
31070544,sub-000031070544,High-symptom,F,20.0,PARIS,0.14558282,baseline,3,3,3,mid_data_simulated_IMAGEN.mat,sst_data_simulated_IMAGEN.mat,-0.01538062,-0.12082128,0.10083443,-0.08472417,-0.01963896,0.40260631,-0.33767738,-0.21406209,0.34399348,0.11350137,0.17806126,0.47876469,0.26287571,0.56258133,0.82545704,12
31070544,sub-000031070544,High-symptom,F,20.0,PARIS,0.14558282,baseline,4,4,4,mid_data_simulated_IMAGEN.mat,sst_data_simulated_IMAGEN.mat,-0.04713682,0.2287902,0.03002945,-0.01229844,0.007851,0.27836907,-0.6165515,0.15356505,0.09156388,-0.3521981,0.41167985,0.05672972,0.48560447,-0.25521109,0.23039337,12
31070544,sub-000031070544,High-symptom,F,20.0,PARIS,0.14558282,baseline,5,5,5,mid_data_simulated_IMAGEN.mat,sst_data_simulated_IMAGEN.mat,-0.00276491,0.2579157,-0.27285416,-0.21334937,-0.11259446,0.17593584,-0.2458769,-0.09907094,0.32818329,0.17819932,0.02098408,0.35731036,-0.16771135,0.53972921,0.37201786,12
31070544,sub-000031070544,High-symptom,F,20.0,PARIS,0.14558282,gaba,1,1,1,mid_data_mani_gaba.mat,sst_data_mani_gaba.mat,-0.03122954,-0.19311584,0.26150957,0.5364209,-0.2096931,0.35562179,-0.13258178,0.20461316,0.12909787,0.55699442,0.34466346,0.2761375,0.71951379,1.37892463,2.09843842,12
31070544,sub-000031070544,High-symptom,F,20.0,PARIS,0.14558282,gaba,2,2,2,mid_data_mani_gaba.mat,sst_data_mani_gaba.mat,-0.11263791,-0.17306455,0.2283026,0.57211879,-0.22249897,0.24201315,-0.26143422,0.3518865,0.12786899,0.91576452,0.37829529,0.32247477,0.5342331,1.83485584,2.36908894,12
31070544,sub-000031070544,High-symptom,F,20.0,PARIS,0.14558282,gaba,3,3,3,mid_data_mani_gaba.mat,sst_data_mani_gaba.mat,-0.18137212,-0.22685594,0.17200038,0.51267817,-0.31929756,0.28969267,-0.11859321,0.23629929,0.0909943,0.72848106,0.34626603,0.23998494,0.24684561,1.52343241,1.77027802,12
31070544,sub-000031070544,High-symptom,F,20.0,PARIS,0.14558282,gaba,4,4,4,mid_data_mani_gaba.mat,sst_data_mani_gaba.mat,-0.12445572,-0.23701028,0.19880517,0.49529069,-0.12235725,0.42942766,-0.13278949,0.32069341,0.15445381,0.76503309,0.33751804,0.35189796,0.63970027,1.79680681,2.43650708,12
31070544,sub-000031070544,High-symptom,F,20.0,PARIS,0.14558282,gaba,5,5,5,mid_data_mani_gaba.mat,sst_data_mani_gaba.mat,-0.03461546,-0.24951985,0.18776434,0.5132195,-0.18991603,0.28557961,-0.17915379,0.28126508,0.14474243,0.6091315,0.30591649,0.26483835,0.51251211,1.42674006,1.93925218,12
31171219,sub-000031171219,High-symptom,F,19.0,MANNHEIM,0.17653917,ampa,1,1,1,mid_data_mani_IMAGEN.mat,sst_data_mani_IMAGEN.mat,0.08926192,-0.06681309,0.06240773,-0.45538219,0.09889027,0.36401492,0.40460971,0.12776495,-0.02252448,0.04883982,0.03036499,-0.09379002,0.09237957,0.49526498,0.58764455,12
31171219,sub-000031171219,High-symptom,F,19.0,MANNHEIM,0.17653917,ampa,2,2,2,mid_data_mani_IMAGEN.mat,sst_data_mani_IMAGEN.mat,0.23436519,0.03026895,0.17601136,-0.4695809,-0.8343873,0.17261911,0.25423484,-0.06612671,0.24464617,0.70085523,0.06675864,0.23926408,-0.69070359,1.43963225,0.74892866,12
31171219,sub-000031171219,High-symptom,F,19.0,MANNHEIM,0.17653917,ampa,3,3,3,mid_data_mani_IMAGEN.mat,sst_data_mani_IMAGEN.mat,-0.00986729,0.07732228,0.26897379,0.05390682,-0.09720682,0.7044594,0.27132191,0.02009529,-0.08827885,0.29615634,0.25768326,0.08628458,0.99758819,0.84326254,1.84085073,12
31171219,sub-000031171219,High-symptom,F,19.0,MANNHEIM,0.17653917,ampa,4,4,4,mid_data_mani_IMAGEN.mat,sst_data_mani_IMAGEN.mat,-0.14495295,0.11384221,-0.05978134,-0.16740797,0.54458072,-0.28973218,0.19147314,0.16406321,0.11330429,0.30244072,0.18018193,0.13582171,-0.00345152,1.087285,1.08383348,12
31171219,sub-000031171219,High-symptom,F,19.0,MANNHEIM,0.17653917,ampa,5,5,5,mid_data_mani_IMAGEN.mat,sst_data_mani_IMAGEN.mat,0.08604847,0.01433777,-0.15116359,0.86550961,-0.48964743,-0.214295,-0.04932973,0.41877926,-0.55734324,0.52083912,0.2467962,-0.10648891,0.11078983,0.47325271,0.58404254,12
31171219,sub-000031171219,High-symptom,F,19.0,MANNHEIM,0.17653917,baseline,1,1,1,mid_data_simulated_IMAGEN.mat,sst_data_simulated_IMAGEN.mat,0.16197375,-0.16740944,-0.0666629,-0.07578312,0.1154468,0.32299422,0.09463383,0.76054747,-0.38251305,-0.18393748,-0.0863284,-0.3101118,0.29055932,-0.10770942,0.1828499,12
31171219,sub-000031171219,High-symptom,F,19.0,MANNHEIM,0.17653917,baseline,2,2,2,mid_data_simulated_IMAGEN.mat,sst_data_simulated_IMAGEN.mat,0.20509546,0.00409971,0.24408394,-0.59905539,0.49882885,0.48446665,-0.37431463,0.16682468,0.21886745,0.16313008,-0.03388002,-0.00117812,0.83751921,0.13944944,0.97696865,12
31171219,sub-000031171219,High-symptom,F,19.0,MANNHEIM,0.17653917,baseline,3,3,3,mid_data_simulated_IMAGEN.mat,sst_data_simulated_IMAGEN.mat,0.23070675,0.19574693,0.05666233,-0.21811432,0.11271482,0.85805697,0.15069137,0.30486296,-0.01837002,0.2214714,0.14152325,-0.31604355,1.23577347,0.48413541,1.71990888,12
31171219,sub-000031171219,High-symptom,F,19.0,MANNHEIM,0.17653917,baseline,4,4,4,mid_data_simulated_IMAGEN.mat,sst_data_simulated_IMAGEN.mat,0.16921766,-0.03366367,0.28451153,0.14859291,0.23855093,0.62287181,-0.19101893,-0.04801998,0.14822019,-0.25647753,-0.01091327,0.13857361,1.43008117,-0.21963591,1.21044526,12
31171219,sub-000031171219,High-symptom,F,19.0,MANNHEIM,0.17653917,baseline,5,5,5,mid_data_simulated_IMAGEN.mat,sst_data_simulated_IMAGEN.mat,0.14104014,-0.25484444,0.09335311,-0.68246292,-0.14474719,0.89541622,-0.28130311,0.2993745,0.11658402,-0.09535814,-0.02804651,-0.25613201,0.04775491,-0.24488125,-0.19712634,12
31171219,sub-000031171219,High-symptom,F,19.0,MANNHEIM,0.17653917,gaba,1,1,1,mid_data_mani_gaba.mat,sst_data_mani_gaba.mat,0.08928225,-0.39880438,0.20484908,0.00910634,0.03415575,-0.017231,-0.03600107,0.36915914,0.54416627,0.92030835,0.31363867,0.24390912,-0.07864196,2.35518048,2.27653853,12
31171219,sub-000031171219,High-symptom,F,19.0,MANNHEIM,0.17653917,gaba,2,2,2,mid_data_mani_gaba.mat,sst_data_mani_gaba.mat,-0.01799938,-0.41775111,0.11706514,-0.00634834,-0.18436995,-0.26587578,0.18676699,0.34634514,0.44258163,0.85018562,0.16202106,0.35393112,-0.77527942,2.34183155,1.56655213,12
31171219,sub-000031171219,High-symptom,F,19.0,MANNHEIM,0.17653917,gaba,3,3,3,mid_data_mani_gaba.mat,sst_data_mani_gaba.mat,0.18047066,-0.35695683,0.27922257,-0.05203764,-0.01396801,0.24538326,0.40119157,0.50980514,0.63945778,1.00241694,0.08170019,0.47867612,0.282114,3.11324775,3.39536175,12
31171219,sub-000031171219,High-symptom,F,19.0,MANNHEIM,0.17653917,gaba,4,4,4,mid_data_mani_gaba.mat,sst_data_mani_gaba.mat,0.12638849,-0.40783067,0.25316252,-0.06946143,-0.03953934,-0.10479412,0.23239132,0.37974696,0.53922945,0.97440494,0.08444137,0.37427211,-0.24207455,2.58448614,2.34241159,12
31171219,sub-000031171219,High-symptom,F,19.0,MANNHEIM,0.17653917,gaba,5,5,5,mid_data_mani_gaba.mat,sst_data_mani_gaba.mat,0.04265832,-0.37984134,0.20593017,-0.04756386,0.12703576,0.10958249,0.05838768,0.33530738,0.58797652,0.9268754,0.27821178,0.35442879,0.05780155,2.54118755,2.5989891,12
31825112,sub-000031825112,High-symptom,F,18.0,BERLIN,0.11528144,ampa,1,1,1,mid_data_mani_IMAGEN.mat,sst_data_mani_IMAGEN.mat,0.06137176,-0.06690576,0.0781554,0.11235942,0.14341122,-0.0725636,-0.21564333,0.16296784,0.15708755,-0.25919827,-0.10412904,0.02086006,0.25582844,-0.23805519,0.01777326,12
31825112,sub-000031825112,High-symptom,F,18.0,BERLIN,0.11528144,ampa,2,2,2,mid_data_mani_IMAGEN.mat,sst_data_mani_IMAGEN.mat,0.22800156,0.08422811,0.05322692,-0.19204136,0.00394953,-0.1384188,-0.82873915,0.46877346,0.23415456,0.1912975,0.01799085,0.28945553,0.03894596,0.37293274,0.4118787,12
31825112,sub-000031825112,High-symptom,F,18.0,BERLIN,0.11528144,ampa,3,3,3,mid_data_mani_IMAGEN.mat,sst_data_mani_IMAGEN.mat,-0.06428887,0.15403952,-0.26578938,0.04309682,0.09362313,0.25482759,-0.40972034,0.26872932,0.35976921,-0.2361782,-0.02782015,0.47667983,0.21550881,0.43145967,0.64696848,12
31825112,sub-000031825112,High-symptom,F,18.0,BERLIN,0.11528144,ampa,4,4,4,mid_data_mani_IMAGEN.mat,sst_data_mani_IMAGEN.mat,0.26327533,0.12678982,0.16688268,-0.13712183,-0.01413751,-0.1722568,-0.42510208,0.13084145,0.17395027,-0.19772521,-0.04941911,0.09140461,0.23343169,-0.27605007,-0.04261838,12
31825112,sub-000031825112,High-symptom,F,18.0,BERLIN,0.11528144,ampa,5,5,5,mid_data_mani_IMAGEN.mat,sst_data_mani_IMAGEN.mat,0.11366441,-0.18915589,-0.10138119,0.22064332,-0.25372774,0.11886234,-0.63121698,0.30037327,0.17766295,0.09391742,-0.03929374,0.26820107,-0.09109474,0.169644,0.07854926,12
31825112,sub-000031825112,High-symptom,F,18.0,BERLIN,0.11528144,baseline,1,1,1,mid_data_simulated_IMAGEN.mat,sst_data_simulated_IMAGEN.mat,-0.30672104,-0.29939342,-0.10335909,-0.22129841,-0.06052084,-0.05167477,-0.40948809,-0.14999104,0.35196771,0.25466043,0.13485953,0.17835418,-1.04296758,0.36036273,-0.68260485,12
31825112,sub-000031825112,High-symptom,F,18.0,BERLIN,0.11528144,baseline,2,2,2,mid_data_simulated_IMAGEN.mat,sst_data_simulated_IMAGEN.mat,-0.05636945,0.09355089,-0.15000142,-0.34049453,-0.00432897,-0.03198333,-0.01502232,-0.17984767,0.23742928,-0.28279068,0.03699865,-0.08434785,-0.48962681,-0.28758058,-0.7772074,12
31825112,sub-000031825112,High-symptom,F,18.0,BERLIN,0.11528144,baseline,3,3,3,mid_data_simulated_IMAGEN.mat,sst_data_simulated_IMAGEN.mat,-0.18108164,-0.05223966,-0.17247463,-0.10610175,0.23572799,-0.10747944,-0.37976062,-0.15969097,-0.00215048,-0.0882418,0.14001024,-0.19947991,-0.38364914,-0.68931352,-1.07296266,12
31825112,sub-000031825112,High-symptom,F,18.0,BERLIN,0.11528144,baseline,4,4,4,mid_data_simulated_IMAGEN.mat,sst_data_simulated_IMAGEN.mat,0.21464508,-0.05065322,0.13814446,0.13364905,0.0690037,-0.28029834,-0.43719575,-0.20195949,0.23048545,0.25065395,0.05858761,0.03409694,0.22449073,-0.06533129,0.15915944,12
31825112,sub-000031825112,High-symptom,F,18.0,BERLIN,0.11528144,baseline,5,5,5,mid_data_simulated_IMAGEN.mat,sst_data_simulated_IMAGEN.mat,-0.08528082,-0.21031547,-0.15899839,0.11107265,0.11474777,-0.1065875,-0.26794377,0.21848691,0.40767377,0.08687371,0.10523592,0.32365056,-0.33536175,0.8739771,0.53861535,12
31825112,sub-000031825112,High-symptom,F,18.0,BERLIN,0.11528144,gaba,1,1,1,mid_data_mani_gaba.mat,sst_data_mani_gaba.mat,-0.13813197,0.09610529,-0.4761592,0.08268999,-0.27340848,0.14338815,-0.04369131,-0.08615149,0.39585569,0.8604251,-0.02929787,0.10875667,-0.56551622,1.20589679,0.64038058,12
31825112,sub-000031825112,High-symptom,F,18.0,BERLIN,0.11528144,gaba,2,2,2,mid_data_mani_gaba.mat,sst_data_mani_gaba.mat,-0.13345078,0.00821408,-0.4911159,-0.03004088,-0.18804966,0.35777944,-0.06829864,-0.06857016,0.30868717,0.78857928,0.0155065,0.03645756,-0.4766637,1.01236172,0.53569802,12
31825112,sub-000031825112,High-symptom,F,18.0,BERLIN,0.11528144,gaba,3,3,3,mid_data_mani_gaba.mat,sst_data_mani_gaba.mat,-0.10499728,-0.00494074,-0.42398161,0.03772982,-0.19938982,0.30227133,-0.09501731,-0.08294265,0.49404903,0.76588541,-0.07443347,0.119738,-0.39330829,1.127279,0.73397071,12
31825112,sub-000031825112,High-symptom,F,18.0,BERLIN,0.11528144,gaba,4,4,4,mid_data_mani_gaba.mat,sst_data_mani_gaba.mat,-0.05945975,0.00552466,-0.46083267,-0.14160275,-0.16810435,0.43754224,-0.04111801,-0.0253442,0.40430837,0.96580473,0.03233663,0.08294478,-0.38693262,1.41893229,1.03199968,12
31825112,sub-000031825112,High-symptom,F,18.0,BERLIN,0.11528144,gaba,5,5,5,mid_data_mani_gaba.mat,sst_data_mani_gaba.mat,-0.16874547,-0.03048645,-0.56275593,0.1054169,-0.2512097,0.24406109,-0.09624382,-0.11804491,0.45831841,0.83404916,-0.12733211,0.17185115,-0.66371955,1.12259788,0.45887833,12
31851798,sub-000031851798,High-symptom,F,19.0,PARIS,0.08863322,ampa,1,1,1,mid_data_mani_IMAGEN.mat,sst_data_mani_IMAGEN.mat,-0.22391436,-0.10479217,-0.06772209,0.04309516,-0.30174829,-0.11292672,0.26164905,-0.03850473,-0.07967286,0.04133667,-0.33991556,-0.22109918,-0.76800848,-0.37620661,-1.14421509,12
31851798,sub-000031851798,High-symptom,F,19.0,PARIS,0.08863322,ampa,2,2,2,mid_data_mani_IMAGEN.mat,sst_data_mani_IMAGEN.mat,0.12648185,-0.23660567,-0.15536826,-0.23938025,0.39076854,0.26725474,-0.19518748,0.25151572,-0.022043,0.15378354,-0.32738619,-0.00313007,0.15315095,-0.14244748,0.01070347,12
31851798,sub-000031851798,High-symptom,F,19.0,PARIS,0.08863322,ampa,3,3,3,mid_data_mani_IMAGEN.mat,sst_data_mani_IMAGEN.mat,-0.19065352,-0.07756762,-0.00778339,-0.09094432,-0.31823918,0.20850627,-0.23909836,0.31144148,0.32378667,-0.1159854,-0.28719017,-0.0367614,-0.47668177,-0.04380718,-0.52048895,12
31851798,sub-000031851798,High-symptom,F,19.0,PARIS,0.08863322,ampa,4,4,4,mid_data_mani_IMAGEN.mat,sst_data_mani_IMAGEN.mat,-0.00693332,0.04534505,-0.29955524,0.14940875,0.1216725,-0.03806927,0.21155864,-0.00576245,0.11258729,0.10798753,-0.33031741,-0.03773245,-0.02813153,0.05832115,0.03018962,12
31851798,sub-000031851798,High-symptom,F,19.0,PARIS,0.08863322,ampa,5,5,5,mid_data_mani_IMAGEN.mat,sst_data_mani_IMAGEN.mat,-0.16249032,-0.25193218,-0.13764804,-0.08733732,0.01854847,0.13252763,0.19204044,0.38987722,0.03050739,0.30422938,-0.30847889,0.04800134,-0.48833175,0.65617688,0.16784512,12
31851798,sub-000031851798,High-symptom,F,19.0,PARIS,0.08863322,baseline,1,1,1,mid_data_simulated_IMAGEN.mat,sst_data_simulated_IMAGEN.mat,0.51134675,0.02585,0.08746883,0.20037194,0.23271339,0.65949871,0.07376211,-0.30893958,0.44952083,0.20915581,-0.18829785,0.24499563,1.71724963,0.48019695,2.19744658,12
31851798,sub-000031851798,High-symptom,F,19.0,PARIS,0.08863322,baseline,2,2,2,mid_data_simulated_IMAGEN.mat,sst_data_simulated_IMAGEN.mat,0.27167159,-0.00302364,-0.06794379,0.00529646,-0.01509355,-0.11799726,-0.10354328,0.25053691,-0.23284385,-0.06311615,-0.26434552,-0.0614283,0.07290981,-0.4747402,-0.40183039,12
31851798,sub-000031851798,High-symptom,F,19.0,PARIS,0.08863322,baseline,3,3,3,mid_data_simulated_IMAGEN.mat,sst_data_simulated_IMAGEN.mat,0.47474238,0.23935759,-0.03606797,0.00309094,0.18301983,0.57267873,0.11957133,-0.02995998,-0.08565598,-0.04169773,-0.02757924,-0.03833995,1.43682151,-0.10366154,1.33315997,12
31851798,sub-000031851798,High-symptom,F,19.0,PARIS,0.08863322,baseline,4,4,4,mid_data_simulated_IMAGEN.mat,sst_data_simulated_IMAGEN.mat,0.33573075,-0.05893229,-0.15771006,-0.20645121,0.09976481,-0.05355448,0.19364589,-0.09189423,-0.30900538,0.03719968,-0.20841813,-0.18398613,-0.04115249,-0.5624583,-0.60361079,12
31851798,sub-000031851798,High-symptom,F,19.0,PARIS,0.08863322,baseline,5,5,5,mid_data_simulated_IMAGEN.mat,sst_data_simulated_IMAGEN.mat,0.20383862,0.16155733,-0.15930837,0.05916768,0.15250252,-0.20960496,0.03985972,-0.10310859,0.00530736,0.066231,-0.26097079,-0.13073582,0.20815282,-0.38341712,-0.17526429,12
31851798,sub-000031851798,High-symptom,F,19.0,PARIS,0.08863322,gaba,1,1,1,mid_data_mani_gaba.mat,sst_data_mani_gaba.mat,0.4459551,-0.05681547,0.05719904,-0.09753708,-0.19520796,0.07217326,0.31026751,-0.04662955,0.11598455,0.31618991,0.24461702,-0.04383751,0.22576689,0.89659193,1.12235882,12
31851798,sub-000031851798,High-symptom,F,19.0,PARIS,0.08863322,gaba,2,2,2,mid_data_mani_gaba.mat,sst_data_mani_gaba.mat,0.32465019,-0.05048595,-0.03493723,-0.09278706,-0.17237333,0.26765514,0.04068682,0.1381903,0.11530607,0.36212785,0.25754752,-0.20106032,0.24172176,0.71279823,0.95452,12
31851798,sub-000031851798,High-symptom,F,19.0,PARIS,0.08863322,gaba,3,3,3,mid_data_mani_gaba.mat,sst_data_mani_gaba.mat,0.52317005,0.01504267,0.10637043,-0.18381067,-0.12789992,0.19114055,0.14595411,0.33351818,0.20758249,0.36296326,0.2839587,0.15631252,0.5240131,1.49028928,2.01430238,12
31851798,sub-000031851798,High-symptom,F,19.0,PARIS,0.08863322,gaba,4,4,4,mid_data_mani_gaba.mat,sst_data_mani_gaba.mat,0.43234725,-0.05634375,-0.01521366,-0.08921066,-0.14382818,0.32320644,0.15999049,0.11391428,0.23059906,0.40856476,0.26327825,0.19787185,0.45095743,1.37421869,1.82517611,12
31851798,sub-000031851798,High-symptom,F,19.0,PARIS,0.08863322,gaba,5,5,5,mid_data_mani_gaba.mat,sst_data_mani_gaba.mat,0.51804398,-0.1475566,0.10847002,-0.16266363,-0.09943532,0.12902013,0.36994077,-0.07092094,0.07288261,0.36481504,0.2983103,-0.07056184,0.34587857,0.96446594,1.31034451,12
35704260,sub-000035704260,High-symptom,M,19.0,DUBLIN,0.12273062,ampa,1,1,1,mid_data_mani_IMAGEN.mat,sst_data_mani_IMAGEN.mat,-0.01450577,0.00496391,0.21177469,0.06455498,0.00676047,-0.01945828,-0.10359066,0.09081703,-0.12405203,-0.20479734,0.18619538,-0.19382855,0.25408999,-0.34925617,-0.09516619,12
35704260,sub-000035704260,High-symptom,M,19.0,DUBLIN,0.12273062,ampa,2,2,2,mid_data_mani_IMAGEN.mat,sst_data_mani_IMAGEN.mat,-0.23672935,-0.02607817,-0.10624512,0.0086859,0.40110069,-0.13808846,0.40962841,0.16593072,-0.07417699,-0.16742425,0.16105295,0.01164169,-0.09735451,0.50665253,0.40929802,12
35704260,sub-000035704260,High-symptom,M,19.0,DUBLIN,0.12273062,ampa,3,3,3,mid_data_mani_IMAGEN.mat,sst_data_mani_IMAGEN.mat,-0.02301647,0.07699187,0.06064769,0.13846163,0.12368104,0.1681005,0.32064827,0.15383272,0.30626043,-0.00632623,0.1829027,0.27609981,0.54486626,1.2334177,1.77828396,12
35704260,sub-000035704260,High-symptom,M,19.0,DUBLIN,0.12273062,ampa,4,4,4,mid_data_mani_IMAGEN.mat,sst_data_mani_IMAGEN.mat,0.07297482,-0.06095424,0.09549558,0.0056368,0.19373244,-0.06419812,0.32023575,0.2407644,-0.05560628,0.17770297,0.20974299,-0.10817418,0.24268727,0.78466565,1.02735292,12
35704260,sub-000035704260,High-symptom,M,19.0,DUBLIN,0.12273062,ampa,5,5,5,mid_data_mani_IMAGEN.mat,sst_data_mani_IMAGEN.mat,0.08095414,-0.27918442,0.0285177,0.19216025,0.33304036,-0.09131472,0.24731879,0.17374274,0.20998422,-0.12622207,0.19886844,0.02882329,0.2641733,0.73251541,0.9966887,12
35704260,sub-000035704260,High-symptom,M,19.0,DUBLIN,0.12273062,baseline,1,1,1,mid_data_simulated_IMAGEN.mat,sst_data_simulated_IMAGEN.mat,-0.21739148,0.26219169,-0.01064592,-0.2024909,-0.1890539,-0.71016374,0.22360912,0.25690246,0.3529715,-0.12987388,0.33335439,0.13797373,-1.06755425,1.17493732,0.10738307,12
35704260,sub-000035704260,High-symptom,M,19.0,DUBLIN,0.12273062,baseline,2,2,2,mid_data_simulated_IMAGEN.mat,sst_data_simulated_IMAGEN.mat,-0.20870527,0.00499783,-0.00257468,0.10720037,-0.64647711,-0.77279149,0.205437,-0.0157004,0.04325156,-0.14246317,0.22726482,-0.08269044,-1.51835034,0.23509938,-1.28325096,12
35704260,sub-000035704260,High-symptom,M,19.0,DUBLIN,0.12273062,baseline,3,3,3,mid_data_simulated_IMAGEN.mat,sst_data_simulated_IMAGEN.mat,-0.16077468,0.03859074,-0.02863136,0.27674778,-0.24705503,-0.08989155,0.45756659,0.03034893,0.16771095,-0.14053431,0.12866313,0.16645676,-0.21101409,0.81021204,0.59919795,12
35704260,sub-000035704260,High-symptom,M,19.0,DUBLIN,0.12273062,baseline,4,4,4,mid_data_simulated_IMAGEN.mat,sst_data_simulated_IMAGEN.mat,-0.17312025,0.29006656,-0.2734564,0.18543969,-0.52039722,-0.63719466,0.24588327,0.37042223,0.31314466,0.1699519,0.15937573,0.11745962,-1.12866228,1.3762374,0.24757512,12
35704260,sub-000035704260,High-symptom,M,19.0,DUBLIN,0.12273062,baseline,5,5,5,mid_data_simulated_IMAGEN.mat,sst_data_simulated_IMAGEN.mat,-0.3686602,-0.02323978,-0.03190927,0.16099018,0.24179011,-0.17817184,0.2787424,0.37852801,0.05126755,0.25624575,0.3856026,-0.02418214,-0.1992008,1.32620418,1.12700338,12
35704260,sub-000035704260,High-symptom,M,19.0,DUBLIN,0.12273062,gaba,1,1,1,mid_data_mani_gaba.mat,sst_data_mani_gaba.mat,0.04786409,0.16120809,-0.08933709,0.62374362,0.04798839,0.57681955,-0.02691533,0.69525981,0.12935265,0.41598268,0.46846468,0.20193081,1.36828664,1.8840753,3.25236194,12
35704260,sub-000035704260,High-symptom,M,19.0,DUBLIN,0.12273062,gaba,2,2,2,mid_data_mani_gaba.mat,sst_data_mani_gaba.mat,0.09608696,-0.06810182,-0.01257071,0.50014764,0.16521864,0.25160066,-0.35546146,0.56176281,0.27587925,0.06294814,0.35574228,0.20264691,0.93238137,1.10351793,2.0358993,12
35704260,sub-000035704260,High-symptom,M,19.0,DUBLIN,0.12273062,gaba,3,3,3,mid_data_mani_gaba.mat,sst_data_mani_gaba.mat,0.18883553,0.07305408,0.0579079,0.47956093,0.14308559,0.60485643,-0.04842163,0.67318926,0.10138494,0.17725881,0.40830743,0.23955643,1.54730046,1.55127524,3.0985757,12
35704260,sub-000035704260,High-symptom,M,19.0,DUBLIN,0.12273062,gaba,4,4,4,mid_data_mani_gaba.mat,sst_data_mani_gaba.mat,0.11549845,-0.0112574,-0.0312397,0.41050599,0.16768605,0.37600721,-0.07569322,0.65537166,0.20972495,0.52034645,0.38830625,0.21895319,1.0272006,1.91700927,2.94420987,12
35704260,sub-000035704260,High-symptom,M,19.0,DUBLIN,0.12273062,gaba,5,5,5,mid_data_mani_gaba.mat,sst_data_mani_gaba.mat,0.03736316,0.1742917,-0.02009754,0.43717186,0.12919541,0.44426519,-0.01925213,0.78700627,0.095863,0.31443462,0.4140188,0.28734673,1.20218978,1.87941728,3.08160706,12
37805580,sub-000037805580,HC,M,19.0,LONDON,0.10218675,ampa,1,250409-1834,250409-1835,mid_data_mani_hc2.mat,sst_data_mani_hc2.mat,0.15547744,-0.03706266,0.13358134,0.0599775,0.19166745,-0.20137035,0.12665997,0.14803937,-0.16001739,-0.40893422,-0.14152744,-0.22627504,0.30227073,-0.66205474,-0.35978401,12
37805580,sub-000037805580,HC,M,19.0,LONDON,0.10218675,ampa,2,250409-2318,250409-2349,mid_data_mani_hc2.mat,sst_data_mani_hc2.mat,-0.18340777,0.18450899,0.0214795,0.17042911,0.28322226,-0.00171877,0.28061829,0.13813737,0.23718968,-0.07657498,-0.10702813,0.00955033,0.47451332,0.48189256,0.95640589,12
37805580,sub-000037805580,HC,M,19.0,LONDON,0.10218675,ampa,3,250410-0731,250410-0753,mid_data_mani_hc2.mat,sst_data_mani_hc2.mat,0.13338101,0.30566715,0.06563027,-0.11423313,0.04425616,-0.01144195,-0.11759591,0.08232175,-0.01568056,-0.03484767,-0.17059692,0.24846955,0.42325951,-0.00792975,0.41532976,12
37805580,sub-000037805580,HC,M,19.0,LONDON,0.10218675,ampa,4,250411-0210,250411-0002,mid_data_mani_hc2.mat,sst_data_mani_hc2.mat,-0.08085568,-0.29924681,-0.09619803,0.08883441,-0.11677027,0.03868428,-0.09300785,0.50425481,0.07609333,-0.00061271,-0.12830139,0.07177769,-0.46555208,0.43020389,-0.0353482,12
37805580,sub-000037805580,HC,M,19.0,LONDON,0.10218675,ampa,5,250411-0400,250411-0434,mid_data_mani_hc2.mat,sst_data_mani_hc2.mat,0.17114275,0.04433336,0.3021783,0.22085075,-0.16272735,-0.03666976,0.15028951,-0.09196527,0.10651373,-0.31251426,-0.09378423,-0.03035281,0.53910803,-0.27181334,0.2672947,12
37805580,sub-000037805580,HC,M,19.0,LONDON,0.10218675,ampa,6,250411-0639,250411-1247,mid_data_mani_hc2.mat,sst_data_mani_hc2.mat,-0.03121549,-0.0885046,0.01961982,-0.13918441,-0.11245136,-0.03061808,0.15768279,0.05900263,-0.1692816,0.25745404,-0.10280794,-0.14958495,-0.38235412,0.05246498,-0.32988914,12
37805580,sub-000037805580,HC,M,19.0,LONDON,0.10218675,ampa,7,250411-1016,250411-1551,mid_data_mani_hc2.mat,sst_data_mani_hc2.mat,0.09187501,-0.12145584,-0.02645425,-0.06936678,-0.29270511,-0.12273759,0.05525124,0.12792593,-0.41048026,-0.2350882,-0.14446043,-0.56183688,-0.54084456,-1.16868859,-1.70953315,12
37805580,sub-000037805580,HC,M,19.0,LONDON,0.10218675,ampa,8,250411-1549,,mid_data_mani_hc2.mat,,,,,,,,0.29264345,-0.11332934,-0.36559584,0.44740602,-0.04868216,-0.28979315,,-0.07735102,,6
37805580,sub-000037805580,HC,M,19.0,LONDON,0.10218675,baseline,1,250110-2208,250110-2246,mid_data_simu_hc2.mat,sst_data_simulated_hc2.mat,-0.00469702,0.07505277,0.07574258,0.03794928,-0.32764782,-0.25631068,-0.69486481,-0.53728446,-0.49128444,0.10978699,-0.01860137,-0.3947156,-0.39991089,-2.02696368,-2.42687456,12
37805580,sub-000037805580,HC,M,19.0,LONDON,0.10218675,baseline,2,250111-0802,250111-0824,mid_data_simu_hc2.mat,sst_data_simulated_hc2.mat,-0.24911174,0.26577541,0.17282333,0.07873051,-0.0096325,-0.0202291,-0.15386371,-0.26304941,-0.44129261,0.12759772,0.04238824,-0.41907156,0.23835591,-1.10729135,-0.86893544,12
37805580,sub-000037805580,HC,M,19.0,LONDON,0.10218675,baseline,3,250111-1325,250111-1327,mid_data_simu_hc2.mat,sst_data_simulated_hc2.mat,0.21341023,0.25203744,0.04974057,0.23023039,0.32200693,0.13254277,-0.34042351,-0.34239745,-0.30511533,0.23826902,-0.13401237,-0.48763325,1.19996833,-1.37131289,-0.17134456,12
37805580,sub-000037805580,HC,M,19.0,LONDON,0.10218675,baseline,4,250111-1659,250111-1711,mid_data_simu_hc2.mat,sst_data_simulated_hc2.mat,-0.0046743,0.02670156,-0.29602962,0.12462544,-0.15098534,-0.20099616,-0.25087851,-0.15359634,-0.13813688,0.0331095,-0.01696679,-0.29313331,-0.50135842,-0.81960233,-1.32096075,12
37805580,sub-000037805580,HC,M,19.0,LONDON,0.10218675,baseline,5,250111-2012,250111-2104,mid_data_simu_hc2.mat,sst_data_simulated_hc2.mat,0.11850604,0.12173391,-0.21583719,-0.09016066,0.15182359,0.07252668,-0.13529002,-0.2288683,-0.58159648,-0.11250902,-0.08078959,-0.31907709,0.15859237,-1.45813049,-1.29953812,12
37805580,sub-000037805580,HC,M,19.0,LONDON,0.10218675,gaba,1,1,1,mid_data_mani_gaba.mat,sst_data_mani_gaba.mat,0.51030824,0.11778144,0.316452,0.7793489,0.50580901,-0.03733622,-0.2405047,-0.24675028,-0.66294506,0.07049678,0.18069057,-0.47494209,2.19236336,-1.37395477,0.81840859,12
37805580,sub-000037805580,HC,M,19.0,LONDON,0.10218675,gaba,2,2,2,mid_data_mani_gaba.mat,sst_data_mani_gaba.mat,0.5546034,0.03096913,0.31789016,0.66644449,0.58135899,-0.0112843,-0.37163205,-0.38307385,-0.50187305,0.13541381,0.1787255,-0.29305849,2.13998186,-1.23549813,0.90448372,12
37805580,sub-000037805580,HC,M,19.0,LONDON,0.10218675,gaba,3,3,3,mid_data_mani_gaba.mat,sst_data_mani_gaba.mat,0.73693436,0.11079116,0.22831889,0.77351719,0.48096017,-0.15367645,-0.21294082,-0.20868825,-0.51717277,0.11266623,0.11005486,-0.44181727,2.17684532,-1.15789802,1.01894729,12
37805580,sub-000037805580,HC,M,19.0,LONDON,0.10218675,gaba,4,4,4,mid_data_mani_gaba.mat,sst_data_mani_gaba.mat,0.66942509,0.20894161,0.18789051,0.81919544,0.52294893,0.21243617,-0.38355033,-0.35147135,-0.72357734,0.23257115,0.11039278,-0.62210172,2.62083775,-1.73773681,0.88310094,12
37805580,sub-000037805580,HC,M,19.0,LONDON,0.10218675,gaba,5,5,5,mid_data_mani_gaba.mat,sst_data_mani_gaba.mat,0.70681388,0.02015172,0.36809174,0.84028376,0.45935304,0.01019878,-0.30600804,-0.41887484,-0.54862878,0.31299217,0.11546742,-0.33638251,2.40489291,-1.18143458,1.22345833,12
38521433,sub-000038521433,High-symptom,F,18.0,MANNHEIM,0.07786328,ampa,1,1,1,mid_data_mani_IMAGEN.mat,sst_data_mani_IMAGEN.mat,0.04420553,-0.1005805,-0.22564629,-0.29723806,-0.08183683,-0.13619983,0.13661235,0.36840508,0.06865065,0.06644521,0.29908965,-0.04352142,-0.797296,0.89568152,0.09838552,12
38521433,sub-000038521433,High-symptom,F,18.0,MANNHEIM,0.07786328,ampa,2,2,2,mid_data_mani_IMAGEN.mat,sst_data_mani_IMAGEN.mat,0.10943903,-0.15946556,0.03088177,-0.02192222,-0.00203074,-0.18951872,0.17080249,0.31780917,-0.27427462,-0.1495224,0.29925823,-0.19049933,-0.23261645,0.17357354,-0.05904291,12
38521433,sub-000038521433,High-symptom,F,18.0,MANNHEIM,0.07786328,ampa,3,3,3,mid_data_mani_IMAGEN.mat,sst_data_mani_IMAGEN.mat,0.08409706,-0.13915672,-0.02849586,-0.034712,0.08011779,-0.29006451,0.07185107,0.28710738,0.35555068,-0.09191799,0.32772136,0.24748189,-0.32821424,1.19779439,0.86958016,12
38521433,sub-000038521433,High-symptom,F,18.0,MANNHEIM,0.07786328,ampa,4,4,4,mid_data_mani_IMAGEN.mat,sst_data_mani_IMAGEN.mat,0.0158803,0.15018025,-0.02377715,0.13609502,-0.05807393,-0.1099876,0.38649704,0.32106342,0.20471452,0.16033826,0.31029214,0.29978825,0.1103169,1.68269362,1.79301052,12
38521433,sub-000038521433,High-symptom,F,18.0,MANNHEIM,0.07786328,ampa,5,5,5,mid_data_mani_IMAGEN.mat,sst_data_mani_IMAGEN.mat,-0.06691602,0.16486231,0.0477696,-0.02341152,0.10084802,-0.15963671,0.06351843,0.36523279,-0.05392893,0.270417,0.27640005,0.24524261,0.06351568,1.16688195,1.23039763,12
38521433,sub-000038521433,High-symptom,F,18.0,MANNHEIM,0.07786328,baseline,1,1,1,mid_data_simulated_IMAGEN.mat,sst_data_simulated_IMAGEN.mat,-0.21419768,0.04935573,-0.06372936,-0.20957287,0.37634764,-0.023157,-0.25144886,0.04309313,0.15521738,-0.2567073,0.46590256,-0.13093885,-0.08495353,0.02511806,-0.05983547,12
38521433,sub-000038521433,High-symptom,F,18.0,MANNHEIM,0.07786328,baseline,2,2,2,mid_data_simulated_IMAGEN.mat,sst_data_simulated_IMAGEN.mat,-0.26670986,-0.10460827,0.1032414,-0.21933394,0.24041598,-0.36779999,0.09062028,0.58015712,0.08206496,-0.38700832,0.33158345,0.02142528,-0.61479469,0.71884277,0.10404809,12
38521433,sub-000038521433,High-symptom,F,18.0,MANNHEIM,0.07786328,baseline,3,3,3,mid_data_simulated_IMAGEN.mat,sst_data_simulated_IMAGEN.mat,0.03201394,-0.0322807,-0.0481852,-0.10949937,0.20016488,-0.22088078,0.44459628,0.1615201,0.116893,0.09108545,0.27405292,-0.12383913,-0.17866723,0.96430861,0.78564138,12
38521433,sub-000038521433,High-symptom,F,18.0,MANNHEIM,0.07786328,baseline,4,4,4,mid_data_simulated_IMAGEN.mat,sst_data_simulated_IMAGEN.mat,-0.07103287,-0.15640335,0.05495741,-0.13942755,0.13885072,-0.17052219,0.17747595,0.18923668,-0.0063818,0.11381174,0.52808503,-0.06588703,-0.34357784,0.93634057,0.59276274,12
38521433,sub-000038521433,High-symptom,F,18.0,MANNHEIM,0.07786328,baseline,5,5,5,mid_data_simulated_IMAGEN.mat,sst_data_simulated_IMAGEN.mat,0.19303258,-0.06584294,0.17197668,-0.15084932,0.23288406,-0.36004667,0.19663424,0.11861561,0.13122227,-0.25189972,0.31878239,0.23384622,0.02115439,0.74720102,0.76835542,12
38521433,sub-000038521433,High-symptom,F,18.0,MANNHEIM,0.07786328,gaba,1,1,1,mid_data_mani_gaba.mat,sst_data_mani_gaba.mat,0.3446167,0.11464365,0.36885785,0.28863282,0.04222966,0.85536482,0.12434766,0.30830643,0.33080105,0.284798,0.32611826,0.15483287,2.01434549,1.52920427,3.54354976,12
38521433,sub-000038521433,High-symptom,F,18.0,MANNHEIM,0.07786328,gaba,2,2,2,mid_data_mani_gaba.mat,sst_data_mani_gaba.mat,0.3148825,0.15234575,0.39564228,0.24411288,0.11329397,0.86285691,0.23382669,0.16117033,0.29155955,0.37398323,0.29510203,0.15695361,2.08313429,1.51259543,3.59572972,12
38521433,sub-000038521433,High-symptom,F,18.0,MANNHEIM,0.07786328,gaba,3,3,3,mid_data_mani_gaba.mat,sst_data_mani_gaba.mat,0.31831257,0.10459158,0.34203131,0.24882564,0.10150425,0.87285923,0.11151098,0.07454386,0.29452169,0.24837428,0.35947872,0.12728674,1.98812458,1.21571628,3.20384086,12
38521433,sub-000038521433,High-symptom,F,18.0,MANNHEIM,0.07786328,gaba,4,4,4,mid_data_mani_gaba.mat,sst_data_mani_gaba.mat,0.37891021,0.07465959,0.38931846,0.22077344,0.1748583,1.01719808,0.12472113,0.09143355,0.15711961,0.28831868,0.3000631,0.01351679,2.25571808,0.97517286,3.23089094,12
38521433,sub-000038521433,High-symptom,F,18.0,MANNHEIM,0.07786328,gaba,5,5,5,mid_data_mani_gaba.mat,sst_data_mani_gaba.mat,0.30441678,0.14116674,0.35124825,0.39581436,0.04846295,1.0702729,0.13589474,0.07300748,0.33126841,0.38318168,0.32767136,0.13310648,2.31138198,1.38413015,3.69551213,12
39776858,sub-000039776858,High-symptom,F,19.0,MANNHEIM,0.0786277,ampa,1,1,1,mid_data_mani_IMAGEN.mat,sst_data_mani_IMAGEN.mat,0.06084374,0.08346395,-0.01022011,0.04590109,-0.15936657,0.24506665,0.20436097,0.11410567,-0.11529969,0.15711978,0.30722848,-0.02689942,0.26568875,0.64061578,0.90630453,12
39776858,sub-000039776858,High-symptom,F,19.0,MANNHEIM,0.0786277,ampa,2,2,2,mid_data_mani_IMAGEN.mat,sst_data_mani_IMAGEN.mat,0.16134428,0.26909401,0.01977014,0.20313545,-0.13762225,0.40451311,0.21865093,0.16684477,-0.02176576,-0.27305412,0.22406219,0.0619082,0.92023475,0.3766462,1.29688095,12
39776858,sub-000039776858,High-symptom,F,19.0,MANNHEIM,0.0786277,ampa,3,3,3,mid_data_mani_IMAGEN.mat,sst_data_mani_IMAGEN.mat,-0.0042824,0.37062917,-0.2137789,-0.17006728,-0.01056745,-0.00918376,-0.0667171,-0.06058714,-0.14353511,-0.19770217,0.23544197,0.039774,-0.03725062,-0.19332555,-0.23057617,12
39776858,sub-000039776858,High-symptom,F,19.0,MANNHEIM,0.0786277,ampa,4,4,4,mid_data_mani_IMAGEN.mat,sst_data_mani_IMAGEN.mat,-0.279336,0.01188171,-0.11888567,-0.06264295,0.13018692,0.08361515,0.01666354,0.21697417,0.12597782,0.08901216,0.31043694,0.12452242,-0.23518084,0.88358705,0.64840621,12
39776858,sub-000039776858,High-symptom,F,19.0,MANNHEIM,0.0786277,ampa,5,5,5,mid_data_mani_IMAGEN.mat,sst_data_mani_IMAGEN.mat,0.09314447,0.12750381,-0.14767321,-0.05806158,-0.08177871,0.19763474,0.08354734,0.1796095,-0.16189198,-0.18833724,0.25671331,-0.27914523,0.13076953,-0.1095043,0.02126523,12
39776858,sub-000039776858,High-symptom,F,19.0,MANNHEIM,0.0786277,baseline,1,1,1,mid_data_simulated_IMAGEN.mat,sst_data_simulated_IMAGEN.mat,0.05519091,-0.14071995,-0.13622504,-0.08749043,0.21744842,-0.01708941,-0.57217816,-0.04681445,0.05476506,0.10523633,0.23991025,0.30368911,-0.10888551,0.08460815,-0.02427736,12
39776858,sub-000039776858,High-symptom,F,19.0,MANNHEIM,0.0786277,baseline,2,2,2,mid_data_simulated_IMAGEN.mat,sst_data_simulated_IMAGEN.mat,-0.2002851,-0.01201085,-0.21746849,-0.05485525,0.26644847,-0.18055291,-0.29266489,0.3890268,0.07557326,-0.07466261,0.21683693,0.20514542,-0.39872413,0.5192549,0.12053077,12
39776858,sub-000039776858,High-symptom,F,19.0,MANNHEIM,0.0786277,baseline,3,3,3,mid_data_simulated_IMAGEN.mat,sst_data_simulated_IMAGEN.mat,-0.15599796,-0.0876422,-0.03230081,0.03329538,0.28182934,-0.25964121,-0.22041686,-0.00369349,0.10424365,0.00286724,0.08740418,0.21893157,-0.22045745,0.18933628,-0.03112117,12
39776858,sub-000039776858,High-symptom,F,19.0,MANNHEIM,0.0786277,baseline,4,4,4,mid_data_simulated_IMAGEN.mat,sst_data_simulated_IMAGEN.mat,0.10548703,0.1908278,-0.04545087,0.04785085,0.23062723,0.02652487,-0.22573068,-0.25613408,-0.03693462,-0.11351287,0.15426994,0.10977815,0.55586692,-0.36826417,0.18760275,12
39776858,sub-000039776858,High-symptom,F,19.0,MANNHEIM,0.0786277,baseline,5,5,5,mid_data_simulated_IMAGEN.mat,sst_data_simulated_IMAGEN.mat,-0.0224346,0.11387406,0.14397735,-0.25323297,0.58228751,-0.14935108,-0.48523162,-0.24290404,-0.18170833,0.22756685,0.10183399,0.02884734,0.41512027,-0.55159582,-0.13647554,12
39776858,sub-000039776858,High-symptom,F,19.0,MANNHEIM,0.0786277,gaba,1,1,1,mid_data_mani_gaba.mat,sst_data_mani_gaba.mat,0.94995603,0.08857987,0.79133006,0.32983912,-0.18442811,1.02470864,0.14421278,0.46461535,0.30749214,0.14170453,0.08288582,0.58631174,2.99998562,1.72722236,4.72720799,12
39776858,sub-000039776858,High-symptom,F,19.0,MANNHEIM,0.0786277,gaba,2,2,2,mid_data_mani_gaba.mat,sst_data_mani_gaba.mat,1.08749912,0.13496171,0.94706185,0.29076965,-0.03576479,1.06302729,-0.08103915,0.60964947,0.38359327,0.283525,0.05263801,0.59021085,3.48755482,1.83857745,5.32613228,12
39776858,sub-000039776858,High-symptom,F,19.0,MANNHEIM,0.0786277,gaba,3,3,3,mid_data_mani_gaba.mat,sst_data_mani_gaba.mat,0.74595907,0.136751,0.73989813,0.32658812,-0.13550609,0.9197156,0.06378306,0.41550517,0.26488125,0.12438645,0.1287389,0.51228385,2.73340583,1.50957868,4.2429845,12
39776858,sub-000039776858,High-symptom,F,19.0,MANNHEIM,0.0786277,gaba,4,4,4,mid_data_mani_gaba.mat,sst_data_mani_gaba.mat,1.02775761,0.00366282,0.90432512,0.23785888,-0.27188226,1.03995408,-0.00236232,0.44128442,0.21718912,0.34750489,0.12186521,0.48323797,2.94167625,1.60871928,4.55039553,12
39776858,sub-000039776858,High-symptom,F,19.0,MANNHEIM,0.0786277,gaba,5,5,5,mid_data_mani_gaba.mat,sst_data_mani_gaba.mat,0.80645197,-0.02971727,0.6852138,0.20465163,-0.30045257,0.85783533,-0.08756224,0.4400864,0.35877155,0.06032409,0.07910721,0.62610493,2.22398289,1.47683195,3.70081485,12
41383458,sub-000041383458,High-symptom,F,18.0,LONDON,0.10317354,ampa,1,1,1,mid_data_mani_IMAGEN.mat,sst_data_mani_IMAGEN.mat,0.14355378,0.05755699,0.14192862,0.21135674,0.09716533,0.07139316,-0.38319895,0.02271902,-0.42897015,0.08876838,0.5400602,-0.38168592,0.72295463,-0.54230742,0.18064721,12
41383458,sub-000041383458,High-symptom,F,18.0,LONDON,0.10317354,ampa,2,2,2,mid_data_mani_IMAGEN.mat,sst_data_mani_IMAGEN.mat,0.07406176,-0.15104726,-0.37177548,-0.02697846,0.01135036,-0.21348458,0.16822641,-0.06738071,0.10474804,-0.22274086,0.46321814,-0.01060406,-0.67787366,0.43546696,-0.24240671,12
41383458,sub-000041383458,High-symptom,F,18.0,LONDON,0.10317354,ampa,3,3,3,mid_data_mani_IMAGEN.mat,sst_data_mani_IMAGEN.mat,0.13182759,0.12303809,-0.03729182,-0.05388898,0.20085507,0.01831815,-0.12162915,0.21413392,0.32563908,-0.01021061,0.38951469,0.05636354,0.3828581,0.85381147,1.23666957,12
41383458,sub-000041383458,High-symptom,F,18.0,LONDON,0.10317354,ampa,4,4,4,mid_data_mani_IMAGEN.mat,sst_data_mani_IMAGEN.mat,0.12810376,0.09110421,-0.13610604,-0.03619552,0.06731619,-0.11991604,-0.14911864,-0.01119452,-0.11097507,0.20883343,0.47923439,0.02287639,-0.00569344,0.43965598,0.43396254,12
41383458,sub-000041383458,High-symptom,F,18.0,LONDON,0.10317354,ampa,5,5,5,mid_data_mani_IMAGEN.mat,sst_data_mani_IMAGEN.mat,-0.10446949,0.02323154,-0.03561625,0.15980129,0.30386804,0.16730884,0.04509602,-0.14207443,-0.06721666,-0.00748288,0.42342449,-0.08960311,0.51412398,0.16214343,0.67626742,12
41383458,sub-000041383458,High-symptom,F,18.0,LONDON,0.10317354,baseline,1,1,1,mid_data_simulated_IMAGEN.mat,sst_data_simulated_IMAGEN.mat,-0.01527059,0.03997227,0.4208517,0.01799606,0.00672065,-0.01967686,-0.18616506,0.12644245,0.30047948,0.14012493,0.57545918,0.2531198,0.45059323,1.20946078,1.66005401,12
41383458,sub-000041383458,High-symptom,F,18.0,LONDON,0.10317354,baseline,2,2,2,mid_data_simulated_IMAGEN.mat,sst_data_simulated_IMAGEN.mat,0.2396105,0.05169229,0.42439045,0.2947606,-0.18825971,0.21605522,-0.29080577,0.09582621,0.12779106,0.25511777,0.62283535,0.06482401,1.03824936,0.87558863,1.91383799,12
41383458,sub-000041383458,High-symptom,F,18.0,LONDON,0.10317354,baseline,3,3,3,mid_data_simulated_IMAGEN.mat,sst_data_simulated_IMAGEN.mat,0.2265552,0.07611942,0.1805493,0.12063677,-0.10207599,0.06752411,-0.55198335,0.15780918,-0.03030629,0.10075773,0.57076916,-0.06508788,0.56930882,0.18195855,0.75126736,12
41383458,sub-000041383458,High-symptom,F,18.0,LONDON,0.10317354,baseline,4,4,4,mid_data_simulated_IMAGEN.mat,sst_data_simulated_IMAGEN.mat,0.06357892,-0.12772255,0.446931,-0.22308442,0.0002416,0.12208368,-0.42397695,-0.01560837,-0.03318333,0.06323469,0.55890989,-0.03664584,0.28202823,0.11273009,0.39475832,12
41383458,sub-000041383458,High-symptom,F,18.0,LONDON,0.10317354,baseline,5,5,5,mid_data_simulated_IMAGEN.mat,sst_data_simulated_IMAGEN.mat,0.11611405,-0.14426867,-0.00244813,-0.04358612,0.37415814,0.29389189,-0.0202528,0.09158682,0.23980521,0.5189971,0.54261988,0.23804877,0.59386117,1.61080497,2.20466614,12
41383458,sub-000041383458,High-symptom,F,18.0,LONDON,0.10317354,gaba,1,1,1,mid_data_mani_gaba.mat,sst_data_mani_gaba.mat,0.17248192,0.29175998,0.05885598,0.24778777,0.4252262,0.89724281,0.00955812,0.05305538,0.0933616,-0.07705376,0.53624245,0.08392782,2.09335465,0.69909162,2.79244627,12
41383458,sub-000041383458,High-symptom,F,18.0,LONDON,0.10317354,gaba,2,2,3,mid_data_mani_gaba.mat,sst_data_mani_gaba.mat,0.16109469,0.27681108,0.12759308,0.43873044,0.39859296,0.93540078,0.07180194,-0.03125495,0.10441903,-0.14078065,0.43774579,0.12915112,2.33822303,0.57108229,2.90930532,12
41383458,sub-000041383458,High-symptom,F,18.0,LONDON,0.10317354,gaba,3,4,4,mid_data_mani_gaba.mat,sst_data_mani_gaba.mat,0.14092606,-0.00288332,-0.00722089,0.54062995,0.55264459,0.95197526,0.11544957,-0.04576545,0.01704649,-0.20391474,0.47301588,0.17860137,2.17607165,0.53443313,2.71050478,12
41383458,sub-000041383458,High-symptom,F,18.0,LONDON,0.10317354,gaba,4,5,5,mid_data_mani_gaba.mat,sst_data_mani_gaba.mat,0.21152679,0.2012701,0.02202029,0.4481446,0.41753435,0.98811685,0.11561195,0.02253878,0.12048881,-0.09709017,0.54075747,0.18714259,2.28861298,0.88944942,3.1780624,12
41429086,sub-000041429086,High-symptom,F,20.0,NOTTINGHAM,0.31523103,ampa,1,1,1,mid_data_mani_IMAGEN.mat,sst_data_mani_IMAGEN.mat,0.10642171,0.30255732,-0.08717414,0.10194696,0.13469557,0.05673413,0.08390448,0.02279966,-0.25261038,-0.04668857,0.07604742,-0.15490431,0.61518156,-0.2714517,0.34372986,12
41429086,sub-000041429086,High-symptom,F,20.0,NOTTINGHAM,0.31523103,ampa,2,2,2,mid_data_mani_IMAGEN.mat,sst_data_mani_IMAGEN.mat,-0.00355307,0.25240257,-0.10090752,0.16762927,0.32866659,-0.02653392,-0.15349394,-0.05888776,0.06035561,-0.00601192,0.10252099,-0.0804334,0.61770393,-0.13595044,0.48175349,12
41429086,sub-000041429086,High-symptom,F,20.0,NOTTINGHAM,0.31523103,ampa,3,3,3,mid_data_mani_IMAGEN.mat,sst_data_mani_IMAGEN.mat,-0.40416971,0.19557538,-0.20963645,0.08177802,0.22292645,0.08717347,-0.34200667,0.33661583,-0.1445316,-0.0061304,0.0861772,-0.3488624,-0.02635284,-0.41873802,-0.44509086,12
41429086,sub-000041429086,High-symptom,F,20.0,NOTTINGHAM,0.31523103,ampa,4,4,4,mid_data_mani_IMAGEN.mat,sst_data_mani_IMAGEN.mat,-0.21725048,0.41258497,0.12605381,0.08872964,-0.08186442,-0.17919086,-0.53750072,0.45345137,-0.01392889,-0.22512485,-0.00650316,-0.19130196,0.14906266,-0.52090821,-0.37184555,12
41429086,sub-000041429086,High-symptom,F,20.0,NOTTINGHAM,0.31523103,ampa,5,5,5,mid_data_mani_IMAGEN.mat,sst_data_mani_IMAGEN.mat,0.21559492,-0.00795986,0.20858053,0.02097843,0.15709569,0.22594256,0.05820501,0.06678019,-0.01829631,0.23434252,0.14956615,0.01614457,0.82023227,0.50674213,1.3269744,12
41429086,sub-000041429086,High-symptom,F,20.0,NOTTINGHAM,0.31523103,baseline,1,1,1,mid_data_simulated_IMAGEN.mat,sst_data_simulated_IMAGEN.mat,-0.31445283,0.41792726,-0.35963158,0.08578607,-0.2436661,-0.08957365,-0.13003301,0.28826995,0.20802564,-0.1918153,0.0642932,0.26432311,-0.50361084,0.5030636,-0.00054723,12
41429086,sub-000041429086,High-symptom,F,20.0,NOTTINGHAM,0.31523103,baseline,2,2,2,mid_data_simulated_IMAGEN.mat,sst_data_simulated_IMAGEN.mat,0.02913677,0.10329064,-0.02351883,0.1271643,0.20249223,-0.20184748,-0.19661544,0.55004708,-0.02343632,-0.13122223,0.11164813,0.05189435,0.23671762,0.36231559,0.59903321,12
41429086,sub-000041429086,High-symptom,F,20.0,NOTTINGHAM,0.31523103,baseline,3,3,3,mid_data_simulated_IMAGEN.mat,sst_data_simulated_IMAGEN.mat,-0.36562115,0.20507833,0.0373571,0.06630213,-0.16881479,-0.09901742,-0.04283848,0.00014997,0.1758647,-0.84349808,0.23404669,0.36107347,-0.32471579,-0.11520172,-0.43991751,12
41429086,sub-000041429086,High-symptom,F,20.0,NOTTINGHAM,0.31523103,baseline,4,4,4,mid_data_simulated_IMAGEN.mat,sst_data_simulated_IMAGEN.mat,-0.35424338,0.08480834,-0.17953113,0.07107494,0.44303837,0.17053499,-0.30241542,0.40087839,0.07431053,-0.06852502,0.02879836,-0.04898779,0.23568213,0.08405905,0.31974118,12
41429086,sub-000041429086,High-symptom,F,20.0,NOTTINGHAM,0.31523103,baseline,5,5,5,mid_data_simulated_IMAGEN.mat,sst_data_simulated_IMAGEN.mat,-0.10993998,-0.09983808,0.03139689,0.01813914,0.40605124,-0.06374313,-0.29067851,0.34227666,0.05304968,-0.19655717,0.20508207,-0.00077539,0.18206607,0.11239735,0.29446342,12
41429086,sub-000041429086,High-symptom,F,20.0,NOTTINGHAM,0.31523103,gaba,1,1,1,mid_data_mani_gaba.mat,sst_data_mani_gaba.mat,0.25450151,0.52644865,0.30784604,0.47073145,-0.01165408,0.66883542,0.55865329,0.50241239,0.22194567,0.23231115,0.27595765,0.33297067,2.216709,2.12425083,4.34095983,12
41429086,sub-000041429086,High-symptom,F,20.0,NOTTINGHAM,0.31523103,gaba,2,2,2,mid_data_mani_gaba.mat,sst_data_mani_gaba.mat,0.2276123,0.46531342,0.28357941,0.54856855,0.08572819,0.63169021,0.17782127,0.48123671,0.23157801,0.18735751,0.2467156,0.40444708,2.24249209,1.72915619,3.97164828,12
41429086,sub-000041429086,High-symptom,F,20.0,NOTTINGHAM,0.31523103,gaba,3,3,3,mid_data_mani_gaba.mat,sst_data_mani_gaba.mat,0.18831412,0.52737634,0.24238288,0.34989852,0.03315464,0.66355743,0.48907227,0.62227262,0.2833465,0.31712229,0.27127303,0.40748166,2.00468393,2.39056838,4.3952523,12
41429086,sub-000041429086,High-symptom,F,20.0,NOTTINGHAM,0.31523103,gaba,4,4,4,mid_data_mani_gaba.mat,sst_data_mani_gaba.mat,0.14865001,0.52964348,0.21777268,0.40253833,-0.14121021,0.65302549,0.51306644,0.49195024,0.24749582,0.17539231,0.28584844,0.31180837,1.81041979,2.02556162,3.8359814,12
41429086,sub-000041429086,High-symptom,F,20.0,NOTTINGHAM,0.31523103,gaba,5,5,5,mid_data_mani_gaba.mat,sst_data_mani_gaba.mat,0.30236881,0.37479589,0.42726417,0.27571756,-0.08657151,0.53132517,0.47482266,0.40037734,0.18239808,0.20839854,0.25512523,0.34486988,1.82490009,1.86599173,3.69089182,12
42449851,sub-000042449851,HC,M,20.0,BERLIN,0.28917395,ampa,1,250409-1837,250409-1839,mid_data_mani_hc2.mat,sst_data_mani_hc2.mat,-0.2215275,-0.05905747,-0.06317556,0.26314012,0.21308251,0.00662119,-0.28657092,-0.18220877,0.51238929,-0.1411572,-0.4138266,0.44593099,0.13908329,-0.06544321,0.07364008,12
42449851,sub-000042449851,HC,M,20.0,BERLIN,0.28917395,ampa,2,250409-2111,250410-0053,mid_data_mani_hc2.mat,sst_data_mani_hc2.mat,-0.09355339,0.11155164,0.03903816,0.04570041,0.21537762,0.03186862,-0.4275917,0.17638152,0.1842629,0.3255196,-0.35640535,0.25166876,0.34998304,0.15383574,0.50381878,12
42449851,sub-000042449851,HC,M,20.0,BERLIN,0.28917395,ampa,3,250410-0002,250410-1136,mid_data_mani_hc2.mat,sst_data_mani_hc2.mat,0.00677491,0.08140661,-0.1148089,-0.16658167,0.11209292,-0.25063295,-0.07481101,-0.06954254,0.15826313,0.18348009,-0.38731343,0.21920316,-0.33174908,0.0292794,-0.30246968,12
42449851,sub-000042449851,HC,M,20.0,BERLIN,0.28917395,ampa,4,250411-0410,250411-2150,mid_data_mani_hc2.mat,sst_data_mani_hc2.mat,0.041558,-0.30424172,-0.21523176,-0.14630107,-0.02714732,0.21652888,-0.07437609,0.42527427,0.39762374,0.11097349,-0.270647,0.10251846,-0.43483499,0.69136688,0.25653189,12
42449851,sub-000042449851,HC,M,20.0,BERLIN,0.28917395,ampa,5,250411-1309,250412-0819,mid_data_mani_hc2.mat,sst_data_mani_hc2.mat,-0.08286075,0.26282944,-0.09952524,0.15984463,0.27776821,-0.0963802,-0.415725,0.38501594,0.38714437,-0.10379366,-0.34475103,0.34524166,0.42167609,0.25313228,0.67480837,12
42449851,sub-000042449851,HC,M,20.0,BERLIN,0.28917395,ampa,6,250411-1612,250412-1158,mid_data_mani_hc2.mat,sst_data_mani_hc2.mat,-0.17962594,0.18851768,-0.02339865,-0.23860565,-0.14189308,-0.14362002,-0.03569229,0.0949294,-0.02770406,0.12704545,-0.44411865,0.01678217,-0.53862566,-0.26875798,-0.80738364,12
42449851,sub-000042449851,HC,M,20.0,BERLIN,0.28917395,ampa,7,,250413-0429,,sst_data_mani_hc2.mat,0.2860336,0.10672656,-0.01871897,-0.06194208,0.00285465,-0.07886404,,,,,,,0.23608972,,,6
42449851,sub-000042449851,HC,M,20.0,BERLIN,0.28917395,baseline,1,250110-2212,250111-0123,mid_data_simu_hc2.mat,sst_data_simulated_hc2.mat,0.22224529,-0.01224378,-0.03950395,0.1827578,0.05279492,-0.57513824,-0.39552573,-0.44408333,-0.66717652,-0.59226084,-0.4867669,-0.67502294,-0.16908796,-3.26083626,-3.42992422,12
42449851,sub-000042449851,HC,M,20.0,BERLIN,0.28917395,baseline,2,250111-1150,250111-1027,mid_data_simu_hc2.mat,sst_data_simulated_hc2.mat,-0.17666747,0.09780388,-0.00982917,0.10396111,0.18537442,-0.6663816,-0.55906209,-0.51350951,0.13950871,-0.0377067,-0.45386833,0.13952982,-0.46573884,-1.28510809,-1.75084694,12
42449851,sub-000042449851,HC,M,20.0,BERLIN,0.28917395,baseline,3,250111-1328,250111-1330,mid_data_simu_hc2.mat,sst_data_simulated_hc2.mat,0.01700206,-0.01122061,-0.35626954,-0.02201465,0.14413562,-0.53232053,-0.20184008,-0.24729644,0.12724761,-0.13655814,-0.3920075,0.22948658,-0.76068764,-0.62096797,-1.38165561,12
42449851,sub-000042449851,HC,M,20.0,BERLIN,0.28917395,baseline,4,250111-1722,250111-1724,mid_data_simu_hc2.mat,sst_data_simulated_hc2.mat,-0.04228889,0.31965117,-0.13079111,-0.24233026,-0.05533839,-0.55411268,-0.49837194,-0.40320645,-0.5078595,-0.46789868,-0.33758782,-0.38841896,-0.70521016,-2.60334336,-3.30855352,12
42449851,sub-000042449851,HC,M,20.0,BERLIN,0.28917395,baseline,5,250111-2105,250111-2127,mid_data_simu_hc2.mat,sst_data_simulated_hc2.mat,0.09449773,0.29679818,0.09088297,0.10005816,0.09625427,-0.59598295,-0.46847211,-0.09859027,0.05549592,0.19409565,-0.30752609,-0.02026629,0.08250836,-0.64526319,-0.56275483,12
42449851,sub-000042449851,HC,M,20.0,BERLIN,0.28917395,gaba,1,1,1,mid_data_mani_gaba.mat,sst_data_mani_gaba.mat,0.36973096,-0.1150039,-0.1733687,0.44433125,-0.0014653,0.77546751,-0.17412607,0.75054737,0.6050049,0.44043212,-0.08469377,0.74323637,1.29969183,2.28040092,3.58009275,12
42449851,sub-000042449851,HC,M,20.0,BERLIN,0.28917395,gaba,2,2,2,mid_data_mani_gaba.mat,sst_data_mani_gaba.mat,0.37469815,-0.07957494,-0.12480301,0.52291943,-0.08689274,0.45312963,-0.18524729,0.72219281,0.41270609,0.31655714,-0.11030614,0.56366047,1.05947652,1.71956308,2.77903959,12
42449851,sub-000042449851,HC,M,20.0,BERLIN,0.28917395,gaba,3,3,3,mid_data_mani_gaba.mat,sst_data_mani_gaba.mat,0.32513079,-0.10270853,-0.16316109,0.53612706,-0.0913497,0.7853735,-0.27690629,0.78952251,0.42829721,0.3462387,-0.06150671,0.55376713,1.28941203,1.77941255,3.06882459,12
42449851,sub-000042449851,HC,M,20.0,BERLIN,0.28917395,gaba,4,4,4,mid_data_mani_gaba.mat,sst_data_mani_gaba.mat,0.46476223,-0.01879154,-0.14402973,0.46805659,0.0488604,0.69750101,-0.20248118,0.85223442,0.49345132,0.33574983,-0.03842673,0.62787298,1.51635896,2.06840065,3.58475961,12
42449851,sub-000042449851,HC,M,20.0,BERLIN,0.28917395,gaba,5,5,5,mid_data_mani_gaba.mat,sst_data_mani_gaba.mat,0.34724567,-0.10984826,-0.13617133,0.49649852,-0.02218835,0.70222107,-0.1811994,0.77829447,0.38310288,0.19862645,-0.14518598,0.61863564,1.27775733,1.65227406,2.93003139,12
42823353,sub-000042823353,High-symptom,F,18.0,HAMBURG,0.06154876,ampa,1,1,1,mid_data_mani_IMAGEN.mat,sst_data_mani_IMAGEN.mat,0.02685718,0.15718003,0.12553155,0.01109149,0.09501134,-0.00422949,-0.10830923,0.01168942,0.17916942,-0.06277553,0.11196856,-0.04808238,0.41144211,0.08366026,0.49510236,12
42823353,sub-000042823353,High-symptom,F,18.0,HAMBURG,0.06154876,ampa,2,2,2,mid_data_mani_IMAGEN.mat,sst_data_mani_IMAGEN.mat,0.04034278,-0.0974383,-0.07782459,0.02357104,-0.06645427,-0.04972487,0.11411255,-0.23072117,-0.02912806,-0.23645133,0.09251465,-0.02696326,-0.2275282,-0.31663662,-0.54416482,12
42823353,sub-000042823353,High-symptom,F,18.0,HAMBURG,0.06154876,ampa,3,3,3,mid_data_mani_IMAGEN.mat,sst_data_mani_IMAGEN.mat,-0.1603661,0.21778073,0.1733175,0.20755587,0.06387743,-0.10040168,-0.25244392,0.01578254,0.12113816,0.13264038,0.12631024,0.12764369,0.40176375,0.27107108,0.67283483,12
42823353,sub-000042823353,High-symptom,F,18.0,HAMBURG,0.06154876,ampa,4,4,4,mid_data_mani_IMAGEN.mat,sst_data_mani_IMAGEN.mat,0.16983157,-0.11452929,-0.01216475,-0.06303409,-0.0605166,-0.09348709,-0.12393675,-0.04603526,-0.08575496,0.33380113,0.04605708,0.10853637,-0.17390025,0.23266761,0.05876736,12
42823353,sub-000042823353,High-symptom,F,18.0,HAMBURG,0.06154876,ampa,5,5,5,mid_data_mani_IMAGEN.mat,sst_data_mani_IMAGEN.mat,0.20522541,0.00041528,0.19847905,0.23099012,0.22258306,-0.04940818,-0.1318131,0.00280236,0.14963584,0.1754201,0.09293689,0.25418529,0.80828474,0.54316736,1.35145211,12
42823353,sub-000042823353,High-symptom,F,18.0,HAMBURG,0.06154876,baseline,1,1,1,mid_data_simulated_IMAGEN.mat,sst_data_simulated_IMAGEN.mat,0.06352045,0.02699869,0.11215497,0.09361616,0.40248159,0.26272571,-0.05848398,-0.15872743,0.02104986,-0.00675993,-0.22137399,-0.17381379,0.96149758,-0.59810928,0.3633883,12
42823353,sub-000042823353,High-symptom,F,18.0,HAMBURG,0.06154876,baseline,2,2,2,mid_data_simulated_IMAGEN.mat,sst_data_simulated_IMAGEN.mat,-0.03022191,0.42320927,0.05616336,-0.43468694,0.47317013,0.41180614,-0.22425427,0.03467523,-0.09589781,0.0504391,-0.18106394,-0.25641428,0.89944005,-0.67251598,0.22692407,12
42823353,sub-000042823353,High-symptom,F,18.0,HAMBURG,0.06154876,baseline,3,3,3,mid_data_simulated_IMAGEN.mat,sst_data_simulated_IMAGEN.mat,0.10654455,0.08152757,0.08936274,-0.2502117,-0.05305777,0.20326247,-0.00929181,-0.03318735,0.52848459,0.29501545,-0.10105762,0.35588954,0.17742786,1.0358528,1.21328066,12
42823353,sub-000042823353,High-symptom,F,18.0,HAMBURG,0.06154876,baseline,4,4,4,mid_data_simulated_IMAGEN.mat,sst_data_simulated_IMAGEN.mat,-0.11894989,0.37341611,-0.21075273,-0.28450921,-0.01270437,0.61397925,-0.09323129,-0.0581795,0.02556672,0.46690569,-0.02623198,0.02149305,0.36047916,0.33632269,0.69680185,12
42823353,sub-000042823353,High-symptom,F,18.0,HAMBURG,0.06154876,baseline,5,5,5,mid_data_simulated_IMAGEN.mat,sst_data_simulated_IMAGEN.mat,0.26991065,0.14249962,0.31810674,-0.25297257,0.06428356,0.80216316,0.00556879,-0.09691535,0.26075009,0.49083297,-0.22545907,0.18977284,1.34399116,0.62455028,1.96854144,12
42823353,sub-000042823353,High-symptom,F,18.0,HAMBURG,0.06154876,gaba,1,1,1,mid_data_mani_gaba.mat,sst_data_mani_gaba.mat,0.49214418,0.67186487,0.298841,0.43368742,0.40120936,0.82926776,-0.4065968,-0.37874782,-0.42377619,-0.00230459,0.00806126,-0.19126192,3.12701459,-1.39462606,1.73238853,12
42823353,sub-000042823353,High-symptom,F,18.0,HAMBURG,0.06154876,gaba,2,2,2,mid_data_mani_gaba.mat,sst_data_mani_gaba.mat,0.3541932,0.64804433,0.1572085,0.57620043,0.3862411,0.74461915,-0.18806418,-0.23278081,-0.16690518,0.04643026,0.05528422,-0.01220115,2.8665067,-0.49823683,2.36826988,12
42823353,sub-000042823353,High-symptom,F,18.0,HAMBURG,0.06154876,gaba,3,3,3,mid_data_mani_gaba.mat,sst_data_mani_gaba.mat,0.46281537,0.67572812,0.27157904,0.46229221,0.44547946,0.78047394,-0.38024671,-0.28893416,-0.27983941,0.23663846,0.03538461,-0.17268974,3.09836813,-0.84968694,2.24868119,12
42823353,sub-000042823353,High-symptom,F,18.0,HAMBURG,0.06154876,gaba,4,4,4,mid_data_mani_gaba.mat,sst_data_mani_gaba.mat,0.35744436,0.68183664,0.18591566,0.50629478,0.42001688,0.82357218,-0.322991,-0.17513297,-0.52445494,0.04822552,0.05461423,-0.32775876,2.97508051,-1.24749792,1.72758259,12
42823353,sub-000042823353,High-symptom,F,18.0,HAMBURG,0.06154876,gaba,5,5,5,mid_data_mani_gaba.mat,sst_data_mani_gaba.mat,0.46614203,0.58089242,0.30301391,0.60294983,0.37259857,0.95558316,-0.21666806,-0.17286917,-0.18416071,0.24068864,0.08646148,-0.00995767,3.28117992,-0.25650549,3.02467443,12
43525440,sub-000043525440,HC,M,19.0,BERLIN,0.20734093,ampa,1,250409-1834,250409-1835,mid_data_mani_hc2.mat,sst_data_mani_hc2.mat,-0.06161817,-0.20275938,-0.00936749,0.30285118,-0.00126944,-0.23429494,0.23029137,0.23916297,0.60709844,-0.0072023,0.05662362,0.48963175,-0.20645824,1.61560584,1.4091476,12
43525440,sub-000043525440,HC,M,19.0,BERLIN,0.20734093,ampa,2,250409-2318,250410-0753,mid_data_mani_hc2.mat,sst_data_mani_hc2.mat,-0.15056271,0.14844672,0.03034615,-0.05548063,0.08216053,-0.17386702,0.44181734,0.2692582,-0.01884511,0.49854389,0.12135481,0.00958216,-0.11895696,1.32171129,1.20275433,12
43525440,sub-000043525440,HC,M,19.0,BERLIN,0.20734093,ampa,3,250410-0731,250411-0002,mid_data_mani_hc2.mat,sst_data_mani_hc2.mat,0.0505898,-0.15735682,0.16433388,0.32144058,0.03606829,0.04221736,0.24024085,0.19360317,0.12101148,0.27830138,0.05182959,0.14168736,0.45729309,1.02667384,1.48396692,12
43525440,sub-000043525440,HC,M,19.0,BERLIN,0.20734093,ampa,4,250411-0210,250411-0434,mid_data_mani_hc2.mat,sst_data_mani_hc2.mat,0.34292899,-0.12666388,0.22963794,0.04829774,-0.07518912,0.00422323,0.24547581,0.07552664,0.38929966,0.0875953,0.12175346,0.11541383,0.42323489,1.03506471,1.4582996,12
43525440,sub-000043525440,HC,M,19.0,BERLIN,0.20734093,ampa,5,250411-0400,250411-1247,mid_data_mani_hc2.mat,sst_data_mani_hc2.mat,0.02767374,-0.11873722,0.15334875,0.06534422,-0.13476282,0.00728221,0.0580308,0.1696459,0.24115919,0.01465905,0.08080501,0.11175297,0.00014889,0.67605291,0.6762018,12
43525440,sub-000043525440,HC,M,19.0,BERLIN,0.20734093,ampa,6,250411-0639,250411-1551,mid_data_mani_hc2.mat,sst_data_mani_hc2.mat,-0.01352724,-0.05712507,-0.0357507,0.17388345,-0.01082897,0.04324903,0.42913419,0.00923079,0.27515597,-0.08398661,0.08663415,0.13117681,0.0999005,0.8473453,0.9472458,12
43525440,sub-000043525440,HC,M,19.0,BERLIN,0.20734093,ampa,7,250411-1016,,mid_data_mani_hc2.mat,,,,,,,,0.39453607,-0.05115854,0.17527956,0.13725865,0.05867758,0.11041701,,0.82501033,,6
43525440,sub-000043525440,HC,M,19.0,BERLIN,0.20734093,ampa,8,250411-1549,,mid_data_mani_hc2.mat,,,,,,,,0.24919928,0.01905805,0.46745212,-0.00847113,0.13784136,0.40805436,,1.27313403,,6
43525440,sub-000043525440,HC,M,19.0,BERLIN,0.20734093,baseline,1,250110-2208,250110-2246,mid_data_simu_hc2.mat,sst_data_simulated_hc2.mat,0.14783519,0.13599782,0.35016521,-0.02261223,0.47572283,-0.08005121,-0.23567057,-0.33754657,0.10207422,-0.09295751,0.05462591,0.03430387,1.00705762,-0.47517065,0.53188697,12
43525440,sub-000043525440,HC,M,19.0,BERLIN,0.20734093,baseline,2,250111-0802,250111-0824,mid_data_simu_hc2.mat,sst_data_simulated_hc2.mat,0.47398664,-0.07854872,0.55872072,-0.12871688,0.06541048,0.43928531,-0.32628585,-0.09292763,0.13510994,-0.28403669,0.05521465,0.18342565,1.33013755,-0.32949992,1.00063763,12
43525440,sub-000043525440,HC,M,19.0,BERLIN,0.20734093,baseline,3,250111-1325,250111-1327,mid_data_simu_hc2.mat,sst_data_simulated_hc2.mat,0.52316914,0.12434099,0.58954575,-0.08713,-0.19956814,0.19885211,-0.11855314,0.10511697,0.05712101,-0.07706014,0.00183748,0.04541207,1.14920985,0.01387425,1.1630841,12
43525440,sub-000043525440,HC,M,19.0,BERLIN,0.20734093,baseline,4,250111-1659,250111-1711,mid_data_simu_hc2.mat,sst_data_simulated_hc2.mat,0.45947936,-0.12416703,0.42772918,-0.05005817,0.12577671,0.63104917,-0.10989728,0.08255075,-0.19855748,-0.36685164,0.13391691,-0.09289064,1.46980923,-0.55172939,0.91807985,12
43525440,sub-000043525440,HC,M,19.0,BERLIN,0.20734093,baseline,5,250111-2012,250111-2104,mid_data_simu_hc2.mat,sst_data_simulated_hc2.mat,0.28360313,-0.0693052,0.52888402,0.01574498,0.11154116,0.57226485,-0.44048333,-0.00194735,0.06171162,-0.2615384,0.11356838,0.04350237,1.44273294,-0.48518671,0.95754623,12
43525440,sub-000043525440,HC,M,19.0,BERLIN,0.20734093,gaba,1,1,1,mid_data_mani_gaba.mat,sst_data_mani_gaba.mat,0.60467411,-0.22044815,0.38640958,0.10720923,0.0307872,0.47925281,-0.32401714,0.55319186,0.02187305,0.00081357,0.15093228,0.11063961,1.38788478,0.51343322,1.901318,12
43525440,sub-000043525440,HC,M,19.0,BERLIN,0.20734093,gaba,2,2,2,mid_data_mani_gaba.mat,sst_data_mani_gaba.mat,0.76940929,-0.28132963,0.45275626,0.21670215,-0.01303113,0.26542,-0.50985746,0.42558298,-0.11042407,0.08062219,0.17070423,0.08926963,1.40992694,0.1458975,1.55582444,12
43525440,sub-000043525440,HC,M,19.0,BERLIN,0.20734093,gaba,3,3,3,mid_data_mani_gaba.mat,sst_data_mani_gaba.mat,0.70920199,-0.24562006,0.41460411,0.07357488,0.00763461,0.39981849,-0.49782931,0.63559835,0.1995345,0.04547596,0.12696299,0.26497038,1.35921403,0.77471288,2.13392691,12
43525440,sub-000043525440,HC,M,19.0,BERLIN,0.20734093,gaba,4,4,4,mid_data_mani_gaba.mat,sst_data_mani_gaba.mat,0.67751462,-0.32787463,0.40104319,0.21150822,0.04652723,0.27645753,-0.57008215,0.59833194,0.25123369,0.04709862,0.17962332,0.34355969,1.28517617,0.8497651,2.13494127,12
43525440,sub-000043525440,HC,M,19.0,BERLIN,0.20734093,gaba,5,5,5,mid_data_mani_gaba.mat,sst_data_mani_gaba.mat,0.69270218,-0.26635817,0.46478923,0.20633156,0.01079413,0.27865008,-0.47304492,0.55579122,0.18936928,-0.01234195,0.09821811,0.22319668,1.38690902,0.58118842,1.96809744,12
43720294,sub-000043720294,High-symptom,F,18.0,MANNHEIM,0.07992676,ampa,1,1,1,mid_data_mani_IMAGEN.mat,sst_data_mani_IMAGEN.mat,0.21711236,-0.21013782,-0.02835871,0.04124571,0.01735052,0.38400315,0.35200662,0.28976911,0.13491069,0.33958844,0.49230282,0.0985691,0.42121521,1.70714679,2.128362,12
43720294,sub-000043720294,High-symptom,F,18.0,MANNHEIM,0.07992676,ampa,2,2,2,mid_data_mani_IMAGEN.mat,sst_data_mani_IMAGEN.mat,0.24247947,0.06305659,0.20217698,-0.10978694,0.1285523,0.0723155,0.08314482,0.11863342,-0.02233411,0.10613994,0.52086109,-0.03234123,0.5987939,0.77410392,1.37289783,12
43720294,sub-000043720294,High-symptom,F,18.0,MANNHEIM,0.07992676,ampa,3,3,3,mid_data_mani_IMAGEN.mat,sst_data_mani_IMAGEN.mat,0.23072209,0.06979886,0.12774509,-0.01000568,0.13615092,0.05118863,0.15095529,0.29306928,0.16334229,0.36126514,0.48720867,0.32097644,0.60559991,1.7768171,2.38241702,12
43720294,sub-000043720294,High-symptom,F,18.0,MANNHEIM,0.07992676,ampa,4,4,4,mid_data_mani_IMAGEN.mat,sst_data_mani_IMAGEN.mat,-0.04792782,0.00802669,0.11569102,0.06677064,-0.057846,-0.05657243,0.513473,-0.01309516,0.27823876,0.16302808,0.46614054,0.39465814,0.0281421,1.80244336,1.83058546,12
43720294,sub-000043720294,High-symptom,F,18.0,MANNHEIM,0.07992676,ampa,5,5,5,mid_data_mani_IMAGEN.mat,sst_data_mani_IMAGEN.mat,-0.03838572,0.09648419,-0.00538028,0.01344794,-0.04229526,0.01142242,0.15422229,-0.22874579,0.07482982,-0.12577643,0.47603949,0.08139361,0.03529328,0.43196299,0.46725627,12
43720294,sub-000043720294,High-symptom,F,18.0,MANNHEIM,0.07992676,baseline,1,1,1,mid_data_simulated_IMAGEN.mat,sst_data_simulated_IMAGEN.mat,-0.43331164,-0.03709494,-0.17296734,-0.37016933,-0.09434406,-0.17335085,0.00735958,-0.22352963,0.44133491,-0.16706701,0.2793206,0.22043491,-1.28123815,0.55785337,-0.72338478,12
43720294,sub-000043720294,High-symptom,F,18.0,MANNHEIM,0.07992676,baseline,2,2,2,mid_data_simulated_IMAGEN.mat,sst_data_simulated_IMAGEN.mat,-0.17577843,-0.05048451,-0.16037414,-0.39256259,-0.10259209,-0.49165923,0.13535309,0.43332783,0.04622209,0.0705479,0.37437026,-0.02510699,-1.37345099,1.03471417,-0.33873682,12
43720294,sub-000043720294,High-symptom,F,18.0,MANNHEIM,0.07992676,baseline,3,3,3,mid_data_simulated_IMAGEN.mat,sst_data_simulated_IMAGEN.mat,-0.00450017,0.05000653,0.26529281,0.24889385,-0.160546,-0.20137284,-0.22386589,0.1662846,-0.53652376,0.08620104,0.4174845,-0.42269402,0.19777419,-0.51311354,-0.31533934,12
43720294,sub-000043720294,High-symptom,F,18.0,MANNHEIM,0.07992676,baseline,4,4,4,mid_data_simulated_IMAGEN.mat,sst_data_simulated_IMAGEN.mat,-0.1244249,0.37556193,0.06685169,-0.03751965,0.38590421,-0.41754386,0.13773349,-0.25886703,0.4436334,0.26927965,0.3733221,0.34288387,0.24882941,1.30798548,1.5568149,12
43720294,sub-000043720294,High-symptom,F,18.0,MANNHEIM,0.07992676,baseline,5,5,5,mid_data_simulated_IMAGEN.mat,sst_data_simulated_IMAGEN.mat,0.14527772,0.27486405,0.15474366,0.05119007,-0.06027942,-0.12978122,0.16128537,0.36906873,-0.1022728,-0.20261735,0.4403858,0.10905737,0.43601485,0.77490712,1.21092197,12
43720294,sub-000043720294,High-symptom,F,18.0,MANNHEIM,0.07992676,gaba,1,1,1,mid_data_mani_gaba.mat,sst_data_mani_gaba.mat,0.40501146,0.1526408,0.24237688,-0.21220916,0.63093127,0.04787633,0.232474,0.711628,0.47674429,0.50650954,0.04719447,0.47521623,1.26662756,2.44976652,3.71639409,12
43720294,sub-000043720294,High-symptom,F,18.0,MANNHEIM,0.07992676,gaba,2,2,2,mid_data_mani_gaba.mat,sst_data_mani_gaba.mat,0.3971269,0.08859311,0.15381241,0.03470166,0.5440429,0.12145196,0.15389715,0.70076969,0.57324995,0.69993632,0.12334319,0.50145594,1.33972895,2.75265222,4.09238117,12
43720294,sub-000043720294,High-symptom,F,18.0,MANNHEIM,0.07992676,gaba,3,3,4,mid_data_mani_gaba.mat,sst_data_mani_gaba.mat,0.40623699,0.22332487,0.18100921,0.05322047,0.55782093,0.15591604,0.16916202,0.75703485,0.57523342,0.51078426,0.14306463,0.53056378,1.57752851,2.68584297,4.26337149,12
43720294,sub-000043720294,High-symptom,F,18.0,MANNHEIM,0.07992676,gaba,4,4,5,mid_data_mani_gaba.mat,sst_data_mani_gaba.mat,0.38985492,0.3036254,0.16593275,-0.0862744,0.55058201,0.20296722,0.13525824,0.69584618,0.47968962,0.65103787,0.05073322,0.43129113,1.52668791,2.44385627,3.97054418,12
43720294,sub-000043720294,High-symptom,F,18.0,MANNHEIM,0.07992676,gaba,5,5,,mid_data_mani_gaba.mat,,,,,,,,0.27941815,0.75736492,0.38336404,0.49177996,0.08252136,0.44290413,,2.43735256,,6
43926786,sub-000043926786,High-symptom,M,18.0,NOTTINGHAM,0.18199118,ampa,1,1,1,mid_data_mani_IMAGEN.mat,sst_data_mani_IMAGEN.mat,0.18356168,-0.16714373,0.13175532,-0.06314126,0.10862771,0.09911943,0.14497989,0.19957922,-0.18939959,-0.38714174,-0.15867015,-0.20026925,0.29277914,-0.59092163,-0.29814249,12
43926786,sub-000043926786,High-symptom,M,18.0,NOTTINGHAM,0.18199118,ampa,2,2,2,mid_data_mani_IMAGEN.mat,sst_data_mani_IMAGEN.mat,0.3149674,-0.02148427,0.01785393,-0.06404536,-0.08470073,-0.05604606,0.11936135,0.33128351,-0.06624316,0.06297715,-0.16457071,0.04096465,0.10654491,0.3237728,0.43031771,12
43926786,sub-000043926786,High-symptom,M,18.0,NOTTINGHAM,0.18199118,ampa,3,3,3,mid_data_mani_IMAGEN.mat,sst_data_mani_IMAGEN.mat,0.00802427,-0.19781183,-0.01053964,-0.08875132,0.1062369,-0.1276392,0.06609923,-0.16209699,0.17568989,-0.03881529,-0.05445378,0.02956549,-0.31048082,0.01598855,-0.29449228,12
43926786,sub-000043926786,High-symptom,M,18.0,NOTTINGHAM,0.18199118,ampa,4,4,4,mid_data_mani_IMAGEN.mat,sst_data_mani_IMAGEN.mat,-0.00570859,-0.18610376,-0.02812899,-0.15298249,-0.14942396,-0.07691506,0.24887841,0.21364705,-0.26355139,-0.01111651,-0.03866002,-0.19784937,-0.59926285,-0.04865182,-0.64791466,12
43926786,sub-000043926786,High-symptom,M,18.0,NOTTINGHAM,0.18199118,ampa,5,5,5,mid_data_mani_IMAGEN.mat,sst_data_mani_IMAGEN.mat,-0.15188023,-0.03667379,-0.07885427,0.1489259,-0.16992534,-0.12906827,0.10078047,0.2012438,0.17082812,0.25916446,-0.0591279,0.13440324,-0.417476,0.8072922,0.3898162,12
43926786,sub-000043926786,High-symptom,M,18.0,NOTTINGHAM,0.18199118,baseline,1,1,1,mid_data_simulated_IMAGEN.mat,sst_data_simulated_IMAGEN.mat,-0.3317328,-0.06078962,-0.27154451,0.01722632,-0.01765947,-0.39111325,-0.06508721,0.00352879,-0.04510965,-0.0689566,0.2720818,-0.07609258,-1.05561333,0.02036456,-1.03524877,12
43926786,sub-000043926786,High-symptom,M,18.0,NOTTINGHAM,0.18199118,baseline,2,2,2,mid_data_simulated_IMAGEN.mat,sst_data_simulated_IMAGEN.mat,-0.13852888,0.19415499,0.20401335,-0.05101337,-0.04368998,-0.29429143,0.03294202,-0.42260725,-0.03239129,0.24143176,0.30015353,-0.18628391,-0.12935533,-0.06675515,-0.19611048,12
43926786,sub-000043926786,High-symptom,M,18.0,NOTTINGHAM,0.18199118,baseline,3,3,3,mid_data_simulated_IMAGEN.mat,sst_data_simulated_IMAGEN.mat,0.01018865,0.18294465,0.21126962,0.273572,0.2131646,-0.53389507,-0.24304607,-0.38583253,-0.02549738,0.04754091,0.27915331,-0.01703477,0.35724446,-0.34471653,0.01252792,12
43926786,sub-000043926786,High-symptom,M,18.0,NOTTINGHAM,0.18199118,baseline,4,4,4,mid_data_simulated_IMAGEN.mat,sst_data_simulated_IMAGEN.mat,-0.11356976,0.36240332,0.09020294,0.08586199,0.03232963,-0.43387154,-0.03279654,-0.44089802,0.01930858,-0.09606359,0.37646549,0.02615068,0.02335657,-0.14783341,-0.12447684,12
43926786,sub-000043926786,High-symptom,M,18.0,NOTTINGHAM,0.18199118,baseline,5,5,5,mid_data_simulated_IMAGEN.mat,sst_data_simulated_IMAGEN.mat,-0.33896411,-0.02623146,-0.18264852,-0.08056274,-0.16427899,-0.36292904,-0.26353815,-0.20189956,0.07620079,-0.1412446,0.27156543,0.19556698,-1.15561486,-0.06334911,-1.21896397,12
43926786,sub-000043926786,High-symptom,M,18.0,NOTTINGHAM,0.18199118,gaba,1,1,1,mid_data_mani_gaba.mat,sst_data_mani_gaba.mat,0.49339482,0.04768252,0.57114148,-0.06548784,0.16748346,0.04141992,0.16704881,-0.23654924,0.11344849,0.22339343,0.27025961,0.11416729,1.25563437,0.65176839,1.90740276,12
43926786,sub-000043926786,High-symptom,M,18.0,NOTTINGHAM,0.18199118,gaba,2,2,2,mid_data_mani_gaba.mat,sst_data_mani_gaba.mat,0.5426203,0.18121263,0.54484982,-0.13392359,0.16901499,0.12969059,0.18790698,-0.18112962,0.2178251,0.19383462,0.28564943,0.21274311,1.43346473,0.91682962,2.35029436,12
43926786,sub-000043926786,High-symptom,M,18.0,NOTTINGHAM,0.18199118,gaba,3,3,3,mid_data_mani_gaba.mat,sst_data_mani_gaba.mat,0.48631706,-0.02865222,0.4852476,-0.05439342,0.15126763,0.09645735,0.13594411,-0.47805404,0.11866589,0.18704677,0.26162763,0.03323801,1.13624399,0.25846836,1.39471235,12
43926786,sub-000043926786,High-symptom,M,18.0,NOTTINGHAM,0.18199118,gaba,4,4,4,mid_data_mani_gaba.mat,sst_data_mani_gaba.mat,0.44635654,-0.07922758,0.55854951,-0.11492916,0.10656414,0.09249567,0.17027706,-0.32482816,0.10311226,0.29651955,0.08999379,0.12538502,1.00980912,0.46045952,1.47026864,12
43926786,sub-000043926786,High-symptom,M,18.0,NOTTINGHAM,0.18199118,gaba,5,5,5,mid_data_mani_gaba.mat,sst_data_mani_gaba.mat,0.43743885,-0.00779502,0.45876529,-0.12236272,0.1329601,0.09343446,0.18436636,-0.23432223,0.15492523,0.18988063,0.27195389,0.12993531,0.99244095,0.69673919,1.68918014,12
50395729,sub-000050395729,High-symptom,F,18.0,NOTTINGHAM,0.14080248,ampa,1,1,1,mid_data_mani_IMAGEN.mat,sst_data_mani_IMAGEN.mat,0.13822877,0.00890115,0.36152628,-0.20876833,-0.12133128,0.09434342,-0.02012699,0.39247917,0.02267218,0.31894743,-0.44895998,-0.00909585,0.27290002,0.25591595,0.52881597,12
50395729,sub-000050395729,High-symptom,F,18.0,NOTTINGHAM,0.14080248,ampa,2,2,2,mid_data_mani_IMAGEN.mat,sst_data_mani_IMAGEN.mat,0.10124865,0.10237491,-0.0063071,0.12427166,-0.0771111,0.39147497,0.20369115,0.21753605,0.18060203,-0.2109853,-0.46820992,0.0844921,0.63595198,0.00712611,0.6430781,12
50395729,sub-000050395729,High-symptom,F,18.0,NOTTINGHAM,0.14080248,ampa,3,3,3,mid_data_mani_IMAGEN.mat,sst_data_mani_IMAGEN.mat,0.20354298,-0.10390409,0.19066915,0.2086473,0.02807143,0.33494401,-0.04622182,0.3600902,0.19146226,0.08053385,-0.44913221,0.13904385,0.86197077,0.27577614,1.13774691,12
50395729,sub-000050395729,High-symptom,F,18.0,NOTTINGHAM,0.14080248,ampa,4,4,4,mid_data_mani_IMAGEN.mat,sst_data_mani_IMAGEN.mat,0.235998,-0.18356956,0.32504253,0.12012354,-0.08496462,-0.16505215,0.15520106,0.23287385,0.34341322,0.39262456,-0.46576897,0.17707246,0.24757774,0.83541617,1.08299391,12
50395729,sub-000050395729,High-symptom,F,18.0,NOTTINGHAM,0.14080248,ampa,5,5,5,mid_data_mani_IMAGEN.mat,sst_data_mani_IMAGEN.mat,0.27871982,-0.07815759,0.22285832,0.09822647,0.09588795,0.15707891,0.20474826,0.19276255,-0.11136318,0.16459976,-0.48073034,-0.18290264,0.77461388,-0.21288559,0.56172828,12
50395729,sub-000050395729,High-symptom,F,18.0,NOTTINGHAM,0.14080248,baseline,1,1,1,mid_data_simulated_IMAGEN.mat,sst_data_simulated_IMAGEN.mat,-0.34706432,0.02671023,-0.0537744,-0.38459323,-0.08742987,0.16883125,-0.34522682,-0.21969943,0.38434012,0.12241695,-0.07240464,0.32327506,-0.67732034,0.19270125,-0.48461909,12
50395729,sub-000050395729,High-symptom,F,18.0,NOTTINGHAM,0.14080248,baseline,2,2,2,mid_data_simulated_IMAGEN.mat,sst_data_simulated_IMAGEN.mat,-0.37926167,-0.12602497,-0.20711598,-0.12216157,-0.05522185,0.11134213,-0.34715536,-0.06512239,-0.18829646,-0.18743022,-0.08722765,-0.22852102,-0.77844391,-1.10375311,-1.88219701,12
50395729,sub-000050395729,High-symptom,F,18.0,NOTTINGHAM,0.14080248,baseline,3,3,3,mid_data_simulated_IMAGEN.mat,sst_data_simulated_IMAGEN.mat,-0.21235324,0.03224801,-0.11686945,-0.47008699,-0.16839192,-0.13184297,-0.48964867,-0.13308673,-0.29027309,0.20769353,-0.10742782,-0.32186795,-1.06729656,-1.13461073,-2.20190729,12
50395729,sub-000050395729,High-symptom,F,18.0,NOTTINGHAM,0.14080248,baseline,4,4,4,mid_data_simulated_IMAGEN.mat,sst_data_simulated_IMAGEN.mat,-0.46646944,-0.15042941,-0.42401721,-0.20932857,-0.21337238,-0.34606159,-0.15230445,-0.08017987,-0.188074,0.35025457,0.0289532,0.14527508,-1.80967859,0.10392453,-1.70575406,12
50395729,sub-000050395729,High-symptom,F,18.0,NOTTINGHAM,0.14080248,baseline,5,5,5,mid_data_simulated_IMAGEN.mat,sst_data_simulated_IMAGEN.mat,-0.20258594,0.25741036,0.12320036,0.03551341,-0.09953164,-0.36169028,-0.38580045,-0.50289378,0.08192858,0.24262629,-0.24016042,0.05405895,-0.24768372,-0.75024082,-0.99792454,12
50395729,sub-000050395729,High-symptom,F,18.0,NOTTINGHAM,0.14080248,gaba,1,1,1,mid_data_mani_gaba.mat,sst_data_mani_gaba.mat,0.05009975,-0.36591448,0.19403842,0.29680888,-0.01532124,0.33602056,-0.01500136,-0.18024798,-0.23770638,-0.06306869,-0.32280334,-0.07214717,0.4957319,-0.89097493,-0.39524303,12
50395729,sub-000050395729,High-symptom,F,18.0,NOTTINGHAM,0.14080248,gaba,2,2,2,mid_data_mani_gaba.mat,sst_data_mani_gaba.mat,0.01419797,-0.35441148,0.23446478,0.2735899,-0.03861496,0.48903147,-0.12081041,-0.18267304,-0.21312455,-0.02995191,-0.36788361,-0.0953833,0.61825769,-1.00982681,-0.39156912,12
50395729,sub-000050395729,High-symptom,F,18.0,NOTTINGHAM,0.14080248,gaba,3,3,3,mid_data_mani_gaba.mat,sst_data_mani_gaba.mat,0.13819982,-0.284642,0.32718221,0.28923675,-0.031948,0.41767434,-0.07447131,-0.10862244,-0.23080439,-0.01598249,-0.39397625,-0.03487344,0.85570312,-0.85873032,-0.0030272,12
50395729,sub-000050395729,High-symptom,F,18.0,NOTTINGHAM,0.14080248,gaba,4,4,4,mid_data_mani_gaba.mat,sst_data_mani_gaba.mat,0.16197576,-0.37408118,0.30389014,0.39932805,-0.07687184,0.38076456,-0.00279785,-0.12714786,-0.21016984,-0.11417007,-0.35892953,-0.02911532,0.79500548,-0.84233048,-0.047325,12
50395729,sub-000050395729,High-symptom,F,18.0,NOTTINGHAM,0.14080248,gaba,5,5,5,mid_data_mani_gaba.mat,sst_data_mani_gaba.mat,0.10634295,-0.30519392,0.34603352,0.30282181,-0.08574937,0.40529267,0.03193382,-0.0591552,-0.25184927,0.03454609,-0.3391583,-0.09829187,0.76954767,-0.68197474,0.08757293,12
52801880,sub-000052801880,High-symptom,M,18.0,LONDON,0.10652276,ampa,1,1,1,mid_data_mani_IMAGEN.mat,sst_data_mani_IMAGEN.mat,0.02994713,-0.12155852,0.08647321,-0.05781042,-0.11447723,-0.11244504,-0.18207853,0.11934315,-0.11988367,0.24306181,-0.01812792,-0.18363556,-0.28987087,-0.14132072,-0.43119159,12
52801880,sub-000052801880,High-symptom,M,18.0,LONDON,0.10652276,ampa,2,2,2,mid_data_mani_IMAGEN.mat,sst_data_mani_IMAGEN.mat,-0.19257472,-0.16890028,-0.15471903,0.15149491,0.22222066,0.0395459,-0.07041371,-0.26685053,0.22328477,-0.29496055,0.16173464,0.10696818,-0.10293255,-0.1402372,-0.24316975,12
52801880,sub-000052801880,High-symptom,M,18.0,LONDON,0.10652276,ampa,3,3,3,mid_data_mani_IMAGEN.mat,sst_data_mani_IMAGEN.mat,0.1888187,0.08350152,-0.00281027,0.24167487,0.27980339,0.01258406,0.02749656,-0.14297636,0.15122888,-0.03989755,-0.2171631,0.10469097,0.80357227,-0.11662059,0.68695168,12
52801880,sub-000052801880,High-symptom,M,18.0,LONDON,0.10652276,ampa,4,4,4,mid_data_mani_IMAGEN.mat,sst_data_mani_IMAGEN.mat,-0.07320988,0.16316884,-0.17844706,0.07839494,0.01827741,0.0950699,0.05233247,0.23803505,-0.0121058,0.1336676,0.12435503,-0.15762118,0.10325416,0.37866316,0.48191732,12
52801880,sub-000052801880,High-symptom,M,18.0,LONDON,0.10652276,ampa,5,5,5,mid_data_mani_IMAGEN.mat,sst_data_mani_IMAGEN.mat,0.03680624,-0.04866195,-0.05302476,0.2028656,0.22471857,-0.1902527,-0.0062532,0.01267013,-0.01324159,-0.13804036,0.04168219,-0.06859625,0.17245099,-0.17177908,0.00067191,12
52801880,sub-000052801880,High-symptom,M,18.0,LONDON,0.10652276,baseline,1,1,1,mid_data_simulated_IMAGEN.mat,sst_data_simulated_IMAGEN.mat,-0.36376725,-0.07694101,-0.37469923,0.01160243,-0.00585722,-0.18915187,0.12444803,0.21897623,-0.0384296,0.17644614,0.02859326,0.09662084,-0.99881415,0.60665491,-0.39215924,12
52801880,sub-000052801880,High-symptom,M,18.0,LONDON,0.10652276,baseline,2,2,2,mid_data_simulated_IMAGEN.mat,sst_data_simulated_IMAGEN.mat,-0.13648859,-0.17182805,-0.25231631,0.25284813,0.27640197,0.11593031,0.19395048,-0.15637861,-0.03472811,-0.48362014,0.09112666,0.08022824,0.08454745,-0.30942147,-0.22487402,12
52801880,sub-000052801880,High-symptom,M,18.0,LONDON,0.10652276,baseline,3,3,3,mid_data_simulated_IMAGEN.mat,sst_data_simulated_IMAGEN.mat,-0.42195837,0.26437658,-0.43747001,-0.10190638,0.27656137,0.0679934,0.29558534,-0.09312939,0.30347837,-0.07098242,0.12537301,0.21341066,-0.35240341,0.77373558,0.42133216,12
52801880,sub-000052801880,High-symptom,M,18.0,LONDON,0.10652276,baseline,4,4,4,mid_data_simulated_IMAGEN.mat,sst_data_simulated_IMAGEN.mat,-0.42757519,0.06010064,-0.26435072,-0.10501697,0.46638868,-0.11364714,0.37716145,-0.3423193,-0.06345002,-0.06840524,-0.00389678,0.09204817,-0.38410071,-0.00886171,-0.39296242,12
52801880,sub-000052801880,High-symptom,M,18.0,LONDON,0.10652276,baseline,5,5,5,mid_data_simulated_IMAGEN.mat,sst_data_simulated_IMAGEN.mat,-0.22618766,-0.15984227,-0.2406613,0.04684279,-0.25033533,-0.20912256,0.46558944,0.1160032,0.00090539,-0.26597646,0.04046624,-0.13079209,-1.03930633,0.22619572,-0.81311062,12
52801880,sub-000052801880,High-symptom,M,18.0,LONDON,0.10652276,gaba,1,1,1,mid_data_mani_gaba.mat,sst_data_mani_gaba.mat,0.36377727,-0.08163994,0.04264142,-0.07290056,-0.04197766,0.58181602,0.11794396,0.44109322,0.51125591,0.59495094,0.07011937,0.4124778,0.79171656,2.1478412,2.93955776,12
52801880,sub-000052801880,High-symptom,M,18.0,LONDON,0.10652276,gaba,2,2,2,mid_data_mani_gaba.mat,sst_data_mani_gaba.mat,0.45850153,-0.04866433,0.03935541,-0.06949433,-0.26906579,0.2751449,-0.2093176,0.52290578,0.55115955,0.60823003,-0.12926603,0.46154984,0.38577739,1.80526157,2.19103897,12
52801880,sub-000052801880,High-symptom,M,18.0,LONDON,0.10652276,gaba,3,3,3,mid_data_mani_gaba.mat,sst_data_mani_gaba.mat,0.43256842,-0.23777742,0.07335512,0.04912098,-0.17868685,0.40085132,0.10648876,0.27334661,0.42746235,0.67581478,-0.00746185,0.32706416,0.53943157,1.8027148,2.34214638,12
52801880,sub-000052801880,High-symptom,M,18.0,LONDON,0.10652276,gaba,4,4,4,mid_data_mani_gaba.mat,sst_data_mani_gaba.mat,0.35980413,-0.31630108,0.04777547,0.13650984,-0.09512097,0.29240022,-0.13525559,0.36379534,0.44195493,0.72864859,-0.07815826,0.40725786,0.42506761,1.72824287,2.15331048,12
52801880,sub-000052801880,High-symptom,M,18.0,LONDON,0.10652276,gaba,5,5,5,mid_data_mani_gaba.mat,sst_data_mani_gaba.mat,0.40022326,-0.02286589,0.05741408,0.03629671,-0.12968546,0.52731203,-0.0917008,0.49271131,0.35048851,0.63790318,-0.09980626,0.39529598,0.86869471,1.68489192,2.55358663,12
53120454,sub-000053120454,High-symptom,F,18.0,BERLIN,0.13892084,ampa,1,1,1,mid_data_mani_IMAGEN.mat,sst_data_mani_IMAGEN.mat,0.08898266,-0.29027219,-0.00948289,-0.11912292,-0.17013657,-0.10571964,0.0425499,0.3616657,0.10139881,-0.08543707,-0.36896108,0.18116049,-0.60575154,0.23237676,-0.37337478,12
53120454,sub-000053120454,High-symptom,F,18.0,BERLIN,0.13892084,ampa,2,2,2,mid_data_mani_IMAGEN.mat,sst_data_mani_IMAGEN.mat,0.08427333,-0.14542618,-0.18043308,-0.07619844,0.20518401,-0.11250231,0.07547447,0.31827166,0.11129937,0.5830252,-0.37289123,0.25442312,-0.22510268,0.96960258,0.7444999,12
53120454,sub-000053120454,High-symptom,F,18.0,BERLIN,0.13892084,ampa,3,3,3,mid_data_mani_IMAGEN.mat,sst_data_mani_IMAGEN.mat,-0.15244618,0.06433239,-0.02984703,0.11140601,0.2640559,-0.04298991,0.22604451,0.31903963,-0.09823523,0.34884194,-0.32283157,-0.07005813,0.21451118,0.40280116,0.61731234,12
53120454,sub-000053120454,High-symptom,F,18.0,BERLIN,0.13892084,ampa,4,4,4,mid_data_mani_IMAGEN.mat,sst_data_mani_IMAGEN.mat,0.18366242,0.01629385,-0.03783901,-0.09516904,-0.05930287,-0.40167456,0.1526942,0.19985619,-0.10154162,-0.17758358,-0.41758303,0.02551696,-0.3940292,-0.31864087,-0.71267007,12
53120454,sub-000053120454,High-symptom,F,18.0,BERLIN,0.13892084,ampa,5,5,5,mid_data_mani_IMAGEN.mat,sst_data_mani_IMAGEN.mat,0.16544916,-0.09534414,0.07251474,-0.04312733,-0.02841455,-0.08891183,0.02657593,0.22032401,0.12148812,-0.0526542,-0.34262895,0.14482871,-0.01783396,0.11793361,0.10009966,12
53120454,sub-000053120454,High-symptom,F,18.0,BERLIN,0.13892084,baseline,1,1,1,mid_data_simulated_IMAGEN.mat,sst_data_simulated_IMAGEN.mat,0.12339257,0.21925766,-0.07879624,0.0384743,-0.12185706,0.26757196,-0.42803556,-0.11111125,-0.11105237,0.07224764,-0.02961396,-0.02243723,0.4480432,-0.63000272,-0.18195952,12
53120454,sub-000053120454,High-symptom,F,18.0,BERLIN,0.13892084,baseline,2,2,2,mid_data_simulated_IMAGEN.mat,sst_data_simulated_IMAGEN.mat,0.54389468,-0.16824015,0.22876079,0.2086555,-0.28896039,0.06335114,-0.25693134,0.35993429,-0.29306141,0.24381088,-0.07201755,-0.10136223,0.58746158,-0.11962737,0.46783421,12
53120454,sub-000053120454,High-symptom,F,18.0,BERLIN,0.13892084,baseline,3,3,3,mid_data_simulated_IMAGEN.mat,sst_data_simulated_IMAGEN.mat,0.13910588,-0.03077508,-0.01206251,0.17437135,0.05874518,0.25893472,-0.05424111,0.0536719,-0.01445272,-0.12319152,-0.22082081,0.08067734,0.58831954,-0.27835691,0.30996262,12
53120454,sub-000053120454,High-symptom,F,18.0,BERLIN,0.13892084,baseline,4,4,4,mid_data_simulated_IMAGEN.mat,sst_data_simulated_IMAGEN.mat,0.16328346,-0.01200734,0.09340501,0.45598382,-0.15728027,0.35955831,-0.40938835,-0.20910916,0.08808061,0.16495493,0.14760675,-0.07210796,0.90294299,-0.28996318,0.61297982,12
53120454,sub-000053120454,High-symptom,F,18.0,BERLIN,0.13892084,baseline,5,5,5,mid_data_simulated_IMAGEN.mat,sst_data_simulated_IMAGEN.mat,0.33198401,-0.01354881,0.08147234,0.24192768,-0.01558793,0.26163964,-0.18327155,0.0553204,0.00274021,-0.00191581,-0.10067395,-0.1670955,0.88788693,-0.3948962,0.49299073,12
53120454,sub-000053120454,High-symptom,F,18.0,BERLIN,0.13892084,gaba,1,1,1,mid_data_mani_gaba.mat,sst_data_mani_gaba.mat,1.0541812,0.38705828,0.91960895,0.28057429,0.15549965,0.5110319,0.19831002,0.53195274,-0.03188783,0.02470079,-0.15856531,-0.17217891,3.30795428,0.3923315,3.70028578,12
53120454,sub-000053120454,High-symptom,F,18.0,BERLIN,0.13892084,gaba,2,2,2,mid_data_mani_gaba.mat,sst_data_mani_gaba.mat,0.93398324,0.46423986,0.85975772,0.24236496,0.12964394,0.51821075,0.16850654,0.62844679,-0.01992427,-0.0845872,-0.15706381,-0.17664373,3.14820047,0.35873432,3.50693479,12
53120454,sub-000053120454,High-symptom,F,18.0,BERLIN,0.13892084,gaba,3,3,3,mid_data_mani_gaba.mat,sst_data_mani_gaba.mat,1.06537097,0.47479241,0.89104388,0.17168453,0.16693068,0.49268325,0.26714832,0.4592396,-0.20136907,0.00922786,-0.18478971,-0.25027326,3.26250572,0.09918374,3.36168946,12
53120454,sub-000053120454,High-symptom,F,18.0,BERLIN,0.13892084,gaba,4,4,4,mid_data_mani_gaba.mat,sst_data_mani_gaba.mat,1.00187124,0.33847015,0.90777458,0.27672748,0.16402109,0.44378993,0.21487715,0.40360586,-0.05078626,-0.01026312,-0.07519331,-0.14742483,3.13265448,0.33481549,3.46746997,12
53120454,sub-000053120454,High-symptom,F,18.0,BERLIN,0.13892084,gaba,5,5,5,mid_data_mani_gaba.mat,sst_data_mani_gaba.mat,0.89911584,0.33229499,0.83529629,0.28084932,0.05496087,0.59552833,0.24250309,0.52125311,-0.15952802,-0.01378816,-0.11698385,-0.2482848,2.99804563,0.22517138,3.22321701,12
54741718,sub-000054741718,High-symptom,F,18.0,MANNHEIM,0.08598279,ampa,1,1,1,mid_data_mani_IMAGEN.mat,sst_data_mani_IMAGEN.mat,-0.02003317,-0.06897054,-0.16655197,0.10075041,0.24021561,-0.19466592,0.07353542,-0.082039,0.38184821,0.36779232,0.14338637,0.43562727,-0.10925557,1.32015059,1.21089503,12
54741718,sub-000054741718,High-symptom,F,18.0,MANNHEIM,0.08598279,ampa,2,2,2,mid_data_mani_IMAGEN.mat,sst_data_mani_IMAGEN.mat,0.10638755,-0.0978284,0.09172023,0.1774721,-0.03703303,0.03494186,0.10078182,0.11897715,0.20913579,0.1362234,0.28365902,0.62859035,0.27566031,1.47736753,1.75302784,12
54741718,sub-000054741718,High-symptom,F,18.0,MANNHEIM,0.08598279,ampa,3,3,3,mid_data_mani_IMAGEN.mat,sst_data_mani_IMAGEN.mat,0.17369825,-0.10351523,-0.02868755,0.1439375,-0.05738319,0.08446531,-0.02596046,0.50321614,0.09254266,-0.18542367,0.21973068,0.23903746,0.2125151,0.8431428,1.0556579,12
54741718,sub-000054741718,High-symptom,F,18.0,MANNHEIM,0.08598279,ampa,4,4,4,mid_data_mani_IMAGEN.mat,sst_data_mani_IMAGEN.mat,0.20370135,0.10863353,0.06991919,0.12041542,0.49206857,-0.03790158,-0.13536983,-0.2231217,0.6234203,0.27580885,0.27550989,0.34228799,0.95683648,1.1585355,2.11537198,12
54741718,sub-000054741718,High-symptom,F,18.0,MANNHEIM,0.08598279,ampa,5,5,5,mid_data_mani_IMAGEN.mat,sst_data_mani_IMAGEN.mat,-0.07185362,0.30160071,0.01755718,0.0373758,0.22818469,0.0582588,0.20594354,-0.06714774,-0.04277158,0.45461713,0.24421984,0.06907601,0.57112356,0.86393721,1.43506076,12
54741718,sub-000054741718,High-symptom,F,18.0,MANNHEIM,0.08598279,baseline,1,1,1,mid_data_simulated_IMAGEN.mat,sst_data_simulated_IMAGEN.mat,0.25069558,0.14623433,0.33034237,-0.46427203,0.20090878,0.65177955,0.22911767,0.38146293,0.19513284,0.49130114,0.54247953,0.00778232,1.11568858,1.84727644,2.96296502,12
54741718,sub-000054741718,High-symptom,F,18.0,MANNHEIM,0.08598279,baseline,2,2,2,mid_data_simulated_IMAGEN.mat,sst_data_simulated_IMAGEN.mat,0.11565329,0.02244143,0.16360897,-0.24192939,0.267935,0.83725251,0.09427439,0.07500659,-0.13935884,-0.0109324,0.27778419,-0.16173315,1.16496182,0.13504079,1.30000261,12
54741718,sub-000054741718,High-symptom,F,18.0,MANNHEIM,0.08598279,baseline,3,3,3,mid_data_simulated_IMAGEN.mat,sst_data_simulated_IMAGEN.mat,0.13842075,0.00273997,0.47010087,-0.07748956,0.49310338,0.49411877,0.14800231,0.4795934,0.58541631,0.16276439,0.41641083,0.61334509,1.52099417,2.40553233,3.92652649,12
54741718,sub-000054741718,High-symptom,F,18.0,MANNHEIM,0.08598279,baseline,4,4,4,mid_data_simulated_IMAGEN.mat,sst_data_simulated_IMAGEN.mat,0.15199372,0.07500767,0.07504928,-0.25932366,0.01993408,0.29415156,0.42122918,0.21306186,0.44411458,0.09644433,0.4873644,0.28171567,0.35681266,1.94393003,2.30074268,12
54741718,sub-000054741718,High-symptom,F,18.0,MANNHEIM,0.08598279,baseline,5,5,5,mid_data_simulated_IMAGEN.mat,sst_data_simulated_IMAGEN.mat,-0.22764314,0.04052825,-0.12505519,-0.33893056,0.04392996,0.41173325,0.37559931,0.10156544,0.22903158,0.03833839,0.27395444,0.02975765,-0.19543742,1.04824681,0.85280938,12
54741718,sub-000054741718,High-symptom,F,18.0,MANNHEIM,0.08598279,gaba,1,1,1,mid_data_mani_gaba.mat,sst_data_mani_gaba.mat,0.5307341,0.19301106,0.4690101,0.32158737,0.33551498,0.51715992,0.23319154,-0.34338194,0.32254674,0.04356453,0.30823684,0.50171241,2.36701754,1.06587013,3.43288767,12
54741718,sub-000054741718,High-symptom,F,18.0,MANNHEIM,0.08598279,gaba,2,2,2,mid_data_mani_gaba.mat,sst_data_mani_gaba.mat,0.29621003,0.17431908,0.17028372,0.35095462,0.36012563,0.53828551,0.15567107,-0.39088754,0.23174489,0.04455897,0.34662456,0.26051606,1.8901786,0.64822801,2.5384066,12
54741718,sub-000054741718,High-symptom,F,18.0,MANNHEIM,0.08598279,gaba,3,3,4,mid_data_mani_gaba.mat,sst_data_mani_gaba.mat,0.56275666,0.19822713,0.48199693,0.41778501,0.25689702,0.47636827,0.09315486,-0.39844732,0.17924145,-0.12621569,0.29712993,0.1687512,2.39403103,0.21361443,2.60764546,12
54741718,sub-000054741718,High-symptom,F,18.0,MANNHEIM,0.08598279,gaba,4,4,5,mid_data_mani_gaba.mat,sst_data_mani_gaba.mat,0.4591744,0.20272189,0.31733288,0.40916676,0.31052594,0.54259169,0.19106321,-0.36615606,0.18865412,0.01625394,0.37438667,0.15517715,2.24151356,0.55937903,2.80089259,12
54741718,sub-000054741718,High-symptom,F,18.0,MANNHEIM,0.08598279,gaba,5,5,,mid_data_mani_gaba.mat,,,,,,,,0.17098108,-0.33068315,-0.04611925,-0.03205828,0.31825391,0.3239,,0.40427432,,6
55619168,sub-000055619168,High-symptom,F,19.0,LONDON,0.19495197,ampa,1,1,1,mid_data_mani_IMAGEN.mat,sst_data_mani_IMAGEN.mat,-0.19107713,0.08098631,-0.32332567,0.08568133,0.00257726,0.15253615,0.11245131,0.13623534,0.23065019,0.05859873,0.16884118,0.48353591,-0.19262175,1.19031266,0.99769091,12
55619168,sub-000055619168,High-symptom,F,19.0,LONDON,0.19495197,ampa,2,2,2,mid_data_mani_IMAGEN.mat,sst_data_mani_IMAGEN.mat,-0.10432128,-0.22949357,0.09836498,0.1391961,0.01255153,-0.30195017,0.10083016,-0.19246424,0.30051015,0.25635099,0.12838316,0.51529437,-0.38565242,1.10890461,0.72325219,12
55619168,sub-000055619168,High-symptom,F,19.0,LONDON,0.19495197,ampa,3,3,3,mid_data_mani_IMAGEN.mat,sst_data_mani_IMAGEN.mat,0.00621186,-0.03990296,0.15669278,-0.05005654,0.30675858,-0.16737901,0.07307555,0.14071995,0.43147673,0.368521,0.13687271,0.45948479,0.21232471,1.61015073,1.82247544,12
55619168,sub-000055619168,High-symptom,F,19.0,LONDON,0.19495197,ampa,4,4,4,mid_data_mani_IMAGEN.mat,sst_data_mani_IMAGEN.mat,-0.15157146,0.06926427,-0.02126467,-0.05116102,0.56790873,0.13371803,0.10112699,-0.01894836,0.1683698,-0.0959068,0.07270666,-0.07150575,0.54689389,0.15584254,0.70273643,12
55619168,sub-000055619168,High-symptom,F,19.0,LONDON,0.19495197,ampa,5,5,5,mid_data_mani_IMAGEN.mat,sst_data_mani_IMAGEN.mat,-0.0185709,0.05233709,0.18265495,0.04551522,0.27889267,0.14584254,0.09025963,0.19451437,0.34158738,0.30558324,0.13061711,0.35771057,0.68667158,1.4202723,2.10694389,12
55619168,sub-000055619168,High-symptom,F,19.0,LONDON,0.19495197,baseline,1,1,1,mid_data_simulated_IMAGEN.mat,sst_data_simulated_IMAGEN.mat,0.38764377,-0.09536683,0.05667511,-0.34700066,0.01128413,0.3522806,-0.25044677,0.03844924,0.08613867,-0.03311123,0.11923819,0.07727189,0.36551612,0.03753999,0.40305611,12
55619168,sub-000055619168,High-symptom,F,19.0,LONDON,0.19495197,baseline,2,2,2,mid_data_simulated_IMAGEN.mat,sst_data_simulated_IMAGEN.mat,0.39435463,-0.03545065,0.00951359,0.18979677,-0.09312712,0.5243432,-0.29077085,0.09628613,0.12992435,0.31743824,0.08418592,0.07510646,0.98943042,0.41217025,1.40160068,12
55619168,sub-000055619168,High-symptom,F,19.0,LONDON,0.19495197,baseline,3,3,3,mid_data_simulated_IMAGEN.mat,sst_data_simulated_IMAGEN.mat,0.4185165,-0.11028997,0.125092,-0.02308697,-0.16848635,0.41146431,-0.0467592,-0.00227056,0.20076602,0.05152033,0.17474111,0.27482495,0.65320951,0.65282266,1.30603218,12
55619168,sub-000055619168,High-symptom,F,19.0,LONDON,0.19495197,baseline,4,4,4,mid_data_simulated_IMAGEN.mat,sst_data_simulated_IMAGEN.mat,0.71320355,-0.01275602,-0.0668723,-0.19857214,0.15638692,0.51327522,-0.02677494,0.03008754,0.00760498,-0.26549793,0.05165963,-0.00590997,1.10466523,-0.20883069,0.89583454,12
55619168,sub-000055619168,High-symptom,F,19.0,LONDON,0.19495197,baseline,5,5,5,mid_data_simulated_IMAGEN.mat,sst_data_simulated_IMAGEN.mat,0.57176904,0.11396056,-0.14948291,0.01970676,-0.29858921,0.23122172,-0.33174377,0.30866215,-0.16587284,-0.08272316,0.08076621,-0.03358159,0.48858598,-0.22449298,0.26409299,12
55619168,sub-000055619168,High-symptom,F,19.0,LONDON,0.19495197,gaba,1,1,1,mid_data_mani_gaba.mat,sst_data_mani_gaba.mat,0.32838629,0.24514188,0.23818087,0.23508985,0.21909933,-0.12277455,-0.11783168,0.37143601,0.42179861,0.57057498,-0.0696063,0.18582157,1.14312368,1.36219319,2.50531687,12
55619168,sub-000055619168,High-symptom,F,19.0,LONDON,0.19495197,gaba,2,3,2,mid_data_mani_gaba.mat,sst_data_mani_gaba.mat,0.40800073,0.25355593,0.25886894,0.1339042,0.13392393,-0.02184756,-0.11476026,0.12034016,0.3397005,0.51530698,-0.09392443,0.09879011,1.16640616,0.86545305,2.03185922,12
55619168,sub-000055619168,High-symptom,F,19.0,LONDON,0.19495197,gaba,3,4,3,mid_data_mani_gaba.mat,sst_data_mani_gaba.mat,0.37340445,0.18689864,0.32324134,0.24303585,0.12940831,-0.48477626,-0.15364079,0.35953243,0.52304036,0.52794428,-0.19410961,0.18006193,0.77121234,1.2428286,2.01404094,12
55619168,sub-000055619168,High-symptom,F,19.0,LONDON,0.19495197,gaba,4,5,4,mid_data_mani_gaba.mat,sst_data_mani_gaba.mat,0.32760898,0.06515593,0.17957401,0.22642672,0.17867172,0.07083846,-0.1037965,0.34360957,0.34673251,0.65804301,-0.08185905,0.08932949,1.04827582,1.25205903,2.30033485,12
55619168,sub-000055619168,High-symptom,F,19.0,LONDON,0.19495197,gaba,5,,5,,sst_data_mani_gaba.mat,0.45581106,0.35946489,0.24894027,0.1048398,0.21249488,0.0029753,,,,,,,1.38452621,,,6
56819618,sub-000056819618,High-symptom,M,18.0,NOTTINGHAM,0.14531344,ampa,1,1,1,mid_data_mani_IMAGEN.mat,sst_data_mani_IMAGEN.mat,0.17320569,-0.07305784,-0.20938417,0.07225473,-0.23448861,-0.07556418,0.03905773,0.3257483,0.01621828,0.1541093,-0.26227323,-0.04448931,-0.34703439,0.22837108,-0.11866331,12
56819618,sub-000056819618,High-symptom,M,18.0,NOTTINGHAM,0.14531344,ampa,2,2,2,mid_data_mani_IMAGEN.mat,sst_data_mani_IMAGEN.mat,0.04924759,0.05704754,0.1745475,0.13968997,0.00740568,0.18529901,0.05657432,0.23433911,0.0540232,-0.22019407,-0.27077419,-0.08756251,0.61323728,-0.23359414,0.37964313,12
56819618,sub-000056819618,High-symptom,M,18.0,NOTTINGHAM,0.14531344,ampa,3,3,3,mid_data_mani_IMAGEN.mat,sst_data_mani_IMAGEN.mat,-0.16783059,-0.05122673,-0.01412533,-0.23420704,0.13902909,0.17975679,-0.42259611,0.11331398,0.17677269,-0.17110057,-0.24677897,-0.01813137,-0.1486038,-0.56852036,-0.71712416,12
56819618,sub-000056819618,High-symptom,M,18.0,NOTTINGHAM,0.14531344,ampa,4,4,4,mid_data_mani_IMAGEN.mat,sst_data_mani_IMAGEN.mat,-0.21405067,-0.038692,0.13213898,0.09631309,0.28018701,-0.05359214,-0.44340075,0.40616569,0.3189876,0.1802876,-0.30234887,0.16295456,0.20230428,0.32264584,0.52495012,12
56819618,sub-000056819618,High-symptom,M,18.0,NOTTINGHAM,0.14531344,ampa,5,5,5,mid_data_mani_IMAGEN.mat,sst_data_mani_IMAGEN.mat,0.2081009,-0.20812203,-0.21717252,-0.09655968,0.17314892,-0.10587618,-0.04106052,0.08581507,0.25156238,0.17844808,-0.28077147,0.0434629,-0.2464806,0.23745645,-0.00902415,12
56819618,sub-000056819618,High-symptom,M,18.0,NOTTINGHAM,0.14531344,baseline,1,1,1,mid_data_simulated_IMAGEN.mat,sst_data_simulated_IMAGEN.mat,0.18946794,0.38652523,0.38435843,0.01407037,0.13695187,-0.21016172,-0.60482671,-0.43948776,0.02426506,0.2205808,-0.10195142,-0.14732156,0.90121213,-1.04874159,-0.14752946,12
56819618,sub-000056819618,High-symptom,M,18.0,NOTTINGHAM,0.14531344,baseline,2,2,2,mid_data_simulated_IMAGEN.mat,sst_data_simulated_IMAGEN.mat,0.05729816,-0.0525531,-0.02713577,0.06429438,0.15377907,0.01609579,-0.72041824,-0.29072135,0.11618355,0.06071565,0.02078208,-0.08503822,0.21177853,-0.89849652,-0.68671799,12
56819618,sub-000056819618,High-symptom,M,18.0,NOTTINGHAM,0.14531344,baseline,3,3,3,mid_data_simulated_IMAGEN.mat,sst_data_simulated_IMAGEN.mat,0.16985474,0.2406614,-0.20820319,0.01576165,-0.10852253,-0.22757403,-0.50570064,-0.48631599,-0.00304089,-0.15492738,0.06675761,-0.08655678,-0.11802194,-1.16978408,-1.28780602,12
56819618,sub-000056819618,High-symptom,M,18.0,NOTTINGHAM,0.14531344,baseline,4,4,4,mid_data_simulated_IMAGEN.mat,sst_data_simulated_IMAGEN.mat,-0.04039665,0.08267719,-0.09461164,-0.11135824,0.36184647,0.13490273,-0.51520514,-0.00275866,-0.13941541,0.05775361,0.14935013,-0.07241166,0.33305985,-0.52268712,-0.18962726,12
56819618,sub-000056819618,High-symptom,M,18.0,NOTTINGHAM,0.14531344,baseline,5,5,5,mid_data_simulated_IMAGEN.mat,sst_data_simulated_IMAGEN.mat,0.15589741,0.05337219,0.07265572,0.19673993,0.22263905,0.23812734,-0.73314334,-0.49470975,-0.0975952,0.16560103,0.11780088,-0.17964784,0.93943164,-1.22169422,-0.28226258,12
56819618,sub-000056819618,High-symptom,M,18.0,NOTTINGHAM,0.14531344,gaba,1,1,1,mid_data_mani_gaba.mat,sst_data_mani_gaba.mat,1.04012907,0.11994043,1.1201597,0.51969649,0.37719218,0.79765914,-0.06913565,0.30741225,0.35670957,0.4337785,-0.43067047,0.15119982,3.97477701,0.74929402,4.72407104,12
56819618,sub-000056819618,High-symptom,M,18.0,NOTTINGHAM,0.14531344,gaba,2,2,2,mid_data_mani_gaba.mat,sst_data_mani_gaba.mat,0.98616998,0.1361463,1.06501712,0.67596976,0.34444696,0.7023593,-0.09437534,0.33921704,0.22360755,0.37680364,-0.53245213,0.11902183,3.91010943,0.43182259,4.34193202,12
56819618,sub-000056819618,High-symptom,M,18.0,NOTTINGHAM,0.14531344,gaba,3,3,3,mid_data_mani_gaba.mat,sst_data_mani_gaba.mat,1.02403931,0.1555767,1.05348372,0.69551765,0.3364616,0.79640104,-0.02999673,0.44552174,0.21345444,0.42668212,-0.4969421,0.14219964,4.06148003,0.70091911,4.76239914,12
56819618,sub-000056819618,High-symptom,M,18.0,NOTTINGHAM,0.14531344,gaba,4,4,4,mid_data_mani_gaba.mat,sst_data_mani_gaba.mat,0.97468051,0.10329722,0.91988968,0.63909432,0.36013893,0.86617069,0.01735499,0.19793389,0.21737311,0.48518501,-0.49287624,0.05272279,3.86327136,0.47769354,4.3409649,12
56819618,sub-000056819618,High-symptom,M,18.0,NOTTINGHAM,0.14531344,gaba,5,5,5,mid_data_mani_gaba.mat,sst_data_mani_gaba.mat,1.03277492,0.15017436,1.03693095,0.72007415,0.35212338,0.81586655,-0.06130706,0.2668106,0.30943072,0.33999818,-0.50291735,0.10070367,4.10794431,0.45271876,4.56066306,12
57348284,sub-000057348284,High-symptom,F,19.0,LONDON,0.22763279,ampa,1,1,1,mid_data_mani_IMAGEN.mat,sst_data_mani_IMAGEN.mat,-0.13674526,-0.24328416,0.14308701,-0.03784725,-0.16191218,0.00188202,-0.28690081,-0.26665648,-0.22835731,0.33549358,-0.07873977,-0.02672578,-0.43481982,-0.55188657,-0.98670638,12
57348284,sub-000057348284,High-symptom,F,19.0,LONDON,0.22763279,ampa,2,2,2,mid_data_mani_IMAGEN.mat,sst_data_mani_IMAGEN.mat,0.13316486,0.10570114,-0.02166712,0.05357661,-0.01021581,-0.09605796,-0.06765063,-0.08028558,0.47603343,-0.39881508,0.03853596,0.46651246,0.16450171,0.43433056,0.59883227,12
57348284,sub-000057348284,High-symptom,F,19.0,LONDON,0.22763279,ampa,3,3,3,mid_data_mani_IMAGEN.mat,sst_data_mani_IMAGEN.mat,-0.045486,-0.06596332,0.2963774,0.0194432,-0.0682771,0.02441407,-0.25218892,0.13455732,0.11457636,0.08610497,0.01769842,0.17377046,0.16050825,0.27451862,0.43502687,12
57348284,sub-000057348284,High-symptom,F,19.0,LONDON,0.22763279,ampa,4,4,4,mid_data_mani_IMAGEN.mat,sst_data_mani_IMAGEN.mat,-0.07280768,-0.03150445,0.08498056,-0.092807,0.14262165,-0.12122216,0.05560532,0.08307817,0.22483813,0.12251731,0.00953757,0.27512635,-0.09073909,0.77070283,0.67996375,12
57348284,sub-000057348284,High-symptom,F,19.0,LONDON,0.22763279,ampa,5,5,5,mid_data_mani_IMAGEN.mat,sst_data_mani_IMAGEN.mat,-0.06842845,0.14957994,-0.05033455,-0.11593807,0.23896461,-0.06604524,-0.14730436,-0.26269388,-0.31622862,0.03623574,-0.03126347,-0.24981265,0.08779823,-0.97106722,-0.883269,12
57348284,sub-000057348284,High-symptom,F,19.0,LONDON,0.22763279,baseline,1,1,1,mid_data_simulated_IMAGEN.mat,sst_data_simulated_IMAGEN.mat,-0.07818413,0.11826996,0.06854358,0.05803572,0.09390107,-0.26104472,-0.72139884,0.51227813,-0.12835054,-0.18332519,0.07860174,-0.06373163,-0.00047853,-0.50592633,-0.50640487,12
57348284,sub-000057348284,High-symptom,F,19.0,LONDON,0.22763279,baseline,2,2,2,mid_data_simulated_IMAGEN.mat,sst_data_simulated_IMAGEN.mat,0.21307709,-0.14332136,0.11606384,0.1647561,-0.33639484,-0.27540017,-0.53356202,0.14269902,0.34921504,-0.06953414,0.06610481,0.17160111,-0.26121933,0.12652382,-0.13469551,12
57348284,sub-000057348284,High-symptom,F,19.0,LONDON,0.22763279,baseline,3,3,3,mid_data_simulated_IMAGEN.mat,sst_data_simulated_IMAGEN.mat,0.18192062,-0.00470478,0.20745773,-0.40264474,-0.19727234,-0.22826497,-0.29075631,-0.01696435,0.11113889,-0.30330756,0.01075293,0.39497601,-0.44350849,-0.09416039,-0.53766888,12
57348284,sub-000057348284,High-symptom,F,19.0,LONDON,0.22763279,baseline,4,4,4,mid_data_simulated_IMAGEN.mat,sst_data_simulated_IMAGEN.mat,0.16442892,0.00805535,0.10176693,0.29253641,-0.04062266,-0.4467882,-0.48423183,0.19086032,-0.1818424,0.35279875,-0.06422405,-0.2632156,0.07937675,-0.44985482,-0.37047806,12
57348284,sub-000057348284,High-symptom,F,19.0,LONDON,0.22763279,baseline,5,5,5,mid_data_simulated_IMAGEN.mat,sst_data_simulated_IMAGEN.mat,-0.00423008,-0.04288276,0.07609292,-0.23211348,-0.13498082,-0.45260109,-0.6778585,-0.00061323,0.2239908,0.13440838,0.06857024,-0.13157273,-0.79071531,-0.38307503,-1.17379035,12
57348284,sub-000057348284,High-symptom,F,19.0,LONDON,0.22763279,gaba,1,1,1,mid_data_mani_gaba.mat,sst_data_mani_gaba.mat,0.83732261,0.12141657,0.72834132,-0.0195745,0.45479569,0.75365597,-0.06598093,0.4772737,0.6009255,-0.06196851,-0.05296845,0.66274788,2.87595765,1.5600292,4.43598685,12
57348284,sub-000057348284,High-symptom,F,19.0,LONDON,0.22763279,gaba,2,2,2,mid_data_mani_gaba.mat,sst_data_mani_gaba.mat,0.84942878,0.16214751,0.74191171,0.06871165,0.3781541,0.64250702,0.04233525,0.5009113,0.57316164,-0.03739438,0.07755599,0.51332083,2.84286078,1.66989062,4.5127514,12
57348284,sub-000057348284,High-symptom,F,19.0,LONDON,0.22763279,gaba,3,3,3,mid_data_mani_gaba.mat,sst_data_mani_gaba.mat,0.91072508,0.11886773,0.76054858,-0.06990372,0.47906618,0.67989506,0.04782647,0.50990018,0.48976242,0.00608543,-0.10066218,0.57749021,2.87919891,1.53040253,4.40960144,12
57348284,sub-000057348284,High-symptom,F,19.0,LONDON,0.22763279,gaba,4,4,5,mid_data_mani_gaba.mat,sst_data_mani_gaba.mat,0.82758429,0.2290274,0.7307326,-0.01279648,0.40898747,0.65484781,0.03193399,0.51505363,0.51006844,0.01170548,-0.04264303,0.54973245,2.83838308,1.57585095,4.41423403,12
57348284,sub-000057348284,High-symptom,F,19.0,LONDON,0.22763279,gaba,5,5,,mid_data_mani_gaba.mat,,,,,,,,0.02628962,0.56405258,0.61033201,-0.02259798,-0.02922636,0.6176903,,1.76654016,,6
57930100,sub-000057930100,HC,F,20.0,BERLIN,0.10235247,ampa,1,1,1,mid_data_mani_HC3.mat,sst_data_mani_HC3.mat,0.0253841,-0.33940123,-0.10813242,0.01991508,0.09287186,0.01152595,-0.22385605,0.33467638,-0.02891741,-0.08479369,-0.32795395,-0.09456215,-0.29783667,-0.42540687,-0.72324354,12
57930100,sub-000057930100,HC,F,20.0,BERLIN,0.10235247,ampa,2,2,2,mid_data_mani_HC3.mat,sst_data_mani_HC3.mat,-0.10253466,0.08523828,-0.03598919,0.05551101,0.10561529,0.15141483,-0.23167023,0.30470663,0.13413963,0.35222725,-0.34829192,0.10582281,0.25925556,0.31693416,0.57618973,12
57930100,sub-000057930100,HC,F,20.0,BERLIN,0.10235247,ampa,3,3,3,mid_data_mani_HC3.mat,sst_data_mani_HC3.mat,0.10744228,0.22386028,0.16578907,-0.20225016,0.16345955,-0.05388871,-0.42214623,0.20335807,0.15712184,0.22100314,-0.30152072,0.17947505,0.4044123,0.03729115,0.44170345,12
57930100,sub-000057930100,HC,F,20.0,BERLIN,0.10235247,ampa,4,4,4,mid_data_mani_HC3.mat,sst_data_mani_HC3.mat,0.01403699,-0.03099463,-0.0129519,0.02884837,0.06595675,0.08862763,-0.20207059,0.52142377,-0.36567971,0.48306667,-0.43421237,-0.20140103,0.15352322,-0.19887327,-0.04535006,12
57930100,sub-000057930100,HC,F,20.0,BERLIN,0.10235247,ampa,5,5,5,mid_data_mani_HC3.mat,sst_data_mani_HC3.mat,-0.32804026,-0.15470937,-0.27789215,0.04044776,0.06331722,-0.10207111,-0.23623789,-0.03349944,-0.16618252,0.24124768,-0.26943349,0.07231969,-0.7589479,-0.39178598,-1.15073388,12
57930100,sub-000057930100,HC,F,20.0,BERLIN,0.10235247,ampa,6,6,6,mid_data_mani_HC3.mat,sst_data_mani_HC3.mat,-0.22904438,0.17452678,-0.00472271,0.0749936,0.28212535,-0.16910209,-0.23054947,0.23602169,-0.53473764,-0.0270195,-0.27068569,-0.48939005,0.12877654,-1.31636067,-1.18758412,12
57930100,sub-000057930100,HC,F,20.0,BERLIN,0.10235247,ampa,7,,7,,sst_data_mani_HC3.mat,-0.08409659,-0.02067179,-0.07635197,0.02563442,0.0423258,-0.27336481,,,,,,,-0.38652494,,,6
57930100,sub-000057930100,HC,F,20.0,BERLIN,0.10235247,baseline,1,1,1,mid_data_simulated_HC3.mat,sst_data_simulated_HC3.mat,-0.02526627,-0.05152309,-0.19265194,0.23248952,-0.36065155,-0.08341368,-0.27894421,-0.03502023,-0.29085939,-0.39517369,-0.06450757,-0.48670327,-0.48101701,-1.55120836,-2.03222537,12
57930100,sub-000057930100,HC,F,20.0,BERLIN,0.10235247,baseline,2,2,2,mid_data_simulated_HC3.mat,sst_data_simulated_HC3.mat,-0.08959411,0.05498449,-0.05591733,0.12418743,-0.30025075,-0.01324932,-0.51983175,-0.1828695,-0.12690081,-0.14958882,0.03977596,-0.30204545,-0.27983959,-1.24146037,-1.52129996,12
57930100,sub-000057930100,HC,F,20.0,BERLIN,0.10235247,baseline,3,3,3,mid_data_simulated_HC3.mat,sst_data_simulated_HC3.mat,0.19713718,-0.17609739,-0.04084251,0.18738448,-0.49619057,-0.34354925,-0.43683382,-0.17392572,-0.41879651,-0.1389177,0.02441878,-0.51377794,-0.67215806,-1.65783291,-2.32999097,12
57930100,sub-000057930100,HC,F,20.0,BERLIN,0.10235247,baseline,4,4,4,mid_data_simulated_HC3.mat,sst_data_simulated_HC3.mat,-0.27400622,-0.12953431,0.00288243,0.15093326,-0.05296678,0.15031379,-0.38314034,-0.18595071,-0.44036895,-0.24260911,-0.12910483,-0.5441613,-0.15237784,-1.92533524,-2.07771308,12
57930100,sub-000057930100,HC,F,20.0,BERLIN,0.10235247,baseline,5,5,5,mid_data_simulated_HC3.mat,sst_data_simulated_HC3.mat,0.00365476,-0.14122101,0.16273791,0.05261909,-0.28480468,0.10119663,-0.57133161,-0.13006879,-0.19295685,-0.21243759,-0.18633578,-0.12116939,-0.10581731,-1.41430001,-1.52011731,12
57930100,sub-000057930100,HC,F,20.0,BERLIN,0.10235247,baseline,6,6,6,mid_data_simulated_HC3.mat,sst_data_simulated_HC3.mat,0.11107768,-0.02697685,0.10823114,0.28401595,-0.43297816,-0.22347892,-0.44617167,-0.11103467,-0.65026431,-0.05069405,0.01128204,-0.84651382,-0.18010917,-2.09339648,-2.27350565,12
57930100,sub-000057930100,HC,F,20.0,BERLIN,0.10235247,baseline,7,7,7,mid_data_simulated_HC3.mat,sst_data_simulated_HC3.mat,-0.07793124,-0.20903467,-0.17131464,0.23698129,-0.21707485,-0.40396746,-0.25569946,0.13530718,-0.29838613,0.1449938,-0.0929792,-0.4845394,-0.84234156,-0.85130322,-1.69364478,12
57930100,sub-000057930100,HC,F,20.0,BERLIN,0.10235247,gaba,1,1,1,mid_data_mani_gaba.mat,sst_data_mani_gaba.mat,0.93255292,0.18489505,0.44515939,0.59034879,0.32734149,0.55210998,-0.39762223,-0.24009537,-0.36812178,-0.0802099,-0.71211308,-0.40647558,3.03240762,-2.20463794,0.82776968,12
57930100,sub-000057930100,HC,F,20.0,BERLIN,0.10235247,gaba,2,2,2,mid_data_mani_gaba.mat,sst_data_mani_gaba.mat,0.87532628,0.14533932,0.38076306,0.44235214,0.38498632,0.50537369,-0.31560992,-0.33527249,-0.43991776,-0.12035967,-0.60656502,-0.40080123,2.73414082,-2.2185261,0.51561472,12
57930100,sub-000057930100,HC,F,20.0,BERLIN,0.10235247,gaba,3,3,3,mid_data_mani_gaba.mat,sst_data_mani_gaba.mat,0.72785931,0.07607727,0.31676511,0.44429067,0.27787873,0.44392576,-0.36734649,-0.34221873,-0.26050171,-0.05613682,-0.70151681,-0.30655358,2.28679685,-2.03427415,0.2525227,12
57930100,sub-000057930100,HC,F,20.0,BERLIN,0.10235247,gaba,4,4,4,mid_data_mani_gaba.mat,sst_data_mani_gaba.mat,0.93046575,0.09723054,0.46983618,0.54137238,0.31300949,0.53160613,-0.30955321,-0.28539506,-0.34973626,0.05781429,-0.60665208,-0.45409636,2.88352047,-1.94761868,0.93590179,12
57930100,sub-000057930100,HC,F,20.0,BERLIN,0.10235247,gaba,5,5,5,mid_data_mani_gaba.mat,sst_data_mani_gaba.mat,0.96375444,0.15577317,0.48953299,0.62133595,0.37886052,0.51113931,-0.44450555,-0.39679818,-0.30892015,-0.04534725,-0.61931758,-0.47369259,3.12039638,-2.28858129,0.83181508,12
57968987,sub-000057968987,High-symptom,F,18.0,LONDON,0.13860274,ampa,1,1,1,mid_data_mani_IMAGEN.mat,sst_data_mani_IMAGEN.mat,0.00048394,0.04312137,0.30585114,0.40018768,0.19395516,-0.1061005,-0.24336747,0.27271078,0.08728772,-0.23909779,0.28129016,0.02144745,0.83749879,0.18027084,1.01776963,12
57968987,sub-000057968987,High-symptom,F,18.0,LONDON,0.13860274,ampa,2,2,2,mid_data_mani_IMAGEN.mat,sst_data_mani_IMAGEN.mat,-0.22492087,-0.22435799,0.28809466,-0.01898079,-0.05916839,-0.18400387,-0.28792055,0.38135287,0.33459071,-0.14993241,0.37610949,0.28118897,-0.42333724,0.93538907,0.51205184,12
57968987,sub-000057968987,High-symptom,F,18.0,LONDON,0.13860274,ampa,3,3,3,mid_data_mani_IMAGEN.mat,sst_data_mani_IMAGEN.mat,0.13402139,-0.11070784,-0.00621732,0.25407563,0.08091657,-0.05131361,-0.26865251,0.24527048,0.05007571,-0.18853028,0.28997445,0.20195644,0.30077482,0.33009429,0.6308691,12
57968987,sub-000057968987,High-symptom,F,18.0,LONDON,0.13860274,ampa,4,4,4,mid_data_mani_IMAGEN.mat,sst_data_mani_IMAGEN.mat,-0.26389234,-0.18389391,-0.08703269,0.01865398,-0.12590984,0.09524205,-0.06188117,0.31682031,-0.06001957,-0.27368507,0.39125034,0.03762877,-0.54683275,0.3501136,-0.19671914,12
57968987,sub-000057968987,High-symptom,F,18.0,LONDON,0.13860274,ampa,5,5,5,mid_data_mani_IMAGEN.mat,sst_data_mani_IMAGEN.mat,-0.33721556,-0.26625275,0.16363663,0.16471139,-0.01021363,-0.13025614,-0.01540772,0.19803175,-0.0407937,0.12059196,0.30909851,0.14803854,-0.41559006,0.71955934,0.30396928,12
57968987,sub-000057968987,High-symptom,F,18.0,LONDON,0.13860274,baseline,1,1,1,mid_data_simulated_IMAGEN.mat,sst_data_simulated_IMAGEN.mat,0.1647848,-0.0303859,0.03820758,0.04986546,0.01262932,0.44387442,0.00091355,-0.25889257,0.02760968,0.02695351,0.28915012,-0.18494578,0.67897568,-0.09921149,0.5797642,12
57968987,sub-000057968987,High-symptom,F,18.0,LONDON,0.13860274,baseline,2,2,2,mid_data_simulated_IMAGEN.mat,sst_data_simulated_IMAGEN.mat,0.36671635,-0.00027418,0.36695227,-0.05534347,-0.1099496,0.89640022,-0.03180713,0.18673602,0.03610169,-0.36164466,0.23304637,-0.08306466,1.46450159,-0.02063237,1.44386922,12
57968987,sub-000057968987,High-symptom,F,18.0,LONDON,0.13860274,baseline,3,3,3,mid_data_simulated_IMAGEN.mat,sst_data_simulated_IMAGEN.mat,0.12973611,0.2373629,0.26177549,0.0191025,0.04936677,0.33608705,-0.13127877,0.0378069,0.0547515,0.21405775,0.26620659,-0.06131209,1.03343083,0.38023188,1.41366271,12
57968987,sub-000057968987,High-symptom,F,18.0,LONDON,0.13860274,baseline,4,4,4,mid_data_simulated_IMAGEN.mat,sst_data_simulated_IMAGEN.mat,0.09428628,0.10132335,0.19356752,0.1522386,0.07232463,0.14929806,-0.3107858,0.20519612,-0.55362645,-0.19198147,0.24255931,-0.52165394,0.76303844,-1.13029224,-0.3672538,12
57968987,sub-000057968987,High-symptom,F,18.0,LONDON,0.13860274,baseline,5,5,5,mid_data_simulated_IMAGEN.mat,sst_data_simulated_IMAGEN.mat,0.17399607,0.27703291,0.32834886,0.12331683,-0.0882324,0.21397546,-0.17774395,-0.04684706,-0.05604498,0.23520542,0.37437597,0.03214185,1.02843774,0.36108725,1.38952499,12
57968987,sub-000057968987,High-symptom,F,18.0,LONDON,0.13860274,gaba,1,1,1,mid_data_mani_gaba.mat,sst_data_mani_gaba.mat,0.97234971,0.10327894,0.73041709,0.09230019,0.28870827,0.35353549,-0.35393676,0.09071273,-0.01333828,-0.33588246,0.18993301,-0.09084995,2.54058969,-0.51336171,2.02722798,12
57968987,sub-000057968987,High-symptom,F,18.0,LONDON,0.13860274,gaba,2,2,2,mid_data_mani_gaba.mat,sst_data_mani_gaba.mat,0.92482576,0.20300914,0.67458806,0.19697994,0.30136015,0.42365117,-0.32972928,-0.04621349,0.00209009,-0.32876091,0.13573662,-0.11207281,2.72441422,-0.67894978,2.04546444,12
57968987,sub-000057968987,High-symptom,F,18.0,LONDON,0.13860274,gaba,3,3,3,mid_data_mani_gaba.mat,sst_data_mani_gaba.mat,0.92053283,0.15917232,0.68303079,0.06867143,0.23120778,0.40674968,-0.26562999,-0.0587698,-0.0782593,-0.29632258,0.1880094,-0.20875478,2.46936482,-0.71972706,1.74963776,12
57968987,sub-000057968987,High-symptom,F,18.0,LONDON,0.13860274,gaba,4,4,4,mid_data_mani_gaba.mat,sst_data_mani_gaba.mat,0.94411975,0.02175341,0.73995468,0.27960779,0.21638247,0.20728413,-0.27223113,-0.26869765,-0.07964766,-0.26161244,0.15811434,-0.21766552,2.40910223,-0.94174006,1.46736217,12
57968987,sub-000057968987,High-symptom,F,18.0,LONDON,0.13860274,gaba,5,5,5,mid_data_mani_gaba.mat,sst_data_mani_gaba.mat,0.90431745,0.13723684,0.77549145,0.18579877,0.14090614,0.33791498,-0.33570641,-0.03159972,0.04233835,-0.08681757,0.21740421,-0.03473577,2.48166563,-0.22911692,2.25254872,12
60281382,sub-000060281382,High-symptom,F,18.0,HAMBURG,0.09097301,ampa,1,1,1,mid_data_mani_IMAGEN.mat,sst_data_mani_IMAGEN.mat,-0.02506589,-0.26186587,-0.07682784,-0.20613452,-0.01416765,-0.00875706,0.11952761,0.30274507,-0.04610403,0.09200614,0.22836787,0.04296213,-0.59281884,0.73950479,0.14668595,12
60281382,sub-000060281382,High-symptom,F,18.0,HAMBURG,0.09097301,ampa,2,2,2,mid_data_mani_IMAGEN.mat,sst_data_mani_IMAGEN.mat,-0.1779026,0.10188908,-0.08493138,0.01713734,0.07822758,0.24638048,0.06558295,0.63466796,0.08602469,-0.079725,0.23252529,0.01038358,0.1808005,0.94945947,1.13025997,12
60281382,sub-000060281382,High-symptom,F,18.0,HAMBURG,0.09097301,ampa,3,3,3,mid_data_mani_IMAGEN.mat,sst_data_mani_IMAGEN.mat,0.03789967,-0.03083649,0.15589385,0.07996871,0.15081209,-0.02717623,-0.01790552,0.0254804,-0.07414986,0.09291496,0.22613176,0.12047204,0.3665616,0.37294379,0.73950539,12
60281382,sub-000060281382,High-symptom,F,18.0,HAMBURG,0.09097301,ampa,4,4,4,mid_data_mani_IMAGEN.mat,sst_data_mani_IMAGEN.mat,0.22006381,0.13057147,-0.14594312,-0.08693822,-0.16773498,-0.03045622,-0.0557004,0.19840944,0.38558951,0.31001522,0.23048473,0.35376274,-0.08043727,1.42256124,1.34212397,12
60281382,sub-000060281382,High-symptom,F,18.0,HAMBURG,0.09097301,ampa,5,5,5,mid_data_mani_IMAGEN.mat,sst_data_mani_IMAGEN.mat,-0.35522011,0.00422784,-0.02159117,0.01697331,0.05653276,0.24779472,0.01697782,0.42320768,-0.00173077,-0.07647581,0.27362346,0.18297539,-0.05128265,0.81857778,0.76729513,12
60281382,sub-000060281382,High-symptom,F,18.0,HAMBURG,0.09097301,baseline,1,1,1,mid_data_simulated_IMAGEN.mat,sst_data_simulated_IMAGEN.mat,0.01062589,-0.00797658,0.18318124,0.06336177,0.24432615,-0.45715541,-0.31818216,0.55206327,0.21278119,-0.21344934,0.00432494,0.31718691,0.03636305,0.55472481,0.59108786,12
60281382,sub-000060281382,High-symptom,F,18.0,HAMBURG,0.09097301,baseline,2,2,2,mid_data_simulated_IMAGEN.mat,sst_data_simulated_IMAGEN.mat,-0.12744092,-0.10363369,0.01267713,0.10607985,0.05926714,-0.55009439,-0.34653651,0.4003431,-0.20682178,-0.1449751,-0.0190619,0.1013077,-0.60314488,-0.2157445,-0.81888938,12
60281382,sub-000060281382,High-symptom,F,18.0,HAMBURG,0.09097301,baseline,3,3,3,mid_data_simulated_IMAGEN.mat,sst_data_simulated_IMAGEN.mat,-0.15385728,-0.02968238,0.02087914,0.12829212,0.07783685,-0.5516449,-0.40553246,0.34303046,0.28159324,-0.11039251,-0.19293397,0.33593779,-0.50817645,0.25170255,-0.2564739,12
60281382,sub-000060281382,High-symptom,F,18.0,HAMBURG,0.09097301,baseline,4,4,4,mid_data_simulated_IMAGEN.mat,sst_data_simulated_IMAGEN.mat,-0.11160225,0.02299196,0.2090173,-0.16435127,0.05718305,-0.03237005,-0.1868761,0.32386686,0.08037822,-0.23518329,-0.01614186,0.20686509,-0.01913127,0.17290892,0.15377764,12
60281382,sub-000060281382,High-symptom,F,18.0,HAMBURG,0.09097301,baseline,5,5,5,mid_data_simulated_IMAGEN.mat,sst_data_simulated_IMAGEN.mat,-0.22846554,0.09357849,0.25011921,0.08004593,0.14373156,-0.17461185,-0.25328696,0.05574725,-0.17587492,-0.01025918,-0.11142122,-0.05997926,0.1643978,-0.55507429,-0.39067649,12
60281382,sub-000060281382,High-symptom,F,18.0,HAMBURG,0.09097301,gaba,1,1,1,mid_data_mani_gaba.mat,sst_data_mani_gaba.mat,0.58183441,0.29457726,0.18970979,0.36037416,0.79366317,0.54129076,-0.03600045,0.94756067,0.68619327,0.15332527,0.08516598,0.65364887,2.76144955,2.4898936,5.25134315,12
60281382,sub-000060281382,High-symptom,F,18.0,HAMBURG,0.09097301,gaba,2,2,2,mid_data_mani_gaba.mat,sst_data_mani_gaba.mat,0.85849583,-0.00365941,0.22168678,0.1758029,0.72878606,0.31528426,-0.01153244,1.01330026,0.70262157,0.2201286,0.17338308,0.65477641,2.29639643,2.75267748,5.04907391,12
60281382,sub-000060281382,High-symptom,F,18.0,HAMBURG,0.09097301,gaba,3,3,3,mid_data_mani_gaba.mat,sst_data_mani_gaba.mat,0.61707386,0.26387627,0.22154871,0.28500652,0.8062663,0.61224868,0.06192049,0.98200186,0.72713129,0.06082813,0.10661853,0.697379,2.80602034,2.63587929,5.44189963,12
60281382,sub-000060281382,High-symptom,F,18.0,HAMBURG,0.09097301,gaba,4,4,4,mid_data_mani_gaba.mat,sst_data_mani_gaba.mat,0.56235941,0.27440925,0.2051424,0.51009517,0.54305331,0.50605439,-0.11380068,0.90322826,0.68091416,0.20742379,0.14506377,0.68527465,2.60111393,2.50810394,5.10921787,12
60281382,sub-000060281382,High-symptom,F,18.0,HAMBURG,0.09097301,gaba,5,5,5,mid_data_mani_gaba.mat,sst_data_mani_gaba.mat,0.53225064,0.31744961,0.13251049,0.24528939,0.76660068,0.70636433,-0.00219688,0.95406709,0.71553188,0.09451824,0.0975848,0.67765583,2.70046513,2.53716097,5.2376261,12
61581707,sub-000061581707,HC,F,20.0,BERLIN,0.06372479,ampa,1,1,1,mid_data_mani_HC3.mat,sst_data_mani_HC3.mat,0.16589029,-0.08588687,0.04854474,0.03922351,0.24942581,0.17666142,-0.18315789,0.39565627,-0.16657382,0.13658933,0.12433717,-0.26483182,0.59385891,0.04201924,0.63587814,12
61581707,sub-000061581707,HC,F,20.0,BERLIN,0.06372479,ampa,2,2,2,mid_data_mani_HC3.mat,sst_data_mani_HC3.mat,0.09711511,0.08150532,-0.155137,-0.09885097,-0.18507015,0.23212757,-0.38622596,-0.06262293,-0.17239134,-0.09923794,0.17890108,-0.09835057,-0.02831012,-0.63992766,-0.66823779,12
61581707,sub-000061581707,HC,F,20.0,BERLIN,0.06372479,ampa,3,3,3,mid_data_mani_HC3.mat,sst_data_mani_HC3.mat,0.10446307,-0.22519353,0.07514617,-0.08125887,0.06820085,-0.06939679,-0.34586136,0.31652326,0.01445738,0.36211748,0.18989627,-0.12927328,-0.1280391,0.40785975,0.27982066,12
61581707,sub-000061581707,HC,F,20.0,BERLIN,0.06372479,ampa,4,4,4,mid_data_mani_HC3.mat,sst_data_mani_HC3.mat,0.02169059,-0.07572739,0.19185728,0.11961417,-0.07823208,0.09324524,-0.39249115,0.25025067,0.13460354,0.18050118,0.13324251,0.05373996,0.27244782,0.35984672,0.63229454,12
61581707,sub-000061581707,HC,F,20.0,BERLIN,0.06372479,ampa,5,5,5,mid_data_mani_HC3.mat,sst_data_mani_HC3.mat,0.03162166,-0.01363847,0.27250136,0.00758027,0.0705859,-0.04724661,-0.13135204,0.14583601,0.05279771,0.0983266,0.12611936,0.12200697,0.32140411,0.41373462,0.73513873,12
61581707,sub-000061581707,HC,F,20.0,BERLIN,0.06372479,baseline,1,1,1,mid_data_simulated_HC3.mat,sst_data_simulated_HC3.mat,0.25405384,0.16996468,0.03422577,-0.10072776,-0.01404838,0.52859532,-0.19875245,0.3888214,-0.48636048,0.20921637,-0.16748648,-0.29580935,0.87206347,-0.55037097,0.3216925,12
61581707,sub-000061581707,HC,F,20.0,BERLIN,0.06372479,baseline,2,2,2,mid_data_simulated_HC3.mat,sst_data_simulated_HC3.mat,-0.03056208,-0.18165467,-0.28546356,-0.03907302,-0.12370177,0.31137596,-0.54364139,0.39830428,-0.22545801,-0.16659528,-0.22132446,-0.04997595,-0.34907914,-0.80869081,-1.15776995,12
61581707,sub-000061581707,HC,F,20.0,BERLIN,0.06372479,baseline,3,3,3,mid_data_simulated_HC3.mat,sst_data_simulated_HC3.mat,-0.0934328,0.29555598,-0.16761769,0.1085289,-0.06873114,0.33544519,-0.22362327,0.18767502,-0.15899596,-0.2668038,-0.24772601,-0.29038953,0.40974844,-0.99986355,-0.59011511,12
61581707,sub-000061581707,HC,F,20.0,BERLIN,0.06372479,baseline,4,4,4,mid_data_simulated_HC3.mat,sst_data_simulated_HC3.mat,0.14668169,0.27129386,0.27134948,0.04052703,0.41187614,0.43820198,-0.26113719,0.35396193,-0.31401802,-0.43771829,-0.19636904,-0.21543253,1.57993018,-1.07071314,0.50921703,12
61581707,sub-000061581707,HC,F,20.0,BERLIN,0.06372479,baseline,5,5,5,mid_data_simulated_HC3.mat,sst_data_simulated_HC3.mat,-0.20357761,0.05175744,0.24560058,0.00934999,0.24007972,0.19898503,-0.29688781,0.35619513,-0.02835456,-0.55670777,-0.26500761,0.16816933,0.54219516,-0.62259329,-0.08039813,12
61581707,sub-000061581707,HC,F,20.0,BERLIN,0.06372479,baseline,6,6,6,mid_data_simulated_HC3.mat,sst_data_simulated_HC3.mat,0.0747913,0.24684892,0.2560669,-0.21836515,0.26763093,0.43997658,-0.34890724,0.30869364,-0.31232493,-0.22900534,-0.30520662,-0.31938136,1.06694949,-1.20613185,-0.13918236,12
61581707,sub-000061581707,HC,F,20.0,BERLIN,0.06372479,gaba,1,1,1,mid_data_mani_gaba.mat,sst_data_mani_gaba.mat,0.52692569,0.13703134,0.32617006,-0.10866299,0.38732964,0.67351456,0.1813219,0.11230771,-0.27434478,0.85924153,-0.15056549,-0.24749174,1.9423083,0.48046913,2.42277743,12
61581707,sub-000061581707,HC,F,20.0,BERLIN,0.06372479,gaba,2,2,2,mid_data_mani_gaba.mat,sst_data_mani_gaba.mat,0.55935214,0.17521735,0.3501726,0.02349079,0.31941019,0.74831279,-0.00676235,0.42695815,-0.26537522,0.75169471,-0.15315364,-0.34393356,2.17595588,0.4094281,2.58538398,12
61581707,sub-000061581707,HC,F,20.0,BERLIN,0.06372479,gaba,3,3,3,mid_data_mani_gaba.mat,sst_data_mani_gaba.mat,0.49612547,0.23975513,0.30748768,0.01585952,0.31014141,0.5868676,0.36080248,-0.58662752,-0.32678017,0.21581896,-0.02073363,-0.37570322,1.95623681,-0.73322309,1.22301372,12
61581707,sub-000061581707,HC,F,20.0,BERLIN,0.06372479,gaba,4,4,4,mid_data_mani_gaba.mat,sst_data_mani_gaba.mat,0.52554449,0.19930819,0.33477087,0.00444441,0.27409666,0.71193473,-0.1004484,0.51042848,-0.38032841,0.53020794,-0.11253209,-0.37129728,2.05009935,0.07603024,2.12612959,12
61581707,sub-000061581707,HC,F,20.0,BERLIN,0.06372479,gaba,5,5,5,mid_data_mani_gaba.mat,sst_data_mani_gaba.mat,0.53435533,0.04770852,0.3900516,-0.01842222,0.39967461,0.69616955,0.2542094,0.01496752,-0.14058429,0.60926495,-0.22279834,-0.17702898,2.04953738,0.33803026,2.38756764,12
61756624,sub-000061756624,High-symptom,F,18.0,MANNHEIM,0.37409965,ampa,1,1,1,mid_data_mani_IMAGEN.mat,sst_data_mani_IMAGEN.mat,0.14955724,-0.24378976,0.22976977,0.28571435,0.37868321,-0.10431602,0.34587934,0.29626899,0.26335423,0.23298781,0.0958666,0.27792204,0.6956188,1.512279,2.2078978,12
61756624,sub-000061756624,High-symptom,F,18.0,MANNHEIM,0.37409965,ampa,2,2,2,mid_data_mani_IMAGEN.mat,sst_data_mani_IMAGEN.mat,0.32420941,0.20106574,0.0462785,-0.18870453,0.06800038,0.04287893,-0.12704966,0.53444842,0.24883826,0.01682944,0.14582201,-0.14651085,0.49372842,0.67237761,1.16610604,12
61756624,sub-000061756624,High-symptom,F,18.0,MANNHEIM,0.37409965,ampa,3,3,3,mid_data_mani_IMAGEN.mat,sst_data_mani_IMAGEN.mat,-0.00953,0.06362671,0.19950275,0.0106875,0.00373969,0.02127323,0.21226305,-0.16065031,0.18535055,-0.10164883,0.01198206,0.1416825,0.28929989,0.28897903,0.57827892,12
61756624,sub-000061756624,High-symptom,F,18.0,MANNHEIM,0.37409965,ampa,4,4,4,mid_data_mani_IMAGEN.mat,sst_data_mani_IMAGEN.mat,-0.07026232,0.06266501,0.18166175,-0.05723107,0.05589749,-0.13560198,0.18435277,0.03292163,-0.18562778,-0.06079593,0.13510845,-0.20482105,0.03712887,-0.09886192,-0.06173304,12
61756624,sub-000061756624,High-symptom,F,18.0,MANNHEIM,0.37409965,ampa,5,5,5,mid_data_mani_IMAGEN.mat,sst_data_mani_IMAGEN.mat,-0.07045559,0.0130724,-0.23031814,0.17003021,0.15899754,0.27969808,0.2488376,-0.05166115,0.00467407,0.0827538,-0.03250367,0.16759037,0.3210245,0.41969103,0.74071553,12
61756624,sub-000061756624,High-symptom,F,18.0,MANNHEIM,0.37409965,baseline,1,1,1,mid_data_simulated_IMAGEN.mat,sst_data_simulated_IMAGEN.mat,-0.01618433,-0.32715621,0.19410512,-0.26469156,-0.12512261,-0.39790735,0.0358737,0.09606089,0.02178731,-0.09335125,0.0812727,-0.16638372,-0.93695695,-0.02474038,-0.96169733,12
61756624,sub-000061756624,High-symptom,F,18.0,MANNHEIM,0.37409965,baseline,2,2,2,mid_data_simulated_IMAGEN.mat,sst_data_simulated_IMAGEN.mat,-0.21445027,-0.14777109,-0.17186961,-0.24647522,-0.15044992,-0.03411459,-0.04697519,0.21514603,0.27498831,0.12193287,0.4215839,0.26605302,-0.96513071,1.25272894,0.28759823,12
61756624,sub-000061756624,High-symptom,F,18.0,MANNHEIM,0.37409965,baseline,3,3,3,mid_data_simulated_IMAGEN.mat,sst_data_simulated_IMAGEN.mat,0.00291568,-0.03454472,0.19518516,-0.23417938,-0.19479684,0.04288964,-0.25879183,0.20249115,0.4463667,0.17577892,0.20147004,0.36424664,-0.22253047,1.13156162,0.90903114,12
61756624,sub-000061756624,High-symptom,F,18.0,MANNHEIM,0.37409965,baseline,4,4,4,mid_data_simulated_IMAGEN.mat,sst_data_simulated_IMAGEN.mat,-0.26831171,0.12541311,0.22269107,-0.07420567,-0.198216,0.03633011,0.62883302,0.29839176,0.17366672,-0.44871397,0.34661119,0.18920239,-0.15629909,1.1879911,1.03169202,12
61756624,sub-000061756624,High-symptom,F,18.0,MANNHEIM,0.37409965,baseline,5,5,5,mid_data_simulated_IMAGEN.mat,sst_data_simulated_IMAGEN.mat,-0.18978623,-0.23050195,0.31108313,-0.05423298,-0.16479735,0.11248121,0.03487073,0.3621429,-0.18333711,-0.06112821,0.19730539,-0.29153509,-0.21575418,0.05831861,-0.15743556,12
61756624,sub-000061756624,High-symptom,F,18.0,MANNHEIM,0.37409965,gaba,1,1,1,mid_data_mani_gaba.mat,sst_data_mani_gaba.mat,1.27689598,0.00384644,0.59714086,0.38090788,0.33092172,0.5230157,-0.09338196,0.47387241,0.46450188,0.71343025,0.0660129,0.3259577,3.11272858,1.95039317,5.06312175,12
61756624,sub-000061756624,High-symptom,F,18.0,MANNHEIM,0.37409965,gaba,2,2,2,mid_data_mani_gaba.mat,sst_data_mani_gaba.mat,0.99403581,0.30285445,0.46451085,0.36046176,0.31152931,0.43281712,-0.08995416,0.47161459,0.52731843,0.65360307,-0.22741548,0.36630695,2.8662093,1.70147341,4.56768271,12
61756624,sub-000061756624,High-symptom,F,18.0,MANNHEIM,0.37409965,gaba,3,3,3,mid_data_mani_gaba.mat,sst_data_mani_gaba.mat,1.07710375,0.19571683,0.40897024,0.33639996,0.34921845,0.48996424,-0.17813558,0.34441594,0.44172921,0.76381914,0.08306897,0.29817491,2.85737347,1.75307258,4.61044606,12
61756624,sub-000061756624,High-symptom,F,18.0,MANNHEIM,0.37409965,gaba,4,4,4,mid_data_mani_gaba.mat,sst_data_mani_gaba.mat,1.11793291,0.09651022,0.50188477,0.42818945,0.32467402,0.48756207,-0.11430911,0.49136516,0.5068441,0.80983084,0.09078636,0.33532894,2.95675344,2.11984629,5.07659973,12
61756624,sub-000061756624,High-symptom,F,18.0,MANNHEIM,0.37409965,gaba,5,5,5,mid_data_mani_gaba.mat,sst_data_mani_gaba.mat,1.12522345,0.39380597,0.48062731,0.38932699,0.27436974,0.37895499,-0.42561267,0.30971433,0.5435133,0.59481508,-0.08154627,0.36584321,3.04230845,1.30672698,4.34903543,12
67342911,sub-000067342911,High-symptom,F,18.0,LONDON,0.10528679,ampa,1,1,1,mid_data_mani_IMAGEN.mat,sst_data_mani_IMAGEN.mat,0.13286099,-0.43396459,0.22599653,0.09855121,0.14011762,0.07950614,0.37750381,0.14829676,0.04441344,0.09355022,0.17461615,-0.2741625,0.2430679,0.56421788,0.80728578,12
67342911,sub-000067342911,High-symptom,F,18.0,LONDON,0.10528679,ampa,2,2,2,mid_data_mani_IMAGEN.mat,sst_data_mani_IMAGEN.mat,0.25551283,-0.24219793,-0.05657721,-0.18023494,0.1326701,-0.02113719,0.37694488,-0.19443779,-0.12635457,-0.09199933,-0.0534114,-0.07888871,-0.11196435,-0.16814692,-0.28011127,12
67342911,sub-000067342911,High-symptom,F,18.0,LONDON,0.10528679,ampa,3,3,3,mid_data_mani_IMAGEN.mat,sst_data_mani_IMAGEN.mat,0.01004974,0.12790597,0.03039571,-0.30940576,0.08453215,-0.17606986,0.31648235,0.48627868,-0.00636383,-0.23782383,-0.05401889,-0.01131269,-0.23259206,0.4932418,0.26064975,12
67342911,sub-000067342911,High-symptom,F,18.0,LONDON,0.10528679,ampa,4,4,4,mid_data_mani_IMAGEN.mat,sst_data_mani_IMAGEN.mat,-0.10650344,-0.39895016,0.20413673,-0.01494365,-0.30063858,0.10807805,0.21484917,0.25101429,-0.09000719,0.09305552,-0.07655054,0.13844814,-0.50882105,0.53080938,0.02198833,12
67342911,sub-000067342911,High-symptom,F,18.0,LONDON,0.10528679,ampa,5,5,5,mid_data_mani_IMAGEN.mat,sst_data_mani_IMAGEN.mat,0.03384349,0.11945084,0.04321669,-0.2969497,0.01899531,0.1020994,0.0494947,-0.19377936,-0.08691542,0.29928741,-0.06878385,-0.20665627,0.02065603,-0.2073528,-0.18669677,12
67342911,sub-000067342911,High-symptom,F,18.0,LONDON,0.10528679,baseline,1,1,1,mid_data_simulated_IMAGEN.mat,sst_data_simulated_IMAGEN.mat,-0.21440094,-0.0685125,0.05901494,-0.13406339,-0.12568706,-0.07504806,0.06987782,0.07306057,0.08755733,-0.15254544,-0.05411949,0.009172,-0.55869702,0.03300279,-0.52569423,12
67342911,sub-000067342911,High-symptom,F,18.0,LONDON,0.10528679,baseline,2,2,2,mid_data_simulated_IMAGEN.mat,sst_data_simulated_IMAGEN.mat,-0.05612255,0.05860614,-0.03946913,0.37533269,-0.20494858,-0.24611588,-0.06339261,0.28964141,-0.01752419,0.20703479,-0.05776176,0.09824013,-0.11271731,0.45623777,0.34352046,12
67342911,sub-000067342911,High-symptom,F,18.0,LONDON,0.10528679,baseline,3,3,3,mid_data_simulated_IMAGEN.mat,sst_data_simulated_IMAGEN.mat,-0.11652567,-0.10415669,0.10877878,-0.12352172,0.08836335,-0.10705635,-0.03721639,-0.02217585,-0.24922421,0.18691104,-0.10617457,-0.41919482,-0.25411831,-0.6470748,-0.90119311,12
67342911,sub-000067342911,High-symptom,F,18.0,LONDON,0.10528679,baseline,4,4,4,mid_data_simulated_IMAGEN.mat,sst_data_simulated_IMAGEN.mat,-0.14775709,0.25654297,-0.12870561,-0.04297476,-0.01153852,-0.11968751,0.11280303,0.07363155,-0.36623704,0.0329358,-0.07669889,-0.46226576,-0.19412052,-0.68583132,-0.87995184,12
67342911,sub-000067342911,High-symptom,F,18.0,LONDON,0.10528679,baseline,5,5,5,mid_data_simulated_IMAGEN.mat,sst_data_simulated_IMAGEN.mat,-0.22046856,0.22542241,-0.27665627,0.21443882,-0.11467463,-0.07818427,-0.10287767,0.04034872,-0.24325046,0.10495014,-0.19783056,-0.03764276,-0.2501225,-0.4363026,-0.6864251,12
67342911,sub-000067342911,High-symptom,F,18.0,LONDON,0.10528679,gaba,1,1,1,mid_data_mani_gaba.mat,sst_data_mani_gaba.mat,0.52656076,-0.13659372,0.38738848,0.42343078,0.0949336,0.55455911,0.18535268,-0.02877713,-0.40612394,0.08817315,0.00229935,-0.4992196,1.85027899,-0.65829549,1.1919835,12
67342911,sub-000067342911,High-symptom,F,18.0,LONDON,0.10528679,gaba,2,2,2,mid_data_mani_gaba.mat,sst_data_mani_gaba.mat,0.63273279,-0.04055028,0.50641923,0.40117789,0.24361258,0.4984887,0.09955639,-0.1084263,-0.50481896,0.20242141,0.04858399,-0.50961529,2.24188091,-0.77229875,1.46958216,12
67342911,sub-000067342911,High-symptom,F,18.0,LONDON,0.10528679,gaba,3,3,3,mid_data_mani_gaba.mat,sst_data_mani_gaba.mat,0.56491992,0.06096152,0.44461053,0.49887103,0.18819569,0.39122693,0.11271652,-0.08133121,-0.63039318,0.25440967,0.09170751,-0.84835582,2.14878561,-1.10124652,1.0475391,12
67342911,sub-000067342911,High-symptom,F,18.0,LONDON,0.10528679,gaba,4,5,4,mid_data_mani_gaba.mat,sst_data_mani_gaba.mat,0.68877428,0.03208917,0.70251632,0.28098553,0.19685523,0.49158069,0.13040241,-0.0202476,-0.40275342,0.09758224,-0.01060222,-0.48273731,2.39280122,-0.6883559,1.70444532,12
67342911,sub-000067342911,High-symptom,F,18.0,LONDON,0.10528679,gaba,5,,5,,sst_data_mani_gaba.mat,0.52353314,-0.13445911,0.41384628,0.37847868,0.23232594,0.39911455,,,,,,,1.81283948,,,6
67844279,sub-000067844279,High-symptom,F,18.0,BERLIN,0.10281366,ampa,1,1,1,mid_data_mani_IMAGEN.mat,sst_data_mani_IMAGEN.mat,-0.16680757,0.06764817,-0.25731589,0.04413288,-0.00969133,0.01588272,0.42155861,0.44130953,0.21802547,0.11753086,0.226377,0.22961,-0.30615102,1.65441146,1.34826044,12
67844279,sub-000067844279,High-symptom,F,18.0,BERLIN,0.10281366,ampa,2,2,2,mid_data_mani_IMAGEN.mat,sst_data_mani_IMAGEN.mat,-0.02294966,0.11734057,-0.04377722,-0.09355479,0.14829166,0.30895586,0.03685921,0.06218471,-0.05330797,0.2307934,0.23302994,0.13114496,0.41430641,0.64070426,1.05501068,12
67844279,sub-000067844279,High-symptom,F,18.0,BERLIN,0.10281366,ampa,3,3,3,mid_data_mani_IMAGEN.mat,sst_data_mani_IMAGEN.mat,-0.31219111,0.01265852,-0.13979616,0.07353658,0.30681631,0.10381753,0.35262887,0.18522213,0.22600423,0.24900267,0.22537408,0.13155305,0.04484167,1.36978503,1.4146267,12
67844279,sub-000067844279,High-symptom,F,18.0,BERLIN,0.10281366,ampa,4,4,4,mid_data_mani_IMAGEN.mat,sst_data_mani_IMAGEN.mat,-0.09152668,-0.03613256,0.08359711,0.03892345,0.21758448,-0.15558492,0.00213593,-0.14267696,0.51420218,0.2522146,0.25651956,0.60147523,0.05686088,1.48387054,1.54073142,12
67844279,sub-000067844279,High-symptom,F,18.0,BERLIN,0.10281366,ampa,5,5,5,mid_data_mani_IMAGEN.mat,sst_data_mani_IMAGEN.mat,-0.27366628,-0.31558696,-0.35030776,-0.22685398,0.0281001,-0.24562162,-0.02480592,0.26418631,0.25534725,-0.09752631,0.23381712,0.32687315,-1.3839365,0.9578916,-0.42604489,12
67844279,sub-000067844279,High-symptom,F,18.0,BERLIN,0.10281366,baseline,1,1,1,mid_data_simulated_IMAGEN.mat,sst_data_simulated_IMAGEN.mat,-0.04888914,0.01885634,0.08700182,-0.24429558,-0.02090496,-0.15127258,-0.06382963,-0.04270831,0.09581241,-0.02488634,-0.25734788,0.12537287,-0.35950409,-0.16758688,-0.52709097,12
67844279,sub-000067844279,High-symptom,F,18.0,BERLIN,0.10281366,baseline,2,2,2,mid_data_simulated_IMAGEN.mat,sst_data_simulated_IMAGEN.mat,-0.51316241,0.05681456,-0.23532376,0.0989072,-0.27735204,0.0610698,-0.15635815,-0.20479103,0.19002601,-0.11923262,-0.20758038,0.45232447,-0.80904664,-0.0456117,-0.85465834,12
67844279,sub-000067844279,High-symptom,F,18.0,BERLIN,0.10281366,baseline,3,3,3,mid_data_simulated_IMAGEN.mat,sst_data_simulated_IMAGEN.mat,-0.29376636,-0.4207266,-0.36618953,0.18098071,-0.00812514,-0.30021204,-0.02213388,0.0155709,0.14544997,-0.60916006,-0.12605878,0.33913506,-1.20803896,-0.25719679,-1.46523575,12
67844279,sub-000067844279,High-symptom,F,18.0,BERLIN,0.10281366,baseline,4,4,4,mid_data_simulated_IMAGEN.mat,sst_data_simulated_IMAGEN.mat,0.09236796,-0.09681648,-0.09995128,-0.14708435,-0.02559832,-0.38545911,-0.2061816,-0.17733715,0.08108584,-0.17584403,-0.15121715,0.27936681,-0.66254158,-0.35012727,-1.01266885,12
67844279,sub-000067844279,High-symptom,F,18.0,BERLIN,0.10281366,baseline,5,5,5,mid_data_simulated_IMAGEN.mat,sst_data_simulated_IMAGEN.mat,-0.32139365,-0.03797828,-0.29599164,-0.07071202,-0.15522464,0.02067707,-0.18511722,0.05988165,0.28891835,-0.09810636,-0.07936813,0.39318145,-0.86062315,0.37938974,-0.48123341,12
67844279,sub-000067844279,High-symptom,F,18.0,BERLIN,0.10281366,gaba,1,1,1,mid_data_mani_gaba.mat,sst_data_mani_gaba.mat,0.43398609,-0.13623319,0.38747011,0.15639822,0.24331168,0.85239175,-0.31839239,-0.35316241,-0.15073388,-0.10065138,0.08654388,0.18452084,1.93732465,-0.65187533,1.28544931,12
67844279,sub-000067844279,High-symptom,F,18.0,BERLIN,0.10281366,gaba,2,2,2,mid_data_mani_gaba.mat,sst_data_mani_gaba.mat,0.47870399,-0.03063534,0.46251322,0.13912263,0.33417041,0.89062246,-0.39693239,-0.27116853,-0.33154932,0.025232,0.08025515,-0.20967679,2.27449737,-1.10383988,1.17065749,12
67844279,sub-000067844279,High-symptom,F,18.0,BERLIN,0.10281366,gaba,3,3,3,mid_data_mani_gaba.mat,sst_data_mani_gaba.mat,0.55431974,0.08703246,0.55874574,0.09734554,0.37910091,0.90209734,-0.43704974,-0.42660877,-0.29232711,0.03003832,0.03725989,0.00763074,2.57864173,-1.08105668,1.49758506,12
67844279,sub-000067844279,High-symptom,F,18.0,BERLIN,0.10281366,gaba,4,4,5,mid_data_mani_gaba.mat,sst_data_mani_gaba.mat,0.47926439,0.03763109,0.46190969,0.11428132,0.31375167,0.92705951,-0.33223752,-0.08807217,-0.32521196,0.10431924,0.06422354,-0.22121902,2.33389766,-0.7981979,1.53569976,12
67844279,sub-000067844279,High-symptom,F,18.0,BERLIN,0.10281366,gaba,5,5,,mid_data_mani_gaba.mat,,,,,,,,-0.37651039,-0.25075109,-0.20590653,-0.13106224,0.12706011,0.20331008,,-0.63386006,,6
68000499,sub-000068000499,High-symptom,F,18.0,LONDON,0.12537046,ampa,1,1,1,mid_data_mani_IMAGEN.mat,sst_data_mani_IMAGEN.mat,-0.01724694,-0.07797822,0.30527878,0.1976116,0.46699558,0.08710788,-0.14744057,-0.07334186,-0.07232883,-0.24440037,-0.15076536,0.10153112,0.96176869,-0.58674587,0.37502281,12
68000499,sub-000068000499,High-symptom,F,18.0,LONDON,0.12537046,ampa,2,2,2,mid_data_mani_IMAGEN.mat,sst_data_mani_IMAGEN.mat,0.08583177,0.45165122,0.08254082,0.04571435,0.16509333,-0.09536095,0.22205903,-0.12251865,0.26211891,0.07641493,-0.2039144,0.27438572,0.73547054,0.50854554,1.24401608,12
68000499,sub-000068000499,High-symptom,F,18.0,LONDON,0.12537046,ampa,3,3,3,mid_data_mani_IMAGEN.mat,sst_data_mani_IMAGEN.mat,0.16538274,-0.2128264,0.17083402,0.02668564,0.00019182,0.17205601,-0.01670826,-0.18782421,0.12861869,-0.19608332,-0.28499805,0.16110757,0.32232382,-0.39588759,-0.07356377,12
68000499,sub-000068000499,High-symptom,F,18.0,LONDON,0.12537046,ampa,4,4,4,mid_data_mani_IMAGEN.mat,sst_data_mani_IMAGEN.mat,0.16086127,-0.42566932,-0.10068202,0.12371828,-0.04459104,-0.2096711,0.10451645,0.0494513,-0.07043583,0.1753855,-0.29465247,-0.0995487,-0.49603393,-0.13528374,-0.63131767,12
68000499,sub-000068000499,High-symptom,F,18.0,LONDON,0.12537046,ampa,5,5,5,mid_data_mani_IMAGEN.mat,sst_data_mani_IMAGEN.mat,0.36216591,-0.24325821,-0.13506314,-0.31347149,0.0570217,-0.31001924,-0.0707904,0.15955224,-0.04718598,-0.19009669,-0.21850839,-0.05146608,-0.58262447,-0.41849529,-1.00111976,12
68000499,sub-000068000499,High-symptom,F,18.0,LONDON,0.12537046,baseline,1,1,1,mid_data_simulated_IMAGEN.mat,sst_data_simulated_IMAGEN.mat,0.28578666,-0.07114117,0.37984651,0.2302435,0.3595876,0.64550621,0.04858152,-0.10881038,0.11252963,0.13958129,-0.49677031,0.06479438,1.82982931,-0.24009386,1.58973545,12
68000499,sub-000068000499,High-symptom,F,18.0,LONDON,0.12537046,baseline,2,2,2,mid_data_simulated_IMAGEN.mat,sst_data_simulated_IMAGEN.mat,-0.14986624,0.04286937,0.00023338,0.41682698,0.28191446,0.18480527,0.09249924,-0.14675122,0.19411617,0.24408952,-0.44656689,0.05099949,0.77678321,-0.01161369,0.76516952,12
68000499,sub-000068000499,High-symptom,F,18.0,LONDON,0.12537046,baseline,3,3,3,mid_data_simulated_IMAGEN.mat,sst_data_simulated_IMAGEN.mat,0.22495162,0.02714896,0.02369906,0.25948678,0.19796119,-0.06033436,-0.0343033,0.25235896,0.39739737,0.32738259,-0.52446871,0.29933569,0.67291325,0.71770259,1.39061584,12
68000499,sub-000068000499,High-symptom,F,18.0,LONDON,0.12537046,baseline,4,4,4,mid_data_simulated_IMAGEN.mat,sst_data_simulated_IMAGEN.mat,0.01092929,-0.09270498,0.21637614,0.11523216,0.21471173,0.28527226,-0.03954868,-0.00500925,0.4156533,-0.10559919,-0.5470082,0.12847952,0.7498166,-0.15303249,0.59678411,12
68000499,sub-000068000499,High-symptom,F,18.0,LONDON,0.12537046,baseline,5,5,5,mid_data_simulated_IMAGEN.mat,sst_data_simulated_IMAGEN.mat,0.37427942,0.1021573,0.32209009,-0.12096645,-0.07984377,0.41093642,-0.24189077,0.05426922,0.35217837,0.16780136,-0.50077609,0.22933392,1.008653,0.06091601,1.06956901,12
68000499,sub-000068000499,High-symptom,F,18.0,LONDON,0.12537046,gaba,1,1,1,mid_data_mani_gaba.mat,sst_data_mani_gaba.mat,0.21406939,0.01556653,-0.07145052,0.01561429,0.14642796,0.56686264,0.35341401,-0.20417651,0.32715487,0.15044626,-0.32569194,0.42338186,0.88709028,0.72452855,1.61161884,12
68000499,sub-000068000499,High-symptom,F,18.0,LONDON,0.12537046,gaba,2,2,2,mid_data_mani_gaba.mat,sst_data_mani_gaba.mat,0.22223686,0.1063669,-0.09919123,-0.05795045,0.22298651,0.82177572,0.21476024,-0.2881067,0.35776943,0.17600115,-0.26245153,0.48544017,1.2162243,0.68341275,1.89963705,12
68000499,sub-000068000499,High-symptom,F,18.0,LONDON,0.12537046,gaba,3,3,3,mid_data_mani_gaba.mat,sst_data_mani_gaba.mat,0.24803565,-0.05775758,-0.06609825,0.07133632,0.1965337,0.78222525,0.28386915,-0.18274471,0.31129079,-0.06119045,-0.3360537,0.41055256,1.17427508,0.42572364,1.59999871,12
68000499,sub-000068000499,High-symptom,F,18.0,LONDON,0.12537046,gaba,4,4,4,mid_data_mani_gaba.mat,sst_data_mani_gaba.mat,0.31128631,-0.1623443,-0.05660853,-0.07489574,0.16219929,0.63422907,0.31729417,-0.15221153,0.40687316,0.10051923,-0.30487792,0.50195782,0.8138661,0.86955494,1.68342104,12
68000499,sub-000068000499,High-symptom,F,18.0,LONDON,0.12537046,gaba,5,5,5,mid_data_mani_gaba.mat,sst_data_mani_gaba.mat,0.31116844,-0.2807334,-0.07718206,0.0891101,0.27141938,0.83189086,0.34185753,-0.22836852,0.34635927,0.02346735,-0.23997975,0.49940611,1.14567332,0.742742,1.88841531,12
69159223,sub-000069159223,High-symptom,M,19.0,NOTTINGHAM,0.48830076,ampa,1,1,1,mid_data_mani_IMAGEN.mat,sst_data_mani_IMAGEN.mat,0.23424793,-0.22743698,0.06969683,0.28125625,-0.02468951,0.03007662,0.35376573,0.3033758,-0.14700164,-0.21502613,0.11087523,-0.20324179,0.36315114,0.20274721,0.56589835,12
69159223,sub-000069159223,High-symptom,M,19.0,NOTTINGHAM,0.48830076,ampa,2,2,2,mid_data_mani_IMAGEN.mat,sst_data_mani_IMAGEN.mat,-0.0115445,0.24814406,0.06045185,0.02003198,-0.05460981,-0.17673838,0.40344026,0.33082793,-0.00587486,0.1552185,0.14216879,-0.0794105,0.0857352,0.94637013,1.03210533,12
69159223,sub-000069159223,High-symptom,M,19.0,NOTTINGHAM,0.48830076,ampa,3,3,3,mid_data_mani_IMAGEN.mat,sst_data_mani_IMAGEN.mat,0.18964882,0.38887323,0.11681221,0.05484537,-0.04644673,0.07116313,0.32610796,-0.07180419,-0.03062987,0.07950721,0.15595452,-0.10830904,0.77489603,0.35082659,1.12572262,12
69159223,sub-000069159223,High-symptom,M,19.0,NOTTINGHAM,0.48830076,ampa,4,4,4,mid_data_mani_IMAGEN.mat,sst_data_mani_IMAGEN.mat,0.1470309,-0.09833022,0.05208024,0.10038302,-0.1638978,0.14436775,0.1669859,0.33084614,0.18055676,-0.43741455,0.06952561,0.08435872,0.18163389,0.39485856,0.57649246,12
69159223,sub-000069159223,High-symptom,M,19.0,NOTTINGHAM,0.48830076,ampa,5,5,5,mid_data_mani_IMAGEN.mat,sst_data_mani_IMAGEN.mat,0.03672109,0.07641864,-0.05177139,0.06472628,0.03243731,0.07783362,0.11634626,0.23243989,0.22315034,0.1817399,0.09997547,0.16017095,0.23636555,1.01382282,1.25018837,12
69159223,sub-000069159223,High-symptom,M,19.0,NOTTINGHAM,0.48830076,baseline,1,1,1,mid_data_simulated_IMAGEN.mat,sst_data_simulated_IMAGEN.mat,0.13906292,0.00050161,-0.11079494,-0.17287841,-0.29057574,0.23589556,0.14787795,0.34523861,0.24879068,0.124912,0.09814701,0.17357213,-0.19878901,1.13853838,0.93974936,12
69159223,sub-000069159223,High-symptom,M,19.0,NOTTINGHAM,0.48830076,baseline,2,2,2,mid_data_simulated_IMAGEN.mat,sst_data_simulated_IMAGEN.mat,0.16179576,0.07712368,-0.10507036,-0.08285391,-0.12764581,0.21271916,0.08861363,-0.11525596,0.48212387,0.01121727,0.07178057,0.44358988,0.13606851,0.98206926,1.11813777,12
69159223,sub-000069159223,High-symptom,M,19.0,NOTTINGHAM,0.48830076,baseline,3,3,3,mid_data_simulated_IMAGEN.mat,sst_data_simulated_IMAGEN.mat,0.0932717,0.02371903,0.11093516,-0.04226096,-0.33341942,0.50444568,0.29324399,-0.12480266,-0.16257818,-0.14113428,0.32015973,-0.12220633,0.35669119,0.06268228,0.41937347,12
69159223,sub-000069159223,High-symptom,M,19.0,NOTTINGHAM,0.48830076,baseline,4,4,4,mid_data_simulated_IMAGEN.mat,sst_data_simulated_IMAGEN.mat,0.03987185,-0.00155163,-0.15522764,0.1240307,-0.38697926,0.27705264,0.21689586,0.07100467,-0.11905336,-0.06063224,0.25681017,-0.18034711,-0.10280334,0.18467798,0.08187464,12
69159223,sub-000069159223,High-symptom,M,19.0,NOTTINGHAM,0.48830076,baseline,5,5,5,mid_data_simulated_IMAGEN.mat,sst_data_simulated_IMAGEN.mat,0.11872891,0.00230508,-0.11323906,0.1022114,-0.20901733,0.34801197,0.19022907,0.00074841,-0.12362598,0.02239505,0.04925182,-0.09492122,0.24900097,0.04407715,0.29307812,12
69159223,sub-000069159223,High-symptom,M,19.0,NOTTINGHAM,0.48830076,gaba,1,1,1,mid_data_mani_gaba.mat,sst_data_mani_gaba.mat,0.44199189,0.40447277,0.63301946,0.08425316,0.39007921,0.17258599,-0.38519201,1.06988583,0.27533864,0.27198534,-0.16646483,0.28584965,2.12640249,1.35140263,3.47780511,12
69159223,sub-000069159223,High-symptom,M,19.0,NOTTINGHAM,0.48830076,gaba,2,2,2,mid_data_mani_gaba.mat,sst_data_mani_gaba.mat,0.45082912,0.45752495,0.65703217,0.09322798,0.40956493,0.16778335,-0.2764864,0.98497824,0.19992246,0.37138244,-0.10334935,0.20874599,2.2359625,1.38519338,3.62115588,12
69159223,sub-000069159223,High-symptom,M,19.0,NOTTINGHAM,0.48830076,gaba,3,3,3,mid_data_mani_gaba.mat,sst_data_mani_gaba.mat,0.40013139,0.51793105,0.58852799,-0.03001173,0.2528948,0.21022488,-0.39309695,1.10329307,0.29715303,0.43675668,-0.09214911,0.32462593,1.93969838,1.67658265,3.61628103,12
69159223,sub-000069159223,High-symptom,M,19.0,NOTTINGHAM,0.48830076,gaba,4,4,4,mid_data_mani_gaba.mat,sst_data_mani_gaba.mat,0.54866568,0.4015702,0.63611827,0.06561717,0.34676117,0.12326914,-0.25352479,1.07104189,0.4635366,0.43426882,-0.066145,0.46834151,2.12200163,2.11751903,4.23952065,12
69159223,sub-000069159223,High-symptom,M,19.0,NOTTINGHAM,0.48830076,gaba,5,5,5,mid_data_mani_gaba.mat,sst_data_mani_gaba.mat,0.38159768,0.47856241,0.49137429,0.05206441,0.17217661,0.11244815,-0.22281328,0.95054958,0.34238577,0.43201926,-0.08649489,0.37915597,1.68822355,1.79480241,3.48302596,12
69366941,sub-000069366941,High-symptom,F,18.0,NOTTINGHAM,0.14432362,ampa,1,1,1,mid_data_mani_IMAGEN.mat,sst_data_mani_IMAGEN.mat,0.15741351,0.22909939,-0.1094786,-0.00133323,0.10688756,0.11537398,0.09816576,0.27411082,-0.19936415,-0.13323311,-0.35899295,-0.22352629,0.49796261,-0.54283991,-0.04487731,12
69366941,sub-000069366941,High-symptom,F,18.0,NOTTINGHAM,0.14432362,ampa,2,2,2,mid_data_mani_IMAGEN.mat,sst_data_mani_IMAGEN.mat,0.03876486,-0.00992398,0.04629768,-0.0777942,-0.09611972,-0.10064474,-0.12184994,-0.12970867,-0.07872998,0.0159034,-0.39317509,0.08630316,-0.19942011,-0.62125712,-0.82067723,12
69366941,sub-000069366941,High-symptom,F,18.0,NOTTINGHAM,0.14432362,ampa,3,3,3,mid_data_mani_IMAGEN.mat,sst_data_mani_IMAGEN.mat,-0.24956178,-0.09474964,-0.03758392,0.2042858,-0.35771778,-0.06854713,0.58970721,0.18030434,0.08837526,0.21879825,-0.31928051,0.18833796,-0.60387446,0.9462425,0.34236804,12
69366941,sub-000069366941,High-symptom,F,18.0,NOTTINGHAM,0.14432362,ampa,4,4,4,mid_data_mani_IMAGEN.mat,sst_data_mani_IMAGEN.mat,-0.12451244,0.17362701,-0.0320059,0.22504862,0.00247281,0.12736725,0.13450656,-0.21201107,0.48183522,-0.02559791,-0.38586757,0.46409808,0.37199735,0.45696331,0.82896066,12
69366941,sub-000069366941,High-symptom,F,18.0,NOTTINGHAM,0.14432362,ampa,5,5,5,mid_data_mani_IMAGEN.mat,sst_data_mani_IMAGEN.mat,0.09846607,-0.20127475,0.05045205,-0.0822067,0.20951511,0.12448875,0.25681814,0.16503244,0.20828033,0.16676296,-0.33475954,0.41329567,0.19944052,0.87542999,1.07487052,12
69366941,sub-000069366941,High-symptom,F,18.0,NOTTINGHAM,0.14432362,baseline,1,1,1,mid_data_simulated_IMAGEN.mat,sst_data_simulated_IMAGEN.mat,-0.2553861,-0.20917622,-0.08964633,0.01172731,-0.28023329,-0.54137817,-0.1650843,-0.16037242,-0.20726556,0.12917588,-0.33933857,-0.07626393,-1.36409281,-0.8191489,-2.18324171,12
69366941,sub-000069366941,High-symptom,F,18.0,NOTTINGHAM,0.14432362,baseline,2,2,2,mid_data_simulated_IMAGEN.mat,sst_data_simulated_IMAGEN.mat,-0.17632477,-0.10903969,-0.16720452,-0.11413685,-0.02509531,-0.1547653,-0.33082583,-0.25939719,-0.33189626,0.12682749,-0.28409183,0.13270284,-0.74656645,-0.94668078,-1.69324722,12
69366941,sub-000069366941,High-symptom,F,18.0,NOTTINGHAM,0.14432362,baseline,3,3,3,mid_data_simulated_IMAGEN.mat,sst_data_simulated_IMAGEN.mat,-0.19857393,-0.07141342,-0.09452823,-0.1063157,-0.06723714,-0.33140947,0.4137021,-0.24620055,-0.01140646,0.49067639,-0.38741263,0.11720475,-0.86947788,0.3765636,-0.49291428,12
69366941,sub-000069366941,High-symptom,F,18.0,NOTTINGHAM,0.14432362,baseline,4,4,4,mid_data_simulated_IMAGEN.mat,sst_data_simulated_IMAGEN.mat,-0.12089472,0.34191339,-0.02613777,-0.04542731,0.07246643,-0.16944298,-0.16840366,-0.13713974,-0.14081258,-0.04830448,-0.29358838,-0.12511322,0.05247703,-0.91336206,-0.86088503,12
69366941,sub-000069366941,High-symptom,F,18.0,NOTTINGHAM,0.14432362,baseline,5,5,5,mid_data_simulated_IMAGEN.mat,sst_data_simulated_IMAGEN.mat,-0.02589831,-0.1045204,-0.16318037,-0.18064324,0.09950018,-0.03928431,0.08877584,-0.08635561,-0.28690777,-0.01471551,-0.51635767,-0.28639663,-0.41402646,-1.10195735,-1.51598381,12
69366941,sub-000069366941,High-symptom,F,18.0,NOTTINGHAM,0.14432362,gaba,1,1,1,mid_data_mani_gaba.mat,sst_data_mani_gaba.mat,0.28572356,0.01790729,0.27476744,0.32385671,-0.40610077,0.35526387,0.2527952,0.3932018,0.18205843,0.10191096,-0.31557463,0.33067651,0.85141808,0.94506828,1.79648636,12
69366941,sub-000069366941,High-symptom,F,18.0,NOTTINGHAM,0.14432362,gaba,2,2,2,mid_data_mani_gaba.mat,sst_data_mani_gaba.mat,0.34595474,-0.00169364,0.26187222,0.29799237,-0.48103137,0.35950602,0.35068789,0.35530972,0.15028962,0.10289607,-0.36629792,0.30715678,0.78260032,0.90004216,1.68264248,12
69366941,sub-000069366941,High-symptom,F,18.0,NOTTINGHAM,0.14432362,gaba,3,3,3,mid_data_mani_gaba.mat,sst_data_mani_gaba.mat,0.34577615,-0.00075859,0.23401782,0.393088,-0.36502503,0.27191962,0.24352115,0.37368059,0.27270333,0.12462569,-0.34809427,0.41002896,0.87901796,1.07646546,1.95548343,12
69366941,sub-000069366941,High-symptom,F,18.0,NOTTINGHAM,0.14432362,gaba,4,4,4,mid_data_mani_gaba.mat,sst_data_mani_gaba.mat,0.29642253,-0.02536398,0.2090369,0.45528077,-0.4842457,0.39834661,0.27965559,0.33990431,0.3437828,0.17415753,-0.29653227,0.40926922,0.84947714,1.25023717,2.09971431,12
69366941,sub-000069366941,High-symptom,F,18.0,NOTTINGHAM,0.14432362,gaba,5,5,5,mid_data_mani_gaba.mat,sst_data_mani_gaba.mat,0.3083743,0.01843911,0.19885184,0.46040111,-0.4354525,0.39230776,0.24280008,0.39552677,0.25687422,0.22350508,-0.30541593,0.407709,0.94292163,1.22099922,2.16392085,12
69973472,sub-000069973472,High-symptom,F,19.0,MANNHEIM,0.10992114,ampa,1,1,1,mid_data_mani_IMAGEN.mat,sst_data_mani_IMAGEN.mat,-0.01076302,0.03898132,0.0428376,-0.06068688,-0.06997745,-0.18784817,-0.12681933,-0.07117179,0.28204789,0.04813183,0.08628342,0.22016792,-0.2474566,0.43863995,0.19118335,12
69973472,sub-000069973472,High-symptom,F,19.0,MANNHEIM,0.10992114,ampa,2,2,2,mid_data_mani_IMAGEN.mat,sst_data_mani_IMAGEN.mat,-0.19400152,-0.13558653,-0.12742973,0.42514653,-0.04339308,-0.32740809,0.42928203,0.01461445,0.31338524,0.16523763,0.09698021,0.18730546,-0.40267242,1.20680502,0.8041326,12
69973472,sub-000069973472,High-symptom,F,19.0,MANNHEIM,0.10992114,ampa,3,3,3,mid_data_mani_IMAGEN.mat,sst_data_mani_IMAGEN.mat,0.03707771,-0.06089959,0.08836234,0.15906693,0.20011406,-0.20792582,-0.12585293,0.11672419,0.14889621,0.12141496,0.12489356,0.05030871,0.21579563,0.4363847,0.65218033,12
69973472,sub-000069973472,High-symptom,F,19.0,MANNHEIM,0.10992114,ampa,4,4,4,mid_data_mani_IMAGEN.mat,sst_data_mani_IMAGEN.mat,-0.09189174,-0.00396774,-0.01280908,-0.0451953,-0.0095758,-0.14726518,0.56754656,0.20662942,0.19045206,0.18852143,0.05527153,-0.04659535,-0.31070484,1.16182565,0.85112081,12
69973472,sub-000069973472,High-symptom,F,19.0,MANNHEIM,0.10992114,ampa,5,5,5,mid_data_mani_IMAGEN.mat,sst_data_mani_IMAGEN.mat,-0.01315019,0.05802776,-0.21222665,-0.23016562,0.02450163,0.06827603,0.21522197,0.23331585,0.2251636,0.31184352,0.16568438,0.13474682,-0.30473704,1.28597615,0.98123911,12
69973472,sub-000069973472,High-symptom,F,19.0,MANNHEIM,0.10992114,baseline,1,1,1,mid_data_simulated_IMAGEN.mat,sst_data_simulated_IMAGEN.mat,-0.07759181,0.24897585,0.09626355,0.113037,-0.14805202,0.1230715,-0.41869046,0.44501133,0.01220824,0.07377054,-0.0713688,0.00647957,0.35570407,0.04741043,0.40311449,12
69973472,sub-000069973472,High-symptom,F,19.0,MANNHEIM,0.10992114,baseline,2,2,2,mid_data_simulated_IMAGEN.mat,sst_data_simulated_IMAGEN.mat,0.41671554,-0.03662148,-0.27637903,0.21046367,0.15917087,0.10170618,-0.38744684,-0.15796099,-0.26149177,-0.12171061,-0.09188997,-0.27334861,0.57505574,-1.29384879,-0.71879306,12
69973472,sub-000069973472,High-symptom,F,19.0,MANNHEIM,0.10992114,baseline,3,3,3,mid_data_simulated_IMAGEN.mat,sst_data_simulated_IMAGEN.mat,-0.06420766,-0.11799867,0.05403551,0.32799137,-0.0034434,0.34873886,-0.40327394,0.08292176,-0.31554252,-0.36422881,-0.21383554,-0.07966833,0.54511601,-1.29362738,-0.74851137,12
69973472,sub-000069973472,High-symptom,F,19.0,MANNHEIM,0.10992114,baseline,4,4,4,mid_data_simulated_IMAGEN.mat,sst_data_simulated_IMAGEN.mat,-0.10564943,-0.11304475,-0.30880981,0.21052059,0.14112195,0.10894552,0.00429753,-0.11366441,-0.0248081,-0.52551163,0.00962847,-0.03029546,-0.06691592,-0.68035361,-0.74726953,12
69973472,sub-000069973472,High-symptom,F,19.0,MANNHEIM,0.10992114,baseline,5,5,5,mid_data_simulated_IMAGEN.mat,sst_data_simulated_IMAGEN.mat,0.04681449,-0.19534866,-0.0676449,-0.2355203,-0.38574941,0.01863171,-0.5226573,-0.11753944,0.18914838,0.24998402,-0.14457754,0.07218293,-0.81881706,-0.27345895,-1.09227601,12
69973472,sub-000069973472,High-symptom,F,19.0,MANNHEIM,0.10992114,gaba,1,1,1,mid_data_mani_gaba.mat,sst_data_mani_gaba.mat,1.13932926,0.06449477,1.00885329,0.72233032,0.3514362,0.66984513,-0.28615903,-0.17099876,0.11539061,0.08747882,-0.01334233,0.11692834,3.95628896,-0.15070236,3.80558661,12
69973472,sub-000069973472,High-symptom,F,19.0,MANNHEIM,0.10992114,gaba,2,2,2,mid_data_mani_gaba.mat,sst_data_mani_gaba.mat,1.15368303,0.34484207,0.9760294,0.67266238,0.34776113,0.6179975,-0.21307827,-0.15881508,0.10526256,0.1245166,-0.03367364,0.03656617,4.11297551,-0.13922167,3.97375384,12
69973472,sub-000069973472,High-symptom,F,19.0,MANNHEIM,0.10992114,gaba,3,3,3,mid_data_mani_gaba.mat,sst_data_mani_gaba.mat,1.10370356,0.2954945,0.98949018,0.68518149,0.34584536,0.54200735,-0.37975707,0.11004349,0.13265703,0.36731851,0.01544071,0.10946981,3.96172244,0.35517248,4.31689492,12
69973472,sub-000069973472,High-symptom,F,19.0,MANNHEIM,0.10992114,gaba,4,4,4,mid_data_mani_gaba.mat,sst_data_mani_gaba.mat,0.97655937,0.23615866,0.88736415,0.68626519,0.37153573,0.53081182,-0.36539854,-0.08454244,0.17225577,0.08452214,0.02132962,0.04464503,3.68869492,-0.12718842,3.56150649,12
69973472,sub-000069973472,High-symptom,F,19.0,MANNHEIM,0.10992114,gaba,5,5,5,mid_data_mani_gaba.mat,sst_data_mani_gaba.mat,1.18519933,0.27221714,0.96498046,0.74703892,0.4081822,0.67723839,-0.2062323,0.03782161,0.19496306,0.2345228,0.01278296,0.12443595,4.25485643,0.39829408,4.65315051,12
70910152,sub-000070910152,High-symptom,F,18.0,LONDON,0.13020053,ampa,1,1,1,mid_data_mani_IMAGEN.mat,sst_data_mani_IMAGEN.mat,-0.18434711,-0.02986346,-0.10983513,-0.02308347,-0.07644895,0.06993112,0.30173455,0.28260319,0.23865491,0.22440999,0.08206933,0.37663297,-0.35364699,1.50610494,1.15245795,12
70910152,sub-000070910152,High-symptom,F,18.0,LONDON,0.13020053,ampa,2,2,2,mid_data_mani_IMAGEN.mat,sst_data_mani_IMAGEN.mat,-0.22207583,-0.10127568,-0.17441208,-0.10632201,-0.02512706,0.06058791,-0.25421684,0.0269935,0.22969827,-0.20367191,0.04019365,0.14793977,-0.56862474,-0.01306356,-0.58168831,12
70910152,sub-000070910152,High-symptom,F,18.0,LONDON,0.13020053,ampa,3,3,3,mid_data_mani_IMAGEN.mat,sst_data_mani_IMAGEN.mat,-0.2432997,-0.00882659,-0.05069659,-0.07951427,0.21160063,-0.05945206,0.08675843,0.1790625,-0.19801509,0.08656515,0.10825368,-0.13087246,-0.23018859,0.13175221,-0.09843638,12
70910152,sub-000070910152,High-symptom,F,18.0,LONDON,0.13020053,ampa,4,4,4,mid_data_mani_IMAGEN.mat,sst_data_mani_IMAGEN.mat,0.12829885,0.0138122,0.25088092,-0.00277529,0.00196096,0.15350107,0.21073994,0.15563123,-0.31331181,0.37350402,0.0867279,0.00242825,0.54567872,0.51571953,1.06139825,12
70910152,sub-000070910152,High-symptom,F,18.0,LONDON,0.13020053,ampa,5,5,5,mid_data_mani_IMAGEN.mat,sst_data_mani_IMAGEN.mat,0.04893782,-0.15951587,0.08947027,0.16216863,0.23713758,-0.24418885,-0.32169449,0.27740743,0.15404578,0.09410145,0.02312165,-0.1087386,0.13400959,0.11824321,0.2522528,12
70910152,sub-000070910152,High-symptom,F,18.0,LONDON,0.13020053,baseline,1,1,1,mid_data_simulated_IMAGEN.mat,sst_data_simulated_IMAGEN.mat,0.18802816,-0.1395445,-0.03788597,-0.14858177,0.0831811,0.13800889,0.16462479,-0.09895202,-0.14892487,0.35184365,0.05721641,0.01874084,0.08320591,0.3445488,0.42775471,12
70910152,sub-000070910152,High-symptom,F,18.0,LONDON,0.13020053,baseline,2,2,2,mid_data_simulated_IMAGEN.mat,sst_data_simulated_IMAGEN.mat,0.07105064,0.04201731,0.09066727,0.2277704,0.24482478,0.48450291,0.15878308,0.3467592,0.10878258,0.08265888,0.18055656,0.01719137,1.1608333,0.89473166,2.05556497,12
70910152,sub-000070910152,High-symptom,F,18.0,LONDON,0.13020053,baseline,3,3,3,mid_data_simulated_IMAGEN.mat,sst_data_simulated_IMAGEN.mat,-0.11180335,-0.01841955,0.07515157,-0.17330349,0.13459879,0.34138683,-0.13435682,0.21336067,0.1478244,-0.04824731,0.14161134,-0.12354717,0.24761081,0.19664511,0.44425592,12
70910152,sub-000070910152,High-symptom,F,18.0,LONDON,0.13020053,baseline,4,4,4,mid_data_simulated_IMAGEN.mat,sst_data_simulated_IMAGEN.mat,-0.18313757,-0.00623821,-0.2076781,0.137976,-0.14120185,0.50637663,0.00294578,0.25696745,0.20832242,0.48954278,0.17475871,0.10632126,0.10609689,1.23885841,1.3449553,12
70910152,sub-000070910152,High-symptom,F,18.0,LONDON,0.13020053,baseline,5,5,5,mid_data_simulated_IMAGEN.mat,sst_data_simulated_IMAGEN.mat,-0.2225603,-0.05485365,-0.03227664,0.01820367,-0.13199018,0.00653656,-0.34062791,0.28618321,-0.00194617,0.33116531,0.07112936,0.00147835,-0.41694053,0.34738214,-0.06955839,12
70910152,sub-000070910152,High-symptom,F,18.0,LONDON,0.13020053,gaba,1,1,1,mid_data_mani_gaba.mat,sst_data_mani_gaba.mat,0.30234073,0.02178872,0.4979664,-0.20035459,0.2385197,0.78775322,0.10119984,0.39693548,0.68016047,0.87132548,-0.1007513,0.52440464,1.64801417,2.4732746,4.12128878,12
70910152,sub-000070910152,High-symptom,F,18.0,LONDON,0.13020053,gaba,2,2,2,mid_data_mani_gaba.mat,sst_data_mani_gaba.mat,0.23128425,0.13166768,0.43863671,-0.10330329,0.30053167,0.59286627,0.15189943,0.4232638,0.64797263,0.95182678,-0.08217082,0.55754458,1.59168329,2.65033639,4.24201968,12
70910152,sub-000070910152,High-symptom,F,18.0,LONDON,0.13020053,gaba,3,3,3,mid_data_mani_gaba.mat,sst_data_mani_gaba.mat,0.29403333,0.03840393,0.45139916,-0.33143813,0.30875686,0.41095161,0.13036737,0.5374735,0.65237457,0.94535114,-0.21899221,0.52402142,1.17210677,2.57059579,3.74270256,12
70910152,sub-000070910152,High-symptom,F,18.0,LONDON,0.13020053,gaba,4,4,4,mid_data_mani_gaba.mat,sst_data_mani_gaba.mat,0.30144548,0.23889037,0.44451138,-0.17055987,0.32951827,0.58757339,0.13520889,0.48057634,0.58830839,0.86496576,-0.1816378,0.56938522,1.73137901,2.4568068,4.18818581,12
70910152,sub-000070910152,High-symptom,F,18.0,LONDON,0.13020053,gaba,5,5,5,mid_data_mani_gaba.mat,sst_data_mani_gaba.mat,0.31632383,-0.07847307,0.53386457,-0.14417522,0.23493196,0.56713675,0.04906003,0.41201041,0.69493222,0.92898094,-0.11348561,0.56792656,1.42960881,2.53942455,3.96903335,12
72155879,sub-000072155879,High-symptom,M,19.0,LONDON,0.06621627,ampa,1,1,1,mid_data_mani_IMAGEN.mat,sst_data_mani_IMAGEN.mat,0.20655053,0.0468897,0.00225665,-0.01989059,-0.14781568,-0.18511549,-0.24243776,0.25814896,0.50952493,0.33419416,0.28077044,0.58717021,-0.09712488,1.72737094,1.63024606,12
72155879,sub-000072155879,High-symptom,M,19.0,LONDON,0.06621627,ampa,2,2,2,mid_data_mani_IMAGEN.mat,sst_data_mani_IMAGEN.mat,-0.05233552,0.06820475,-0.05638311,-0.19223421,-0.02154568,-0.08366707,-0.33764827,0.19991754,0.10013478,-0.0995186,0.30058728,0.09123047,-0.33796084,0.2547032,-0.08325764,12
72155879,sub-000072155879,High-symptom,M,19.0,LONDON,0.06621627,ampa,3,3,3,mid_data_mani_IMAGEN.mat,sst_data_mani_IMAGEN.mat,0.05468354,0.27087226,0.19663884,0.01551866,-0.05471907,0.06688156,-0.32304365,0.09190938,0.20041376,0.30801309,0.22079803,0.09409484,0.5498758,0.59218545,1.14206124,12
72155879,sub-000072155879,High-symptom,M,19.0,LONDON,0.06621627,ampa,4,4,4,mid_data_mani_IMAGEN.mat,sst_data_mani_IMAGEN.mat,-0.02748012,-0.19953286,0.05899799,0.16833111,-0.03109512,-0.08064153,-0.31260686,0.5387754,0.32923506,-0.11626367,0.24082955,0.36911301,-0.11142053,1.04908248,0.93766195,12
72155879,sub-000072155879,High-symptom,M,19.0,LONDON,0.06621627,ampa,5,5,5,mid_data_mani_IMAGEN.mat,sst_data_mani_IMAGEN.mat,0.17962268,0.13392441,0.02902712,0.00567877,-0.36048176,0.25730868,-0.32635341,0.15171413,-0.07528346,0.15890885,0.26908103,-0.01561001,0.2450799,0.16245713,0.40753703,12
72155879,sub-000072155879,High-symptom,M,19.0,LONDON,0.06621627,baseline,1,1,1,mid_data_simulated_IMAGEN.mat,sst_data_simulated_IMAGEN.mat,0.31529706,0.2059413,0.35013953,0.06919455,0.16264247,0.57726291,0.13494086,0.26536407,-0.14787102,0.04276663,0.19730338,-0.00256058,1.68047782,0.48994333,2.17042115,12
72155879,sub-000072155879,High-symptom,M,19.0,LONDON,0.06621627,baseline,2,2,2,mid_data_simulated_IMAGEN.mat,sst_data_simulated_IMAGEN.mat,0.3897178,-0.13361276,0.26419331,0.02140605,0.0279421,0.189845,-0.03484308,0.02895827,0.4356376,0.08265432,0.219666,0.25290994,0.7594915,0.98498304,1.74447455,12
72155879,sub-000072155879,High-symptom,M,19.0,LONDON,0.06621627,baseline,3,3,3,mid_data_simulated_IMAGEN.mat,sst_data_simulated_IMAGEN.mat,0.16528075,-0.00683248,0.1104641,-0.05451049,0.08688892,0.27705058,-0.21994837,0.42800088,0.18798343,0.04822984,0.1653506,0.38297319,0.57834139,0.99258957,1.57093096,12
72155879,sub-000072155879,High-symptom,M,19.0,LONDON,0.06621627,baseline,4,4,4,mid_data_simulated_IMAGEN.mat,sst_data_simulated_IMAGEN.mat,0.2452675,-0.16597737,-0.16510169,-0.00940502,-0.12382205,0.6884588,-0.12913193,0.25490353,-0.22487505,0.46683521,0.24874714,-0.20022731,0.46942017,0.4162516,0.88567177,12
72155879,sub-000072155879,High-symptom,M,19.0,LONDON,0.06621627,baseline,5,5,5,mid_data_simulated_IMAGEN.mat,sst_data_simulated_IMAGEN.mat,0.32776807,-0.09661605,0.2416756,-0.06109333,-0.31126128,0.81124162,-0.07516841,0.4314012,-0.17763098,-0.13507375,0.20111027,-0.23587404,0.91171463,0.0087643,0.92047894,12
72155879,sub-000072155879,High-symptom,M,19.0,LONDON,0.06621627,gaba,1,1,1,mid_data_mani_gaba.mat,sst_data_mani_gaba.mat,1.57363681,0.28286089,1.07129628,0.07981931,0.27519622,0.97927155,-0.25928575,0.44226234,0.19198291,0.36473184,0.14552532,0.09520719,4.26208106,0.98042385,5.24250491,12
72155879,sub-000072155879,High-symptom,M,19.0,LONDON,0.06621627,gaba,2,2,2,mid_data_mani_gaba.mat,sst_data_mani_gaba.mat,1.22839224,0.20041285,1.15778486,0.0730487,0.26099237,0.93229987,-0.31572949,0.41741695,0.36973447,0.25043168,0.18942087,0.22678596,3.85293089,1.13806043,4.99099133,12
72155879,sub-000072155879,High-symptom,M,19.0,LONDON,0.06621627,gaba,3,3,3,mid_data_mani_gaba.mat,sst_data_mani_gaba.mat,1.39902312,0.3446871,1.17478799,0.1426609,0.30398603,0.90231726,-0.30566616,0.31444537,0.20818873,0.27120075,0.28676852,0.06453347,4.2674624,0.83947068,5.10693308,12
72155879,sub-000072155879,High-symptom,M,19.0,LONDON,0.06621627,gaba,4,4,4,mid_data_mani_gaba.mat,sst_data_mani_gaba.mat,1.08115541,0.19388176,0.97358497,0.04114271,0.25290823,1.13857425,-0.25988045,0.4290137,0.32255746,0.3339576,0.27638875,0.17262536,3.68124734,1.27466241,4.95590974,12
72155879,sub-000072155879,High-symptom,M,19.0,LONDON,0.06621627,gaba,5,5,5,mid_data_mani_gaba.mat,sst_data_mani_gaba.mat,1.42027531,0.25884597,1.1990077,0.05459939,0.34087665,1.04481343,-0.39438079,0.46990308,0.25028658,0.31229136,0.20756076,0.09140411,4.31841844,0.9370651,5.25548355,12
72358748,sub-000072358748,High-symptom,F,20.0,PARIS,0.09568226,ampa,1,1,1,mid_data_mani_IMAGEN.mat,sst_data_mani_IMAGEN.mat,0.03961649,-0.1652636,0.03726544,0.16290009,0.11351367,0.00496592,-0.47109705,-0.27715368,-0.00363262,-0.17596472,0.02304717,0.096939,0.19299801,-0.8078619,-0.61486389,12
72358748,sub-000072358748,High-symptom,F,20.0,PARIS,0.09568226,ampa,2,2,2,mid_data_mani_IMAGEN.mat,sst_data_mani_IMAGEN.mat,-0.3224538,-0.00044228,-0.35716978,0.30355817,-0.07388594,-0.00350409,-0.47075178,-0.18622815,-0.15052368,0.21889094,-0.0023348,0.14277153,-0.45389771,-0.44817594,-0.90207365,12
72358748,sub-000072358748,High-symptom,F,20.0,PARIS,0.09568226,ampa,3,3,3,mid_data_mani_IMAGEN.mat,sst_data_mani_IMAGEN.mat,0.17575157,-0.00409634,-0.02637714,0.1170053,0.01220774,-0.08124815,-0.12506255,-0.16804873,0.09221997,0.5655872,0.06124336,0.1157449,0.19324298,0.54168415,0.73492713,12
72358748,sub-000072358748,High-symptom,F,20.0,PARIS,0.09568226,ampa,4,4,4,mid_data_mani_IMAGEN.mat,sst_data_mani_IMAGEN.mat,0.0823317,-0.00937879,-0.03445189,-0.09066097,0.14760687,-0.08524722,-0.11599501,-0.01352212,0.21335532,-0.12720457,0.03440951,0.20550847,0.01019971,0.1965516,0.20675131,12
72358748,sub-000072358748,High-symptom,F,20.0,PARIS,0.09568226,ampa,5,5,5,mid_data_mani_IMAGEN.mat,sst_data_mani_IMAGEN.mat,0.16367683,0.09864943,-0.22056641,-0.19830892,0.03726265,-0.15261603,-0.25828927,0.13507535,0.1076865,0.19024984,0.10317543,-0.01593232,-0.27190244,0.26196552,-0.00993692,12
72358748,sub-000072358748,High-symptom,F,20.0,PARIS,0.09568226,baseline,1,1,1,mid_data_simulated_IMAGEN.mat,sst_data_simulated_IMAGEN.mat,-0.32319405,0.0363863,0.14130966,0.05453939,-0.32609379,0.10917632,-0.32475907,-0.11682194,0.06000406,0.34893457,0.05260087,-0.06696266,-0.30787616,-0.04700416,-0.35488032,12
72358748,sub-000072358748,High-symptom,F,20.0,PARIS,0.09568226,baseline,2,2,2,mid_data_simulated_IMAGEN.mat,sst_data_simulated_IMAGEN.mat,0.12499446,-0.03289947,0.10830114,-0.10650807,-0.19682661,0.20450584,-0.43729318,-0.12870226,-0.13805612,0.23711982,-0.06220619,-0.0539466,0.10156729,-0.58308453,-0.48151724,12
72358748,sub-000072358748,High-symptom,F,20.0,PARIS,0.09568226,baseline,3,3,3,mid_data_simulated_IMAGEN.mat,sst_data_simulated_IMAGEN.mat,0.16610761,-0.06498736,-0.07346563,0.03155353,-0.26255266,0.15013252,-0.16100279,-0.14764527,-0.05675398,0.23070949,0.0794584,-0.1867051,-0.05321199,-0.24193926,-0.29515124,12
72358748,sub-000072358748,High-symptom,F,20.0,PARIS,0.09568226,baseline,4,4,4,mid_data_simulated_IMAGEN.mat,sst_data_simulated_IMAGEN.mat,0.1889532,-0.15261301,-0.11759782,-0.01344273,0.0117934,0.22784762,-0.37310027,-0.16807617,-0.07232556,0.13205265,0.00059018,-0.18352584,0.14494065,-0.66438501,-0.51944436,12
72358748,sub-000072358748,High-symptom,F,20.0,PARIS,0.09568226,baseline,5,5,5,mid_data_simulated_IMAGEN.mat,sst_data_simulated_IMAGEN.mat,0.53378285,0.31813467,-0.05290281,0.28811425,-0.08140317,0.16298628,-0.42864353,-0.21919099,-0.10963233,0.50753338,0.02985841,-0.14918564,1.16871207,-0.3692607,0.79945137,12
72358748,sub-000072358748,High-symptom,F,20.0,PARIS,0.09568226,gaba,1,1,2,mid_data_mani_gaba.mat,sst_data_mani_gaba.mat,0.24213351,0.23486096,0.43743922,0.70695944,0.02535988,0.3283612,-0.09121154,-0.14006232,0.0006304,0.47554374,-0.10693118,0.28834526,1.9751142,0.42631437,2.40142858,12
72358748,sub-000072358748,High-symptom,F,20.0,PARIS,0.09568226,gaba,2,2,3,mid_data_mani_gaba.mat,sst_data_mani_gaba.mat,0.33469047,0.22206535,0.27338679,0.59829577,-0.15280129,0.23596478,-0.04153757,-0.13548054,-0.00706001,0.4732788,-0.05993341,0.24337033,1.51160186,0.4726376,1.98423946,12
72358748,sub-000072358748,High-symptom,F,20.0,PARIS,0.09568226,gaba,3,3,4,mid_data_mani_gaba.mat,sst_data_mani_gaba.mat,0.21865223,0.16984459,0.39410118,0.50844604,-0.09318126,0.39932191,-0.17778013,-0.08824397,0.03621771,0.73118678,-0.06159402,0.23500365,1.5971847,0.67479003,2.27197473,12
72358748,sub-000072358748,High-symptom,F,20.0,PARIS,0.09568226,gaba,4,4,5,mid_data_mani_gaba.mat,sst_data_mani_gaba.mat,0.16959286,0.17924452,0.39413277,0.70492434,-0.02828558,0.21552443,-0.11817149,-0.15503382,0.04188357,0.31298382,-0.06576203,0.22614696,1.63513334,0.24204701,1.87718035,12
72358748,sub-000072358748,High-symptom,F,20.0,PARIS,0.09568226,gaba,5,5,,mid_data_mani_gaba.mat,,,,,,,,-0.14091546,-0.13935037,0.07985021,0.43374326,-0.14981376,0.31099387,,0.39450775,,6
79630427,sub-000079630427,High-symptom,F,18.0,NOTTINGHAM,0.12920608,ampa,1,1,1,mid_data_mani_IMAGEN.mat,sst_data_mani_IMAGEN.mat,-0.08808236,-0.13358907,-0.03976155,0.02755782,0.01542594,0.02731354,0.00714209,0.10946888,-0.01127005,0.11227208,0.24124433,-0.01933463,-0.19113568,0.43952271,0.24838703,12
79630427,sub-000079630427,High-symptom,F,18.0,NOTTINGHAM,0.12920608,ampa,2,2,2,mid_data_mani_IMAGEN.mat,sst_data_mani_IMAGEN.mat,0.00626169,0.01318084,0.22012739,-0.13967151,-0.12013574,-0.12777911,-0.01630461,-0.02413637,0.02876835,0.30947012,0.2396271,-0.15175566,-0.14801643,0.38566893,0.23765249,12
79630427,sub-000079630427,High-symptom,F,18.0,NOTTINGHAM,0.12920608,ampa,3,3,3,mid_data_mani_IMAGEN.mat,sst_data_mani_IMAGEN.mat,0.00592304,0.1686835,0.18866418,-0.11796779,0.24598729,-0.35601261,-0.11449938,0.01373983,-0.04596051,0.17507664,0.09247901,0.10617615,0.13527761,0.22701174,0.36228934,12
79630427,sub-000079630427,High-symptom,F,18.0,NOTTINGHAM,0.12920608,ampa,4,4,4,mid_data_mani_IMAGEN.mat,sst_data_mani_IMAGEN.mat,-0.2570921,0.11728777,-0.0895382,-0.02600238,-0.00905245,-0.30080869,-0.23227467,0.37930628,0.38290754,0.10496182,0.13623072,0.22629413,-0.56520604,0.99742582,0.43221978,12
79630427,sub-000079630427,High-symptom,F,18.0,NOTTINGHAM,0.12920608,ampa,5,5,5,mid_data_mani_IMAGEN.mat,sst_data_mani_IMAGEN.mat,0.23569272,-0.04404407,-0.04632582,-0.10033408,0.04171904,0.22301872,0.14120276,0.19834287,0.31316554,0.37403699,0.11312138,0.43403085,0.30972652,1.57390039,1.8836269,12
79630427,sub-000079630427,High-symptom,F,18.0,NOTTINGHAM,0.12920608,baseline,1,1,1,mid_data_simulated_IMAGEN.mat,sst_data_simulated_IMAGEN.mat,-0.23470562,0.36799683,0.00133235,0.32653631,-0.09066431,-0.52133949,0.11456798,0.25538982,-0.04216123,0.0323618,0.0879397,-0.01332464,-0.15084393,0.43477343,0.28392951,12
79630427,sub-000079630427,High-symptom,F,18.0,NOTTINGHAM,0.12920608,baseline,2,2,2,mid_data_simulated_IMAGEN.mat,sst_data_simulated_IMAGEN.mat,0.02197356,0.05226783,0.11767142,-0.42301277,-0.57141517,-0.77137915,-0.46230128,0.05363247,0.00203765,0.12480984,0.02424033,0.17265285,-1.57389428,-0.08492813,-1.65882241,12
79630427,sub-000079630427,High-symptom,F,18.0,NOTTINGHAM,0.12920608,baseline,3,3,3,mid_data_simulated_IMAGEN.mat,sst_data_simulated_IMAGEN.mat,0.1195388,0.07623628,0.09983864,-0.20211354,0.06215091,0.03243051,-0.30353247,0.03429478,0.15466937,0.08468966,-0.00125822,0.19374133,0.1880816,0.16260445,0.35068605,12
79630427,sub-000079630427,High-symptom,F,18.0,NOTTINGHAM,0.12920608,baseline,4,4,4,mid_data_simulated_IMAGEN.mat,sst_data_simulated_IMAGEN.mat,0.02057417,-0.00519398,-0.28186718,-0.1965653,-0.08652636,-0.63013566,0.10034846,0.06164148,0.06247284,0.46029495,-0.06790508,0.10297368,-1.17971431,0.71982633,-0.45988798,12
79630427,sub-000079630427,High-symptom,F,18.0,NOTTINGHAM,0.12920608,baseline,5,5,5,mid_data_simulated_IMAGEN.mat,sst_data_simulated_IMAGEN.mat,-0.02648546,-0.10669732,-0.29339149,0.30869777,-0.14699097,-0.40786055,-0.1523755,0.44079131,0.02229279,0.2506559,-0.04503104,-0.0419432,-0.67272801,0.47439026,-0.19833775,12
79630427,sub-000079630427,High-symptom,F,18.0,NOTTINGHAM,0.12920608,gaba,1,1,1,mid_data_mani_gaba.mat,sst_data_mani_gaba.mat,1.06291409,0.36759837,0.89888492,0.80142124,0.46362681,0.90716676,-0.09586086,0.34063346,0.41531303,0.36137376,0.01908388,0.06595369,4.50161219,1.10649696,5.60810914,12
79630427,sub-000079630427,High-symptom,F,18.0,NOTTINGHAM,0.12920608,gaba,2,2,2,mid_data_mani_gaba.mat,sst_data_mani_gaba.mat,1.19936737,0.44996657,0.89840353,0.83109555,0.48165846,0.75335603,-0.00589185,0.37013171,0.4115259,0.19162738,-0.04853027,0.04560681,4.61384752,0.96446968,5.5783172,12
79630427,sub-000079630427,High-symptom,F,18.0,NOTTINGHAM,0.12920608,gaba,3,3,3,mid_data_mani_gaba.mat,sst_data_mani_gaba.mat,1.04798235,0.4450079,0.8778871,1.15861994,0.5279304,0.66473286,0.00526165,0.31753938,0.37363966,0.17254843,-0.02032423,0.04413622,4.72216055,0.89280112,5.61496167,12
79630427,sub-000079630427,High-symptom,F,18.0,NOTTINGHAM,0.12920608,gaba,4,4,4,mid_data_mani_gaba.mat,sst_data_mani_gaba.mat,1.05097059,0.39649138,0.81873221,1.10460172,0.20662181,1.33784193,-0.05791976,0.35123045,0.34098314,0.29920271,-0.07340479,0.01706276,4.91525965,0.87715452,5.79241417,12
79630427,sub-000079630427,High-symptom,F,18.0,NOTTINGHAM,0.12920608,gaba,5,5,5,mid_data_mani_gaba.mat,sst_data_mani_gaba.mat,1.18304135,0.37244491,0.90534822,0.70724594,0.30303603,0.97131359,-0.02330116,0.28575235,0.26938959,0.31262894,0.06008228,-0.07062455,4.44243004,0.83392745,5.27635749,12
80301458,sub-000080301458,High-symptom,F,18.0,DRESDEN,0.07643326,ampa,1,1,1,mid_data_mani_IMAGEN.mat,sst_data_mani_IMAGEN.mat,-0.12724887,-0.13213808,0.12493814,-0.13537715,0.27083259,0.10814999,0.15041071,0.03492676,0.04736444,0.11709254,0.057934,-0.11922564,0.10915663,0.28850281,0.39765944,12
80301458,sub-000080301458,High-symptom,F,18.0,DRESDEN,0.07643326,ampa,2,2,2,mid_data_mani_IMAGEN.mat,sst_data_mani_IMAGEN.mat,0.20461698,0.0879144,-0.17689777,0.16705394,0.08104723,0.13116087,-0.00315636,0.04118645,0.14633592,-0.19148577,0.06429937,0.44342637,0.49489564,0.50060598,0.99550162,12
80301458,sub-000080301458,High-symptom,F,18.0,DRESDEN,0.07643326,ampa,3,3,3,mid_data_mani_IMAGEN.mat,sst_data_mani_IMAGEN.mat,0.12951712,0.32661091,-0.11897945,0.26196645,-0.0212942,0.14497402,-0.03727034,0.12269279,0.17871558,-0.05592036,0.10524601,0.28393469,0.72279485,0.59739838,1.32019323,12
80301458,sub-000080301458,High-symptom,F,18.0,DRESDEN,0.07643326,ampa,4,4,4,mid_data_mani_IMAGEN.mat,sst_data_mani_IMAGEN.mat,-0.04558617,-0.30544152,-0.21472524,0.04273527,0.06915901,-0.05745844,-0.07960951,0.04061368,0.02501059,-0.25902016,0.05095233,0.14808917,-0.51131709,-0.0739639,-0.58528099,12
80301458,sub-000080301458,High-symptom,F,18.0,DRESDEN,0.07643326,ampa,5,5,5,mid_data_mani_IMAGEN.mat,sst_data_mani_IMAGEN.mat,0.00604621,-0.07327423,-0.12778726,0.01269243,0.06037088,-0.39949532,0.00180561,0.1038676,-0.1525253,0.19412402,0.11750899,0.06645788,-0.52144728,0.3312388,-0.19020848,12
80301458,sub-000080301458,High-symptom,F,18.0,DRESDEN,0.07643326,baseline,1,1,1,mid_data_simulated_IMAGEN.mat,sst_data_simulated_IMAGEN.mat,0.02541595,0.06343896,0.20464177,-0.02714036,0.11143874,-0.11914768,-0.05920388,-0.05466108,0.26795927,-0.26925012,-0.19866486,0.00658259,0.25864739,-0.30723809,-0.0485907,12
80301458,sub-000080301458,High-symptom,F,18.0,DRESDEN,0.07643326,baseline,2,2,2,mid_data_simulated_IMAGEN.mat,sst_data_simulated_IMAGEN.mat,-0.03181648,0.07401432,0.06130169,-0.29225722,0.0457982,0.10178436,-0.04097425,-0.13402036,0.20928194,-0.45882244,-0.31778824,0.14857803,-0.04117512,-0.59374532,-0.63492045,12
80301458,sub-000080301458,High-symptom,F,18.0,DRESDEN,0.07643326,baseline,3,3,3,mid_data_simulated_IMAGEN.mat,sst_data_simulated_IMAGEN.mat,0.08678208,0.01522248,0.05690942,0.05663498,0.05230403,0.25301135,0.01963788,-0.05889492,0.68703019,-0.42248572,-0.23083613,0.41213518,0.52086435,0.40658647,0.92745082,12
80301458,sub-000080301458,High-symptom,F,18.0,DRESDEN,0.07643326,baseline,4,4,4,mid_data_simulated_IMAGEN.mat,sst_data_simulated_IMAGEN.mat,0.17049102,0.03382088,0.20421588,0.0901429,0.28227978,0.26387513,-0.06370037,0.09910412,0.64342884,0.04981395,-0.28310377,0.59804367,1.04482558,1.04358644,2.08841202,12
80301458,sub-000080301458,High-symptom,F,18.0,DRESDEN,0.07643326,baseline,5,5,5,mid_data_simulated_IMAGEN.mat,sst_data_simulated_IMAGEN.mat,0.31272544,-0.05330801,0.17207448,-0.05653404,0.4216061,-0.02868642,0.12717553,-0.35172071,0.29363228,-0.37041303,-0.11680622,0.23316969,0.76787755,-0.18496246,0.58291509,12
80301458,sub-000080301458,High-symptom,F,18.0,DRESDEN,0.07643326,gaba,1,1,1,mid_data_mani_gaba.mat,sst_data_mani_gaba.mat,0.0905274,-0.18883201,-0.23036027,-0.00678884,-0.34945778,0.66242045,-0.26106169,0.54092845,0.51434047,0.11209852,-0.47315262,0.5659253,-0.02249106,0.99907842,0.97658736,12
80301458,sub-000080301458,High-symptom,F,18.0,DRESDEN,0.07643326,gaba,2,2,2,mid_data_mani_gaba.mat,sst_data_mani_gaba.mat,0.04901476,-0.18190247,-0.16432522,0.0084019,-0.26849565,0.70131496,-0.34198443,0.42287427,0.42094794,0.17674451,-0.44453335,0.41365455,0.14400827,0.64770349,0.79171177,12
80301458,sub-000080301458,High-symptom,F,18.0,DRESDEN,0.07643326,gaba,3,3,3,mid_data_mani_gaba.mat,sst_data_mani_gaba.mat,0.03373352,-0.20722385,-0.1880379,-0.01885266,-0.29463337,0.58606973,-0.30981279,0.43819989,0.40723937,0.13842772,-0.43312402,0.47120311,-0.08894452,0.71213328,0.62318876,12
80301458,sub-000080301458,High-symptom,F,18.0,DRESDEN,0.07643326,gaba,4,4,4,mid_data_mani_gaba.mat,sst_data_mani_gaba.mat,0.06271816,-0.07014731,-0.14524989,0.13209831,-0.24364044,0.55539108,-0.31658634,0.44196297,0.53262914,0.30329001,-0.28580861,0.60047875,0.29116992,1.27596592,1.56713584,12
80301458,sub-000080301458,High-symptom,F,18.0,DRESDEN,0.07643326,gaba,5,5,5,mid_data_mani_gaba.mat,sst_data_mani_gaba.mat,0.03712133,-0.26777492,-0.24987963,0.0380181,-0.36065974,0.54494204,-0.29704077,0.40576205,0.43203891,0.11312366,-0.4595329,0.41815357,-0.25823283,0.61250451,0.35427168,12
80461839,sub-000080461839,High-symptom,F,19.0,MANNHEIM,0.14225069,ampa,1,1,1,mid_data_mani_IMAGEN.mat,sst_data_mani_IMAGEN.mat,-0.21481111,-0.02287304,0.00044464,-0.06884774,0.0368418,0.20447361,0.02405731,-0.10827489,-0.04004459,0.50217557,0.03563673,-0.14469992,-0.06477183,0.26885021,0.20407838,12
80461839,sub-000080461839,High-symptom,F,19.0,MANNHEIM,0.14225069,ampa,2,2,2,mid_data_mani_IMAGEN.mat,sst_data_mani_IMAGEN.mat,-0.01667538,0.16105486,0.13672167,0.20249529,-0.00302811,-0.16202293,-0.04585332,-0.12878964,0.19791,-0.09784252,0.02371888,0.28048705,0.31854542,0.22963046,0.54817587,12
80461839,sub-000080461839,High-symptom,F,19.0,MANNHEIM,0.14225069,ampa,3,3,3,mid_data_mani_IMAGEN.mat,sst_data_mani_IMAGEN.mat,0.18241295,0.10239355,0.22243961,-0.12303574,-0.19097224,0.22563975,-0.02928618,0.0701486,0.6001991,-0.31029278,-0.00729091,0.4230525,0.41887788,0.74653033,1.16540821,12
80461839,sub-000080461839,High-symptom,F,19.0,MANNHEIM,0.14225069,ampa,4,4,4,mid_data_mani_IMAGEN.mat,sst_data_mani_IMAGEN.mat,-0.03847209,0.04287143,-0.02294569,0.23690471,0.02954644,-0.01255715,-0.15768043,0.10801208,0.25039466,0.33816638,0.04974376,0.03957065,0.23534766,0.6282071,0.86355475,12
80461839,sub-000080461839,High-symptom,F,19.0,MANNHEIM,0.14225069,ampa,5,5,5,mid_data_mani_IMAGEN.mat,sst_data_mani_IMAGEN.mat,-0.01071876,0.06456761,-0.14606788,0.1173368,0.2827012,-0.12147954,0.03648708,0.12730959,0.33020572,0.10012399,-0.00040663,0.17042284,0.18633943,0.76414259,0.95048202,12
80461839,sub-000080461839,High-symptom,F,19.0,MANNHEIM,0.14225069,baseline,1,1,1,mid_data_simulated_IMAGEN.mat,sst_data_simulated_IMAGEN.mat,0.29936525,-0.10063929,0.10209313,0.22099994,0.07110079,0.41850472,-0.37392934,0.23335808,-0.07052184,-0.06693659,0.2289864,-0.08896622,1.01142454,-0.13800952,0.87341502,12
80461839,sub-000080461839,High-symptom,F,19.0,MANNHEIM,0.14225069,baseline,2,2,2,mid_data_simulated_IMAGEN.mat,sst_data_simulated_IMAGEN.mat,0.43513588,0.1363477,0.23365562,0.37732185,-0.06078445,0.37964298,-0.15028632,-0.28084615,0.21513332,0.3402385,0.28435224,0.07301233,1.50131958,0.48160392,1.9829235,12
80461839,sub-000080461839,High-symptom,F,19.0,MANNHEIM,0.14225069,baseline,3,3,3,mid_data_simulated_IMAGEN.mat,sst_data_simulated_IMAGEN.mat,0.59638484,0.17546479,0.33441509,0.01118726,0.17449241,0.20782226,-0.22241949,-0.20416604,0.4962553,0.36711484,0.29185568,0.2196529,1.49976665,0.9482932,2.44805985,12
80461839,sub-000080461839,High-symptom,F,19.0,MANNHEIM,0.14225069,baseline,4,4,4,mid_data_simulated_IMAGEN.mat,sst_data_simulated_IMAGEN.mat,0.22600079,0.09070007,0.27882823,0.32424372,0.19666146,0.37926444,-0.09329101,0.27811955,0.13259659,0.32697586,0.13401376,0.14475651,1.49569871,0.92317125,2.41886996,12
80461839,sub-000080461839,High-symptom,F,19.0,MANNHEIM,0.14225069,baseline,5,5,5,mid_data_simulated_IMAGEN.mat,sst_data_simulated_IMAGEN.mat,0.2741462,-0.17373877,0.07150337,0.25460941,0.19731648,0.73245989,-0.2864294,-0.19061655,0.28671494,-0.07319587,0.30168109,0.10677779,1.35629659,0.144932,1.50122859,12
80461839,sub-000080461839,High-symptom,F,19.0,MANNHEIM,0.14225069,gaba,1,1,1,mid_data_mani_gaba.mat,sst_data_mani_gaba.mat,0.90756189,0.32608265,0.79889659,0.42554889,0.04496617,0.6210965,-0.19651745,-0.13143868,0.4581038,-0.07005845,-0.12828085,0.01709635,3.1241527,-0.05109529,3.07305741,12
80461839,sub-000080461839,High-symptom,F,19.0,MANNHEIM,0.14225069,gaba,2,2,2,mid_data_mani_gaba.mat,sst_data_mani_gaba.mat,0.95210807,0.29665331,0.82018277,0.33923487,0.11146214,0.77918743,-0.24540919,-0.1921744,0.48394494,-0.14950012,-0.12381617,0.01901599,3.2988286,-0.20793895,3.09088965,12
80461839,sub-000080461839,High-symptom,F,19.0,MANNHEIM,0.14225069,gaba,3,3,4,mid_data_mani_gaba.mat,sst_data_mani_gaba.mat,0.91864104,0.28699306,0.80528249,0.46090463,0.06272506,0.64076402,-0.16146329,-0.42879384,0.63135274,-0.22402849,-0.13385888,0.26007995,3.1753103,-0.05671181,3.11859849,12
80461839,sub-000080461839,High-symptom,F,19.0,MANNHEIM,0.14225069,gaba,4,4,5,mid_data_mani_gaba.mat,sst_data_mani_gaba.mat,0.96643601,0.30898526,0.82424693,0.37867574,0.06699014,0.51833583,-0.20858834,0.10009809,0.35547259,-0.06637169,-0.07365322,-0.02307317,3.06366992,0.08388425,3.14755417,12
80461839,sub-000080461839,High-symptom,F,19.0,MANNHEIM,0.14225069,gaba,5,5,,mid_data_mani_gaba.mat,,,,,,,,-0.20210689,-0.26880268,0.56311225,-0.17692488,-0.08918736,0.17588587,,0.00197631,,6
82149344,sub-000082149344,High-symptom,F,18.0,LONDON,0.14241338,ampa,1,1,1,mid_data_mani_IMAGEN.mat,sst_data_mani_IMAGEN.mat,-0.19493707,-0.21420867,0.07152472,-0.06993807,0.1796096,0.10996851,-0.23589507,0.19344463,-0.14858545,0.13020275,0.05352978,0.09327161,-0.11798097,0.08596825,-0.03201272,12
82149344,sub-000082149344,High-symptom,F,18.0,LONDON,0.14241338,ampa,2,2,2,mid_data_mani_IMAGEN.mat,sst_data_mani_IMAGEN.mat,0.12663887,0.03590472,-0.26817651,-0.09700853,0.02336562,0.21029117,-0.43676133,0.28093975,-0.09923967,0.16066182,0.11466224,-0.03524164,0.03101534,-0.01497883,0.01603651,12
82149344,sub-000082149344,High-symptom,F,18.0,LONDON,0.14241338,ampa,3,3,3,mid_data_mani_IMAGEN.mat,sst_data_mani_IMAGEN.mat,0.2681606,0.147638,0.0477119,0.05846096,0.21252654,-0.34744368,-0.34821386,0.18694015,0.20376147,0.26643632,0.11565385,-0.02051195,0.38705431,0.40406597,0.79112028,12
82149344,sub-000082149344,High-symptom,F,18.0,LONDON,0.14241338,ampa,4,4,4,mid_data_mani_IMAGEN.mat,sst_data_mani_IMAGEN.mat,-0.22252512,0.32856807,0.04123532,0.19707121,0.10032382,0.0424982,-0.31317589,0.0181064,0.2686822,-0.28734823,0.10969554,-0.02315486,0.48717149,-0.22719485,0.25997664,12
82149344,sub-000082149344,High-symptom,F,18.0,LONDON,0.14241338,ampa,5,5,5,mid_data_mani_IMAGEN.mat,sst_data_mani_IMAGEN.mat,-0.18329213,-0.10252382,-0.01667812,0.30802605,0.12161131,0.36996455,-0.36517726,0.29359274,-0.2970565,-0.19246624,0.21703961,-0.14293099,0.49710784,-0.48699864,0.0101092,12
82149344,sub-000082149344,High-symptom,F,18.0,LONDON,0.14241338,baseline,1,1,1,mid_data_simulated_IMAGEN.mat,sst_data_simulated_IMAGEN.mat,0.09660194,0.08770376,-0.06553635,0.17191981,0.0503703,-0.19475939,-0.10877234,0.13758802,0.04191719,-0.00926472,-0.19791942,-0.17802102,0.14630006,-0.31447228,-0.16817222,12
82149344,sub-000082149344,High-symptom,F,18.0,LONDON,0.14241338,baseline,2,2,2,mid_data_simulated_IMAGEN.mat,sst_data_simulated_IMAGEN.mat,0.03805804,-0.01081225,-0.01590025,-0.25910909,0.36230895,-0.14249653,-0.09887104,0.12739392,-0.02187907,0.09586433,-0.08636435,0.10046507,-0.02795112,0.11660885,0.08865773,12
82149344,sub-000082149344,High-symptom,F,18.0,LONDON,0.14241338,baseline,3,3,3,mid_data_simulated_IMAGEN.mat,sst_data_simulated_IMAGEN.mat,-0.05683053,-0.02562854,-0.01028145,-0.16448021,0.08339612,-0.52945302,0.07171894,-0.09275892,-0.14950076,-0.15893834,-0.15761461,-0.12505422,-0.70327764,-0.61214791,-1.31542555,12
82149344,sub-000082149344,High-symptom,F,18.0,LONDON,0.14241338,baseline,4,4,4,mid_data_simulated_IMAGEN.mat,sst_data_simulated_IMAGEN.mat,-0.12355978,-0.18806031,-0.17813529,0.1269972,0.05695919,-0.33299317,-0.01764837,-0.1251838,0.02630409,-0.1650337,-0.17456522,0.0259185,-0.63879216,-0.4302085,-1.06900066,12
82149344,sub-000082149344,High-symptom,F,18.0,LONDON,0.14241338,baseline,5,5,5,mid_data_simulated_IMAGEN.mat,sst_data_simulated_IMAGEN.mat,0.05898057,0.06268761,-0.01324904,-0.21874376,0.08612305,-0.4811103,-0.06161266,0.03305687,-0.01197906,0.0440257,0.00718527,0.13237527,-0.50531187,0.14305139,-0.36226048,12
82149344,sub-000082149344,High-symptom,F,18.0,LONDON,0.14241338,gaba,1,1,1,mid_data_mani_gaba.mat,sst_data_mani_gaba.mat,0.82665837,0.1349255,0.52232005,0.03737859,0.28844008,0.8078682,-0.43382451,-0.0995354,0.2526344,0.36785456,0.22696068,0.20611427,2.6175908,0.520204,3.1377948,12
82149344,sub-000082149344,High-symptom,F,18.0,LONDON,0.14241338,gaba,2,2,2,mid_data_mani_gaba.mat,sst_data_mani_gaba.mat,0.77149669,0.02712889,0.46914873,-0.00808053,0.30602158,0.95463471,-0.41323143,0.0290504,0.22281784,0.40344238,0.19741507,0.16319677,2.52035006,0.60269103,3.12304109,12
82149344,sub-000082149344,High-symptom,F,18.0,LONDON,0.14241338,gaba,3,3,3,mid_data_mani_gaba.mat,sst_data_mani_gaba.mat,0.84026476,0.08404903,0.58436274,-0.09934823,0.28608533,0.72177664,-0.47571068,0.05480049,0.37380403,0.43459779,0.30524215,0.2954022,2.41719026,0.98813598,3.40532625,12
82149344,sub-000082149344,High-symptom,F,18.0,LONDON,0.14241338,gaba,4,5,4,mid_data_mani_gaba.mat,sst_data_mani_gaba.mat,0.83735115,0.10997307,0.59373532,-0.02021939,0.25445905,0.76175858,-0.2755727,-0.01459252,0.22909005,0.51003384,0.18985917,0.22373842,2.53705778,0.86255626,3.39961404,12
82149344,sub-000082149344,High-symptom,F,18.0,LONDON,0.14241338,gaba,5,,5,,sst_data_mani_gaba.mat,0.9302789,0.05513623,0.60702229,-0.09269508,0.26468651,0.71115016,,,,,,,2.47557902,,,6
83490451,sub-000083490451,High-symptom,F,18.0,LONDON,0.17296608,ampa,1,1,1,mid_data_mani_IMAGEN.mat,sst_data_mani_IMAGEN.mat,0.19694985,0.14938593,-0.028281,0.21422466,0.16251439,0.22022123,-0.91255969,-0.66341574,0.29536245,0.00907841,0.58995842,0.09802292,0.91501504,-0.58355323,0.33146181,12
83490451,sub-000083490451,High-symptom,F,18.0,LONDON,0.17296608,ampa,2,2,2,mid_data_mani_IMAGEN.mat,sst_data_mani_IMAGEN.mat,-0.31017903,-0.10240247,-0.41546691,-0.02028787,0.26824457,-0.25615989,-0.50826015,0.53332792,0.12411031,1.06659691,0.50765894,-0.15390444,-0.8362516,1.5695295,0.7332779,12
83490451,sub-000083490451,High-symptom,F,18.0,LONDON,0.17296608,ampa,3,3,3,mid_data_mani_IMAGEN.mat,sst_data_mani_IMAGEN.mat,0.17696057,-0.05527153,0.22743863,-0.01687809,-0.05088516,-0.05368766,0.33735192,-0.09777244,0.23622348,-0.29452715,0.85927252,0.29779963,0.22767676,1.33834797,1.56602472,12
83490451,sub-000083490451,High-symptom,F,18.0,LONDON,0.17296608,ampa,4,4,4,mid_data_mani_IMAGEN.mat,sst_data_mani_IMAGEN.mat,-0.08980012,-0.13943308,0.06117318,-0.14580302,0.32334352,-0.19584612,0.15434024,0.50383243,0.18582624,-0.54177673,0.6252846,0.11560359,-0.18636564,1.04311036,0.85674471,12
83490451,sub-000083490451,High-symptom,F,18.0,LONDON,0.17296608,ampa,5,5,5,mid_data_mani_IMAGEN.mat,sst_data_mani_IMAGEN.mat,-0.0847272,-0.00499571,0.30319642,-0.13275535,0.11327411,-0.06262167,-0.20643758,-0.791232,0.1355871,0.54520368,0.60519414,-0.31017674,0.13137059,-0.02186139,0.10950921,12
83490451,sub-000083490451,High-symptom,F,18.0,LONDON,0.17296608,baseline,1,1,1,mid_data_simulated_IMAGEN.mat,sst_data_simulated_IMAGEN.mat,0.14923551,0.15194157,0.136657,-0.02757553,-0.12656533,0.08034325,-0.99639995,-0.1138492,0.40183466,-0.04634562,0.41762311,0.6997732,0.36403647,0.3626362,0.72667267,12
83490451,sub-000083490451,High-symptom,F,18.0,LONDON,0.17296608,baseline,2,2,2,mid_data_simulated_IMAGEN.mat,sst_data_simulated_IMAGEN.mat,-0.05880725,0.06282066,-0.34613309,0.18314409,0.33097204,-0.04725501,-0.11442846,0.05394195,-0.05947587,0.2476658,0.23256237,0.05967999,0.12474145,0.41994579,0.54468723,12
83490451,sub-000083490451,High-symptom,F,18.0,LONDON,0.17296608,baseline,3,3,3,mid_data_simulated_IMAGEN.mat,sst_data_simulated_IMAGEN.mat,0.07208535,0.11007754,-0.15043862,-0.14464391,-0.2088514,0.03837435,-0.57965845,-0.57444123,-0.2249058,-0.46246397,0.20980086,-0.24738955,-0.28339668,-1.87905815,-2.16245483,12
83490451,sub-000083490451,High-symptom,F,18.0,LONDON,0.17296608,baseline,4,4,4,mid_data_simulated_IMAGEN.mat,sst_data_simulated_IMAGEN.mat,-0.02162902,-0.21892155,0.22123907,-0.17796135,0.07197141,0.22877703,-0.84966428,0.1006496,0.10170939,-0.78900205,0.02478324,0.28090836,0.10347559,-1.13061574,-1.02714015,12
83490451,sub-000083490451,High-symptom,F,18.0,LONDON,0.17296608,baseline,5,5,5,mid_data_simulated_IMAGEN.mat,sst_data_simulated_IMAGEN.mat,-0.00497557,0.25815916,-0.23915305,0.39807162,-0.01375703,-0.12909256,-0.33477204,0.0724786,1.16616325,-0.3403678,0.4243769,0.76233004,0.26925258,1.75020895,2.01946153,12
83490451,sub-000083490451,High-symptom,F,18.0,LONDON,0.17296608,gaba,1,1,1,mid_data_mani_gaba.mat,sst_data_mani_gaba.mat,0.87228746,0.22924969,0.67605013,0.22431672,0.26979966,0.83647568,0.00469708,0.02336729,0.34675137,0.00865962,-0.02161718,0.36194514,3.10817933,0.72380332,3.83198265,12
83490451,sub-000083490451,High-symptom,F,18.0,LONDON,0.17296608,gaba,2,2,2,mid_data_mani_gaba.mat,sst_data_mani_gaba.mat,0.94272019,0.27104921,0.72858684,0.24496503,0.1516212,0.69408006,-0.13584215,0.09766627,0.20424883,-0.12268247,-0.03831475,0.06475869,3.03302253,0.06983443,3.10285696,12
83490451,sub-000083490451,High-symptom,F,18.0,LONDON,0.17296608,gaba,3,3,3,mid_data_mani_gaba.mat,sst_data_mani_gaba.mat,0.84598555,0.12499895,0.67734759,0.33462931,0.18037603,0.51726994,-0.16860167,0.7215814,0.85389985,0.09493722,0.40346842,0.71864498,2.68060738,2.6239302,5.30453758,12
83490451,sub-000083490451,High-symptom,F,18.0,LONDON,0.17296608,gaba,4,4,4,mid_data_mani_gaba.mat,sst_data_mani_gaba.mat,0.88146818,0.25919854,0.70926512,0.28407945,0.29168764,0.64370487,-0.25707457,0.63546385,0.64864098,0.2377531,0.16069347,0.49841847,3.0694038,1.92389531,4.99329912,12
83490451,sub-000083490451,High-symptom,F,18.0,LONDON,0.17296608,gaba,5,5,5,mid_data_mani_gaba.mat,sst_data_mani_gaba.mat,0.92745099,0.26213556,0.72386961,0.21138437,0.14249148,0.6238496,-0.03074217,0.71464593,0.92930665,-0.03387436,0.24231113,0.80172797,2.89118162,2.62337515,5.51455677,12
84037702,sub-000084037702,High-symptom,F,18.0,NOTTINGHAM,0.1061262,ampa,1,1,1,mid_data_mani_IMAGEN.mat,sst_data_mani_IMAGEN.mat,-0.2440789,0.02666299,0.08543386,0.02852556,-0.31908978,0.06158367,-0.31883272,-0.08130219,0.17221416,-0.15701848,0.40579648,0.1686889,-0.36096261,0.18954616,-0.17141644,12
84037702,sub-000084037702,High-symptom,F,18.0,NOTTINGHAM,0.1061262,ampa,2,2,2,mid_data_mani_IMAGEN.mat,sst_data_mani_IMAGEN.mat,0.24287637,0.07754456,-0.25246017,-0.29393971,-0.30272556,0.33122451,-0.46680533,0.02552885,0.27027794,0.08935222,0.38118173,0.16265647,-0.19748001,0.46219187,0.26471186,12
84037702,sub-000084037702,High-symptom,F,18.0,NOTTINGHAM,0.1061262,ampa,3,3,3,mid_data_mani_IMAGEN.mat,sst_data_mani_IMAGEN.mat,-0.11640439,0.16116019,-0.00393669,0.05603826,0.28482615,0.04257738,-0.16619595,-0.02145524,0.18862478,-0.00481976,0.46310276,0.2296109,0.42426089,0.68886748,1.11312837,12
84037702,sub-000084037702,High-symptom,F,18.0,NOTTINGHAM,0.1061262,ampa,4,4,4,mid_data_mani_IMAGEN.mat,sst_data_mani_IMAGEN.mat,-0.15735347,0.16099838,-0.07972098,0.10859699,0.10604439,0.15902988,-0.3178724,0.56168756,0.35891195,0.29562464,0.3646192,0.30737406,0.29759518,1.57034501,1.86794019,12
84037702,sub-000084037702,High-symptom,F,18.0,NOTTINGHAM,0.1061262,ampa,5,5,5,mid_data_mani_IMAGEN.mat,sst_data_mani_IMAGEN.mat,0.34827686,-0.0389567,0.06716414,-0.0583665,0.20600338,0.20945851,-0.30117287,0.31478971,-0.29014493,-0.11544545,0.42461536,-0.28306866,0.73357968,-0.25042683,0.48315286,12
84037702,sub-000084037702,High-symptom,F,18.0,NOTTINGHAM,0.1061262,baseline,1,1,1,mid_data_simulated_IMAGEN.mat,sst_data_simulated_IMAGEN.mat,-0.01833221,-0.07575121,-0.15378812,-0.12086006,-0.28540443,-0.73833836,-0.4504809,-0.13068599,-0.04291869,0.23664903,0.0911878,0.10527972,-1.39247438,-0.19096902,-1.5834434,12
84037702,sub-000084037702,High-symptom,F,18.0,NOTTINGHAM,0.1061262,baseline,2,2,2,mid_data_simulated_IMAGEN.mat,sst_data_simulated_IMAGEN.mat,0.1788518,-0.07432363,0.13936493,0.01699165,-0.44626937,-0.62500102,-0.29042479,-0.0165804,0.16810567,-0.21109631,-0.04773083,0.10905881,-0.81038564,-0.28866784,-1.09905348,12
84037702,sub-000084037702,High-symptom,F,18.0,NOTTINGHAM,0.1061262,baseline,3,3,3,mid_data_simulated_IMAGEN.mat,sst_data_simulated_IMAGEN.mat,-0.03338777,0.01190283,0.1309037,-0.02467996,-0.56331571,-0.58907867,-0.10017726,-0.37901158,-0.45426083,-0.324501,-0.03988623,-0.36636703,-1.06765558,-1.66420392,-2.7318595,12
84037702,sub-000084037702,High-symptom,F,18.0,NOTTINGHAM,0.1061262,baseline,4,4,4,mid_data_simulated_IMAGEN.mat,sst_data_simulated_IMAGEN.mat,-0.14578241,0.08426162,-0.13776398,-0.16106187,-0.47679137,-0.52462713,-0.32110628,-0.19389759,0.04581855,-0.18199937,-0.15745329,-0.15507589,-1.36176515,-0.96371387,-2.32547903,12
84037702,sub-000084037702,High-symptom,F,18.0,NOTTINGHAM,0.1061262,baseline,5,5,5,mid_data_simulated_IMAGEN.mat,sst_data_simulated_IMAGEN.mat,-0.17806712,-0.18409032,-0.13954399,-0.14587504,-0.50701921,-0.5459857,-0.34239541,-0.11004356,0.08909988,-0.50119343,-0.13326439,0.07752063,-1.70058139,-0.92027628,-2.62085766,12
84037702,sub-000084037702,High-symptom,F,18.0,NOTTINGHAM,0.1061262,gaba,1,1,1,mid_data_mani_gaba.mat,sst_data_mani_gaba.mat,0.06338818,0.14313152,0.00541776,-0.27719229,0.3889371,0.31729852,-0.45111139,0.05741131,-0.17647358,-0.33897961,0.06876736,-0.09541816,0.64098079,-0.93580407,-0.29482327,12
84037702,sub-000084037702,High-symptom,F,18.0,NOTTINGHAM,0.1061262,gaba,2,2,2,mid_data_mani_gaba.mat,sst_data_mani_gaba.mat,0.15330338,0.14761221,-0.04978884,-0.31173094,0.43745425,0.23542193,-0.45498717,0.15518323,-0.19121861,-0.23138496,0.10647669,-0.10930604,0.61227198,-0.72523685,-0.11296487,12
84037702,sub-000084037702,High-symptom,F,18.0,NOTTINGHAM,0.1061262,gaba,3,3,3,mid_data_mani_gaba.mat,sst_data_mani_gaba.mat,0.12229921,0.16691611,0.00396435,-0.30369525,0.37930143,0.26390669,-0.37403753,0.07349293,-0.20547756,-0.29299567,0.10874157,-0.15722897,0.63269254,-0.84750524,-0.2148127,12
84037702,sub-000084037702,High-symptom,F,18.0,NOTTINGHAM,0.1061262,gaba,4,4,4,mid_data_mani_gaba.mat,sst_data_mani_gaba.mat,0.07811914,0.18666348,-0.04729032,-0.24397079,0.26555998,0.4021047,-0.3600228,0.12382405,-0.17265249,-0.33890479,0.05723397,-0.09094777,0.64118619,-0.78146983,-0.14028364,12
84037702,sub-000084037702,High-symptom,F,18.0,NOTTINGHAM,0.1061262,gaba,5,5,5,mid_data_mani_gaba.mat,sst_data_mani_gaba.mat,0.12998116,0.27534205,-0.07956054,-0.2261991,0.3789745,0.04891112,-0.42637573,0.05698684,-0.22636709,-0.30840086,0.08420694,-0.15300102,0.52744918,-0.97295092,-0.44550174,12
84828767,sub-000084828767,High-symptom,M,19.0,PARIS,0.15052908,ampa,1,1,1,mid_data_mani_IMAGEN.mat,sst_data_mani_IMAGEN.mat,-0.16133997,0.07827748,0.14424028,0.22465683,0.18025354,0.22138819,-0.26367123,-0.25212393,0.16418503,0.06675967,-0.0438669,0.0516838,0.68747634,-0.27703357,0.41044278,12
84828767,sub-000084828767,High-symptom,M,19.0,PARIS,0.15052908,ampa,2,2,2,mid_data_mani_IMAGEN.mat,sst_data_mani_IMAGEN.mat,0.03602025,0.05173917,0.1342177,0.13269724,-0.15557928,0.08307571,-0.09445655,-0.37642727,-0.11121198,0.05809521,-0.04004251,-0.29595741,0.28217078,-0.86000051,-0.57782973,12
84828767,sub-000084828767,High-symptom,M,19.0,PARIS,0.15052908,ampa,3,3,3,mid_data_mani_IMAGEN.mat,sst_data_mani_IMAGEN.mat,0.17657158,0.17374939,0.06186988,-0.22957692,0.07752194,0.07910536,-0.08659916,-0.15093666,-0.18387572,0.16892076,-0.06270619,-0.34101548,0.33924122,-0.65621245,-0.31697123,12
84828767,sub-000084828767,High-symptom,M,19.0,PARIS,0.15052908,ampa,4,4,4,mid_data_mani_IMAGEN.mat,sst_data_mani_IMAGEN.mat,-0.03079638,-0.2461149,0.02784964,-0.16174995,-0.08035805,-0.09251141,-0.22244771,-0.37079362,-0.02063375,0.23851697,-0.08108569,-0.32412411,-0.58368105,-0.7805679,-1.36424896,12
84828767,sub-000084828767,High-symptom,M,19.0,PARIS,0.15052908,ampa,5,5,5,mid_data_mani_IMAGEN.mat,sst_data_mani_IMAGEN.mat,-0.05730102,-0.04699505,0.06501971,0.21905068,-0.06021829,-0.10252632,-0.00661923,-0.16379547,0.0604998,0.03669464,-0.0706341,-0.26705624,0.01702971,-0.41091061,-0.3938809,12
84828767,sub-000084828767,High-symptom,M,19.0,PARIS,0.15052908,baseline,1,1,1,mid_data_simulated_IMAGEN.mat,sst_data_simulated_IMAGEN.mat,-0.15333715,0.03888525,-0.06564293,-0.1473756,-0.00243,-0.01371067,-0.23372073,-0.05491764,0.34775065,-0.50851298,-0.14311097,0.2767161,-0.34361111,-0.31579558,-0.65940669,12
84828767,sub-000084828767,High-symptom,M,19.0,PARIS,0.15052908,baseline,2,2,2,mid_data_simulated_IMAGEN.mat,sst_data_simulated_IMAGEN.mat,0.08544253,-0.04767311,0.04782868,-0.01524898,0.11200644,-0.01208284,0.12123268,-0.35950852,0.34801716,0.0106704,-0.47245725,0.3835445,0.17027273,0.03149896,0.20177169,12
84828767,sub-000084828767,High-symptom,M,19.0,PARIS,0.15052908,baseline,3,3,3,mid_data_simulated_IMAGEN.mat,sst_data_simulated_IMAGEN.mat,-0.07606875,-0.04259124,-0.30569896,0.01783178,0.16034997,0.22433725,-0.35344695,-0.19261222,0.40650098,0.07159944,-0.23366958,0.34575918,-0.02183994,0.04413085,0.02229091,12
84828767,sub-000084828767,High-symptom,M,19.0,PARIS,0.15052908,baseline,4,4,4,mid_data_simulated_IMAGEN.mat,sst_data_simulated_IMAGEN.mat,0.06252462,-0.28148443,-0.0084055,0.24662329,-0.30077551,0.1829928,-0.12437766,-0.12937656,0.46005956,0.07027372,-0.21274253,0.24621891,-0.09852473,0.31005544,0.21153071,12
84828767,sub-000084828767,High-symptom,M,19.0,PARIS,0.15052908,baseline,5,5,5,mid_data_simulated_IMAGEN.mat,sst_data_simulated_IMAGEN.mat,0.12601463,-0.02186394,-0.22353959,0.21543667,0.40125926,-0.05362253,-0.15906264,-0.50489806,0.30157542,-0.38997103,-0.28051302,0.06912829,0.44368449,-0.96374103,-0.52005654,12
84828767,sub-000084828767,High-symptom,M,19.0,PARIS,0.15052908,gaba,1,1,1,mid_data_mani_gaba.mat,sst_data_mani_gaba.mat,0.39167401,0.10355424,-0.04476787,0.25488689,0.62642228,-0.12145972,-0.41329191,-0.1989806,-0.30081979,0.54974139,-0.13975544,-0.1199942,1.21030983,-0.62310055,0.58720928,12
84828767,sub-000084828767,High-symptom,M,19.0,PARIS,0.15052908,gaba,2,2,2,mid_data_mani_gaba.mat,sst_data_mani_gaba.mat,0.54358418,0.16184286,0.06315638,0.20679783,0.63143971,-0.07968325,-0.32018581,-0.31768474,-0.21169103,0.42502651,-0.2362475,-0.0228611,1.52713772,-0.68364368,0.84349404,12
84828767,sub-000084828767,High-symptom,M,19.0,PARIS,0.15052908,gaba,3,3,3,mid_data_mani_gaba.mat,sst_data_mani_gaba.mat,0.50259788,0.04592344,0.00609302,0.23564559,0.51385703,-0.0749952,-0.25677519,-0.28419673,-0.13068473,0.51496038,-0.13495158,-0.00055868,1.22912176,-0.29220653,0.93691523,12
84828767,sub-000084828767,High-symptom,M,19.0,PARIS,0.15052908,gaba,4,4,4,mid_data_mani_gaba.mat,sst_data_mani_gaba.mat,0.60704568,0.12566837,0.05197133,0.24222533,0.50743399,-0.17767212,-0.37853556,0.09012759,-0.41756945,0.4716512,-0.22820974,-0.35333725,1.35667258,-0.81587321,0.54079938,12
84828767,sub-000084828767,High-symptom,M,19.0,PARIS,0.15052908,gaba,5,5,5,mid_data_mani_gaba.mat,sst_data_mani_gaba.mat,0.58402739,0.16287068,0.07906998,0.21073622,0.60454689,-0.16654118,-0.41014354,-0.00933923,-0.32764273,0.48684699,-0.17253132,-0.28201182,1.47470998,-0.71482164,0.75988833,12
90973178,sub-000090973178,High-symptom,M,19.0,BERLIN,0.06681765,ampa,1,1,1,mid_data_mani_IMAGEN.mat,sst_data_mani_IMAGEN.mat,0.01825657,-0.29362211,0.01246056,0.03819067,0.28647485,0.03156352,-0.29525812,0.14201412,-0.22044325,-0.19807269,0.17773766,-0.13708986,0.09332406,-0.53111214,-0.43778808,12
90973178,sub-000090973178,High-symptom,M,19.0,BERLIN,0.06681765,ampa,2,2,2,mid_data_mani_IMAGEN.mat,sst_data_mani_IMAGEN.mat,0.04842405,0.028457,0.22395176,-0.31493552,0.04623589,0.17853623,-0.34105039,0.32030242,0.03992867,0.38976831,0.09621481,0.02038302,0.2106694,0.52554684,0.73621623,12
90973178,sub-000090973178,High-symptom,M,19.0,BERLIN,0.06681765,ampa,3,3,3,mid_data_mani_IMAGEN.mat,sst_data_mani_IMAGEN.mat,-0.02175165,0.05592921,0.28454082,0.25435502,0.00301994,0.15223641,-0.11573543,0.15808963,-0.18504777,-0.15542147,0.1462219,-0.18813687,0.72832974,-0.34003,0.38829974,12
90973178,sub-000090973178,High-symptom,M,19.0,BERLIN,0.06681765,ampa,4,4,4,mid_data_mani_IMAGEN.mat,sst_data_mani_IMAGEN.mat,-0.20070281,-0.11365938,-0.15793097,-0.14926103,0.17331227,-0.07927317,-0.29284961,0.38167073,-0.19198461,-0.15533721,0.09413827,-0.09749751,-0.52751509,-0.26185993,-0.78937502,12
90973178,sub-000090973178,High-symptom,M,19.0,BERLIN,0.06681765,ampa,5,5,5,mid_data_mani_IMAGEN.mat,sst_data_mani_IMAGEN.mat,0.21466206,0.2812133,0.15231024,-0.12174739,-0.07536182,0.35644663,-0.01217713,0.25352863,-0.06715931,-0.00920125,0.16980483,-0.11243041,0.80752301,0.22236537,1.02988839,12
90973178,sub-000090973178,High-symptom,M,19.0,BERLIN,0.06681765,baseline,1,1,1,mid_data_simulated_IMAGEN.mat,sst_data_simulated_IMAGEN.mat,-0.13030897,0.05660483,-0.10226529,0.34099,0.12474986,0.03068482,-0.26694126,-0.08923508,-0.30523281,-0.20934747,0.12870126,-0.40580133,0.32045524,-1.1478567,-0.82740146,12
90973178,sub-000090973178,High-symptom,M,19.0,BERLIN,0.06681765,baseline,2,2,2,mid_data_simulated_IMAGEN.mat,sst_data_simulated_IMAGEN.mat,0.24767595,-0.03278059,0.01410489,0.28440533,0.17962884,0.22187152,-0.28007753,-0.12128862,0.08622648,0.10052481,0.14661824,-0.11569459,0.91490594,-0.18369121,0.73121473,12
90973178,sub-000090973178,High-symptom,M,19.0,BERLIN,0.06681765,baseline,3,3,3,mid_data_simulated_IMAGEN.mat,sst_data_simulated_IMAGEN.mat,0.10545348,0.00160835,0.01208616,0.21602453,0.29502033,0.02190684,-0.54342442,-0.53171118,-0.15984416,-0.44605321,0.06565654,-0.15564856,0.65209968,-1.77102499,-1.11892531,12
90973178,sub-000090973178,High-symptom,M,19.0,BERLIN,0.06681765,baseline,4,4,4,mid_data_simulated_IMAGEN.mat,sst_data_simulated_IMAGEN.mat,0.11811281,0.03398648,-0.11799067,-0.1315526,0.2270256,-0.16822698,-0.2900805,-0.51146595,-0.09756866,-0.03863894,0.10905327,-0.38978718,-0.03864536,-1.21848796,-1.25713332,12
90973178,sub-000090973178,High-symptom,M,19.0,BERLIN,0.06681765,baseline,5,5,5,mid_data_simulated_IMAGEN.mat,sst_data_simulated_IMAGEN.mat,0.2033441,-0.02796496,-0.1118706,-0.14613113,0.18275861,-0.04287175,-0.24718892,-0.47413992,-0.06844014,-0.74727238,0.10756769,-0.15459039,0.05726426,-1.58406406,-1.5267998,12
90973178,sub-000090973178,High-symptom,M,19.0,BERLIN,0.06681765,gaba,1,1,1,mid_data_mani_gaba.mat,sst_data_mani_gaba.mat,0.62511511,-0.46692046,0.4077902,-0.39670953,-0.30875628,0.29394135,-0.04598251,0.12540195,0.00639529,0.26184635,0.10961361,-0.00087218,0.15446038,0.45640252,0.6108629,12
90973178,sub-000090973178,High-symptom,M,19.0,BERLIN,0.06681765,gaba,2,2,2,mid_data_mani_gaba.mat,sst_data_mani_gaba.mat,0.63757317,-0.30768694,0.42743283,-0.5330733,-0.16421053,0.44347759,-0.09178278,0.14041042,-0.04387499,0.41121968,0.13890561,-0.0838536,0.50351282,0.47102435,0.97453717,12
90973178,sub-000090973178,High-symptom,M,19.0,BERLIN,0.06681765,gaba,3,3,3,mid_data_mani_gaba.mat,sst_data_mani_gaba.mat,0.59288296,-0.39389047,0.37427404,-0.52612912,-0.26042737,0.45245866,0.0334223,0.12667867,-0.08707394,0.27596783,0.05859971,-0.03193535,0.23916868,0.37565922,0.6148279,12
90973178,sub-000090973178,High-symptom,M,19.0,BERLIN,0.06681765,gaba,4,4,4,mid_data_mani_gaba.mat,sst_data_mani_gaba.mat,0.53066898,-0.3532259,0.33726704,-0.52789459,-0.17785483,0.44339966,-0.14203442,0.03402496,-0.11225244,0.21771879,0.08288484,-0.06025913,0.25236037,0.02008259,0.27244296,12
90973178,sub-000090973178,High-symptom,M,19.0,BERLIN,0.06681765,gaba,5,5,5,mid_data_mani_gaba.mat,sst_data_mani_gaba.mat,0.60555677,-0.3187685,0.35632294,-0.52956161,-0.26573112,0.48181223,-0.1260589,0.07603388,-0.11123179,0.3205683,0.1000408,-0.02066572,0.3296307,0.23868657,0.56831727,12
92432902,sub-000092432902,High-symptom,F,19.0,PARIS,0.0990074,ampa,1,1,1,mid_data_mani_IMAGEN.mat,sst_data_mani_IMAGEN.mat,0.06068151,-0.27848089,-0.20282938,0.13500698,0.04695274,-0.05775227,0.2257071,-0.00832808,0.05661172,-0.1753866,0.24572227,0.26816046,-0.29642129,0.61248687,0.31606557,12
92432902,sub-000092432902,High-symptom,F,19.0,PARIS,0.0990074,ampa,2,2,2,mid_data_mani_IMAGEN.mat,sst_data_mani_IMAGEN.mat,0.08135857,-0.03514026,-0.10290806,-0.05326695,0.10531631,-0.03005803,0.06673951,-0.22112769,-0.00939183,0.03496172,0.14407544,-0.04094385,-0.03469841,-0.0256867,-0.06038512,12
92432902,sub-000092432902,High-symptom,F,19.0,PARIS,0.0990074,ampa,3,3,3,mid_data_mani_IMAGEN.mat,sst_data_mani_IMAGEN.mat,-0.15841121,0.03522292,-0.02785968,-0.0726321,0.19993129,0.07991689,-0.27995562,-0.15682823,0.2861025,0.21529005,0.13951727,0.22949851,0.05616811,0.43362449,0.4897926,12
92432902,sub-000092432902,High-symptom,F,19.0,PARIS,0.0990074,ampa,4,4,4,mid_data_mani_IMAGEN.mat,sst_data_mani_IMAGEN.mat,-0.11318125,0.03368218,0.00929014,-0.10734833,-0.0377364,0.13349901,0.11322638,-0.14659848,0.19318015,-0.38496043,0.27345834,0.1827509,-0.08179465,0.23105686,0.14926222,12
92432902,sub-000092432902,High-symptom,F,19.0,PARIS,0.0990074,ampa,5,5,5,mid_data_mani_IMAGEN.mat,sst_data_mani_IMAGEN.mat,-0.11139462,0.28898952,-0.09875472,0.25699891,0.34118156,0.21375982,-0.113793,0.0456574,0.03375221,0.25151288,0.21110504,0.1983926,0.89078046,0.62662713,1.51740759,12
92432902,sub-000092432902,High-symptom,F,19.0,PARIS,0.0990074,baseline,1,1,1,mid_data_simulated_IMAGEN.mat,sst_data_simulated_IMAGEN.mat,0.31121812,0.17340202,0.01795827,0.23164132,-0.06829726,0.30302219,-0.12485777,-0.04339248,0.07256441,0.07043289,0.43723171,0.11773554,0.96894467,0.52971429,1.49865896,12
92432902,sub-000092432902,High-symptom,F,19.0,PARIS,0.0990074,baseline,2,2,2,mid_data_simulated_IMAGEN.mat,sst_data_simulated_IMAGEN.mat,0.53994269,0.35595553,0.02438985,0.26390879,0.30047181,0.38215738,-0.29232146,-0.02448672,-0.02469175,0.05221389,0.33708722,0.33700572,1.86682604,0.3848069,2.25163295,12
92432902,sub-000092432902,High-symptom,F,19.0,PARIS,0.0990074,baseline,3,3,3,mid_data_simulated_IMAGEN.mat,sst_data_simulated_IMAGEN.mat,0.13473377,-0.03579981,-0.06415124,0.02659324,0.58326918,0.45702573,-0.1758972,0.03409268,0.24489198,0.12530636,0.29579419,0.27724381,1.10167087,0.80143183,1.9031027,12
92432902,sub-000092432902,High-symptom,F,19.0,PARIS,0.0990074,baseline,4,4,4,mid_data_simulated_IMAGEN.mat,sst_data_simulated_IMAGEN.mat,0.21454964,-0.18691931,-0.07154695,0.41750895,0.0364352,0.11376522,-0.5239807,-0.19634973,0.18025962,0.37062355,0.3426574,0.04857348,0.52379275,0.22178363,0.74557638,12
92432902,sub-000092432902,High-symptom,F,19.0,PARIS,0.0990074,baseline,5,5,5,mid_data_simulated_IMAGEN.mat,sst_data_simulated_IMAGEN.mat,0.68300127,0.02248891,-0.00328635,0.35954096,0.30784843,0.55821858,-0.21193977,-0.1084933,0.50076039,0.16958187,0.36198633,0.62161025,1.92781179,1.33350578,3.26131756,12
92432902,sub-000092432902,High-symptom,F,19.0,PARIS,0.0990074,gaba,1,1,1,mid_data_mani_gaba.mat,sst_data_mani_gaba.mat,0.66700172,-0.25300623,0.22331079,0.73833952,0.39147769,0.5889566,-0.20096123,0.7614646,0.08803825,0.98832887,0.06370062,0.27987072,2.35608009,1.98044183,4.33652192,12
92432902,sub-000092432902,High-symptom,F,19.0,PARIS,0.0990074,gaba,2,2,3,mid_data_mani_gaba.mat,sst_data_mani_gaba.mat,0.54084262,-0.3690225,0.17313985,0.69435304,0.33944731,0.70006256,-0.1047467,0.746346,0.09896768,0.66291852,0.02503428,0.28953145,2.07882289,1.71805123,3.79687412,12
92432902,sub-000092432902,High-symptom,F,19.0,PARIS,0.0990074,gaba,3,3,4,mid_data_mani_gaba.mat,sst_data_mani_gaba.mat,0.55810176,-0.23349781,0.19291505,0.70837589,0.36715286,0.67805393,-0.18809106,0.69225762,0.15070035,0.79945708,0.09379522,0.40190959,2.27110167,1.95002881,4.22113048,12
92432902,sub-000092432902,High-symptom,F,19.0,PARIS,0.0990074,gaba,4,4,5,mid_data_mani_gaba.mat,sst_data_mani_gaba.mat,0.65121457,-0.17645205,0.28417341,0.7166506,0.418349,0.75245902,-0.23699161,0.74978112,0.25382727,0.94960639,0.10987197,0.46725395,2.64639455,2.29334908,4.93974364,12
92432902,sub-000092432902,High-symptom,F,19.0,PARIS,0.0990074,gaba,5,5,,mid_data_mani_gaba.mat,,,,,,,,-0.12781086,0.66887082,0.19423957,0.92828557,0.02671483,0.38513797,,2.0754379,,6
92523261,sub-000092523261,High-symptom,F,18.0,LONDON,0.15051882,ampa,1,1,1,mid_data_mani_IMAGEN.mat,sst_data_mani_IMAGEN.mat,0.13848051,-0.15221561,0.07321521,-0.07101035,0.02864997,0.14959972,0.2023026,0.06467406,-0.27240708,0.04167988,-0.02603466,-0.37767131,0.16671945,-0.36745651,-0.20073706,12
92523261,sub-000092523261,High-symptom,F,18.0,LONDON,0.15051882,ampa,2,2,2,mid_data_mani_IMAGEN.mat,sst_data_mani_IMAGEN.mat,0.08777482,-0.16831164,0.22726799,0.00682512,-0.06440343,-0.03828149,-0.07895003,0.15706724,0.16659611,-0.11642983,-0.0134029,0.19960842,0.05087137,0.31448901,0.36536038,12
92523261,sub-000092523261,High-symptom,F,18.0,LONDON,0.15051882,ampa,3,3,3,mid_data_mani_IMAGEN.mat,sst_data_mani_IMAGEN.mat,-0.18296235,0.05895047,0.02036126,-0.10762876,0.52419049,0.04758571,0.03918942,0.19420985,0.51054467,-0.06757866,0.10204201,0.33041883,0.36049682,1.10882612,1.46932294,12
92523261,sub-000092523261,High-symptom,F,18.0,LONDON,0.15051882,ampa,4,4,4,mid_data_mani_IMAGEN.mat,sst_data_mani_IMAGEN.mat,-0.03691952,0.22200018,-0.06451499,0.04785743,0.21230637,-0.05270474,0.26447494,0.35530393,0.0839807,-0.13018515,0.06064715,0.02027657,0.32802473,0.65449814,0.98252287,12
92523261,sub-000092523261,High-symptom,F,18.0,LONDON,0.15051882,ampa,5,5,5,mid_data_mani_IMAGEN.mat,sst_data_mani_IMAGEN.mat,0.02639777,-0.07681854,-0.03977779,-0.30387843,0.19756443,0.20206347,0.08273368,0.03917337,0.16166982,0.13482162,0.12254636,0.16818218,0.00555091,0.70912703,0.71467794,12
92523261,sub-000092523261,High-symptom,F,18.0,LONDON,0.15051882,baseline,1,1,1,mid_data_simulated_IMAGEN.mat,sst_data_simulated_IMAGEN.mat,0.31811507,-0.01791041,-0.06338957,-0.00741758,-0.17420216,0.43658119,-0.23250759,-0.06127214,0.10342197,0.00429004,0.06219999,0.09370865,0.49177655,-0.03015908,0.46161747,12
92523261,sub-000092523261,High-symptom,F,18.0,LONDON,0.15051882,baseline,2,2,2,mid_data_simulated_IMAGEN.mat,sst_data_simulated_IMAGEN.mat,0.42753317,-2.145e-05,-0.24362337,-0.111509,-0.08998642,0.23714207,-0.15760821,-0.30461059,0.00242464,0.34382602,0.15630583,-0.01843354,0.21953501,0.02190416,0.24143917,12
92523261,sub-000092523261,High-symptom,F,18.0,LONDON,0.15051882,baseline,3,3,3,mid_data_simulated_IMAGEN.mat,sst_data_simulated_IMAGEN.mat,0.29752508,-0.17590537,-0.11651589,-0.26477436,-0.06282241,0.36133626,-0.02123938,0.07586523,0.12597609,-0.1541497,0.18389553,0.16154029,0.03884331,0.37188806,0.41073137,12
92523261,sub-000092523261,High-symptom,F,18.0,LONDON,0.15051882,baseline,4,4,4,mid_data_simulated_IMAGEN.mat,sst_data_simulated_IMAGEN.mat,0.13317676,-0.06600635,-0.44893327,-0.2259221,-0.08096929,0.48555842,-0.21785745,-0.02268831,-0.02509086,0.82186966,0.11246976,-0.03413032,-0.20309583,0.63457249,0.43147665,12
92523261,sub-000092523261,High-symptom,F,18.0,LONDON,0.15051882,baseline,5,5,5,mid_data_simulated_IMAGEN.mat,sst_data_simulated_IMAGEN.mat,0.08197118,-0.01701511,-0.20564795,-0.26621458,0.07341548,0.5025425,-0.16985967,-0.34462002,-0.30380072,0.5683863,0.16553162,-0.02036494,0.16905152,-0.10472742,0.06432411,12
92523261,sub-000092523261,High-symptom,F,18.0,LONDON,0.15051882,gaba,1,1,1,mid_data_mani_gaba.mat,sst_data_mani_gaba.mat,0.82903565,-0.32993729,0.79032642,0.04715496,-0.44695465,0.61176482,0.39957748,0.58091165,0.54451287,0.43951221,0.08340573,0.50261226,1.50138991,2.5505322,4.05192211,12
92523261,sub-000092523261,High-symptom,F,18.0,LONDON,0.15051882,gaba,2,2,2,mid_data_mani_gaba.mat,sst_data_mani_gaba.mat,0.8342568,-0.19011627,0.80263533,-0.00309698,-0.37974565,0.50312703,0.42702549,0.84344577,0.58157468,0.57365529,0.08395817,0.62746125,1.56706025,3.13712065,4.70418091,12
92523261,sub-000092523261,High-symptom,F,18.0,LONDON,0.15051882,gaba,3,3,3,mid_data_mani_gaba.mat,sst_data_mani_gaba.mat,0.76575299,-0.26900768,0.83571884,0.07108153,-0.41205186,0.68411534,0.39241879,0.81850772,0.59438036,0.48306321,-0.00820051,0.42005184,1.67560916,2.7002214,4.37583057,12
92523261,sub-000092523261,High-symptom,F,18.0,LONDON,0.15051882,gaba,4,4,4,mid_data_mani_gaba.mat,sst_data_mani_gaba.mat,0.80113286,-0.34476837,0.8143668,0.05073842,-0.42045069,0.76821625,0.30776323,0.75353353,0.48317676,0.48567967,0.0525501,0.4714787,1.66923527,2.55418198,4.22341725,12
92523261,sub-000092523261,High-symptom,F,18.0,LONDON,0.15051882,gaba,5,5,5,mid_data_mani_gaba.mat,sst_data_mani_gaba.mat,0.79168821,-0.3503204,0.88062689,0.10157817,-0.41291529,0.75851224,0.29624228,0.54498203,0.29361332,0.51139545,0.04983179,0.25151579,1.76916983,1.94758066,3.71675049,12
94345446,sub-000094345446,High-symptom,M,19.0,DUBLIN,0.10028659,ampa,1,1,1,mid_data_mani_IMAGEN.mat,sst_data_mani_IMAGEN.mat,-6.83e-06,0.05649834,0.07673062,0.20136692,-0.13194206,-0.26947938,0.08160594,0.52201054,0.29003479,-0.18308192,0.00449004,0.07693974,-0.06683239,0.79199914,0.72516675,12
94345446,sub-000094345446,High-symptom,M,19.0,DUBLIN,0.10028659,ampa,2,2,2,mid_data_mani_IMAGEN.mat,sst_data_mani_IMAGEN.mat,0.27519103,-0.09512411,-0.04825799,0.02819408,-0.1961816,0.30144205,0.06383186,0.36478782,0.34441361,0.08735986,0.00459826,0.54469256,0.26526346,1.40968396,1.67494743,12
94345446,sub-000094345446,High-symptom,M,19.0,DUBLIN,0.10028659,ampa,3,3,3,mid_data_mani_IMAGEN.mat,sst_data_mani_IMAGEN.mat,-0.04643376,0.25396651,0.04244421,-0.1353588,0.05124039,-0.18425532,0.11801941,0.26487881,-0.08591302,0.21933062,0.09269086,-0.01548396,-0.01839676,0.59352272,0.57512596,12
94345446,sub-000094345446,High-symptom,M,19.0,DUBLIN,0.10028659,ampa,4,4,4,mid_data_mani_IMAGEN.mat,sst_data_mani_IMAGEN.mat,0.01806337,0.30666717,-0.35811851,-0.45196611,0.09671395,-0.00625005,0.0060845,0.39649978,0.15383683,0.10694376,0.03210164,0.21160642,-0.39489016,0.90707293,0.51218276,12
94345446,sub-000094345446,High-symptom,M,19.0,DUBLIN,0.10028659,ampa,5,5,5,mid_data_mani_IMAGEN.mat,sst_data_mani_IMAGEN.mat,-0.07828696,0.20262804,0.06476393,0.02995918,0.0920983,0.08677734,0.02576144,0.25616577,-0.12713905,0.30887736,0.04657381,0.14089784,0.39793982,0.65113717,1.04907698,12
94345446,sub-000094345446,High-symptom,M,19.0,DUBLIN,0.10028659,baseline,1,1,1,mid_data_simulated_IMAGEN.mat,sst_data_simulated_IMAGEN.mat,-0.24425633,0.01258534,0.07500919,0.02775891,-0.24123553,0.60435424,-0.19258393,-0.27265232,0.12536836,-0.18882862,0.00627662,-0.01172642,0.23421581,-0.53414631,-0.29993049,12
94345446,sub-000094345446,High-symptom,M,19.0,DUBLIN,0.10028659,baseline,2,2,2,mid_data_simulated_IMAGEN.mat,sst_data_simulated_IMAGEN.mat,-0.07615532,-0.27900172,0.21896965,0.22998325,0.04030639,0.22599654,-0.23116801,-0.17389457,-0.30523305,-0.20034005,-0.02755185,-0.20261509,0.36009879,-1.14080262,-0.78070383,12
94345446,sub-000094345446,High-symptom,M,19.0,DUBLIN,0.10028659,baseline,3,3,3,mid_data_simulated_IMAGEN.mat,sst_data_simulated_IMAGEN.mat,0.06566932,0.23923838,-0.20882308,0.13702409,-0.06828512,0.37737403,-0.35000217,-0.24855183,0.14767195,-0.1790676,0.08436645,0.10819044,0.54219762,-0.43739276,0.10480486,12
94345446,sub-000094345446,High-symptom,M,19.0,DUBLIN,0.10028659,baseline,4,4,4,mid_data_simulated_IMAGEN.mat,sst_data_simulated_IMAGEN.mat,-0.03224089,-0.04606183,0.00058211,-0.05691673,0.21516033,0.44465502,0.03016638,0.41658073,-0.25681599,-0.15221226,0.10411904,-0.29922571,0.52517801,-0.15738783,0.36779018,12
94345446,sub-000094345446,High-symptom,M,19.0,DUBLIN,0.10028659,baseline,5,5,5,mid_data_simulated_IMAGEN.mat,sst_data_simulated_IMAGEN.mat,-0.30768951,0.28174131,0.24896533,0.10257402,-0.07086794,0.69524063,-0.17761297,-0.23357175,0.09144972,0.41316929,-0.04377136,0.17627384,0.94996383,0.22593677,1.17590061,12
94345446,sub-000094345446,High-symptom,M,19.0,DUBLIN,0.10028659,gaba,1,1,1,mid_data_mani_gaba.mat,sst_data_mani_gaba.mat,0.24037357,0.47413684,0.21059161,0.60606245,-0.193466,0.14903376,-0.12998867,0.00183072,-0.39060499,0.19671649,-0.04672727,-0.16046436,1.48673224,-0.52923808,0.95749416,12
94345446,sub-000094345446,High-symptom,M,19.0,DUBLIN,0.10028659,gaba,2,2,2,mid_data_mani_gaba.mat,sst_data_mani_gaba.mat,0.22757256,0.48583157,0.20935501,0.5685473,-0.22422878,0.1791006,-0.05764161,-0.1119853,-0.59244528,0.26693281,0.0851186,-0.22813372,1.44617826,-0.63815449,0.80802377,12
94345446,sub-000094345446,High-symptom,M,19.0,DUBLIN,0.10028659,gaba,3,3,3,mid_data_mani_gaba.mat,sst_data_mani_gaba.mat,0.35714655,0.36130909,0.17619032,0.54557489,-0.18675471,0.16992798,-0.17582668,0.09809297,-0.6319439,0.2642166,0.00318889,-0.27108083,1.42339412,-0.71335294,0.71004118,12
94345446,sub-000094345446,High-symptom,M,19.0,DUBLIN,0.10028659,gaba,4,4,4,mid_data_mani_gaba.mat,sst_data_mani_gaba.mat,0.27238918,0.53174472,0.3162356,0.57807077,-0.23491726,0.0491495,-0.16401616,0.05466386,-0.50186486,0.31701172,-0.04538374,-0.19320842,1.51267252,-0.5327976,0.97987492,12
94345446,sub-000094345446,High-symptom,M,19.0,DUBLIN,0.10028659,gaba,5,5,5,mid_data_mani_gaba.mat,sst_data_mani_gaba.mat,0.24647627,0.43473972,0.23044704,0.64862604,-0.25563316,0.1345203,0.02579567,-0.08330621,-0.41428813,0.24591416,0.14283715,-0.13540812,1.43917621,-0.21845547,1.22072074,12
94998851,sub-000094998851,High-symptom,F,18.0,LONDON,0.114331,ampa,1,1,1,mid_data_mani_IMAGEN.mat,sst_data_mani_IMAGEN.mat,-0.04565947,0.01971559,0.16963388,0.00093124,-0.23755518,0.01563374,-0.22611768,-0.16305607,0.16384847,0.11810398,-0.32076352,0.0867498,-0.07730019,-0.34123502,-0.41853521,12
94998851,sub-000094998851,High-symptom,F,18.0,LONDON,0.114331,ampa,2,2,2,mid_data_mani_IMAGEN.mat,sst_data_mani_IMAGEN.mat,0.17176312,-0.01170186,-0.00810139,0.04558535,0.12683055,-0.03563333,-0.23577585,-0.22981609,-0.08646569,0.10528558,-0.26393262,-0.11149069,0.28874244,-0.82219536,-0.53345292,12
94998851,sub-000094998851,High-symptom,F,18.0,LONDON,0.114331,ampa,3,3,3,mid_data_mani_IMAGEN.mat,sst_data_mani_IMAGEN.mat,0.14089803,-0.17504629,0.00144803,0.11711173,0.14453063,-0.15964699,-0.08580178,0.39203174,0.07947762,-0.12464915,-0.32697437,0.00689686,0.06929514,-0.05901909,0.01027606,12
94998851,sub-000094998851,High-symptom,F,18.0,LONDON,0.114331,ampa,4,4,4,mid_data_mani_IMAGEN.mat,sst_data_mani_IMAGEN.mat,-0.30148741,-0.26552198,0.00217534,0.06084193,0.13272623,-0.11780129,0.29102333,-0.28035953,-0.17126936,-0.20264539,-0.24720843,-0.13576075,-0.48906718,-0.74622013,-1.23528731,12
94998851,sub-000094998851,High-symptom,F,18.0,LONDON,0.114331,ampa,5,5,5,mid_data_mani_IMAGEN.mat,sst_data_mani_IMAGEN.mat,-0.11077242,0.12345832,-0.01615647,0.0070746,0.09637724,0.08230428,-0.28029355,-0.26693953,0.14879567,0.1086149,-0.22681176,0.3686499,0.18228555,-0.14798437,0.03430118,12
94998851,sub-000094998851,High-symptom,F,18.0,LONDON,0.114331,baseline,1,1,1,mid_data_simulated_IMAGEN.mat,sst_data_simulated_IMAGEN.mat,-0.18413074,-0.31388787,-0.08350024,-0.10036332,-0.14701898,-0.31749594,0.08866908,0.2951602,-0.04493906,-0.01864479,-0.01890903,-0.14437523,-1.14639709,0.15696118,-0.98943591,12
94998851,sub-000094998851,High-symptom,F,18.0,LONDON,0.114331,baseline,2,2,2,mid_data_simulated_IMAGEN.mat,sst_data_simulated_IMAGEN.mat,-0.07852408,0.04706674,-0.08394841,-0.02798023,0.00893141,-0.04180254,-0.37479568,-0.01543415,-0.15295347,-0.29342327,0.13427284,-0.03237799,-0.17625711,-0.73471171,-0.91096882,12
94998851,sub-000094998851,High-symptom,F,18.0,LONDON,0.114331,baseline,3,3,3,mid_data_simulated_IMAGEN.mat,sst_data_simulated_IMAGEN.mat,-0.06919788,-0.27468878,-0.11000262,-0.07670996,-0.00897524,-0.48344313,-0.28798561,-0.07172339,0.16308769,-0.30280809,0.00890082,0.03952645,-1.02301761,-0.45100213,-1.47401974,12
94998851,sub-000094998851,High-symptom,F,18.0,LONDON,0.114331,baseline,4,4,4,mid_data_simulated_IMAGEN.mat,sst_data_simulated_IMAGEN.mat,-0.13913287,-0.35661372,-0.03829258,0.02226354,0.01235035,0.23147898,-0.34575308,0.05241151,-0.17858785,-0.06894104,0.12433198,-0.19823856,-0.26794631,-0.61477704,-0.88272335,12
94998851,sub-000094998851,High-symptom,F,18.0,LONDON,0.114331,baseline,5,5,5,mid_data_simulated_IMAGEN.mat,sst_data_simulated_IMAGEN.mat,-0.03425232,-0.00337414,-0.12951471,0.14963548,-0.20887061,0.12956611,0.07490325,0.0499651,-0.08626665,0.00271344,0.17168,-0.1319678,-0.09681018,0.08102734,-0.01578284,12
94998851,sub-000094998851,High-symptom,F,18.0,LONDON,0.114331,gaba,1,1,1,mid_data_mani_gaba.mat,sst_data_mani_gaba.mat,0.65468632,0.35581881,0.37666616,0.47109971,0.30341824,0.23894241,0.08381486,0.69794369,0.15298889,0.66511431,0.07089131,0.09386742,2.40063164,1.76462047,4.16525212,12
94998851,sub-000094998851,High-symptom,F,18.0,LONDON,0.114331,gaba,2,2,2,mid_data_mani_gaba.mat,sst_data_mani_gaba.mat,0.73013125,0.2745432,0.35476048,0.42512075,0.23426119,0.2149955,0.06761181,0.66250139,0.13768223,0.7132595,0.07274862,0.04873641,2.23381236,1.70253996,3.93635232,12
94998851,sub-000094998851,High-symptom,F,18.0,LONDON,0.114331,gaba,3,3,4,mid_data_mani_gaba.mat,sst_data_mani_gaba.mat,0.5625301,0.38944699,0.30508545,0.58494689,0.3082316,0.37102802,0.0859172,0.62218214,0.27412072,0.78468512,0.08412162,0.1603238,2.52126907,2.0113506,4.53261966,12
94998851,sub-000094998851,High-symptom,F,18.0,LONDON,0.114331,gaba,4,4,5,mid_data_mani_gaba.mat,sst_data_mani_gaba.mat,0.52819148,0.32033566,0.29117248,0.54251121,0.30688933,0.35525677,-0.17978626,0.33470979,-0.0163628,0.4050889,0.05120417,-0.07168219,2.34435693,0.52317161,2.86752853,12
94998851,sub-000094998851,High-symptom,F,18.0,LONDON,0.114331,gaba,5,5,,mid_data_mani_gaba.mat,,,,,,,,-0.06450086,0.59688115,0.10843466,0.75257899,0.02165564,0.00404052,,1.4190901,,6
97970921,sub-000097970921,High-symptom,F,18.0,NOTTINGHAM,0.19608156,ampa,1,1,1,mid_data_mani_IMAGEN.mat,sst_data_mani_IMAGEN.mat,0.41785885,0.07743105,0.1545371,-0.18643126,0.16765957,-0.05131754,0.11703271,0.26063465,0.52076411,0.05005546,0.12068006,0.56188816,0.57973776,1.63105517,2.21079293,12
97970921,sub-000097970921,High-symptom,F,18.0,NOTTINGHAM,0.19608156,ampa,2,2,2,mid_data_mani_IMAGEN.mat,sst_data_mani_IMAGEN.mat,-0.18200579,-0.07057705,-0.02971098,0.18345099,-0.10089288,0.10547084,-0.08649394,0.05670757,0.5525543,-0.00903451,0.07433657,0.30890572,-0.09426488,0.89697571,0.80271083,12
97970921,sub-000097970921,High-symptom,F,18.0,NOTTINGHAM,0.19608156,ampa,3,3,3,mid_data_mani_IMAGEN.mat,sst_data_mani_IMAGEN.mat,0.06087162,0.27434986,0.33246941,-0.17799227,0.44766222,-0.17328339,0.18173674,0.25016651,0.2579024,0.08964453,0.0657108,0.22088052,0.76407746,1.06604149,1.83011895,12
97970921,sub-000097970921,High-symptom,F,18.0,NOTTINGHAM,0.19608156,ampa,4,4,4,mid_data_mani_IMAGEN.mat,sst_data_mani_IMAGEN.mat,-0.02392566,-0.17940649,0.00973851,0.08231087,0.54258364,-0.10511021,-0.17340833,0.21513088,0.23347331,0.00329747,0.11631975,-0.01769808,0.32619067,0.37711501,0.70330568,12
97970921,sub-000097970921,High-symptom,F,18.0,NOTTINGHAM,0.19608156,ampa,5,5,5,mid_data_mani_IMAGEN.mat,sst_data_mani_IMAGEN.mat,0.16754309,-0.06169362,0.1784166,-0.03349107,0.20584492,0.04046802,0.05914105,0.28270765,0.00752724,-0.12506433,0.13103386,0.12271887,0.49708794,0.47806434,0.97515228,12
97970921,sub-000097970921,High-symptom,F,18.0,NOTTINGHAM,0.19608156,baseline,1,1,1,mid_data_simulated_IMAGEN.mat,sst_data_simulated_IMAGEN.mat,-0.1906557,-0.0193396,-0.30840094,0.06413328,-0.28623331,0.17764532,-0.16976867,-0.29881346,0.00973233,0.11193891,0.35876019,-0.04634511,-0.56285096,-0.03449581,-0.59734677,12
97970921,sub-000097970921,High-symptom,F,18.0,NOTTINGHAM,0.19608156,baseline,2,2,2,mid_data_simulated_IMAGEN.mat,sst_data_simulated_IMAGEN.mat,-0.27994691,-0.12980661,-0.39882588,0.13177294,-0.12550768,-0.46052727,-0.02724412,-0.14111454,-0.19570039,-0.21186409,0.14510671,-0.3590894,-1.26284141,-0.78990584,-2.05274724,12
97970921,sub-000097970921,High-symptom,F,18.0,NOTTINGHAM,0.19608156,baseline,3,3,3,mid_data_simulated_IMAGEN.mat,sst_data_simulated_IMAGEN.mat,-0.16708295,-0.20376136,-0.0806479,0.05487819,-0.31635049,-0.02481805,-0.02113548,-0.3620645,0.23450229,-0.16431996,0.25192675,0.02533602,-0.73778256,-0.03575488,-0.77353744,12
97970921,sub-000097970921,High-symptom,F,18.0,NOTTINGHAM,0.19608156,baseline,4,4,4,mid_data_simulated_IMAGEN.mat,sst_data_simulated_IMAGEN.mat,-0.84203464,-0.1532185,-0.77310176,-0.08229764,-0.20050446,-0.10251347,0.05251264,-0.65456651,-0.03371814,-0.24111146,0.17520186,-0.18386875,-2.15367048,-0.88555036,-3.03922083,12
97970921,sub-000097970921,High-symptom,F,18.0,NOTTINGHAM,0.19608156,baseline,5,5,5,mid_data_simulated_IMAGEN.mat,sst_data_simulated_IMAGEN.mat,-0.56336105,-0.0005308,-0.56498461,0.21299822,-0.32905544,-0.36474276,-0.38883003,-0.68396365,-0.02598314,-0.01615472,0.13483059,-0.10405974,-1.60967645,-1.08416069,-2.69383715,12
97970921,sub-000097970921,High-symptom,F,18.0,NOTTINGHAM,0.19608156,gaba,1,1,1,mid_data_mani_gaba.mat,sst_data_mani_gaba.mat,0.05013371,-0.39640826,0.22922371,0.01998856,-0.19321155,-0.08586714,-0.18671938,0.2949578,0.60646652,0.18464226,0.3063743,0.34075723,-0.37614097,1.54647874,1.17033777,12
97970921,sub-000097970921,High-symptom,F,18.0,NOTTINGHAM,0.19608156,gaba,2,2,2,mid_data_mani_gaba.mat,sst_data_mani_gaba.mat,-0.03075344,-0.12639565,0.09932617,0.11773177,-0.1533932,0.16759657,-0.10229568,0.24571037,0.48828062,-0.0197321,0.32255552,0.25470511,0.07411222,1.18922385,1.26333607,12
97970921,sub-000097970921,High-symptom,F,18.0,NOTTINGHAM,0.19608156,gaba,3,3,3,mid_data_mani_gaba.mat,sst_data_mani_gaba.mat,0.00017423,-0.24486923,0.16315642,0.14053409,-0.21000382,0.1046816,-0.1710093,0.23715739,0.62035383,0.12168531,0.37300007,0.35549575,-0.04632672,1.53668305,1.49035633,12
97970921,sub-000097970921,High-symptom,F,18.0,NOTTINGHAM,0.19608156,gaba,4,4,4,mid_data_mani_gaba.mat,sst_data_mani_gaba.mat,0.10748495,-0.35616722,0.2394554,-0.04516982,-0.08889798,-0.37099812,-0.2154219,0.1574551,0.53000064,0.0312639,0.30498055,0.31842176,-0.51429278,1.12670003,0.61240724,12
97970921,sub-000097970921,High-symptom,F,18.0,NOTTINGHAM,0.19608156,gaba,5,5,5,mid_data_mani_gaba.mat,sst_data_mani_gaba.mat,0.05132863,-0.21161602,0.25705167,-0.05707072,-0.09229299,0.09932833,-0.20660975,0.23211393,0.48600519,0.05916982,0.36382107,0.24039641,0.0467289,1.17489668,1.22162557,12
