id,setting,receptor,conductance,mod_edge1,dnp_edge1,mod_edge2,dnp_edge2,mod_edge3,dnp_edge3,mod_edge4,dnp_edge4,mod_edge5,dnp_edge5,mod_edge6,dnp_edge6,mod_edge7,dnp_edge7,mod_edge8,dnp_edge8,mod_edge9,dnp_edge9,mod_edge10,dnp_edge10,mod_edge11,dnp_edge11,mod_edge12,dnp_edge12,mod_sst_sum,mod_mid_sum,mod_np_sum,dnp_sst_sum,dnp_mid_sum,dnp_np_sum,restoration_index,restoration_index_refit85,restoration_index_scalar
112288,ampa_low,AMPA,0.004,-0.0888358,0.04252532,0.08160574,0.11738013,-0.14466028,0.05508275,-0.00215662,0.21853828,3.394e-05,0.03913612,0.25892536,-0.02654311,0.04210671,0.14666483,0.20473947,0.2159929,0.27331339,0.51350023,-0.02867186,0.23773143,0.00447317,-0.22074137,0.27344511,0.54451161,0.10491234,0.769406,0.87431834,0.4461195,1.43765963,1.88377913,-4.17946235,-4.96323177,-5.20829787
458976,ampa_low,AMPA,0.004,-0.04725849,-0.1224688,0.1606774,0.17267129,0.14298734,0.04322277,0.16629164,0.12471228,0.04219703,0.01501859,-0.16179986,-0.09532507,-0.18856449,0.00065924,0.42658836,0.10951317,-0.25413004,0.1442098,-0.24345507,-0.13533231,-0.07933858,-0.17804444,-0.12022168,0.13792967,0.30309506,-0.4591215,-0.15602644,0.13783106,0.07893512,0.21676618,-2.16169758,-1.25071885,-0.59931806
829055,ampa_low,AMPA,0.004,-0.00204642,0.0774377,-0.11061165,-0.18264598,-0.06700818,0.01065967,0.00193493,-0.20072796,0.00024326,0.17710158,0.30632137,0.13216339,-0.27365184,0.05022159,0.29445385,0.48334318,0.04270862,0.05435007,0.12382216,0.11871017,-0.11456216,0.20645793,-0.03437281,-0.01190039,0.12883332,0.03839782,0.16723114,0.0139884,0.90118255,0.91517095,-1.04887945,-4.2459052,-2.53027695
1647364,ampa_low,AMPA,0.004,0.26325441,0.38345294,0.01208728,-0.10004913,-0.00467654,0.12090393,0.05789174,-0.00687013,-0.10188167,-0.12105621,0.03147709,0.74216264,-0.19150267,0.14498942,0.17917605,0.12490593,0.29253478,-0.09101204,-0.07759137,-0.11263456,0.11046282,-0.05793888,0.31262404,0.08155325,0.25815231,0.62570365,0.88385596,1.01854404,0.08986312,1.10840716,-12.74785211,-13.18005231,-3.06453903
2190836,ampa_low,AMPA,0.004,0.22527435,0.02606277,-0.22352212,-0.18756574,-0.10078424,-0.21459385,0.00489882,-0.10588124,0.18340493,-0.0706614,0.17683647,-0.14447609,-0.19615449,-0.44445746,0.37505039,0.01618681,0.04577484,0.5457594,-0.25435525,-0.18776248,0.03731837,-0.05733723,0.03868239,0.46252402,0.26610821,0.04631625,0.31242446,-0.69711555,0.33491307,-0.36220248,7.89753733,8.78687609,1.0014223
2270310,ampa_low,AMPA,0.004,0.11906626,-0.32328684,0.00040967,0.00107693,0.0218832,-0.38421307,-0.02899169,0.0051147,0.19735083,-0.03095363,0.1451567,-0.00328321,0.44228182,0.0114713,0.1821425,0.24419501,0.1564908,0.11107026,-0.05136028,-0.0770746,0.13581585,-0.41363438,0.19050317,0.17605593,0.45487498,1.05587386,1.51074884,-0.73554512,0.05208351,-0.68346161,-1.50334127,-1.87019007,1.88964384
2695459,ampa_low,AMPA,0.004,0.1515272,-0.1910357,-0.11368471,-0.14791075,0.35767625,-0.08756249,-0.03390024,0.16730786,-0.01752444,-0.12375045,-0.20111326,-0.34202729,-0.48916474,-0.21321806,0.70111211,0.24921804,0.44875186,0.40891559,0.25464512,0.24227247,0.19490862,0.18036093,0.41612826,0.41524716,0.1429808,1.52638124,1.66936204,-0.72497882,1.28279613,0.55781731,7.80135581,5.99597407,-1.54226079
2904393,ampa_low,AMPA,0.004,0.09987216,0.32016449,-0.42018013,-0.49033119,0.09315526,0.15149484,0.30026523,0.34178795,-0.00426612,0.25576342,0.2126341,0.31785632,0.32121805,0.43642355,0.56332084,0.83339128,-0.08710906,-0.13922529,-0.08524176,-0.33719574,0.18658628,0.43424454,-0.11450841,-0.11946589,0.28148051,0.78426595,1.06574645,0.89673582,1.10817245,2.00490828,-6.32030965,-10.24241116,-5.54319737
3287674,ampa_low,AMPA,0.004,-0.37058551,-0.3963392,-0.16160248,-0.07015308,-0.14971912,-0.18428915,0.1989124,0.24627083,0.06477892,-0.05027467,0.21469308,0.63713166,-0.15854611,0.01474784,0.04696471,0.16468548,0.07649151,0.18604639,0.10183657,0.01592602,0.33397872,0.31444009,0.40001865,0.33486097,-0.20352272,0.80074406,0.59722134,0.18234639,1.03070679,1.21305319,-7.10032365,-10.51660015,-3.35386577
4254555,ampa_low,AMPA,0.004,0.39613373,0.18931158,-0.03702472,-0.1573419,0.07698757,0.01894274,0.0530449,0.1790414,-0.18643665,-0.03286436,-0.11283682,-0.44673202,0.01491077,0.43755029,0.23412779,-0.31464298,0.26612845,-0.04116724,-0.08316105,0.0036141,-0.18190477,-0.11551655,0.29267516,0.07067447,0.18986801,0.54277635,0.73264436,-0.24964255,0.04051209,-0.20913046,4.48276782,4.84954924,0.57820671
4631192,ampa_low,AMPA,0.004,0.43401823,0.48473862,-0.09314581,-0.07881269,0.37151875,0.49179972,-0.0670027,-0.13300952,0.12900691,0.21379864,0.0810698,0.40286946,0.03483714,-0.07250602,0.67883698,0.89069211,0.09505427,0.19912471,0.0522442,0.47471055,-0.03991604,-0.17196263,0.06591616,0.09575942,0.85546518,0.8869727,1.74243788,1.38138423,1.41581814,2.79720238,-10.69658929,-13.25867803,-7.73374275
4794212,ampa_low,AMPA,0.004,0.06603979,-0.25621688,0.1101307,0.05786304,0.12639153,0.17379188,-0.10634845,-0.13477917,0.16791957,0.01153632,0.00538298,-0.22079858,0.01906708,0.28132808,-0.10487633,-0.38568202,0.26959676,0.27081898,0.0790421,0.34980526,-0.33054852,-0.38607012,0.25896996,0.33587274,0.36951612,0.19125106,0.56076718,-0.36860338,0.46607291,0.09746953,0.41703955,-1.70653292,-0.26948507
4885471,ampa_low,AMPA,0.004,-0.12071689,-0.1441979,0.04543786,-0.06378253,-0.06963328,-0.10703274,-0.1002895,-0.1308819,-0.10279604,-0.15191335,-0.07223533,-0.32077231,0.09174415,0.22373638,0.31856094,0.43797047,0.18644224,-0.08522695,0.33647262,0.06252716,0.58083,0.50940091,0.13594407,-0.17128832,-0.42023319,1.64999403,1.22976085,-0.91858072,0.97711966,0.05853893,5.60128274,1.41030753,-0.16184923
5182386,ampa_low,AMPA,0.004,0.10413342,-0.01972993,0.09561266,0.08592465,0.17541429,0.10152392,0.22780258,0.04655097,0.08035458,0.04486756,-0.11971629,0.00574475,-0.21650294,0.10794539,0.15254823,-0.06697037,0.04961588,-0.08880879,-0.10783912,-0.076926,-0.04100302,-0.11539364,0.19765019,0.19445736,0.56360124,0.0344692,0.59807044,0.26488191,-0.04569604,0.21918587,-4.89749638,-3.54638906,-0.60600804
5432841,ampa_low,AMPA,0.004,-0.25465822,-0.40872949,0.13693181,-0.02759191,0.01540458,-0.13207795,-0.02301901,0.12732114,0.17901969,-0.29839278,0.02945263,0.11980569,0.06287203,0.00727359,0.07505971,0.26230415,0.27738172,0.39784513,0.46748663,0.5145923,0.12098678,0.1637152,-0.01751301,0.05918137,0.08313148,0.98627386,1.06940533,-0.61966529,1.40491174,0.78524644,3.2864772,-2.82948345,-2.17105993
5901115,ampa_low,AMPA,0.004,0.14813458,0.06640542,0.23824472,0.18975539,-0.11832136,-0.11877721,-0.04470649,-0.23146359,0.11528723,0.15936466,0.36958778,0.79256052,-0.39670491,-0.51606598,0.61471327,0.81103118,0.22133603,-0.03043652,0.20145386,0.25693915,0.64371018,0.28018823,0.14328943,-0.05877201,0.70822646,1.42779787,2.13602432,0.85784518,0.74288405,1.60072923,-10.96733955,-11.53885064,-4.4257177
5978534,ampa_low,AMPA,0.004,0.17683289,0.15245182,-0.2139135,-0.17129439,0.13052984,0.08272892,0.14145872,0.3856689,-0.02249093,0.28310979,0.07671309,0.06900114,-1.11182249,-0.62493336,0.2340353,0.54411067,0.53509003,0.69782842,0.82716504,0.86864094,-0.11089161,-0.66869552,0.23438965,0.32958173,0.28913012,0.60796591,0.89709603,0.80166619,1.14653288,1.94819907,1.59947085,1.77600425,-5.386407
6000160,ampa_low,AMPA,0.004,-0.27132509,-0.01868866,0.03648919,0.00252062,-0.06598629,-0.18930986,-0.08832713,0.0150434,-0.12925818,-0.28877686,-0.26308396,-0.42300616,-0.60488577,-0.10678241,0.20100238,0.57523275,0.34316179,0.71104137,0.17884905,0.58328845,0.09174061,-0.10526024,0.10123653,0.05596504,-0.78149147,0.3111046,-0.47038687,-0.90221752,1.71348496,0.81126744,10.76507139,6.18085089,-2.24300312
6314205,ampa_low,AMPA,0.004,0.01832302,0.17820189,0.1092777,-0.01097388,-0.1732105,0.00127188,0.01511191,0.13247689,0.06163965,0.07188271,0.09948722,0.40156136,0.18874845,0.2355942,-0.30583077,-0.3599484,0.18827481,0.16938295,0.0398338,0.35895154,0.08767936,0.01450093,0.21656016,0.2298893,0.130629,0.4152658,0.5458948,0.77442086,0.64837053,1.42279139,-5.15429605,-6.069066,-3.93375277
6502630,ampa_low,AMPA,0.004,-0.02369095,0.07338118,-0.22967475,-0.17607223,0.05913407,0.32969919,0.07137999,-0.05071745,0.09009127,0.02670732,-0.14443704,0.23125549,-0.2867765,0.03651398,0.19845622,0.21189831,0.297973,0.20196305,-0.00385651,-0.06562404,0.05032736,0.04326731,0.16539107,0.13517583,-0.1771974,0.42151464,0.24431724,0.4342535,0.56319443,0.99744793,-3.28770745,-5.98959684,-2.75775745
7127936,ampa_low,AMPA,0.004,-0.03449093,-0.32868542,-0.1922657,-0.29949448,-0.03742995,-0.09057464,-0.12227063,-0.4530522,0.06369705,-0.06108326,0.19225524,-0.04870147,0.00071341,-0.19203275,0.08827776,0.15185242,0.24844283,0.2850818,0.2223869,0.22354092,-0.35035751,-0.07499972,0.24461258,0.33458013,-0.13050493,0.45407596,0.32357103,-1.28159148,0.7280228,-0.55356867,5.12986819,0.94313057,1.53051412
7478069,ampa_low,AMPA,0.004,0.30716571,0.46792601,-0.30774581,-0.28517454,-0.1705985,-0.24461494,-0.0206295,-0.17084634,0.06791337,0.38013685,-0.14683618,0.21941962,0.00056017,-0.35525947,0.73502222,0.7863159,-0.08021894,-0.19736822,0.12565059,0.16435914,-0.24123051,-0.06667323,6.496e-05,-0.11364931,-0.27073091,0.5398485,0.26911759,0.36684667,0.21772481,0.58457148,-2.56055905,-0.90485235,-1.61623108
7764421,ampa_low,AMPA,0.004,-0.20589552,-0.3486172,-0.08790731,-0.07355612,-0.13249692,0.11578864,0.0385425,0.12913479,0.18566407,-0.0378246,0.1767828,0.60413839,-0.0217086,0.25132686,0.22973945,0.35631054,-0.10079297,0.10080694,-0.0276277,0.10952823,0.48599244,0.20217568,0.08913141,0.19757017,-0.02531037,0.65473404,0.62942367,0.38906389,1.21771841,1.6067823,-10.22928366,-15.74843671,-4.44245332
8043474,ampa_low,AMPA,0.004,-0.19208123,-0.42626579,-0.03833664,-0.1870232,0.12113332,-0.10050907,-0.25663715,-0.29508159,0.21708334,-0.01415619,-0.17400613,-0.69858512,-0.21234897,0.20005506,0.14806796,-0.15349795,0.09467009,0.29350064,0.11066123,0.40281468,0.13957177,0.18613547,0.01963755,0.25005866,-0.32284448,0.30025963,-0.02258485,-1.72162097,1.17906657,-0.5425544,13.76373045,8.76828843,1.5000617
10058298,ampa_low,AMPA,0.004,0.25590038,0.33899881,-0.13470023,-0.12986412,0.23289156,0.18988138,0.01236112,0.0914122,0.18157429,0.1865183,-0.01347696,0.18630457,0.02622135,0.23153089,0.52863342,0.94352591,-0.04209954,0.0913048,0.21384467,0.26296833,0.31332997,0.12208239,-0.03998798,0.25989195,0.53455016,0.99994189,1.53449205,0.86325115,1.91130427,2.77455542,-9.29851034,-12.06314227,-7.67112815
10121092,ampa_low,AMPA,0.004,0.13204711,0.06224968,-0.01861734,0.08046134,0.20611541,0.10910051,-0.36017617,-0.53405985,-0.26932899,-0.15910337,0.22942408,0.69914626,0.33927467,0.34531523,0.55968724,0.61845655,0.25345607,0.09915441,-0.10235297,-0.22774023,0.35208794,0.00817612,0.34629487,0.32892409,-0.0805359,1.74844782,1.66791192,0.25779457,1.17228617,1.43008074,-16.67094914,-21.17166355,-3.95390647
11922061,ampa_low,AMPA,0.004,0.14242005,-0.2699575,-0.04956007,-0.15360018,0.23616242,0.04886787,0.14582237,0.12713616,-0.0446297,-0.24558181,0.06682974,-0.16638784,-0.41204224,-0.02438864,0.08641795,-0.18393949,0.11530262,0.15322859,0.3781569,0.3530067,0.49832441,-0.0099834,0.22148273,0.23350745,0.49704481,0.88764238,1.38468719,-0.6595233,0.52143121,-0.13809209,4.89014209,2.56192333,0.38179886
12029891,ampa_low,AMPA,0.004,-0.12226151,-0.05381795,-0.03219313,0.0826925,0.17166556,0.06704229,0.11885912,0.23247668,0.01013448,-0.13788024,-0.05401748,0.09712832,0.01044237,-0.35233308,0.72980795,0.35112324,-0.17271257,-0.25907591,-0.1455012,-0.37089669,-0.16620357,0.0213019,-0.34749923,-0.34518736,0.09218704,-0.09166626,0.00052077,0.28764161,-0.95506791,-0.6674263,-1.81224935,0.52228466,1.84530921
13471924,ampa_low,AMPA,0.004,-0.08103383,-0.14282903,-0.18722545,-0.268212,-0.09561995,-0.17565284,-0.10713076,-0.0879685,0.23610459,0.09932483,-0.01520968,0.52506717,-0.02911894,-0.01989321,0.25564085,0.13995869,-0.01428618,0.00648396,0.00443926,0.01206909,0.14094495,-0.09926831,-0.00190904,0.11864462,-0.25011508,0.3557109,0.10559582,-0.05027037,0.15799485,0.10772448,-5.14255691,-7.42995148,-0.29783809
14759699,ampa_low,AMPA,0.004,0.0015545,-0.1010931,0.24388987,0.20161946,0.27921663,0.15600766,-0.05131916,-0.1048478,0.05625227,-0.16826351,0.07504123,-0.34015323,0.32530868,0.42640286,-0.01729887,-0.12734134,0.11228986,-0.11440155,0.07390911,0.37703546,-0.16537655,-0.0295407,0.24634678,0.05507364,0.60463534,0.57517902,1.17981436,-0.35673053,0.58722837,0.23049783,-0.78206535,-2.58956782,-0.63728351
14783858,ampa_low,AMPA,0.004,0.09355309,0.15179824,0.01147318,-0.00595605,0.19257538,0.30063381,0.1463295,0.05987757,-0.16305623,-0.20502822,0.18711846,-0.02469435,0.11240237,-0.45039268,0.31499071,0.24227662,-0.00171987,0.01895768,0.15054448,0.16839062,-0.34422936,-0.30719774,0.13468016,0.26908846,0.46799337,0.36666849,0.83466186,0.27663099,-0.05887705,0.21775394,-2.84040939,-0.27009069,-0.60204902
14850118,ampa_low,AMPA,0.004,0.14354857,0.0843233,0.09034947,0.05646885,0.07837193,-0.09246235,0.38372163,0.34907652,0.1975552,0.21680016,-0.02237785,-0.52640561,-0.12277948,0.19890122,-0.17769606,0.1338086,-0.36071568,-0.09250341,0.11790168,0.33739319,-0.03848285,0.25696459,-0.28784627,0.00491697,0.87116895,-0.86961865,0.0015503,0.08780088,0.83948115,0.92728202,4.67616702,5.65003188,-2.56376181
14893890,ampa_low,AMPA,0.004,-0.10811108,-0.0671693,0.12573831,0.13092445,-0.25889077,-0.32888011,0.10445105,0.1470412,0.00464182,0.27567558,0.00595873,0.34200011,0.24057474,0.4597115,0.12162218,-0.08155688,-0.13267936,0.1580987,0.2211078,0.14105164,0.12125325,0.28781712,0.06540775,0.39048365,-0.12621193,0.63728637,0.51107443,0.49959193,1.35560572,1.85519765,-7.52530206,-8.95263683,-5.12927542
15059321,ampa_low,AMPA,0.004,0.13737532,-0.26457009,0.06157876,0.03645531,0.26695103,0.00346528,0.12747803,0.16565152,0.02914709,-0.20866041,-0.0327356,-0.04118772,-0.05599129,-0.16528228,0.35495025,0.12454953,0.08762946,-0.03025628,0.28668004,0.49573368,0.088267,0.09198088,-0.03894977,-0.16924749,0.58979464,0.72258569,1.31238033,-0.30884612,0.34747803,0.03863191,3.15168632,1.04713942,-0.10681003
16190159,ampa_low,AMPA,0.004,-0.04937109,-0.1492436,-0.1882483,-0.19032961,-0.00284505,-0.13104025,-0.04431216,0.02078594,-0.1240866,0.0344443,-0.01212981,0.23392916,-0.92218991,-0.81676591,0.12333972,0.20349317,-0.11607816,-0.00719176,0.06971176,0.03130519,-0.06481959,-0.12400342,0.05858701,0.00823928,-0.420993,-0.85144918,-1.27244218,-0.18145406,-0.70492345,-0.8863775,2.58673641,4.82260877,2.45066844
16275727,ampa_low,AMPA,0.004,0.16871996,0.12664155,0.01240371,0.03952344,0.19614906,0.19319314,0.21768689,0.23112097,0.07611508,0.38964252,0.02858623,0.06695951,0.26043842,0.20185485,0.28844216,0.42300974,-0.20704958,-0.0268982,0.00763544,0.10390009,0.1306669,0.31291453,-0.16257675,0.0345286,0.69966093,0.31755659,1.01721752,1.04708114,1.04930961,2.09639075,-5.52112329,-6.32703664,-5.79612934
16708319,ampa_low,AMPA,0.004,-0.08903153,-0.29831831,-0.05244883,-0.05586137,-0.09767104,-0.21885652,0.40689173,0.30045513,-0.27065519,-0.58040237,0.07376018,0.05334413,0.22342463,0.4398724,0.20969485,-0.10929739,0.19053038,0.1280938,-0.13920075,0.12273855,0.0298332,0.06918432,-0.12697484,-0.08378885,-0.02915468,0.38730748,0.35815279,-0.79963932,0.56680284,-0.23283648,2.27344114,-2.70140102,0.64374942
17213220,ampa_low,AMPA,0.004,0.26901554,0.46532537,-0.00594196,0.02607664,0.17083597,0.25893429,-0.17477297,-0.2900474,0.00047642,0.0387196,0.1751552,0.39598325,-0.2054863,-0.05292362,-0.02421857,0.07128933,0.05185252,0.01658931,0.01390064,0.08137784,0.31716151,0.03764348,0.14152163,0.19764508,0.4347682,0.29473144,0.72949965,0.89499175,0.3516214,1.24661315,-8.18284481,-7.45941189,-3.4466528
17696979,ampa_low,AMPA,0.004,0.21352723,0.3118019,0.21042555,0.16403478,0.33788568,0.44503603,-0.18870939,0.02929586,0.32115582,0.23912171,0.20011573,0.00374596,0.0746929,0.12751756,-0.15342995,0.17856105,0.01063543,-0.05522091,0.1758003,0.41370423,0.2148369,0.05372711,0.14132971,0.17089551,1.09440062,0.46386529,1.55826591,1.19303624,0.88918456,2.0822208,-7.43400078,-6.79620701,-5.75695206
18455372,ampa_low,AMPA,0.004,-0.0605932,-0.27444198,-0.05583244,0.02578654,-0.1291237,-0.10981905,0.00912462,0.0081449,0.12728214,0.15647602,0.10877854,0.00665198,0.1649419,-0.46125883,0.29414308,0.338664,0.37260777,0.05821665,-0.29609631,-0.30967721,-0.07034066,-0.47567541,0.23520864,0.06774605,-0.00036406,0.70046441,0.70010035,-0.1872016,-0.78198475,-0.96918635,-1.43533225,1.22198665,2.67961945
18801650,ampa_low,AMPA,0.004,-0.16237037,-0.4588289,0.03326448,0.00196142,0.17365211,-0.05605277,0.0849966,0.05711928,0.0854727,-0.08824269,-0.04160622,-0.15501976,0.26952042,0.46042606,-0.03836979,0.0601391,0.34755452,0.19446441,-0.05137926,0.03126972,0.01943395,-0.01089264,0.26481875,0.20773972,0.17340928,0.81157859,0.98498788,-0.69906342,0.94314637,0.24408295,-0.08500972,-4.62514543,-0.67484381
18904077,ampa_low,AMPA,0.004,0.24503019,0.42257272,0.18941066,0.2380344,0.00172981,-0.1893643,0.33105905,0.36197265,0.09216753,0.16461608,-0.16649135,0.16008555,-0.44647914,-0.46468461,0.1539513,0.3854724,-0.10444282,0.04900497,0.08076225,0.02737135,-0.22884341,-0.02950118,-0.03153732,0.09008104,0.69290589,-0.57658914,0.11631675,1.15791711,0.05774397,1.21566107,-4.54798136,1.44548272,-3.36107608
18952353,ampa_low,AMPA,0.004,0.35234459,0.29302276,0.2820371,0.28285169,0.42877901,0.43507286,0.04819993,-0.07906074,-0.03195529,-0.05246981,-0.28874869,-0.20394549,0.06578405,0.24813726,0.38305063,0.22006967,0.03486747,0.01327434,0.18313487,0.51995383,0.11156462,-0.00631161,0.05993292,-0.02577294,0.79065665,0.83833455,1.6289912,0.67547127,0.96935055,1.64482182,-3.9521561,-5.03705549,-4.54762549
19031295,ampa_low,AMPA,0.004,0.15950264,0.17235644,-0.08757583,-0.01230075,-0.04308134,0.05448869,0.4127902,0.24858061,-0.12307571,-0.0063344,-0.16059833,-0.21470008,-0.09493122,0.21343699,0.41615283,0.17749728,0.00690903,-0.00560881,0.20811867,0.22526927,0.17541302,-0.02667696,0.08943834,0.10472783,0.15796164,0.80110067,0.95906231,0.24209051,0.6886456,0.93073611,-0.72205255,-0.64077514,-2.57331172
19316057,ampa_low,AMPA,0.004,-0.10795328,-0.14757561,0.18375712,0.10108784,0.09032314,0.01949183,-0.21450262,-0.31036369,0.29366809,0.12139027,-0.04638475,0.49476459,0.02281013,0.12377218,0.14012786,-0.02181316,-0.07334202,0.0824351,0.26762718,0.45824979,-0.14542937,0.05801529,0.01501653,0.23957943,0.1989077,0.22681032,0.42571802,0.27879524,0.94023862,1.21903386,-8.30142065,-11.47913803,-3.37040122
19432693,ampa_low,AMPA,0.004,0.1501311,0.02466973,-0.21962488,-0.17034922,0.07078382,0.18428958,0.16957396,0.21486787,0.27063893,0.21851072,-0.03002514,-0.33307897,-0.19258648,0.15421773,-0.18529044,-0.27936734,0.43610908,0.23430099,-0.09871705,-0.07753258,-0.00135861,0.06415626,0.39278126,0.43994689,0.41147779,0.35093776,0.76241554,0.1389097,0.53572195,0.67463166,3.52703714,4.10096369,-1.86523068
20051604,ampa_low,AMPA,0.004,-0.00605086,0.07504012,0.23642914,0.42874969,0.03869099,0.08028214,-0.01105818,0.06597746,-0.04514275,0.03712646,-0.15914062,0.350881,0.04176059,0.00274076,0.30303961,-0.06653696,0.16139522,0.3484942,-0.05287143,-0.05065635,0.1879144,0.16062252,0.13934694,0.37065942,0.05372772,0.78058533,0.83431305,1.03805686,0.76532359,1.80338046,-8.60886203,-7.3918744,-4.98601054
20830744,ampa_low,AMPA,0.004,0.0993676,0.05294609,-0.38857339,-0.68269525,0.30455753,0.44973501,-0.0597539,-0.1707657,0.11627623,0.04463531,0.16902821,-0.12548292,0.01422316,-0.05609847,-0.41497621,-0.04559181,0.29300754,0.20720083,0.00466284,-0.18638928,-0.14109508,-0.13300479,0.47389235,0.2964644,0.24090228,0.2297146,0.47061688,-0.43162745,0.08258087,-0.34904658,5.59537162,2.56019293,0.96504868
20843854,ampa_low,AMPA,0.004,0.05278047,0.15601027,0.18589766,0.17844431,-0.11957041,-0.26615168,-0.21272123,-0.25749642,0.06497728,0.26681925,-0.2647055,0.05941806,0.12252037,0.2714362,0.44822993,0.37837447,-0.35631766,-0.54110292,-0.31027336,-0.34039364,-0.2916413,0.24689432,-0.15932256,-0.45561426,-0.29334173,-0.54680458,-0.84014631,0.13704379,-0.44040584,-0.30336205,-5.31886175,-4.07461479,0.83873949
21053574,ampa_low,AMPA,0.004,0.02080555,0.07276381,-0.06481,-0.19235033,0.19178582,0.20111376,0.0629006,0.08423828,-0.32873679,-0.27363671,-0.10357832,-0.21422908,0.89589054,1.19958856,-0.61141104,-0.23309324,-0.9450021,-0.79809622,0.40178859,0.49638623,-0.83736609,-0.33295744,-1.24988982,-1.36949117,-0.22163315,-2.34598991,-2.56762307,-0.32210027,-1.03766327,-1.35976354,2.08800759,-4.90701963,3.75949254
21313420,ampa_low,AMPA,0.004,-0.14531486,-0.24901092,0.04617386,0.0458664,-0.23972837,-0.26807967,-0.13093502,0.06351877,0.01130375,0.18705442,-0.05626548,-0.00349719,-0.09801027,-0.14427128,0.48898093,0.27777215,-0.48087797,-0.31135784,0.53635104,0.49026208,0.42234054,0.21737647,-0.48303988,-0.40626732,-0.51476612,0.3857444,-0.12902172,-0.2241482,0.12351426,-0.10063394,2.42479714,1.38552608,0.27823407
22084493,ampa_low,AMPA,0.004,0.35235443,0.28095237,0.1472425,0.09884643,0.36739544,0.17409269,0.03496797,-0.00244301,0.01119136,0.01086442,-0.0012197,0.03659447,0.04379144,0.13555859,0.26115871,0.35710462,0.3288492,-0.01132695,0.26600929,0.35066232,0.11152491,0.01016167,0.26239139,0.12515549,0.911932,1.27372494,2.18565694,0.59890738,0.96731573,1.56622311,-5.85849469,-6.31140971,-4.33031472
23343892,ampa_low,AMPA,0.004,0.10623754,0.34770864,0.01633049,-0.02117159,0.16086357,0.13972413,-0.08567207,-0.1585152,0.14064661,0.17852836,0.04747669,0.59110195,-0.1461051,0.2091425,0.05074354,0.16193214,0.07045696,0.04239663,0.38080963,0.2583022,-0.1883857,-0.32055314,0.0471742,0.0157251,0.38588283,0.21469352,0.60057635,1.07737629,0.36694543,1.44432172,-11.53006357,-12.855218,-3.99328012
24115048,ampa_low,AMPA,0.004,0.04522629,-0.24052791,-0.07900738,-0.21666818,0.11145439,-0.24651556,0.07073007,-0.06217405,0.09258148,-0.0175271,-0.2362573,-0.78974158,0.03278427,0.45445226,0.33547331,0.25389514,0.00461105,-0.06924244,-0.25507976,-0.11513601,-0.32182456,0.05590326,-0.09522312,-0.23228778,0.00472755,-0.29925883,-0.29453127,-1.57315437,0.34758444,-1.22556993,11.6536405,8.17510996,3.38847223
24495953,ampa_low,AMPA,0.004,0.14464863,0.32897139,-0.04932475,0.05556011,0.07429387,0.1357036,0.06876649,-0.08691452,0.24775859,0.45670709,-0.16260682,0.18936866,-0.07104759,0.13301019,-0.12774429,-0.32087827,-0.18211074,-0.05695099,-0.12433204,-0.15352512,0.21761274,-0.00087388,-0.04252,0.11166441,0.32353601,-0.33014192,-0.00660591,1.07939632,-0.28755365,0.79184267,-5.60302362,-2.7419121,-2.18929727
25000478,ampa_low,AMPA,0.004,-0.13351313,0.02040226,0.02741665,0.14318106,-0.25985357,-0.19035503,0.03404474,0.00304026,0.13020298,0.0892485,0.02095834,-0.1887591,-0.36867779,-0.00437422,0.40611325,0.51667606,-0.15928012,0.01568522,0.39893371,0.21038857,-0.17197988,-0.21396476,0.03499182,0.1585788,-0.18074398,0.14010099,-0.04064298,-0.12324206,0.68298966,0.5597476,-2.75227062,-1.82333319,-1.54759769
25067315,ampa_low,AMPA,0.004,0.10116446,0.06297377,0.03716246,0.10796979,0.09289762,0.17518042,-0.00215036,-0.03482901,0.10136197,0.09976662,-0.06109021,0.20190713,0.100486,0.25263174,-0.03360621,0.22660246,-0.07514922,-0.10351941,0.65573705,0.75415731,0.26482793,-0.5593659,0.04747034,-0.16152551,0.26934594,0.95976588,1.22911183,0.61296871,0.40898069,1.0219494,-8.47521296,-10.53945106,-2.82549945
25356336,ampa_low,AMPA,0.004,0.0830611,-0.00782238,0.24476881,0.22878094,0.26472684,0.42044,0.10665359,0.07069811,0.20822254,0.1854964,-0.05232213,0.25719764,0.59577979,0.58860534,0.1007566,0.58998399,0.09138549,0.32215221,-0.00705793,-0.04999159,0.06414681,0.15984465,0.3160802,0.55120532,0.85511075,1.16109096,2.01620171,1.15479073,2.16179992,3.31659064,-15.43927881,-19.29740606,-9.16975442
25517914,ampa_low,AMPA,0.004,0.10990032,0.28720366,-0.16242848,-0.18232278,0.05982189,0.03893986,-0.0949498,-0.13654989,-0.02252376,-0.0242793,0.01204966,0.04733569,-0.06048362,-0.39130953,0.1345152,0.4990761,0.17955858,0.00443002,0.34033221,0.31250885,-0.20178763,-0.21465637,0.06165615,-0.16066692,-0.09813018,0.45379089,0.35566071,0.03032724,0.04938216,0.0797094,1.53820206,1.55131425,-0.22038163
25821028,ampa_low,AMPA,0.004,0.27988604,0.31050506,-0.02509246,-0.19058819,-0.00553673,-0.01029376,0.09846497,0.00672742,-0.01625952,0.11593541,0.16619954,0.45244871,-0.28796708,-0.17374584,0.18712013,0.37365209,0.20083718,0.54882385,0.73483367,0.73604766,-0.6390948,-0.17399214,0.06801945,0.2711623,0.49766184,0.26374854,0.76141038,0.68473465,1.58194791,2.26668256,-2.63536907,-5.77941124,-6.26695444
26901488,ampa_low,AMPA,0.004,-0.2881279,-0.28716054,-0.29096439,-0.09276291,0.04105973,0.02799039,-0.03777052,0.02456434,-0.28200723,-0.41606468,0.2734807,0.15855588,-0.08623594,0.38737979,0.20777847,0.51058407,0.07631576,0.17674974,0.2882343,0.39588113,-0.105781,0.2104223,0.04690628,0.20079313,-0.5843296,0.42721786,-0.15711174,-0.58487753,1.88181015,1.29693262,-3.58959415,-11.0973033,-3.58577675
27363295,ampa_low,AMPA,0.004,0.27987141,0.36543818,0.18304739,0.11387354,0.25338179,0.1908303,-0.21995292,-0.24198878,0.05035878,0.13827022,0.279625,0.43101597,0.49693226,-0.06882037,-0.7034124,-1.2616455,-0.63068496,-0.81835437,-0.18080959,0.02446464,-0.07264407,0.02190401,-0.21100029,-0.28491586,0.82633144,-1.30161906,-0.47528762,0.99743943,-2.38736745,-1.38992802,-6.20606548,0.43128845,3.84289169
27578624,ampa_low,AMPA,0.004,-0.25404938,-0.40480241,-0.25335021,-0.26585169,-0.03666769,-0.09995759,-0.02753775,-0.05653907,0.18458839,-0.0062099,0.06984691,0.43399668,0.38125348,0.44761559,0.1231471,0.16344044,0.23252096,0.36532079,0.17808178,0.34182486,-0.06318423,0.19808159,0.16222678,0.22680452,-0.31716973,1.01404587,0.69687614,-0.39936398,1.74308779,1.34372381,-2.62190881,-11.38118853,-3.71514566
28113492,ampa_low,AMPA,0.004,-0.00393642,-0.33654498,-0.07725386,-0.11040509,0.08407524,-0.11413067,0.14167167,0.02726694,0.09339364,0.25579847,0.28489782,-0.07792366,0.96113662,1.33223017,0.85264114,0.74735487,0.45294768,0.25814358,0.13622249,0.39295483,0.03934043,-0.03536038,0.37730612,0.2438037,0.52284809,2.81959447,3.34244257,-0.35593898,2.93912677,2.58318779,-8.14619289,-18.82010847,-7.14203235
28264513,ampa_low,AMPA,0.004,0.20049863,0.35478345,0.17177335,0.0537721,0.24438759,0.35039631,0.12423436,0.07806046,0.16362429,0.14147415,-0.27678313,0.01096272,0.02263747,-0.0571359,0.19918716,0.18320794,-0.3097706,0.03970985,0.15367566,0.4428265,-0.01915202,-0.16495919,-0.24904716,-0.13138609,0.62773507,-0.20246949,0.42526558,0.98944919,0.31226311,1.30171229,-2.39780051,-2.01890508,-3.59899166
29658673,ampa_low,AMPA,0.004,0.19540106,0.17625359,0.07263452,0.0432544,0.37579649,0.46482478,-0.12217921,-0.28626015,-0.18196974,-0.13200277,0.12055674,0.15639336,0.24236059,0.53091999,0.42422604,0.53478792,0.26232774,0.39084738,-0.0593012,0.0167003,-0.11369348,-0.11381708,0.11299817,0.24137048,0.46023987,0.86891786,1.32915773,0.42246322,1.600809,2.02327222,-8.94003499,-14.76351895,-5.59397024
29751086,ampa_low,AMPA,0.004,0.12610001,0.37992436,-0.50106723,-0.42682195,0.10215394,0.38307899,-0.12863669,-0.27703042,0.02688982,0.06685196,0.29654369,0.58360241,0.13571451,0.17426843,0.37222068,0.33434267,-0.22116725,-0.08563918,0.22728664,0.26006077,-0.20794666,-0.07305676,0.10864255,0.25916379,-0.07801646,0.41475047,0.33673401,0.70960534,0.86913971,1.57874505,-10.86067106,-14.36932694,-4.36493556
29871328,ampa_low,AMPA,0.004,0.21252212,0.13288595,-0.03772372,-0.04925681,0.21887902,0.08508731,0.25278349,0.17053186,0.10238214,0.28276737,0.22823075,0.61219549,0.44920057,0.27098145,0.29683775,0.35168242,0.18606234,0.03763894,-0.02559607,-0.08808275,-0.09190386,0.1544565,0.09402152,0.02702337,0.97707379,0.90862225,1.88569604,1.23421117,0.75369994,1.98791111,-11.28878369,-13.37227655,-5.49620337
30151696,ampa_low,AMPA,0.004,0.02481629,-0.11531912,0.04835644,-0.10857212,-0.04896295,-0.24493425,-0.03428312,0.18266013,-0.16849307,-0.10285484,-0.20846994,-0.34782201,-0.25086192,0.12113045,0.32676138,0.37755197,0.25228388,0.16791117,0.069829,0.30745239,-0.1665587,-0.0819009,0.3884585,0.32738775,-0.38703635,0.61991215,0.2328758,-0.73684222,1.21953283,0.48269061,3.0118893,1.47717255,-1.3345495
30276332,ampa_low,AMPA,0.004,-0.18960189,-0.35224692,-0.10590198,-0.14194525,-0.17910625,-0.25924415,-0.09371506,-0.18904061,0.13088386,-0.35554275,-0.32301549,-0.64198829,0.24395524,0.10305931,0.1533071,0.16849929,-0.06697088,-0.28596176,-0.10716788,-0.08062532,0.09752736,-0.06507395,0.26385595,0.11612632,-0.76045681,0.58450689,-0.17594992,-1.94000797,-0.04397611,-1.98398408,6.93101825,6.12701739,5.48534588
30649663,ampa_low,AMPA,0.004,0.27503038,0.24120429,0.0602705,-0.07085188,-0.04252365,-0.22346129,-0.0533726,-0.18663102,0.17806507,-0.07077111,0.18962168,0.21192776,-0.28846985,-0.10665489,0.15964718,0.07667558,0.08621132,0.09533924,0.06678449,-0.17180476,0.20719864,0.19815731,-0.05190714,-0.1712376,0.60709139,0.17946464,0.78655602,-0.09858325,-0.07952513,-0.17810838,2.32829507,1.89716835,0.49243644
30779144,ampa_low,AMPA,0.004,0.19615055,0.19275423,0.06744692,0.14421887,0.19873715,0.29139881,-0.04855023,0.00706073,0.29707042,0.1709687,-0.18214833,0.19992992,0.20228905,0.25897926,0.31356639,0.40153839,-0.12250095,0.01004571,0.27323642,0.22713233,-0.35128014,-0.16743927,-0.14995669,-0.03119573,0.52870649,0.16535408,0.69406056,1.00633127,0.69906069,1.70539195,-9.53210537,-10.88378652,-4.71509061
31070544,ampa_low,AMPA,0.004,0.06765873,-0.01471379,-0.06980421,-0.06049098,-0.26147502,-0.20050573,-0.15695429,-0.10768121,0.22122496,0.19444463,0.36054676,0.1794892,-0.22705134,0.11290788,0.2888667,0.31037385,0.15108246,-0.02168246,-0.09163424,-0.03580186,0.22794154,0.04622729,0.18513844,-0.04480459,0.16119693,0.53434355,0.69554048,-0.00945788,0.36722011,0.35776223,-2.79101309,-4.22742543,-0.98914582
31171219,ampa_low,AMPA,0.004,0.18362969,0.00202294,0.13731681,0.18853099,0.0713127,-0.0510769,-0.30264124,-0.01727667,0.48611273,0.32195389,0.09684083,-0.53992035,0.25666579,0.37692809,0.73810744,0.44138952,0.32274198,0.30618426,0.40659899,0.43683332,0.12481946,0.12834845,0.26244161,0.41141998,0.67257153,2.11137527,2.7839468,-0.09576609,2.10110362,2.00533753,0.78328174,-1.01965488,-5.54438417
31825112,ampa_low,AMPA,0.004,0.08105342,0.164015,0.074553,0.17836318,0.01236582,0.10170363,-0.13816614,-0.05353154,-0.14394883,-0.21487477,0.39341435,0.50901903,-0.33154775,-0.02966564,0.34436813,0.43896858,0.2479847,0.00290356,-0.55058131,-0.59481243,-0.05579706,-0.15093545,0.17210724,0.12165245,0.27927162,-0.17346604,0.10580558,0.68469453,-0.21188893,0.4728056,-13.02286717,-11.74563113,-1.30721929
31851798,ampa_low,AMPA,0.004,-0.04701228,-0.40647829,0.08845429,0.01549249,-0.28894696,-0.22223469,0.21845308,0.20615791,-0.11963025,-0.25021165,0.03998648,-0.13021766,-0.06036094,-0.12502009,0.28459454,0.34126763,0.11461739,0.14915279,-0.12807668,-0.1696312,-0.30909142,-0.11916911,0.07172066,0.10561958,-0.10869565,-0.02659644,-0.13529209,-0.7874919,0.1822196,-0.60527231,1.96567663,1.01750327,1.67346501
32581973,ampa_low,AMPA,0.004,0.21285535,-0.22471484,-0.07839458,-0.12947949,0.55169778,0.22029099,0.12888493,0.11470276,0.29138581,0.30074421,0.16258306,-0.50375929,0.06643566,0.26510187,0.4442651,0.39768874,0.1802308,0.13242714,0.2321288,0.33954345,-0.11501314,-0.21503071,0.10364819,0.00431376,1.26901235,0.91169541,2.18070776,-0.22221567,0.92404426,0.70182859,3.53418033,0.19984932,-1.94042512
32804781,ampa_low,AMPA,0.004,0.08843492,0.33014818,0.28464567,0.41879702,0.13945246,0.2498887,0.19962452,0.05523261,-0.00545757,0.06733188,-0.28742364,-0.2060991,-0.30709039,-0.23678143,0.11066328,-0.28162821,-0.2182543,-0.28957529,-0.34997719,-0.39960582,-0.0204386,0.64985297,-0.17304883,-0.32746912,0.41927637,-0.95814603,-0.53886966,0.9152993,-0.88520689,0.03009242,2.09030521,7.61450134,-0.08319992
34458922,ampa_low,AMPA,0.004,-0.07313121,0.1763198,0.07792427,0.07529104,-0.16878416,0.0586054,-0.03474326,-0.00880468,-0.04349379,-0.15803867,-0.00559065,0.26389764,-0.56546584,-0.3860529,0.45032535,0.33761872,0.49012187,0.65623888,0.10885814,0.20246772,0.16241269,0.02794747,0.46309721,0.6165914,-0.24781879,1.10934942,0.86153063,0.40727052,1.45481129,1.86208182,-2.86706245,-3.28814595,-5.14830885
35704260,ampa_low,AMPA,0.004,-0.04899988,0.1767305,-0.17221824,-0.28673965,-0.20288255,-0.13343902,0.36367715,0.25809973,0.6492257,0.92146433,-0.24430778,0.23333488,0.14594951,-0.13629816,0.17766723,-0.02643302,0.15057814,-0.03509111,0.29259205,0.28992679,0.21207845,-0.03477369,0.01929844,-0.04370506,0.34449441,0.99816382,1.34265824,1.16945077,0.01362576,1.18307653,-0.5475161,1.46078105,-3.27098589
36383037,ampa_low,AMPA,0.004,-0.23442475,-0.22204413,0.29597115,0.35882612,-0.02907273,-0.03449309,-0.3329942,-0.17228478,-0.064371,-0.02926839,0.00720668,0.32422643,-0.0901828,0.00923253,0.24772701,-0.06761005,0.14633595,0.2925167,-0.08351413,-0.10494889,0.47982276,0.11882261,0.10796911,0.22659798,-0.35768484,0.80815791,0.45047307,0.22496216,0.47461088,0.69957303,-5.80487526,-6.76931873,-1.93418893
37280746,ampa_low,AMPA,0.004,-0.02975255,-0.31531312,-0.10497702,-0.1965312,-0.12649017,-0.29765836,-0.13034954,-0.04116185,0.21543147,0.41680315,-0.03179918,-0.19966497,0.08502013,0.00707033,-0.49228563,-0.50238452,-0.05216376,0.10214046,0.04277902,0.13865865,0.00596338,-0.20152804,0.1571285,0.23933204,-0.207937,-0.25355836,-0.46149536,-0.63352635,-0.21671106,-0.85023741,6.16813314,6.68148858,2.35074783
37805580,ampa_low,AMPA,0.004,0.13262356,0.11793692,0.04197942,-0.1062808,-0.07512214,-0.03241007,0.12364228,0.04736729,-0.10433721,-0.10145018,0.20110785,0.25560115,0.14077273,0.45583684,0.03152845,0.33656765,-0.26705975,0.1244254,0.1569048,0.07765396,-0.24154407,-0.1999477,-0.2313188,0.15140736,0.31989376,-0.41071664,-0.09082288,0.1807643,0.94594351,1.1267078,-7.34077816,-10.66429289,-3.11513689
38072766,ampa_low,AMPA,0.004,0.08805534,0.08994953,0.08721366,0.11585296,0.04949331,0.05717344,0.05178781,-0.12226335,-0.27762128,-0.38263457,0.04394603,-0.05072265,-0.27092395,-0.04404552,0.05753261,0.27675983,-0.0055104,-0.12407509,0.4542304,0.72969142,0.22176178,-0.01886377,-0.00951705,-0.09397898,0.04287486,0.44757338,0.49044824,-0.29264464,0.7254879,0.43284326,-0.66072726,-2.5634071,-1.19673087
38521433,ampa_low,AMPA,0.004,0.03721944,0.10259821,-0.09611037,-0.03415446,-0.06592578,-0.10957796,-0.03440997,0.13132664,0.29959115,0.0618585,-0.29153736,-0.06305603,0.14432492,0.01274934,0.32509736,0.10657283,0.22130914,0.12550598,0.02157258,0.15971621,0.32319643,-0.06048484,0.17895527,0.19203398,-0.15117288,1.2144557,1.06328282,0.0889949,0.53609349,0.62508839,0.07819405,0.58188875,-1.72825278
38666520,ampa_low,AMPA,0.004,0.29363274,-0.38689302,-0.03929617,-0.10322787,0.43436747,0.07724989,0.10538568,0.02555331,0.22930095,0.32380161,-0.14274251,-0.57066557,0.03181091,0.35017621,0.16679805,0.04980868,0.31351757,0.22128993,0.14402757,0.22154352,0.18636674,0.18765366,0.37227115,0.33139579,0.88064816,1.21479199,2.09544015,-0.63418165,1.36186778,0.72768613,5.96204508,2.42123827,-2.01191641
39453204,ampa_low,AMPA,0.004,-0.06859986,-0.1431966,0.06319223,0.01173937,0.06886757,0.0928882,0.25721428,0.34419438,0.21735062,0.3338915,-0.01034221,-0.41619883,0.03062522,0.01998235,0.19915455,0.03049643,-0.08408375,0.22729294,0.06280625,-0.15330415,-0.06705457,-0.00316483,0.01824504,0.16327036,0.52768263,0.15969274,0.68737538,0.22331802,0.2845731,0.50789112,4.1579717,5.34479737,-1.40422421
39583981,ampa_low,AMPA,0.004,-0.05929933,-0.11386625,-0.14279493,-0.06463643,0.2282484,0.43800441,0.0278709,0.26452145,0.37128027,0.34246614,-0.30214886,-0.04088424,-0.04141424,-0.02103654,0.24166529,0.20137328,0.41449362,0.33163461,0.31408664,0.47399512,-0.00846471,0.40335886,0.57204675,0.50500785,0.12315644,1.49241336,1.6155698,0.82560507,1.89433318,2.71993825,-1.48177093,-4.02281125,-7.52012186
39776858,ampa_low,AMPA,0.004,0.1504325,0.19404044,-0.3683588,-0.38122457,0.16772602,0.22521959,0.31063908,0.37352556,0.36623791,0.05050971,-0.12902492,-0.01300297,0.08945008,0.44869452,0.3832689,0.41537275,0.06250127,0.05931347,0.08114592,0.05164693,0.2299357,0.06988464,0.30455833,0.13128001,0.49765178,1.1508602,1.64851198,0.44906776,1.17619233,1.62526009,-2.58137377,-6.05076845,-4.49354097
40201562,ampa_low,AMPA,0.004,0.10924479,-0.40002283,-0.02441912,-0.06201554,0.26685406,-0.11256646,-0.00597435,-0.04986541,0.26104095,0.260859,0.08450088,-0.73159737,0.17500051,0.12274333,0.23572714,0.15131464,0.52623562,0.51764705,0.13313816,0.04341809,0.04534727,-0.11549023,0.61887914,0.46280261,0.6912472,1.73432785,2.42557505,-1.09520862,1.1824355,0.08722688,9.46819123,7.30593847,-0.24116605
41213271,ampa_low,AMPA,0.004,0.27263084,0.04337521,-0.00078982,0.12590617,0.31968348,0.00820421,0.44722594,0.51553488,0.13890578,0.07314981,-0.12475246,-0.22827811,-0.04121139,0.10158531,0.30918441,0.3122954,0.1745458,0.14632106,-0.30786742,-0.07319227,0.02222302,0.06502859,0.31259222,0.25387983,1.05290376,0.46946664,1.5223704,0.53789219,0.80591792,1.34381011,-1.94680363,-0.28933249,-3.71538427
41383458,ampa_low,AMPA,0.004,0.01030938,-0.11580824,-0.02148761,-0.00064616,-0.15263646,-0.44669132,-0.18899275,-0.22233733,-0.04099663,-0.05915356,-0.00733941,-0.14331502,-0.06329403,0.23134276,-0.06272288,-0.15393413,-0.02838114,-0.14929837,0.13986996,-0.07577648,0.48950846,-0.08461023,-0.01780686,-0.10865863,-0.40114348,0.45717352,0.05603005,-0.98795164,-0.34093508,-1.32888672,3.01643802,2.72403345,3.67412387
41429086,ampa_low,AMPA,0.004,-0.31456288,-0.09153877,0.19605586,0.05380256,-0.00795551,0.09083,0.16297905,0.08928574,0.13957382,0.01175362,-0.10415148,-0.04742214,-0.26749033,-0.07497416,0.38830031,0.0719759,-0.11530447,-0.21286732,-0.07379634,0.21252722,0.1668526,0.03807891,-0.105462,-0.23096755,0.07193886,-0.00690024,0.06503862,0.10671102,-0.19622701,-0.08951599,0.19724203,0.21438578,0.24749501
41548748,ampa_low,AMPA,0.004,0.15740301,0.37866397,-0.09258762,-0.1631086,0.14963031,0.19922347,0.04102108,0.00423585,0.13604756,0.26891001,0.05922516,0.36730521,-0.07653937,-0.13481744,0.38044645,0.51340302,0.5873029,0.61589042,0.11795936,0.11100398,0.13703964,0.31546603,0.40222191,0.31665958,0.45073951,1.54843089,1.9991704,1.0552299,1.73760559,2.79283549,-2.35329293,-5.15845107,-7.72166914
42449851,ampa_low,AMPA,0.004,0.05991467,0.03695693,-0.09717679,-0.23533456,-0.11329202,-0.02418986,0.02185579,-0.00263065,-0.18128428,-0.26592845,0.24659552,0.83138272,-0.28053283,0.14412156,0.13490236,0.47623956,0.19419652,0.36475328,0.08223637,0.29030211,-0.31822699,0.07732434,0.07035412,0.21329247,-0.06338711,-0.11707045,-0.18045757,0.34025613,1.56603332,1.90628946,-8.86074449,-15.46365898,-5.27053473
42823353,ampa_low,AMPA,0.004,-0.20183356,-0.25999432,0.18414008,-0.02539017,0.02051504,-0.05249198,-0.04178999,0.18396286,0.3270887,0.15225408,-0.03587405,-0.4946614,0.00520667,0.08114518,-0.03858766,0.02387922,0.14424875,-0.00374194,-0.14142173,-0.40070839,0.07568734,0.22672466,0.22993102,0.20254555,0.25224622,0.27506438,0.5273106,-0.49632094,0.12984428,-0.36647666,4.93040513,6.01517126,1.01323959
43525440,ampa_low,AMPA,0.004,0.02779118,-0.34982352,-0.08035848,-0.07802205,-0.1598385,-0.65084748,-0.03674998,0.01780448,0.19448706,0.07871046,0.02420981,-0.32807024,0.28880325,0.53498128,0.16049176,0.20944253,0.5081514,0.47665953,0.02942742,0.2459163,0.11201224,0.04017957,0.3985884,0.35583774,-0.03045891,1.49747447,1.46701556,-1.31024835,1.86301696,0.55276861,5.94081706,0.89350355,-1.52830208
43720294,ampa_low,AMPA,0.004,0.10949723,0.22804472,0.09182826,-0.03074235,0.04473795,0.01402861,0.08948947,0.189523,0.02834771,0.03471918,0.04663532,0.32937692,0.19997571,0.15640258,0.19737222,0.10011532,0.28431378,0.22583501,0.13003762,0.11876878,0.52856189,0.15158523,0.49305739,0.44814236,0.41053594,1.83331861,2.24385455,0.76495008,1.20084929,1.96579937,-6.96227744,-7.46920151,-5.43506854
43926786,ampa_low,AMPA,0.004,0.08842314,0.27094452,0.08089364,-0.04960273,0.07867745,0.06841887,0.12984407,0.08082723,-0.0285586,-0.03253176,0.00549594,0.408716,0.24451644,0.35882163,0.11553243,0.40507415,-0.0177478,-0.01625001,0.24147316,0.24493158,-0.05890075,-0.35878466,-0.05734171,-0.045803,0.35477563,0.46753177,0.8223074,0.74677213,0.5879897,1.33476183,-10.59577442,-12.77879482,-3.69036745
44576096,ampa_low,AMPA,0.004,0.18934957,0.46660386,0.00619163,-0.09749676,0.3533062,0.32272762,0.11340731,0.16242961,0.07286648,0.21984929,0.09872079,0.50934263,-0.20596759,-0.23426925,0.82272039,0.669008,0.23639281,0.35760438,0.29781965,0.48430424,-0.12124608,0.29146599,0.06083345,0.1761937,0.83384198,1.09055262,1.9243946,1.58345625,1.74430706,3.32776331,-6.61428779,-8.68757119,-9.20064475
45544719,ampa_low,AMPA,0.004,-0.14954524,0.00990876,-0.13456524,-0.22945365,-0.13178506,0.01802798,-0.0852456,-0.17969626,0.2243788,0.45646433,-0.08375408,-0.01679355,-0.24675631,-0.06250932,0.25597723,0.35995154,0.40686506,0.54348846,0.27243917,0.43840653,-0.1481011,-0.03608736,0.21419355,0.2269491,-0.36051641,0.7546176,0.39410118,0.05845761,1.47019895,1.52865656,3.7255655,-0.20722245,-4.22645021
48028426,ampa_low,AMPA,0.004,0.19088575,0.41333617,0.17995747,0.1531346,0.21747668,0.42895907,0.1183442,0.11621502,0.05130031,-0.10565355,0.09832116,0.31745361,0.15482987,0.44245562,0.16043764,0.08951472,-0.14666402,-0.17119521,-0.06539916,0.33452872,0.17668829,0.12501074,0.15339936,-0.0513434,0.85628556,0.43329198,1.28957754,1.32344492,0.7689712,2.09241612,-11.18731473,-12.56049353,-5.78514023
48054415,ampa_low,AMPA,0.004,0.18428177,0.1599141,0.05878872,0.03342734,0.10983901,-0.12669498,-0.12692597,-0.09138039,0.1255434,0.35706126,0.19423344,-0.09121935,-0.44649343,-0.05284755,0.17486577,0.37205371,0.1667348,0.22198316,0.12959858,0.12428002,-0.04485872,-0.22135578,0.08929224,0.08935015,0.54576037,0.06913924,0.61489961,0.24110799,0.5334637,0.77457169,-0.44789109,0.19226765,-2.14154624
50395729,ampa_low,AMPA,0.004,0.43947339,0.76102031,0.09734797,0.08936512,0.20967401,0.34538934,0.17198745,0.40211884,0.13298199,0.25777152,0.23454754,0.34643183,-0.01215323,0.33187392,0.36254739,0.56274383,-0.01013464,0.02994033,0.12177215,-0.02534007,-0.39360159,-0.29794812,-0.02868767,-0.0231317,1.28601235,0.03974242,1.32575476,2.20209697,0.57813819,2.78023516,-14.43810812,-12.44438581,-7.68683157
51076110,ampa_low,AMPA,0.004,0.32836053,-0.02357703,0.00494756,-0.04008161,0.32177339,0.04191379,-0.05228697,-0.10968382,-0.09851447,0.04063082,-0.05967307,-0.21582727,0.85134817,0.64433817,0.3943768,0.5283131,0.21908227,0.15772466,-0.00590018,0.17166817,0.13043223,0.07070467,0.13827829,0.04807819,0.44460697,1.72761757,2.17222454,-0.30662512,1.62082695,1.31420183,-1.61754091,-7.27759848,-3.63352291
51649816,ampa_low,AMPA,0.004,0.29796562,0.33379762,0.09288274,0.0395667,0.0290704,0.06501573,0.17333151,-0.1029019,0.28353467,0.4291258,0.15628691,0.63718643,-0.05815811,0.12275479,0.00700585,-0.03632103,0.01878031,0.1498008,0.28019911,0.54001086,-0.26447559,-0.14535331,0.02030457,0.00706343,1.03307186,0.00365614,1.036728,1.40179038,0.63795554,2.03974592,-9.28124418,-10.39959352,-5.63951695
52071148,ampa_low,AMPA,0.004,-0.02529358,-0.04217341,0.16696157,0.10142808,0.10926857,0.0749354,-0.15025448,-0.12085967,-0.02418347,0.01369319,0.31856345,0.56496334,-0.03773667,0.08978629,0.1659272,-0.1759079,0.37093902,0.45463335,-0.27697251,-0.05738508,-0.15483917,0.00837956,0.32617117,0.49724542,0.39506207,0.39348904,0.78855111,0.59198694,0.81675164,1.40873858,-8.41325465,-10.24496391,-3.89489937
52801880,ampa_low,AMPA,0.004,0.14648197,0.46167738,-0.07056743,-0.05374061,-0.05672073,0.25717878,0.25806246,0.23718846,-0.0213582,-0.17399009,-0.30411346,-0.23851389,0.04604286,-0.24530408,-0.01929331,0.03207626,0.07897325,0.04541804,0.28509082,0.42759844,-0.11046669,-0.16679917,0.05225327,-0.01804989,-0.0482154,0.33260019,0.2843848,0.48980003,0.07493959,0.56473962,3.48283559,5.78757984,-1.56139971
53120454,ampa_low,AMPA,0.004,0.37039663,0.11006451,0.0692819,0.07034465,0.25348923,0.19093335,-0.02118905,-0.24507158,0.08328662,0.18827471,-0.04693149,-0.28914264,0.19368675,0.46006033,-0.1141211,-0.14386234,0.55179436,0.6173435,0.11204758,0.04086636,-0.36196381,-0.30685991,0.50021715,0.55668226,0.70833384,0.88166092,1.58999476,0.02540299,1.2242302,1.24963319,-0.51706665,-2.56923623,-3.45500265
54633971,ampa_low,AMPA,0.004,0.03939317,-0.08740872,-0.13711562,-0.22829693,-0.12450459,0.11595078,-0.08063879,-0.22425545,0.2131294,-0.17868282,0.11463323,0.11176343,-0.19730338,-0.11653632,-0.21342852,-0.3318701,0.05070683,0.09589701,-0.16380168,-0.10790167,-0.17580664,0.02662023,0.07014554,0.22088213,0.02489679,-0.62948786,-0.60459107,-0.49092971,-0.21290872,-0.70383843,2.28963571,1.04523166,1.94598196
54741718,ampa_low,AMPA,0.004,-0.05113277,-0.13695681,0.05540969,-0.00198064,0.108885,-0.07392426,0.10697522,0.38336426,0.20686693,0.00170469,-0.02271009,-0.56051722,-0.13351036,-0.38715494,-0.18547339,-0.43561144,0.43403787,0.17117058,0.57715442,0.42157125,0.25426246,-0.14533622,0.10951018,-0.04466334,0.40429398,1.05598117,1.46027515,-0.38830998,-0.4200241,-0.80833409,13.40882283,16.09238978,2.23489295
55417875,ampa_low,AMPA,0.004,-0.06787795,-0.02335007,-0.04090586,0.0488136,-0.06083147,0.02108583,-0.07257379,-0.11354019,-0.03388426,0.02138746,-0.17377132,0.20382817,-0.13070277,-0.32603761,0.51893326,0.65037584,-0.03113274,0.02586186,0.13751954,0.05204758,0.34684811,-0.19643678,0.35824959,0.17425279,-0.44984465,1.19971499,0.74987034,0.1582248,0.38006368,0.53828848,-6.52491759,-6.10137642,-1.48826723
55499880,ampa_low,AMPA,0.004,-0.00032202,0.36754253,0.07307827,0.15261663,-0.1813486,-0.01340916,-0.07238689,0.05970778,0.05750749,0.20837953,-0.03997519,0.29371803,0.06107805,0.29419179,0.58495153,0.21107029,-0.06512341,-0.29712054,-0.06427892,-0.01900934,0.06750972,0.16319877,0.20250027,-0.01802358,-0.16344694,0.78663723,0.62319029,1.06855533,0.33430738,1.40286271,-10.680537,-8.99727773,-3.8786537
55619168,ampa_low,AMPA,0.004,0.08601526,-0.41108224,-0.06367693,-0.03569635,0.09520355,0.10021845,0.2294024,0.30123365,0.02999731,0.10850363,0.24345101,-0.163066,-0.12935949,0.05993961,0.16484296,0.07060006,0.10364156,0.05192933,0.56491934,0.56739409,0.11830453,0.01618632,0.10630584,0.02876349,0.62039259,0.92865474,1.54904733,-0.09988886,0.79481289,0.69492403,2.20891961,-0.69816334,-1.92133531
55836894,ampa_low,AMPA,0.004,0.02438798,-0.04225058,0.19451135,0.22365066,-0.04041777,-0.17592202,-0.12531353,-0.13775606,0.075636,0.20680942,-0.03177668,0.29149391,-0.06966692,0.22645236,0.18179733,0.17757534,-0.12781208,-0.03973124,0.12961195,0.2884367,-0.00097249,-0.04761815,-0.06793532,-0.04328519,0.09702735,0.04502246,0.14204981,0.36602533,0.56182981,0.92785514,-7.41427178,-8.68685611,-2.56534638
56819618,ampa_low,AMPA,0.004,0.08765769,-0.01876663,-0.00548813,-0.14762471,0.13828597,0.11287326,0.21988013,0.18397851,0.19900378,0.04566499,0.0604113,0.07013327,-0.31393073,0.30192809,0.19815595,0.54095465,0.12418354,0.14410411,-0.0817015,-0.15164624,-0.41823113,-0.46877898,0.01163817,0.12583338,0.69975074,-0.47988569,0.21986505,0.2462587,0.49239501,0.73865371,-6.68851374,-8.79829078,-2.04223972
57172435,ampa_low,AMPA,0.004,0.1999299,0.21706603,0.36396764,0.40499475,0.08902702,0.16457138,-0.0785263,-0.11947722,-0.00683871,0.26135196,0.27268709,0.80974537,0.04833314,-0.35024153,-0.01393249,-0.44104323,0.1266433,0.18627384,-0.28654019,-0.18377599,0.21625117,0.18629381,-0.19902544,-0.17318668,0.84024664,-0.10827051,0.73197613,1.73825228,-0.77567978,0.96257251,-8.0598028,-5.28508044,-2.66133341
57348284,ampa_low,AMPA,0.004,0.1135258,0.01812332,-0.09931816,-0.08640144,0.13771793,0.02373293,-0.06089801,-0.03701202,0.16889865,0.29197257,0.01062411,0.34344394,-0.38161935,0.15994215,0.5232686,0.35761663,0.11866867,0.04383831,0.01530883,0.02910078,0.06997247,0.03801134,0.00199483,-0.0196166,0.27055032,0.34759405,0.61814437,0.5538593,0.6088926,1.1627519,-6.08908902,-8.49795343,-3.2147921
57930100,ampa_low,AMPA,0.004,-0.0396674,-0.0175348,0.02010633,0.11716388,-0.10012524,-0.07342882,0.031871,-0.14935915,0.1017972,0.40821396,0.02472592,0.14131852,-0.33461109,0.07852504,0.36303656,0.46068834,-0.04864491,0.2968598,-0.19110717,-0.04190329,-0.33702739,-0.28024873,0.02176696,0.4930399,0.03870781,-0.52658704,-0.48787923,0.4263736,1.00696105,1.43333464,-8.81097014,-8.65171884,-3.9629029
57968987,ampa_low,AMPA,0.004,0.32401685,0.13811293,-0.24743642,-0.36444824,0.1697814,-0.06798894,-0.13340744,-0.19124343,0.19995038,0.21272263,-0.27183881,-0.67976585,-0.1777143,-0.04757388,0.43190163,0.40710175,0.24020704,0.33844875,0.53634091,0.5518228,0.32008869,0.03902102,0.19130153,0.35506846,0.04106596,1.54212551,1.58319148,-0.95261089,1.6438889,0.69127801,11.6500191,9.16049634,-1.91125475
59057693,ampa_low,AMPA,0.004,0.05976244,0.18164695,-0.12409248,-0.02090007,-0.01781677,-0.06741538,-0.1025597,-0.00678349,0.16330337,0.11560526,-0.04125773,0.07979034,-0.08185016,0.32794679,0.06064869,0.09359315,-0.03774474,-0.1028663,-0.44218154,-0.33956038,0.54095394,0.08143677,0.11709759,0.22589107,-0.06266088,0.15692379,0.09426291,0.28194361,0.28644111,0.56838472,-6.138599,-5.25832124,-1.57147772
59343528,ampa_low,AMPA,0.004,0.11172252,0.24827657,-0.18427681,-0.09544704,0.31205641,0.2944704,0.20738353,0.02772871,-0.24229483,-0.30560576,0.05229634,0.53309783,0.47110265,0.73640744,0.84691478,0.70782996,-0.02797245,-0.30866565,0.59002861,0.40963298,-0.29720082,0.08684924,-9.807e-05,-0.21765215,0.25688716,1.58277469,1.83966185,0.7025207,1.41440182,2.11692252,-14.75139724,-21.51284732,-5.85289586
60184938,ampa_low,AMPA,0.004,0.02371805,-0.04419205,0.35685299,0.36486726,-0.04612833,-0.02059302,-0.0139963,0.02950527,0.04041546,0.06037302,0.34377644,0.23668495,0.07414713,0.21808634,0.03836558,0.1197698,0.16856545,0.20201526,-0.08617164,-0.04330563,-0.33985556,-0.21272991,0.02953012,0.01897212,0.70463832,-0.11541892,0.58921939,0.62664542,0.30280798,0.9294534,-7.99080504,-8.28643043,-2.56976527
60186708,ampa_low,AMPA,0.004,0.09997791,0.12300544,0.17247456,0.05719225,-0.17469055,0.01408685,0.03784053,-0.15244848,-0.15729037,-0.18231511,-0.10393143,0.32531898,-0.06613076,0.12591594,0.09507062,-0.0839209,-0.10689738,-0.03149648,-0.22890083,-0.24709222,-0.4219205,-0.04566834,-0.21579711,-0.00152737,-0.12561935,-0.94457596,-1.07019531,0.18483993,-0.28378936,-0.09894943,-5.5724653,-5.73810455,0.27357672
60281382,ampa_low,AMPA,0.004,-0.07293945,0.04920857,-0.00621311,-0.00126867,-0.43123232,-0.56640712,0.34455263,0.30186695,0.01900784,-0.09746111,-0.09801023,0.25516509,-0.08235878,0.21972406,0.51784322,0.18283303,-0.00966356,-0.04807475,-0.07316634,0.06968554,0.21302817,0.28007497,0.08913172,-0.09113193,-0.24483464,0.65481441,0.40997978,-0.05889629,0.61311092,0.55421463,-1.37282412,-2.23622799,-1.53230006
60334165,ampa_low,AMPA,0.004,0.04391114,0.11345905,0.07664885,0.06725478,0.13735423,0.29365906,-0.19368957,-0.19072251,0.14491375,0.06637882,-0.06708222,0.32344726,0.05950378,0.0503427,0.53805826,0.36635893,-0.13292599,0.00320027,0.2226671,0.31366527,0.05710776,-0.15606412,0.05352305,0.18717214,0.14205618,0.79793396,0.93999015,0.67347645,0.76467518,1.43815163,-10.24562371,-11.77373701,-3.97622098
60530234,ampa_low,AMPA,0.004,0.23102363,0.24407636,0.08531714,0.03979767,0.19956224,0.08413742,-0.02875375,0.01241372,0.28746962,0.36132192,-0.01855288,0.0539912,0.32619544,-0.01702456,0.29953452,0.2748046,-0.01912911,-0.13220648,-0.07088538,-0.12150022,-0.25111813,-0.00696289,0.00242064,-0.05941957,0.756066,0.28701798,1.04308398,0.79573828,-0.06230913,0.73342916,-4.55331889,-2.42039862,-2.0277948
61581707,ampa_low,AMPA,0.004,0.09230473,0.06764568,0.07592685,-0.06636752,0.15588792,0.096861,0.24989921,0.28319255,-0.03467665,-0.15352757,-0.0790701,-0.45450011,-0.34324338,-0.03108515,0.02893572,-0.30333952,-0.01416436,0.24008764,0.1693646,0.41063362,0.15102422,0.38487759,-0.02411513,0.14302143,0.46027196,-0.03219833,0.42807363,-0.22669597,0.8441956,0.61749963,10.79815291,10.10717644,-1.70727129
61756624,ampa_low,AMPA,0.004,-0.06766337,0.0695,0.08715461,0.21006678,0.05913159,-0.09110738,0.06934809,0.24410505,0.06446243,0.23113898,0.19914659,0.24721078,0.16500746,0.08624537,0.01790143,-0.21694512,-0.00066074,-0.14735512,0.2590206,0.32011693,0.02250501,-0.22714363,0.02220154,-0.05011511,0.41157993,0.4859753,0.89755523,0.91091421,-0.23519668,0.67571753,-6.70334719,-4.22916032,-1.86823292
63213959,ampa_low,AMPA,0.004,0.38885536,-0.00030375,0.07493962,0.07303291,0.08643754,-0.1902468,0.33782811,-0.1216817,0.17141304,0.13167709,0.22097302,-0.43741962,0.32509709,0.59524502,0.23467877,0.05935815,0.54885585,0.46588477,0.13176311,0.08204097,0.06004339,-0.0479503,0.48807185,0.37546919,1.28044669,1.78851006,3.06895675,-0.54494188,1.53004782,0.98510594,2.88598488,-0.03390873,-2.72363415
63218063,ampa_low,AMPA,0.004,-0.08760411,0.06073166,0.1121797,0.07166826,0.19401811,0.46161947,0.00653212,0.05289808,-0.1153072,-0.20140394,-0.2500354,0.20051156,-0.04440599,0.29932305,0.08172843,-0.24949973,0.03543211,0.01115839,0.50090277,0.50756468,0.33838821,0.24971065,0.03112074,-0.02130334,-0.14021679,0.94316627,0.80294948,0.6460251,0.7969537,1.44297881,-3.70346839,-7.35494522,-3.98956721
63989137,ampa_low,AMPA,0.004,-0.0310099,-0.18873811,-0.08465403,-0.03496448,0.05559817,0.16171809,-0.26810528,-0.24511329,0.14803014,0.24312145,0.18421897,0.32270764,-0.25979283,-0.16366087,0.00011142,0.18253437,0.05776545,0.02241939,0.33176105,0.2211547,0.08643764,-0.10878429,0.30491098,0.22048311,0.00407807,0.52119372,0.52527179,0.2587313,0.37414641,0.63287772,-6.37430405,-7.75799866,-1.74978882
64043761,ampa_low,AMPA,0.004,0.00918298,0.05145647,0.02533246,0.12177844,-0.12881277,-0.17335292,-0.22681217,-0.10627381,-0.13202325,-0.1568645,-0.09400476,-0.16912382,0.10896181,0.11636945,-0.30204028,-0.47337354,0.48469836,0.62602251,0.40892527,0.51504149,-0.52884883,0.19503441,0.33878894,0.61992089,-0.54713753,0.51048528,-0.03665225,-0.43238013,1.59901521,1.16663508,5.56612715,3.9148865,-3.22552836
64082948,ampa_low,AMPA,0.004,-0.06135743,-0.20219979,0.15337333,-0.0137186,0.10602815,0.05721502,-0.04982848,-0.02568196,-0.33483644,-0.15899012,0.25051139,-0.13120885,0.08849005,0.00630265,0.04749809,0.10252817,0.2811481,-0.18303917,0.05500355,0.27254882,-0.00940273,-0.41823341,0.47944513,0.05240325,0.06389053,0.94218221,1.00607273,-0.47458429,-0.16748967,-0.64207397,-2.05871516,-2.32208341,1.77521474
64309040,ampa_low,AMPA,0.004,0.149113,0.09287073,0.2883836,0.14346055,0.03683646,0.03593193,-0.29196368,-0.31531149,0.13427756,0.21653323,-0.27282385,-0.33659988,-0.332193,-0.29466146,0.13609183,0.25128803,0.23116854,0.1538837,0.41393827,0.43948865,0.15380417,0.30937003,0.18195077,-0.07223435,0.0438231,0.78476058,0.82858369,-0.16311492,0.7871346,0.62401968,7.01195399,6.56393947,-1.725298
65620046,ampa_low,AMPA,0.004,-0.14741196,-0.19838759,0.0231106,0.12436739,-0.06629201,-0.2491632,0.0244513,-0.00367192,0.11410135,-0.02534801,-0.17738048,-0.23522898,-0.0741619,-0.05255256,0.06279371,0.38923029,0.57841269,0.34291637,0.28427822,0.26373414,-0.07029525,-0.52118068,0.77479937,0.65205713,-0.2294212,1.55582685,1.32640565,-0.58743231,1.07420469,0.48677239,-2.94296615,-2.30913541,-1.34583484
66092324,ampa_low,AMPA,0.004,-0.19081863,-0.18283872,0.14448774,0.26862963,-0.06688712,-0.05010848,-0.00471264,-0.1572026,-0.04179555,0.02169245,-0.31983469,-0.14959678,0.14876402,-0.02192271,0.26994221,0.46679879,0.72789142,0.65289205,0.06603695,0.15692089,0.29797353,-0.27999996,0.7625077,0.68469457,-0.47956089,2.27311582,1.79355493,-0.24942449,1.65938364,1.40995914,-3.45146636,-4.80419356,-3.898274
66847819,ampa_low,AMPA,0.004,0.05625529,-0.01605677,0.24019594,0.26441092,-0.21019304,-0.20346983,-0.12223437,-0.54713547,0.04429398,0.10661567,0.06881838,-0.1595178,-0.07328528,0.097322,0.0266127,0.08688586,0.26518745,0.22766317,0.075117,0.162575,-0.23078956,-0.02919739,0.27673673,0.28237272,0.07713618,0.33957906,0.41671523,-0.55515328,0.82762135,0.27246808,-0.46310202,-1.14759618,-0.7533234
67342911,ampa_low,AMPA,0.004,-0.11306991,0.03798505,-0.27699694,-0.35057741,0.16521354,0.220621,0.01980362,-0.03803871,0.23597582,0.30967291,-0.108937,0.01628141,0.48082083,0.48498199,-0.05701601,-0.14791729,-0.16558493,-0.00784922,0.27424517,0.19838791,0.04133477,0.13985183,-0.07173474,0.09060351,-0.07801087,0.50206509,0.42405422,0.19594426,0.75805873,0.95400298,-0.2353611,-4.21566045,-2.63764028
67844279,ampa_low,AMPA,0.004,-0.02971836,0.18725036,-0.15247843,-0.05650834,-0.20666527,-0.02457439,-0.1838388,-0.147398,0.14803342,0.24547443,-0.03716227,0.1138771,0.30214707,0.42887117,-0.00551635,0.06436044,0.48284975,0.32259124,0.20817367,0.41361955,0.21526583,0.37958029,0.56700602,0.24912988,-0.46182971,1.769926,1.30809629,0.31812118,1.85815258,2.17627375,-1.05483062,-5.38951996,-6.01699095
68000499,ampa_low,AMPA,0.004,0.24422495,0.0950088,0.17056977,0.16890388,0.13647164,-0.05197739,-0.05262084,-0.23278543,0.27413008,0.07926384,-0.19599035,-0.48922751,0.00389642,0.03882882,-0.18192853,-0.19113999,0.29973623,0.00536126,-0.24512309,-0.39977421,-0.35422721,0.14889083,0.31867892,0.16409032,0.57678526,-0.15896725,0.41781801,-0.43081382,-0.23374296,-0.66455678,4.46790116,7.48292358,1.83737552
69159223,ampa_low,AMPA,0.004,0.09014712,-0.02039911,-0.14475418,-0.16517373,-0.04727551,0.02740386,-0.31902357,-0.30467334,0.08660472,0.35613224,-0.14283081,-0.45845581,0.51213868,0.32476658,0.49217888,0.45679226,-0.17983949,-0.2449709,0.23970759,0.24835603,0.05170549,-0.10752437,0.0684557,0.02451823,-0.47713223,1.18434684,0.70721461,-0.56516589,0.70193783,0.13677193,0.59408909,-1.31596593,-0.37814888
69366941,ampa_low,AMPA,0.004,0.12566547,0.28108103,0.27968653,0.31013379,0.11053705,0.21867649,-0.01126798,0.07569118,0.00689667,0.0470165,-0.08172628,0.16552976,0.25532631,0.28769348,-0.11412018,0.06377292,0.02662404,0.22228177,0.16508677,0.02835482,-0.37141873,-0.00726091,0.07854006,0.12611329,0.42979146,0.04003828,0.46982973,1.09812877,0.72095537,1.81908414,-7.87208179,-7.77360614,-5.0294283
69973472,ampa_low,AMPA,0.004,0.14060853,0.0973923,-0.30320635,-0.2603988,-0.02461803,0.0758889,0.12908493,0.00378646,-0.14801358,-0.10062317,0.16118392,0.02096516,0.27499751,0.62055171,0.19857217,0.17081852,0.0018639,0.08196106,0.12481058,0.26234988,0.18680388,0.28921256,-0.29648399,-0.23555401,-0.04496058,0.49056405,0.44560348,-0.16298914,1.18933972,1.02635057,2.09922387,-4.8033177,-2.83766787
70910152,ampa_low,AMPA,0.004,0.14587947,0.19756395,0.21325269,0.24866042,0.32511829,0.34752266,0.05473671,0.04232374,0.1433701,0.10548757,0.40714615,0.11178379,0.13968487,0.16941109,0.66127272,0.46040902,0.31117338,0.24836171,-0.00414484,-0.2455375,-0.37927427,-0.50432874,0.44537541,0.44133848,1.28950341,1.17408728,2.46359068,1.05334213,0.56965405,1.62299618,-13.42914765,-11.86321148,-4.48728168
72155879,ampa_low,AMPA,0.004,-0.0089138,-0.29758003,0.04352705,0.08294652,-0.03214874,-0.19242291,-0.03507169,-0.02819004,0.08669336,0.11821533,-0.14410715,-0.65287894,-0.36231925,-0.29748907,0.55537649,0.2736509,-0.05199815,-0.06664695,0.09954788,-0.00153457,0.16255962,-0.04387586,0.14780924,0.108365,-0.09002097,0.55097583,0.46095485,-0.96991007,-0.02753054,-0.99744062,7.32862293,9.65631759,2.75773724
72358748,ampa_low,AMPA,0.004,0.08307353,-0.05505528,-0.13272001,-0.15352424,0.0764494,0.07532049,0.13928918,0.08843791,0.07049506,0.24151162,-0.21472751,-0.38565722,-0.2602037,0.08475607,-0.00805002,0.14803731,-0.01925806,0.04409473,-0.059884,-0.35115398,0.01608041,-0.00397992,0.03573311,0.16379828,0.02185965,-0.29558225,-0.2737226,-0.18896672,0.08555248,-0.10341424,3.08477985,3.75666416,0.28592108
79630427,ampa_low,AMPA,0.004,0.21449209,0.234313,0.01573898,-0.06118295,0.31105323,0.38233648,-0.21155783,-0.17426632,-0.11615154,0.05053764,-0.19175294,0.26790392,-0.14566464,-0.00500608,0.0645101,-0.10463987,-0.06934632,-0.1092086,0.09620814,-0.09435429,0.16683103,0.16723389,-0.43344141,-0.51626141,0.02182198,-0.32090309,-0.2990811,0.69964177,-0.66223636,0.03740541,-0.15003937,-1.71575482,-0.10341899
80301458,ampa_low,AMPA,0.004,-0.16036489,-0.27308449,-0.02163652,-0.04827425,-0.13048014,-0.27030879,-0.17270308,-0.12687233,0.16925305,-0.01343232,-0.05742878,-0.15159613,-0.04273243,-0.03931941,0.02019704,0.12023563,0.01991844,-0.40034806,0.01253475,0.30676622,0.04879683,0.27823667,0.04586301,-0.23383882,-0.37336037,0.10457764,-0.26878273,-0.88356832,0.03173223,-0.85183608,3.9086187,2.66141583,2.35516787
80461839,ampa_low,AMPA,0.004,0.05393166,-0.31227493,-0.14194687,-0.16757377,0.29599592,0.09189683,0.11065846,-0.12701398,0.215553,0.09979566,0.03804752,-0.38549134,0.01013791,0.23540902,-0.30552883,-0.27269861,0.57071833,0.35868267,0.17523937,-0.00359998,0.03518852,-0.21298932,0.39649237,0.30544571,0.57223969,0.88224766,1.45448735,-0.80066152,0.41024949,-0.39041203,6.24415085,3.39518147,1.07941644
82149344,ampa_low,AMPA,0.004,0.24306136,0.24041131,0.20230066,0.2171226,-0.10859173,-0.05197125,0.21619302,0.28487624,0.14906403,0.0212325,-0.18365731,0.15250517,-0.20475693,-0.16171984,0.22964722,0.213628,0.01303646,0.03606398,0.02970844,0.06837779,0.11524219,0.23709785,0.01365215,0.02251543,0.51837003,0.19652953,0.71489955,0.86417658,0.41596321,1.28013979,-3.46263933,-1.07986297,-3.53934771
83490451,ampa_low,AMPA,0.004,-0.03675605,-0.06393786,0.1483636,0.07554813,0.20236036,0.27792609,0.11425455,0.06804756,0.28461717,0.27386323,-0.06682307,-0.10105248,0.012801,0.58778564,-0.03704593,0.05519813,0.40965783,0.1325927,0.02399066,0.30209339,0.80943635,0.54760706,0.17407648,-0.13698393,0.64601655,1.3929164,2.03893295,0.53039467,1.48829299,2.01868766,0.33884284,-5.07600143,-5.5812948
84037702,ampa_low,AMPA,0.004,0.15360257,0.19294612,-0.04840334,-0.0008032,0.00298895,0.03515444,-0.18961838,-0.10252133,-0.00595664,0.44980338,0.01985496,0.62446113,-0.34747086,-0.04655393,0.12987633,0.29592015,0.29064013,0.32947122,0.16094323,0.35737144,0.45473166,0.51216104,0.31915339,0.36507014,-0.06753189,1.00787388,0.94034199,1.19904054,1.81344007,3.01248061,-7.78533484,-10.23747993,-8.3289469
84828767,ampa_low,AMPA,0.004,-0.03422193,-0.0431371,-0.14569758,-0.07475209,-0.20960309,-0.09851143,0.04217929,-0.02127414,0.00177301,-0.07230902,0.34861811,0.28303531,-0.20391693,-0.05404187,-0.25687325,-0.00861065,-0.05155602,-0.42433678,-0.22242846,-0.07324037,-0.164337,0.10416167,-0.27808227,-0.54235567,0.00304781,-1.17719394,-1.17414613,-0.02694848,-0.99842367,-1.02537215,-0.66678922,-1.03745228,2.83496272
90973178,ampa_low,AMPA,0.004,0.02511272,-0.08374275,0.00152306,-0.00476776,0.19361559,0.25480269,-0.01497357,-0.12772079,-0.01531335,-0.21714999,-0.09389093,-0.10656382,-0.16527539,0.16026713,0.06754973,0.41311788,-0.27931276,-0.1703409,0.10294155,0.37109899,0.11782628,0.00630688,-0.28389224,-0.03958783,0.09607352,-0.44016283,-0.34408931,-0.28514243,0.74086215,0.45571973,-2.73730483,-6.05152565,-1.25998003
92159995,ampa_low,AMPA,0.004,-0.30918686,-0.51005396,0.18992758,0.19035075,-0.08846403,-0.17762652,0.28678809,0.16724183,0.09983352,0.09891822,-0.00462943,-0.17184561,-0.2569921,-0.39502736,0.44584206,-0.09411263,0.29385142,0.18869486,0.20591762,0.22924488,0.42576975,0.59150676,0.03196158,0.01774625,0.17426887,1.14635033,1.3206192,-0.40301529,0.53805275,0.13503746,8.53447608,7.91244885,-0.37335338
92432902,ampa_low,AMPA,0.004,0.1500885,-0.2266006,0.21163501,0.14580955,-0.08713947,-0.06781219,0.28368641,0.02384776,0.09394924,-0.13799623,-0.09490966,-0.45774749,-0.01154359,0.25425579,0.23457238,0.30229829,0.22626856,0.03151163,-0.05776873,-0.21540045,0.24497737,-0.109974,0.27914816,-0.0012856,0.55731003,0.91565415,1.47296418,-0.72049919,0.26140567,-0.45909353,1.8719621,0.95314295,1.26930796
92523261,ampa_low,AMPA,0.004,0.30230618,0.05064193,0.15300743,0.20837916,0.26491509,0.4805371,0.10659377,0.28176129,0.14040684,0.2073198,-0.2000251,-0.60465719,0.08611109,0.24592555,0.54359219,0.67505736,0.06155366,0.08096743,0.17259181,-0.14425266,0.01223526,-0.12384529,0.08392726,0.04746323,0.7672042,0.96001127,1.72721547,0.62398209,0.78131562,1.40529771,-2.40434822,-2.01242723,-3.88538602
94345446,ampa_low,AMPA,0.004,0.07785689,0.19679143,-0.15642131,-0.1981216,0.04964246,-0.01729818,-0.13207431,-0.22015902,0.33979415,0.36477852,-0.03271616,-0.50224025,-0.08645231,0.09778783,0.41069498,0.51311293,0.23817344,0.27768524,0.11001136,0.17146721,0.06185979,0.03717201,0.15716367,0.20298426,0.14608172,0.89145093,1.03753264,-0.3762491,1.30020948,0.92396038,6.05511589,4.3073624,-2.55457808
94998851,ampa_low,AMPA,0.004,-0.10449232,-0.00344475,0.04307755,0.2233771,-0.1937265,-0.10467478,0.20426735,0.21089825,-0.16579937,-0.09708276,0.16408686,0.26042616,-0.47474242,-0.30575001,0.00342392,-0.05865194,0.15977359,0.21970546,0.14296412,0.27918487,-0.20460326,-0.28865858,0.02403992,0.11752655,-0.05258644,-0.34914412,-0.40173056,0.48949922,-0.03664365,0.45285557,-3.24767144,-1.22059736,-1.25206118
97970921,ampa_low,AMPA,0.004,0.17241441,0.58103066,0.01660661,0.11793798,0.03078504,0.45597727,-0.27086408,-0.34716108,0.29893203,0.55046231,-0.03029383,0.12469742,0.06419846,0.17509159,0.47131722,0.89942175,0.59974658,0.60197999,-0.02055157,0.0837507,0.12658262,-0.0865826,0.57633114,0.70993654,0.21758019,1.81762445,2.03520464,1.48294456,2.38359797,3.86654253,-12.56311677,-13.72340101,-10.6902688
110841481,ampa_low,AMPA,0.004,-0.0204656,-0.10400119,0.11495352,0.13164734,0.02039701,0.13354014,-0.06183529,-0.00431752,0.07100865,0.37332501,-0.15863336,0.11448495,0.49763487,0.47494306,0.32830469,0.26027847,0.90231518,0.91732348,0.00339347,-0.05882653,0.02723299,-0.070518,0.67764531,0.87213562,-0.03457507,2.43652651,2.40195144,0.64467874,2.39533611,3.04001484,-7.627457,-11.6147453,-8.40507393
110937433,ampa_low,AMPA,0.004,-0.17648491,-0.10761574,-0.03659322,-0.0416727,0.03303833,-0.07104493,0.09732966,0.14922363,-0.00592332,0.18150117,0.10254569,0.13528525,0.58544667,0.48687145,0.5812104,0.90507106,0.17845622,0.01300908,0.13629926,0.28285686,0.03883211,0.14767498,0.10785735,-0.1376186,0.01391223,1.62810201,1.64201424,0.24567668,1.69786482,1.9435415,-6.28778682,-12.01940544,-5.37352969
111086310,ampa_low,AMPA,0.004,0.14340213,0.32410457,-0.14168533,-0.15859271,0.29290118,0.32445332,-0.02981729,-0.02663151,-0.04907802,0.06068689,0.02358971,0.06776669,-0.55871441,-0.41422856,-0.03610014,-0.86928811,-0.8199263,-0.13386853,0.44220434,0.63711337,0.17687167,0.04143122,-0.58275924,-0.00714739,0.23931239,-1.37842409,-1.13911171,0.59178724,-0.745988,-0.15420075,5.19672105,8.10403176,0.42633632
111096801,ampa_low,AMPA,0.004,0.18922093,0.39687113,0.05551978,-0.0614377,0.18584747,0.22480719,0.20430002,0.259909,-0.39971428,-0.13492043,-0.16806385,0.03050348,0.2473584,0.17653007,0.58279704,0.87742106,0.60157696,0.48144682,-0.06758234,0.10104264,0.29654816,-0.05465375,0.70401373,0.62638243,0.06711007,2.36471195,2.43182203,0.71573268,2.20816929,2.92390196,-7.83727776,-9.64703922,-8.08404347
111844771,ampa_low,AMPA,0.004,-0.06538902,-0.07357544,0.05422561,0.02757244,0.1320645,0.10368221,-0.23568038,-0.32122127,0.10919641,0.13552883,0.18090215,0.08214699,-0.00515174,0.33179772,0.56581224,0.38702298,0.6279931,0.47936253,0.26942396,0.13174014,-0.2199058,-0.30395979,0.32113646,0.26185783,0.17531928,1.55930822,1.7346275,-0.04586624,1.28782142,1.24195518,-4.5468506,-9.30706608,-3.4337744
112091464,ampa_low,AMPA,0.004,0.02049878,0.11489227,0.02383978,-0.20994406,0.25529895,0.31792728,-0.34373186,-0.33500278,0.33695874,0.30971543,0.06575838,0.62957766,0.45173573,0.20185977,0.61400392,0.44476526,0.09551088,0.05053299,0.23036268,0.35378694,-0.10642011,-0.08248666,0.09266918,0.08975692,0.35862278,1.37786228,1.73648506,0.8271658,1.05821521,1.88538101,-11.38305192,-16.36829991,-5.21272678
112517217,ampa_low,AMPA,0.004,0.17068686,0.02961969,0.0155709,0.07294232,0.03182555,0.24269726,0.06774599,-0.0127701,0.14249545,0.43544899,0.02371053,0.18673015,-0.58792977,0.06202819,-0.04442741,-0.12377991,0.62301503,0.50113697,0.05170605,-0.04388526,-0.05654229,0.16021525,0.68670728,0.63681904,0.45203527,0.67252889,1.12456416,0.95466831,1.19253428,2.14720259,-5.14464864,-5.39992662,-5.93661459
112917188,ampa_low,AMPA,0.004,0.24055792,0.47824431,0.1231186,0.24525834,0.11731869,0.25270113,-0.033751,-0.00757583,0.29141831,0.369986,-0.12324971,0.06154987,-0.08781256,0.07039468,-0.01506417,-0.23012934,0.04935003,0.26228612,0.18964036,-0.06514512,0.1520839,0.09471943,0.11376182,0.24430455,0.61541281,0.40195937,1.01737219,1.40016382,0.37643032,1.77659415,-4.36175724,-1.27401884,-4.91195139
112957066,ampa_low,AMPA,0.004,0.35850897,0.26347579,-0.02708176,-0.13551147,0.2831477,0.31002775,0.05549427,0.17327622,-0.12022198,-0.03219537,-0.31235594,0.05674669,0.06065134,0.04346985,0.16065696,0.40071517,0.39791373,0.63847351,0.08890522,0.18632613,0.38864142,0.20252213,0.2096375,0.46827098,0.23749125,1.30640616,1.54389742,0.63581961,1.93977777,2.57559738,-0.62535559,-3.92068551,-7.12104629
113174215,ampa_low,AMPA,0.004,0.0644331,0.07310768,-0.07863947,-0.1307287,0.1166027,0.04534707,-0.02560417,0.08911506,-0.20671241,-0.16922002,0.17371722,0.2000815,0.3540074,0.73754519,0.2848475,0.23313692,0.70647138,0.72831401,0.03246158,0.2691286,0.41173929,0.07731637,0.58160023,0.64866511,0.04379696,2.3711274,2.41492436,0.10770258,2.6941062,2.80180879,-5.07233966,-12.46524217,-7.74647862
113237194,ampa_low,AMPA,0.004,0.19124757,0.34638145,-0.01188969,-0.11576306,0.03536302,0.0844575,0.11755568,0.18780693,0.08226643,0.08405861,0.05648542,0.27512015,-0.25412725,-0.03285624,0.33882906,0.54868819,0.19467845,0.32618382,-0.10396568,0.07803043,0.01692391,0.22273839,-0.00230491,0.17307292,0.47102843,0.19003358,0.66106201,0.86206157,1.31585751,2.17791909,-3.536735,-5.12507281,-6.02153999
113387068,ampa_low,AMPA,0.004,0.40426098,0.09948996,-0.30187954,-0.30678745,0.34053368,0.28249223,-0.10234997,0.03492887,0.12512601,0.45737198,0.21203963,-0.24207488,0.34933243,0.40223447,0.23502867,0.42360111,0.61221405,0.22813108,0.19803522,0.37496345,-0.32779738,-0.16999516,0.43073291,0.18213175,0.67773079,1.49754589,2.17527668,0.32542071,1.4410667,1.76648741,-0.23979458,-4.26876201,-4.88400815
114552708,ampa_low,AMPA,0.004,0.32952421,0.59949954,0.05786582,0.01740237,-0.05796638,0.16805969,0.03752322,-0.12861243,0.19918882,0.25822239,0.15828263,0.56329113,0.38486619,0.42866406,0.14286103,0.45454994,-0.1890688,-0.15669156,0.25195977,0.59077727,0.08646145,-0.17979797,0.05843061,0.17808782,0.72441832,0.73551025,1.45992858,1.4778627,1.31558957,2.79345226,-16.98136266,-18.10553184,-7.7233744
115212275,ampa_low,AMPA,0.004,-0.10146562,-0.02977162,0.15386601,0.052526,0.15763608,0.07032689,-0.04647803,-0.07869366,0.12885778,0.21998169,0.08494099,0.41226596,-0.11596122,-0.02757803,-0.00724736,0.08667243,0.27395165,0.28273362,-0.04605204,0.00909688,-0.4728516,-0.228717,0.18466873,0.31332237,0.37735722,-0.18349184,0.19386537,0.64663526,0.43553028,1.08216554,-7.93099724,-8.4481326,-2.99198583
115364303,ampa_low,AMPA,0.004,-0.18659502,-0.4605465,-0.02704977,-0.1453011,0.29610823,0.15937671,0.18213384,0.07382227,0.21836119,0.13114651,0.08570085,0.00336043,0.39226091,0.16929246,0.00902593,-0.02345348,0.18148093,0.14997489,0.02172085,-0.19049579,0.4205011,-0.12578884,0.20626972,0.23619747,0.56865932,1.23125943,1.79991875,-0.23814167,0.21572672,-0.02241496,-1.42271187,-4.15720575,0.06197317
117385823,ampa_low,AMPA,0.004,0.23046366,0.54234949,-0.01094035,0.01210287,0.00763058,0.10007946,-0.017298,-0.11223789,0.18024161,0.47674503,0.05455976,0.55432458,0.62433915,0.65458703,0.1999713,0.11279846,0.66607164,0.66182447,0.11735047,0.19784157,0.49075445,0.13811614,0.72008044,0.72138584,0.44465726,2.81856746,3.26322471,1.57336355,2.48655351,4.05991706,-12.81974214,-16.08049848,-11.22491331
118382279,ampa_low,AMPA,0.004,-0.00958645,-0.00881631,0.04416438,-0.08150105,0.03756645,0.01077231,0.02755781,0.10750079,-0.00736,0.04754992,-0.44966322,-0.15698985,-0.04269119,0.06795447,0.34081796,0.41217336,0.317693,0.16904544,0.27592515,0.42221287,0.29555033,0.10217646,0.09697937,-0.02255563,-0.35732103,1.28427463,0.9269536,-0.08148418,1.15100699,1.0695228,2.87926689,-0.1802007,-2.95703103
121801833,ampa_low,AMPA,0.004,0.01520472,0.04328263,0.01772791,0.07249035,-0.23833723,-0.2789935,-0.07909801,-0.11905261,-0.11163032,-0.1336071,0.01859347,-0.21125447,-0.14567092,0.07453598,0.36897185,0.10916223,0.61481661,0.59091462,0.41512316,0.44986178,0.13976573,0.12590398,0.08603078,-0.08877513,-0.37753946,1.47903722,1.10149776,-0.6271347,1.26160345,0.63446875,9.8337153,5.66117911,-1.75418774
122083369,ampa_low,AMPA,0.004,0.05813438,0.3437357,0.22652412,0.28820134,0.03185643,-0.05434511,0.14364541,0.05221118,0.10712089,0.18837139,0.0753509,0.34244284,0.17372856,0.20269552,0.14280255,0.19861343,-0.11161268,0.35596425,0.13131699,0.20422936,-0.04935278,0.08600847,-0.04216366,0.34966914,0.64263213,0.24471898,0.88735111,1.16061734,1.39718017,2.55779751,-9.24077386,-9.02940076,-7.07183297
122408481,ampa_low,AMPA,0.004,0.28665851,0.53218114,-0.2547019,-0.20262036,0.05430967,-0.22069597,0.16526996,0.40541461,-0.19433739,-0.12131077,0.12750271,0.21055864,0.03095137,0.20343975,0.14842408,0.16426494,0.42890576,0.78111434,0.31827365,0.45100382,0.10483434,-0.26318538,0.35547679,0.84569253,0.18470155,1.38686599,1.57156754,0.60352729,2.18233,2.78585729,-3.43365324,-4.28908005,-7.70237571
123660597,ampa_low,AMPA,0.004,-0.02190444,0.15590006,0.03842167,0.16084764,-0.08655727,-0.10901643,0.27723036,0.34546102,0.20784948,0.26686883,-0.18734481,0.12647258,0.07679878,0.80096841,0.39052895,0.674605,-0.0312892,-0.08140348,0.55118215,0.99264259,0.44925895,0.25942536,0.23572802,0.06023887,0.22769498,1.67220764,1.89990262,0.94653369,2.70647676,3.65301045,-10.60937729,-15.39325065,-10.09989242
123930959,ampa_low,AMPA,0.004,0.08531037,0.32533607,0.13794007,0.05365345,0.02493311,0.23606597,0.09099934,0.15796134,0.3108902,0.14760978,0.3453943,0.70546219,0.52635033,0.90681547,-0.12340493,0.42105731,-0.20519927,0.20882387,0.37384064,0.21984802,0.03698258,0.00636643,-0.29649209,0.20942788,0.99546739,0.31207728,1.30754466,1.62608881,1.97233898,3.59842779,-18.50568441,-23.97990042,-9.94898155
124782577,ampa_low,AMPA,0.004,0.11582787,0.1599019,-0.0273378,-0.14060668,0.06896069,0.19579498,0.01873773,0.12589875,-0.01053945,0.01841297,0.37183758,0.729459,0.26766805,0.17894551,-0.03727058,0.01207134,0.2314592,0.14292712,0.095569,0.15877907,-0.01129073,-0.06448398,0.10569688,0.10411165,0.53748662,0.65183182,1.18931844,1.08886093,0.53235071,1.62121164,-10.12371525,-12.85512669,-4.48234774
125237313,ampa_low,AMPA,0.004,0.02162164,0.25699068,0.05835819,0.16747175,0.30305253,0.31874927,0.30663237,0.18321593,-0.11101593,-0.10390789,0.11414954,0.21165667,0.67854656,0.08527816,0.55183838,0.67929851,0.45456107,0.28503035,0.27554954,0.34408173,0.06056345,-0.17611724,0.24222742,0.15658298,0.69279834,2.26328642,2.95608476,1.03417641,1.37415448,2.40833089,-9.26144894,-11.10503758,-6.65858565
125339679,ampa_low,AMPA,0.004,-0.2135663,-0.17010136,-0.26875261,-0.1785882,0.05050754,0.06372587,-0.00413124,-0.01062491,0.18740521,0.41968932,-0.20578212,-0.14271107,0.31098716,0.64850168,0.4247843,0.40624682,0.13151425,0.17079536,0.04855541,0.25758762,-0.13114187,-0.25493942,0.00887095,0.06720818,-0.45431952,0.79357021,0.33925068,-0.01861035,1.29540024,1.27678989,-2.75201236,-8.16564318,-3.53008587
125524260,ampa_low,AMPA,0.004,-0.18259039,-0.26227825,-0.1438634,-0.34028886,-0.19526014,-0.13464331,0.20203708,0.09348094,0.08160802,-0.0143803,0.10875139,0.06878926,-0.70058924,-0.16280001,0.51832992,0.52337809,0.83114584,0.78106207,0.52959291,1.0112481,-0.2606411,-0.09796336,0.69495924,0.73843557,-0.12931744,1.61279757,1.48348012,-0.58932053,2.79336045,2.20403992,3.20849506,-3.37535255,-6.09375922
130293488,ampa_low,AMPA,0.004,-0.00800608,0.04449973,0.08808174,0.02929118,0.22870309,0.32613869,-0.09526961,-0.22807046,0.01413037,0.05213253,-0.26923539,-0.4396543,-0.01903369,-0.00197115,0.70787119,0.88732294,0.34260608,0.37219685,0.21771558,0.32983752,0.43379602,0.2548921,0.24080505,0.22990576,-0.04159588,1.92376024,1.88216435,-0.21566262,2.07218401,1.85652139,2.6257564,-1.58302149,-5.13293531
130597088,ampa_low,AMPA,0.004,0.13990062,0.36454494,-0.00284873,0.10372691,0.08093575,0.14715514,-0.0975258,-0.04348869,0.23425041,0.42998669,0.05594641,0.48238311,0.26583233,0.0489559,0.55036594,0.32419055,0.56520782,0.41317495,-0.24727611,-0.21214495,-0.04834354,-0.13741379,0.6878523,0.52999518,0.41065865,1.77363874,2.18429739,1.4843081,0.96675783,2.45106593,-12.7430099,-11.46867785,-6.77674006
134330542,ampa_low,AMPA,0.004,0.1037979,-0.02583032,0.11921283,0.23001619,0.21114537,0.35344694,0.0900717,-0.14568583,-0.036088,0.01835668,0.01812425,-0.03989562,0.1114786,0.21085837,0.15473556,-0.09272041,0.53528656,0.47836109,0.25913255,0.47784337,0.03368934,-0.11534469,0.59835714,0.46714753,0.50626405,1.69267976,2.19894381,0.39040804,1.42614525,1.81655329,-3.70204688,-6.32546329,-5.02243098
135517362,ampa_low,AMPA,0.004,0.0212746,0.04397017,-0.16489985,-0.11305244,-0.05390899,-0.0795317,-0.16771988,-0.16303424,0.05443777,0.10220371,-0.11467579,0.20333553,-0.00204627,0.72692978,0.53470925,0.74490687,0.0379798,0.07910847,0.34522516,0.50849716,-0.37714897,-0.28768308,0.16692034,0.07059223,-0.42549214,0.70563931,0.28014718,-0.00610897,1.84235143,1.83624246,-9.53089111,-16.24224209,-5.07686785
135672596,ampa_low,AMPA,0.004,-0.24225136,0.00689948,-0.33839836,-0.32015012,-0.07011522,0.05690307,0.10282456,0.108788,0.47390295,0.36123113,-0.29206794,-0.15897215,-0.20828223,0.33598217,0.68327555,0.89458916,-0.42584323,-0.17044792,-0.00671594,-0.01870682,-0.22689146,-0.07912785,-0.14351281,-0.10125354,-0.36610536,-0.32797012,-0.69407548,0.0546994,0.8610352,0.9157346,-3.06801074,-6.1253123,-2.53183534
135736530,ampa_low,AMPA,0.004,-0.08066758,-0.32189111,0.26367057,0.11902381,-0.14012797,-0.08303567,-0.06868393,0.16396288,0.36280348,0.30854767,-0.13012752,-0.49617304,0.1961493,0.31949874,0.89967807,0.67127307,0.32169841,0.40448611,0.16830499,0.26298628,0.07413135,0.13585421,0.25640359,0.43915719,0.20686705,1.91636571,2.12323276,-0.30956546,2.23325561,1.92369014,0.91855093,-2.42678517,-5.31864438
136295480,ampa_low,AMPA,0.004,0.02651992,0.17731246,-0.23644013,-0.13866113,-0.03330865,0.08498887,-0.01806773,0.1639702,-0.01617087,-0.26219509,0.29483166,0.27626862,-0.17151618,0.24007763,0.29831715,0.16492271,0.42149637,0.44108375,0.03358894,0.27110965,0.47590419,0.08518165,0.34664401,0.38782437,0.0173642,1.40443448,1.42179868,0.30168393,1.59019977,1.89188371,-3.34405998,-7.28273817,-5.23070552
136348275,ampa_low,AMPA,0.004,0.30844103,0.6380103,0.0282337,0.00327961,0.20808239,0.22352995,0.04473485,0.10616325,-0.12036088,-0.20232298,-0.26131847,-0.06181395,0.21242734,-0.03804863,0.05165708,-0.17971196,0.02823301,0.07936249,-0.31888083,-0.12074717,0.35629545,0.10229499,-0.29078136,-0.29591232,0.20781262,0.03895069,0.2467633,0.70684618,-0.4527626,0.25408359,3.87487113,5.80514509,-0.70249372
136981533,ampa_low,AMPA,0.004,-0.29746213,-0.18536497,-0.25383691,-0.11397936,-0.0598801,0.01082975,0.07622504,-0.13641623,-0.25263523,-0.32242227,0.10733027,0.35261709,-0.24518044,-0.31792731,0.39940892,0.683123,0.11652719,0.22775142,-0.07604518,0.19579794,0.06073931,0.13907626,0.36312702,0.20944071,-0.68025908,0.61857683,-0.06168225,-0.39473599,1.13726202,0.74252604,-2.91324587,-7.04222584,-2.05294597
137280633,ampa_low,AMPA,0.004,-0.06507823,0.09089482,0.08564286,0.05855582,0.09976772,0.25269053,-0.07991011,-0.10489591,0.05957493,0.06344384,-0.14780457,0.21125102,-0.0735653,-0.0427127,-0.10996295,-0.21847803,0.05531941,0.33066852,-0.05912901,0.10564957,0.08787156,0.09579323,0.17294268,0.48076939,-0.0478074,0.07347641,0.02566901,0.57194012,0.75168998,1.32363011,-3.88552461,-4.15516849,-3.65959033
138390224,ampa_low,AMPA,0.004,0.02774141,0.46621486,0.22886286,0.14767847,0.29463681,0.25869991,-0.05169767,-0.11563141,-0.21427458,-0.37003208,0.08016734,0.33402718,0.29766381,-0.08916742,0.07380606,-0.11073349,-0.13610742,0.22029827,0.0480841,-0.01310272,0.07454439,0.17040013,-0.03712369,0.34418009,0.36543617,0.32086725,0.68630342,0.72095693,0.52187487,1.2428318,-5.93695055,-4.93853165,-3.43619807
140267022,ampa_low,AMPA,0.004,-0.12029243,-0.15904378,0.02374527,0.05168472,0.29189674,0.26759812,0.14938276,0.16540035,0.28413447,0.417605,0.00624887,-0.1005907,-0.77983246,-0.79459591,1.29389157,0.66664435,0.36475056,-0.10703203,0.75639014,1.05623967,1.36560218,1.032025,0.62559711,0.23846726,0.63511567,3.62639909,4.26151477,0.64265371,2.09174834,2.73440205,2.98453504,2.5881677,-7.56011157
141253295,ampa_low,AMPA,0.004,0.19088557,0.50149401,0.0689203,0.05130819,0.18562802,0.18921111,0.12508838,-0.04311314,0.14134801,0.10039436,-0.00907086,-0.23021104,0.1686656,0.04148542,1.64163047,1.64985753,1.11308447,0.9165341,1.42221778,1.79280284,0.25179285,-0.04741119,0.99797671,0.95595567,0.70279941,5.59536789,6.2981673,0.56908349,5.30922437,5.87830786,-5.48505,-12.19301005,-16.25242465
141542924,ampa_low,AMPA,0.004,0.17428164,0.4659799,-0.18719843,-0.24333947,-0.14613032,-0.07239695,0.31019717,0.26938331,0.3390623,0.43033056,0.01517043,0.57128871,1.20832531,1.59748384,1.42315054,1.57038981,1.29728841,1.34253135,1.76417278,1.8580491,0.70165676,0.76456839,1.14110108,1.26802407,0.50538279,7.53569488,8.04107767,1.42124606,8.40104656,9.82229262,-16.19527424,-34.45929372,-27.15680677
141831212,ampa_low,AMPA,0.004,0.32174776,0.36775406,0.04332931,0.19659769,0.10823179,0.14208695,0.32564758,0.17205635,0.07917138,0.17695537,0.10458419,-0.1074093,0.45012004,0.50985131,1.22900088,1.41145993,1.1238731,0.76549634,1.1188253,1.37171492,0.20219743,0.3225615,1.14913012,0.60703419,0.98271201,5.27314687,6.25585888,0.94804113,4.9881182,5.93615933,-7.28047925,-15.1709171,-16.41237315
142392893,ampa_low,AMPA,0.004,-0.51250223,-0.26165911,0.17372504,0.09730816,-0.34470955,-0.2557579,-0.07618588,0.00329047,0.16232633,0.0140346,-0.14930351,-0.16960274,0.9167783,1.06368867,1.27842521,1.39612982,1.02855261,0.95172134,0.88227443,1.08795298,0.50894287,0.94732496,0.86522617,0.74351737,-0.7466498,5.48019958,4.73354978,-0.57238653,6.19033514,5.61794861,-2.45024132,-17.5219032,-15.53257988
143669176,ampa_low,AMPA,0.004,-0.07035646,0.0748972,0.07448656,0.12282658,-0.03977246,-0.05077194,0.22649841,0.19834757,0.2153,0.07511077,-0.01306569,0.24497942,0.14737182,-0.24695114,-0.12503308,0.20186101,0.15936234,0.27749746,-0.24202648,-0.11478819,-0.04181929,0.34208648,0.12277154,0.5066928,0.39309036,0.02062685,0.41371721,0.66538961,0.96639842,1.63178802,-4.68748145,-2.90568345,-4.51158947
144855245,ampa_low,AMPA,0.004,0.37965516,0.3908041,0.01792105,-0.26160979,0.1749924,0.08846397,-0.06060797,-0.10951498,0.18854887,0.37216973,-0.18280421,-0.05160014,0.62926449,0.4375398,1.37510322,1.26175176,1.13547698,0.97120773,1.09851311,1.36699859,0.34612439,0.3867135,1.16629705,0.86195352,0.5177053,5.75077924,6.26848454,0.42871289,5.2861649,5.7148778,-2.03425472,-12.09678806,-15.800571
144964754,ampa_low,AMPA,0.004,0.09386831,0.0807553,-0.03766839,-0.166804,0.20093912,0.01610338,-0.06963756,-0.17375349,0.23576519,0.26356555,0.06388699,0.37342019,1.01890513,0.96681029,1.48456409,1.09137034,1.20234948,1.39419163,1.17073942,1.24308726,0.18730271,0.06013939,1.34559586,1.57916291,0.48715367,6.40945669,6.89661036,0.39328693,6.33476183,6.72804875,-13.70938304,-27.01464737,-18.60179969
146042158,ampa_low,AMPA,0.004,0.17532199,0.3699095,-0.00351688,-0.04089246,-0.0468225,-0.02500975,0.19190233,0.21965459,-0.05252702,-0.19443731,0.02517644,0.09295656,-0.55578338,-0.37707276,0.29849163,-0.0009797,0.18582057,0.45740979,0.11804297,0.37674987,-0.31610668,0.03323996,0.12044845,0.36486773,0.28953435,-0.14908644,0.14044791,0.42218112,0.85421489,1.27639601,2.68883758,4.02547872,-3.52899685
146061521,ampa_low,AMPA,0.004,-0.0010028,0.30595535,-0.0312996,-0.14920818,0.20317117,0.1118043,0.27182851,0.48747209,0.20506905,0.26969453,-0.13543894,-0.2565431,-0.61245506,0.06483258,-0.26973399,-0.07094111,-0.21506032,0.00424271,0.47948267,0.47791717,-0.42219378,-0.1109629,-0.09392343,0.23865086,0.5123274,-1.13388391,-0.62155652,0.76917499,0.60373931,1.3729143,0.91262429,3.28140695,-3.79585192
146750740,ampa_low,AMPA,0.004,-0.29971061,-0.15745141,0.039935,0.08701425,0.30595696,0.28595599,0.19215577,0.12387554,0.09098292,0.07558889,-0.21603961,0.20026912,0.01786088,0.01144447,0.02757486,0.15677868,-0.0017794,0.2510574,-0.19716733,-0.069071,-0.12789306,-0.01449636,0.03737285,0.25068015,0.11328042,-0.2440312,-0.13075078,0.61525238,0.58639333,1.20164571,-5.80112167,-7.12425548,-3.32232622
146906985,ampa_low,AMPA,0.004,0.17772744,0.16753099,0.0867053,-0.18188413,0.4291401,0.46408468,-0.10368267,0.07148953,0.05163071,0.0041347,0.06105606,0.15360776,1.02955102,1.28131557,1.60242011,1.62042796,1.12247277,1.44660986,1.0985508,1.35367999,0.59234506,0.50172376,1.09871609,1.30060047,0.70257694,6.54405586,7.2466328,0.67896352,7.50435759,8.18332111,-12.10043197,-30.23554274,-22.62535629
147701848,ampa_low,AMPA,0.004,0.05952252,0.30633106,0.29413829,0.38844518,0.37632926,0.40671619,-0.0692159,-0.07096715,0.038521,-0.07169374,0.00583672,-0.12202262,0.60658338,0.09973297,0.90648782,1.39403891,1.18278037,1.20624409,0.93468935,1.07696556,0.11122132,0.18384881,1.25107845,1.30662824,0.7051319,4.99284068,5.69797258,0.83680892,5.26745859,6.10426751,-10.04954031,-15.94089002,-16.87716092
148868119,ampa_low,AMPA,0.004,0.11205681,0.28791656,0.04215635,0.02970722,-0.07578513,0.08312803,0.25015015,0.16528782,0.21649395,0.27834731,-0.23230865,0.1888008,0.5037114,0.54630999,1.53874872,1.18546331,1.51539222,1.54616927,1.39282684,1.61790057,0.45887755,0.43814445,1.59781651,1.66192703,0.31276348,7.00737323,7.32013671,1.03318774,6.99591462,8.02910236,-9.5667018,-20.10778585,-22.19897021
148952494,ampa_low,AMPA,0.004,0.16400786,0.11597186,0.20564405,0.20618622,0.29664481,0.27545307,0.14954141,0.06242094,-0.06610661,-0.17108584,-0.30570926,-0.54846734,-0.15884018,-0.19441426,-0.07489419,-0.29514538,-0.07053187,0.28571648,0.00572572,0.2390855,0.31472481,-0.12546929,0.09033414,0.3823219,0.44402225,0.10651842,0.55054067,-0.05952109,0.29209495,0.23257386,5.39322941,8.19251246,-0.64302335
149709982,ampa_low,AMPA,0.004,0.12832451,0.32119828,-0.05682668,-0.05847941,0.11353317,0.25030732,0.00461465,-0.05733101,0.2242319,0.30317169,-0.4307844,-0.21523226,0.24979763,0.5975793,0.94435579,0.92226807,1.17213783,1.40466637,1.10005084,1.12103115,0.22970622,1.11774612,1.2872942,1.42027301,-0.01690686,4.9833425,4.96643564,0.54363461,6.58356402,7.12719863,0.2912302,-10.62747879,-19.70537463
149839536,ampa_low,AMPA,0.004,-0.06536902,0.10788874,-0.03358626,-0.02397426,0.17870719,0.1054569,0.10637678,0.070208,0.14608386,0.01080426,0.19037328,0.50885171,-0.20598092,0.23923987,0.34228307,0.22777354,0.16785448,0.52790501,0.45961098,0.52270164,-0.15797294,0.22672467,0.10362367,0.49569316,0.52258582,0.70941834,1.23200416,0.77923535,2.24003788,3.01927323,-7.42923689,-12.39384061,-8.34772724
150038288,ampa_low,AMPA,0.004,0.02022674,0.15833794,-0.08630796,-0.24246484,0.16677152,0.19304266,-0.12179624,-0.02135008,0.25759711,0.40359586,0.0102016,0.09480471,0.64066265,0.75794486,1.53880455,1.5751268,1.51176839,1.51199086,1.3449077,1.26106875,0.29010795,0.34224813,1.63836163,1.60953483,0.24669277,6.96461287,7.21130565,0.58596625,7.05791423,7.64388048,-9.75693136,-23.25237742,-21.13390358
150237087,ampa_low,AMPA,0.004,-0.25989142,-0.22900333,-0.05752272,-0.17760301,-0.23668333,-0.24348508,0.13123153,-0.00558779,-0.01695298,0.08630582,0.05412754,0.60513767,0.27311086,0.59517544,0.00939146,0.28118093,0.22200273,0.53619871,-0.14108669,-0.25839389,-0.05744003,0.1326466,-0.07079172,0.26618596,-0.38569138,0.23518661,-0.15050478,0.03576428,1.55299376,1.58875804,-6.75828069,-14.09704991,-4.39261959
150299361,ampa_low,AMPA,0.004,0.35660504,0.73812675,0.13539065,-0.01092893,0.01345,0.10830034,-0.1829025,-0.37815031,-0.24229349,-0.34025426,-0.14548722,-0.30233398,0.13781489,0.15744413,0.35293229,0.49657938,0.31795769,0.12790011,-0.04704549,0.00148379,0.4579904,0.24726645,0.36397969,0.38301604,-0.06523752,1.58362948,1.51839195,-0.18524038,1.4136899,1.22844951,-0.56881989,-0.47496816,-3.39643374
151408587,ampa_low,AMPA,0.004,-0.01563055,0.0896406,-0.05801285,-0.04296703,0.16653282,0.28540308,0.2515972,0.13285591,0.06793337,-0.12096642,-0.09009581,0.30936652,-0.27684424,-0.02451185,0.25891685,0.15370991,0.42938177,0.51803831,0.06297366,0.25420143,0.34215251,0.04212302,0.23283165,0.30483487,0.32232417,1.04941221,1.37173637,0.65333266,1.24839571,1.90172837,-3.04939287,-6.26184765,-5.25792417
152769231,ampa_low,AMPA,0.004,-0.1384453,-0.10745312,-0.15853724,-0.21182353,0.18424434,-0.01404138,0.13898449,0.08558542,0.4883644,0.57024484,0.09071611,0.4642944,0.08140441,0.45330471,0.08317947,0.12574312,0.00113468,0.08834256,0.10153198,-0.03654649,-0.02558419,-0.32861149,0.0293649,0.0819035,0.6053268,0.27103125,0.87635805,0.78680664,0.38413592,1.17094256,-9.4723198,-12.27746981,-3.23743774
152958814,ampa_low,AMPA,0.004,0.2693172,0.37330522,0.27557389,0.2844037,0.04803292,0.19314234,0.03876095,0.01645045,0.06858712,-0.066589,-0.0078364,0.431531,0.23863276,0.27732973,0.0880936,0.41437696,-0.04444606,0.12980639,0.20173981,0.3714154,-0.17194701,0.20069951,0.0923585,0.03990089,0.69243569,0.4044316,1.09686729,1.2322437,1.43352888,2.66577258,-11.16158907,-13.31168874,-7.3703639
153450897,ampa_low,AMPA,0.004,0.04952218,0.28423031,0.0370001,0.17809691,0.04573237,0.22502262,-0.04410601,-0.0326474,0.24258307,0.28256723,-0.07308677,0.06466585,0.58292569,1.15023913,1.60316362,1.35348802,2.07201638,1.91252741,1.28028782,1.23700224,0.25136925,-0.02391529,2.09225078,2.02580496,0.25764493,7.88201353,8.13965846,1.00193552,7.65514648,8.657082,-16.53275644,-29.09703617,-23.93521677
154461990,ampa_low,AMPA,0.004,-0.37594243,-0.19158224,0.25753621,0.24810644,-0.26711449,-0.21903681,0.11762964,0.24385717,0.13445319,0.14535103,0.09017206,0.32176201,0.47471467,0.63984504,1.184488,0.94908657,1.03322541,0.98324866,1.36211273,1.70629619,0.64302477,0.66622734,0.91221497,0.8954961,-0.04326581,5.60978055,5.56651473,0.54845759,5.8401999,6.38865749,-8.11786353,-19.74005912,-17.66344616
154704064,ampa_low,AMPA,0.004,0.01037316,0.36425393,0.48876803,0.54535463,-0.1142944,-0.11070821,-0.11684384,-0.2160835,0.35226408,0.47857833,-0.24020907,0.29699545,0.33584066,0.63811783,0.39523425,0.60970072,-0.06721531,-0.10864378,-0.25995171,-0.30648692,-0.08488607,0.16580705,-0.05699004,-0.04202319,0.38005797,0.26203177,0.64208975,1.35839063,0.95647171,2.31486234,-16.76141863,-16.01664322,-6.40016253
155190506,ampa_low,AMPA,0.004,-0.18806967,-0.29662242,0.14144492,0.07456381,-0.06623982,0.01110939,-0.16414481,0.00845744,0.15503686,0.14235062,0.24670571,-0.23750649,0.15119008,0.47213084,0.3509807,0.32715845,-0.00266265,0.1256706,0.48800116,0.75501588,0.02818377,-0.02742519,-0.01482698,-0.03886842,0.1247332,1.00086608,1.12559928,-0.29764765,1.61368215,1.3160345,0.30059412,-5.45583744,-3.63858988
155379621,ampa_low,AMPA,0.004,0.042626,0.26734941,-0.07911981,-0.0973631,0.19384421,0.1615733,0.00405151,-0.03784497,-0.29796499,-0.21496101,0.06352172,0.19306965,0.62982433,0.60893665,1.81212245,1.78660672,1.28625563,1.18035354,1.70808047,1.68220395,-0.17826242,-0.08899539,1.14552351,0.98520475,-0.07304136,6.40354397,6.33050261,0.27182328,6.15431021,6.42613349,-10.61159147,-24.34719433,-17.76706031
156021841,ampa_low,AMPA,0.004,0.3602944,0.28010001,-0.19054625,-0.37521747,0.40902812,0.51962919,0.38018884,0.2081276,0.20374432,0.31111236,0.05308789,0.29194487,0.668047,0.72873907,1.70806439,1.65721921,1.40468362,1.43124297,1.46269857,1.66452165,0.18671351,0.38843712,1.2239742,1.48247834,1.21579732,6.6541813,7.86997862,1.23569656,7.35263836,8.58833493,-11.91921062,-27.05761678,-23.74514392
157312444,ampa_low,AMPA,0.004,0.10914502,0.27051067,0.14703832,0.10491395,-0.03556029,-0.00893009,-0.09799936,-0.10558053,0.09387374,-0.09761154,-0.00733964,0.30675337,1.33399647,1.16659199,1.8944298,2.0455986,1.37652408,1.16720766,1.61564068,1.83946657,0.78088046,0.47122464,1.3908005,1.15051322,0.2091578,8.392272,8.6014298,0.47005582,7.84060269,8.31065851,-16.72574307,-33.63170789,-22.97742043
157655614,ampa_low,AMPA,0.004,0.09185281,0.130857,-0.12563091,-0.12670376,0.1848223,0.07448009,0.02322477,-0.09860094,-0.04676974,-0.11051508,0.01429785,0.15898624,1.10932725,1.24402314,1.22218317,1.24190744,1.15293286,0.99795485,1.36918228,1.40959207,0.64052482,0.11454415,1.00518204,0.91450941,0.14179708,6.49933241,6.6411295,0.02850354,5.92253106,5.9510346,-10.79853157,-26.18757482,-16.4535005
157691935,ampa_low,AMPA,0.004,0.12741366,0.10496523,0.16149032,0.23119128,-0.10999072,-0.16420825,0.37012078,0.29477741,0.22756976,0.40226075,0.29744079,0.58282868,0.39298864,0.51483016,0.07642975,0.03228863,0.38486112,0.10679445,-0.00101264,0.05244065,0.18719682,-0.15195235,0.41874912,0.11618712,1.0740446,1.45921281,2.53325741,1.45181511,0.67058865,2.12240376,-14.14344521,-14.25655258,-5.86805046
159066706,ampa_low,AMPA,0.004,0.15530343,0.42503357,0.11962481,0.19120211,0.06692718,0.09747696,0.3304208,0.30222271,-0.07649543,0.04536413,-0.02296027,0.33189442,2.4578655,2.61539961,2.11081117,2.60116301,2.2725388,2.6134605,1.62808213,2.0355372,1.78443468,2.34753325,2.34458461,2.62808296,0.57282052,12.59831689,13.17113741,1.39319391,14.84117654,16.23437045,-21.28884731,-51.30566226,-44.88500577
160259456,ampa_low,AMPA,0.004,0.3270882,0.37968498,0.07199248,0.0652761,0.08624152,0.22003553,0.07874551,-0.0028865,-0.25772303,-0.11487582,-0.09544697,-0.03603315,0.83535623,0.78503881,1.3099944,1.29871509,1.19594375,1.24376624,0.97594263,1.17925634,0.0195797,0.25099021,1.1069927,1.05741148,0.21089771,5.44380941,5.65470713,0.51120114,5.81517818,6.32637932,-7.64493763,-18.96498778,-17.49125864
161239003,ampa_low,AMPA,0.004,-0.05111655,0.06593627,-0.0174678,-0.06594758,-0.04458192,-0.07256072,0.10417252,-0.01477184,-0.06275937,-0.09840621,-0.18227298,0.05402491,0.39566338,0.44941565,0.3062006,0.20954686,-0.27962026,-0.23302923,0.1957001,0.3266419,-0.35092701,-0.05225418,0.00346236,-0.09225707,-0.2540261,0.27047918,0.01645308,-0.13172516,0.60806393,0.47633876,-4.29656924,-7.01710231,-1.31698782
162353055,ampa_low,AMPA,0.004,0.11950982,0.2293777,0.07048834,0.01547853,0.22715701,0.17453475,0.20901821,0.26244756,0.17185647,0.03725218,0.15921646,0.13169931,0.00469981,0.47669732,0.47313659,0.54459326,0.11317531,-0.22188122,0.03621825,0.12061075,-0.31169987,-0.24599911,0.01709041,-0.29241202,0.9572463,0.3326205,1.2898668,0.85079003,0.38160897,1.232399,-9.17570223,-10.8374815,-3.40735333
162354840,ampa_low,AMPA,0.004,-0.20938076,-0.43746285,0.13126789,0.13286032,-0.2094941,-0.43730956,0.01631974,-0.04690422,0.10890159,0.21976754,0.17392599,0.01959643,-0.28088112,0.27653017,0.26080749,0.34328852,-0.06119241,-0.30994995,0.39615996,0.64734953,-0.09049125,-0.09281141,-0.05020965,-0.38501228,0.01154035,0.17419301,0.18573335,-0.54945234,0.47939458,-0.07005776,-1.78324733,-5.13345473,0.19369664
163186746,ampa_low,AMPA,0.004,0.16594711,0.06655396,0.03901366,0.02084111,0.11514823,0.09657958,-0.22751025,-0.15179758,0.05501343,0.06060253,-0.00213821,0.53492449,-0.1311134,-0.29477348,-0.06154786,0.68835767,-0.21392691,0.32826861,-0.15718451,0.04930798,-0.38479342,-0.13158827,0.0571424,0.2844686,0.14547397,-0.89142371,-0.74594973,0.6277041,0.92404111,1.55174521,-9.33172577,-10.84748678,-4.29028602
164064591,ampa_low,AMPA,0.004,0.18408109,0.19539277,0.04250273,0.06227941,-0.11483975,-0.16651485,0.21838482,0.22065087,-0.19628233,-0.48263321,-0.00837991,0.3493307,-0.06279093,0.26311484,-0.29679264,-0.31045688,-0.0455075,0.09843762,0.32022106,0.56958394,0.1332368,-0.17626384,-0.37337854,-0.06080684,0.12546665,-0.32501174,-0.1995451,0.17850569,0.38360884,0.56211453,-2.72678427,-4.56249485,-1.55414181
164824205,ampa_low,AMPA,0.004,-0.09130276,0.15869708,-0.09994369,-0.05276629,-0.06639514,0.10340013,-0.04064868,-0.09025383,-0.03728763,0.4079799,0.00519803,0.30454619,1.1310613,1.09224474,1.33544845,1.78704351,1.37388963,0.92505047,1.5749798,1.91677231,0.61142244,0.60698959,1.39767473,1.00041513,-0.33037987,7.42447634,7.09409648,0.83160318,7.32851574,8.16011893,-14.90368067,-31.04035863,-22.56120657
164874291,ampa_low,AMPA,0.004,0.01786794,0.17059033,-0.17951667,-0.31050917,-0.06395046,0.11703255,-0.00496751,-0.1210401,0.10384687,0.15945954,-0.21880083,-0.0149247,-0.03137093,0.1612016,-0.37318269,-0.30999751,-0.06795188,0.24922683,0.15899261,0.18207086,-0.09100211,0.15180208,-0.00284942,0.25043292,-0.34552065,-0.40736442,-0.75288507,0.00060845,0.68473678,0.68534524,4.06458024,1.77621401,-1.89485173
165288521,ampa_low,AMPA,0.004,0.0375112,0.03098156,0.03302709,0.10951304,-0.21611531,-0.16727172,-0.05891814,0.04218659,-0.32268519,-0.25634335,-0.16367608,0.0281456,0.98977058,1.27188807,1.60412646,1.45706423,1.25762667,1.44536289,0.65833545,0.61137664,0.24960633,0.36774087,1.46270467,1.55905965,-0.69085643,6.22217016,5.53131373,-0.21278828,6.71249234,6.49970406,-12.70698934,-26.16307601,-17.97046921
165369327,ampa_low,AMPA,0.004,-0.04237806,-0.15442758,-0.45834252,-0.40765848,0.23930948,0.14179807,0.08869406,-0.0063321,0.6389414,0.68754183,-0.07619895,-0.56753912,1.72340887,1.68724314,1.71763369,1.89324812,1.7048048,1.52792399,1.26778603,1.27416388,0.31286333,0.55794537,1.7744519,1.68222035,0.39002542,8.50094861,8.89097403,-0.30661738,8.62274485,8.31612747,-5.73211689,-25.19646818,-22.99254108
165959237,ampa_low,AMPA,0.004,0.21802881,0.19426695,-0.08658611,-0.15243998,0.05664681,0.30124667,0.23146954,0.34647249,0.21878395,0.23825751,0.10617271,-0.49867101,-0.47199829,-0.0203909,-0.33025573,-0.01523937,-0.07551429,0.10595433,0.22260675,0.36433556,0.15864436,0.20546907,-0.07444217,-0.0063071,0.74451571,-0.57095937,0.17355634,0.42913262,0.6338216,1.06295422,8.0973248,8.32626521,-2.93887013
166274725,ampa_low,AMPA,0.004,-0.27095229,-0.17745754,-0.14877734,0.07313818,-0.05305062,-0.30207596,-0.37209359,-0.22236996,0.08474758,-0.09755296,0.01740747,0.3495382,-0.0021684,0.1487026,-0.08227245,0.06967611,0.13753787,-0.08638353,0.32904873,0.23991097,-0.32389366,-0.09283281,0.16367574,0.01173019,-0.7427188,0.22192783,-0.52079096,-0.37678005,0.29080352,-0.08597653,-5.4133316,-7.57202835,0.23770907
166338974,ampa_low,AMPA,0.004,-0.18301956,0.01205759,-0.12437368,-0.15448904,-0.00875995,0.11551865,0.42162736,0.52719963,0.19192889,0.11477359,-0.17859048,-0.42678304,3.6e-07,0.14502586,-5.57e-06,-0.37671282,-4.24e-06,0.40119804,9.27e-06,0.02298012,-7.9e-07,-0.16681665,-1.613e-05,0.30523764,0.1188126,-1.71e-05,0.11879549,0.18827737,0.33091219,0.51918956,6.95518684,7.77886052,-1.43546229
166386545,ampa_low,AMPA,0.004,0.14723042,0.15784557,0.17087027,0.18802815,0.14512923,-0.16096169,-0.29121708,-0.21726737,0.95955774,0.89078909,-0.05701032,0.01421334,-2.439e-05,0.31079776,-8.63e-06,0.1267656,-1.299e-05,-0.1442601,1.129e-05,0.02199657,-2.345e-05,-0.04976269,-4.622e-05,-0.35394612,1.07456027,-0.00010439,1.07445588,0.87264709,-0.08840898,0.78423811,-3.73746212,-2.66410317,-2.16827206
166471280,ampa_low,AMPA,0.004,-0.06019074,-0.21085751,0.07314001,0.10074912,-0.15765036,-0.19837258,-0.27682333,-0.2984496,0.2033627,0.08706404,0.04230703,-0.19676965,-0.37872854,0.13055088,-0.15750556,-0.23695272,0.45974618,0.62019368,0.11030943,0.27225108,0.36187245,0.44385602,0.21728612,0.23541338,-0.17585469,0.61298008,0.43712539,-0.71663618,1.46531231,0.74867613,9.20140048,4.77484344,-2.06994984
166741227,ampa_low,AMPA,0.004,-0.09721296,-0.11687703,-0.1070596,-0.00308064,0.0904746,0.04377046,0.05769657,0.10533016,0.01703893,-0.20164249,0.17152783,0.62297746,-3.13e-06,-0.26760119,-2.26e-06,-0.12122449,7.08e-06,0.47559373,7.03e-06,-0.00750355,4.59e-06,0.09221713,2.496e-05,0.16300441,0.13246537,3.827e-05,0.13250364,0.45047792,0.33448605,0.78496397,-2.50819835,-4.74360396,-2.17027893
166922849,ampa_low,AMPA,0.004,0.25688772,0.08701284,-0.29282431,-0.22220767,0.12231268,0.01593746,0.0685822,0.14143266,0.00158653,-0.10823188,0.09218066,0.31124478,2.12e-06,0.3545806,-1.72e-06,-0.27071979,-2.77e-06,0.20769493,-3.9e-07,0.25948589,3.15e-06,-0.1515899,-9.77e-06,0.24584953,0.24872548,-9.38e-06,0.2487161,0.22518819,0.64530125,0.87048944,-3.25740098,-6.14575317,-2.40674091
168370463,ampa_low,AMPA,0.004,0.12899372,0.29199293,0.22143119,0.27171644,0.21539209,0.23233516,-0.10079104,-0.01394707,-0.11796741,-0.16235184,0.00779068,0.24579697,-3.875e-05,-0.40962856,-3.26e-06,0.06833723,5.622e-05,0.14542996,1.309e-05,0.238272,-6.336e-05,-0.11909327,0.00020132,0.14716294,0.35484924,0.00016527,0.35501451,0.86554259,0.0704803,0.9360229,-5.28274688,-2.5502367,-2.5879287
168641000,ampa_low,AMPA,0.004,0.05142819,0.02950341,-0.15206289,-0.1580759,0.12311632,-0.00140086,-0.03893356,-0.1157477,0.08372647,-0.12648832,-0.22178567,-0.53978455,-7.94e-06,0.4711764,6.1e-06,0.11742942,4.48e-06,0.08629435,-7.67e-06,-0.06701674,-3.25e-06,0.72447436,1.518e-05,-0.00932609,-0.15451113,6.91e-06,-0.15450422,-0.91199393,1.32303169,0.41103777,9.77545101,5.14531228,-1.13644275
169786920,ampa_low,AMPA,0.004,0.06883128,0.12860134,-0.23337427,-0.17578194,0.32203483,0.23965787,0.07632561,0.09023349,-0.1927523,-0.18913241,-0.00258028,0.20077696,-2.41e-06,0.18918502,-1.285e-05,-0.01997966,-7.9e-07,0.02960225,-7.4e-06,0.05902259,-1.14e-06,0.39904965,-2.5e-06,0.07620544,0.03848488,-2.708e-05,0.0384578,0.2943553,0.7330853,1.02744061,-1.33061198,-4.31532733,-2.84068161
171526079,ampa_low,AMPA,0.004,-0.0375604,0.03516011,0.03244942,-0.01893231,0.16932981,0.20771284,0.04572885,-0.07952131,-0.04678481,-0.02062429,0.15790106,0.41145795,9.98e-06,0.38806075,8.29e-06,-0.1149898,-4.43e-06,-0.07444733,1.343e-05,0.09068936,6.71e-06,0.07723737,-1.758e-05,-0.08602612,0.32106394,1.641e-05,0.32108034,0.53525298,0.28052423,0.81577722,-7.13454639,-10.37398085,-2.25547183
171674018,ampa_low,AMPA,0.004,0.31989215,0.21363724,-0.19580033,-0.1323866,-0.08363237,-0.02611451,-0.03990319,0.05399336,-0.11705201,-0.19044642,-0.00502252,-0.4114923,0.09566973,-0.13796992,0.35982741,0.18153428,0.03283167,0.11996748,0.31353654,0.14233058,0.03808241,0.31937217,-0.02792614,0.00345623,-0.12151828,0.81202162,0.69050334,-0.49280923,0.62869081,0.13588158,9.40387376,9.0047861,-0.37568722
171990823,ampa_low,AMPA,0.004,-0.17441869,-0.20115527,0.11635631,0.02174255,0.16606714,0.17621498,0.12907055,0.05586433,0.34428865,0.25975657,0.15699879,0.64554947,-1.601e-05,0.21340973,-8.43e-06,0.19344899,4.57e-06,-0.52196743,-1.82e-06,0.09170008,-3.93e-06,0.07201564,1.509e-05,-0.40073666,0.73836274,-1.053e-05,0.73835221,0.95797262,-0.35212966,0.60584296,-12.68904341,-14.74751212,-1.67504277
172283288,ampa_low,AMPA,0.004,-0.2572478,-0.15912116,-0.11742261,-0.12270865,-0.14972318,-0.14713013,0.06145343,-0.10854155,0.22652025,0.32209649,-0.09385634,0.2436361,1.91e-06,-0.14093595,1.95e-06,0.09712616,-9.3e-07,0.17224906,1.76e-06,0.22814664,1.23e-06,0.63562235,-4.02e-06,0.04667135,-0.33027626,1.9e-06,-0.33027437,0.02823109,1.0388796,1.06711069,3.13450225,-0.0389188,-2.950362
172442389,ampa_low,AMPA,0.004,0.32024435,0.04646966,0.02241768,0.01220436,0.25709881,0.2477464,0.25858342,0.12168799,0.13950254,0.20313034,-0.0209562,-0.13112728,-2e-08,0.14912041,-1.76e-06,-0.18859763,-2.45e-06,0.25594183,-8e-07,0.13160637,3.22e-06,-0.01618173,-8.88e-06,0.04269771,0.97689059,-1.07e-05,0.9768799,0.50011147,0.37458696,0.87469843,1.93265082,1.0165262,-2.41837799
174433203,ampa_low,AMPA,0.004,0.09204227,0.10665781,0.15595962,0.05069268,0.06962624,0.20586339,-0.07240569,0.07120383,-0.07316918,0.14874261,-0.09911852,0.45054302,2.181e-05,0.13334322,-1.895e-05,-0.14370334,1.295e-05,-0.11791368,-9.1e-07,-0.082825,3.81e-06,0.04431471,4.293e-05,-0.13589023,0.07293474,6.165e-05,0.07299639,1.03370335,-0.30267432,0.73102903,-7.65267204,-7.66281463,-2.0211589
174603925,ampa_low,AMPA,0.004,-0.05028872,0.06663572,-0.1900608,-0.08663186,0.2019496,0.27824457,0.01663297,-0.0262973,0.07093823,-0.06446157,-0.21993508,0.03610394,2.66e-06,0.15194836,-3.81e-05,-0.4063512,2.91e-06,0.04493139,4.27e-06,-0.006457,-7.27e-06,-0.0488499,9.84e-06,-0.06182399,-0.1707638,-2.568e-05,-0.17078948,0.2035935,-0.32660234,-0.12300884,1.01747368,-0.05022731,0.34009649
175029071,ampa_low,AMPA,0.004,-0.05046314,-0.1440232,0.0461197,-0.09303191,-0.09557824,0.12885233,0.52345803,0.4673529,0.18894926,0.39136487,0.15711971,0.23141122,-0.24772124,-0.29656703,0.66044232,0.55012625,-0.15352063,-0.13259463,-0.09545415,-0.01452039,-0.17704671,-0.32112514,-0.26902105,-0.38164996,0.7696053,-0.28232146,0.48728384,0.98192622,-0.59633089,0.38559533,-4.18462615,-3.24536034,-1.06609916
175924853,ampa_low,AMPA,0.004,-0.28861374,-0.16161608,0.27296906,0.14539774,-0.37963979,-0.33537987,-0.16979203,-0.21596372,0.07617572,0.12166328,0.2854299,0.48894088,4e-07,0.1228318,1.23e-06,-0.02958329,1.31e-06,-0.02723531,4.16e-06,0.14834053,1.12e-06,0.25865486,4.9e-06,-0.24709477,-0.20347089,1.312e-05,-0.20345776,0.04304222,0.22591382,0.26895605,-3.36712144,-6.0183734,-0.7436133
176214110,ampa_low,AMPA,0.004,-0.15893096,0.09787907,0.04012918,-0.03738234,0.22565294,0.54935523,0.03760654,-0.08002594,-0.25840315,-0.12479399,0.10925809,0.47331624,-0.27770247,0.12323834,0.2713944,0.45540671,-0.29513531,-0.19659667,0.19853877,0.09213116,0.07300723,0.11437343,-0.16484939,-0.07146839,-0.00468737,-0.19474677,-0.19943414,0.87834827,0.51708458,1.39543285,-11.54380159,-14.82522942,-3.85811152
176617846,ampa_low,AMPA,0.004,0.13633634,0.37154938,0.01730762,-0.1033251,0.29263262,0.39047066,0.01913327,-0.19596845,-0.0257626,-0.31022548,0.05392248,0.47274078,0.01869587,-0.06226411,0.92356451,1.02114186,0.24664266,0.10872431,-0.1022781,0.04956459,0.09326354,0.13876658,0.23157245,-0.01683399,0.49356974,1.41146093,1.90503067,0.6252418,1.23909924,1.86434104,-9.35610383,-13.59126947,-5.15455518
177344780,ampa_low,AMPA,0.004,-0.03180542,-0.09501134,0.1752239,0.15963529,0.01598622,0.10940135,0.06265893,-0.08714793,0.11784169,0.32021867,0.07604018,0.12518676,-0.46235899,-0.25746568,0.16154793,0.20661657,0.21382342,0.17554516,-0.31768307,-0.2389018,0.3447426,0.0772394,0.02181379,0.03106651,0.4159455,-0.03811431,0.37783119,0.5322828,-0.00589984,0.52638296,-2.2961464,-1.41905712,-1.45535069
177528314,ampa_low,AMPA,0.004,-0.07287668,-0.11535831,0.01161286,-0.06854733,0.02942552,0.04365954,0.05050096,0.09538111,0.00536538,-0.05876481,-0.03496744,0.2284962,3.96e-06,0.41127613,-3.11e-06,0.0469469,4.69e-06,-0.08839479,4.23e-06,-0.14197591,-2.31e-06,-0.21678849,1.434e-05,-0.15151038,-0.0109394,2.181e-05,-0.0109176,0.1248664,-0.14044655,-0.01558014,-5.56994925,-8.12278363,0.04307619
177688664,ampa_low,AMPA,0.004,0.09739646,0.1004425,-0.08705527,-0.13926216,0.11406989,-0.00775252,0.1130144,0.11309313,-0.07881165,-0.33691464,0.31622353,0.50885887,-0.06171518,-0.02085276,0.02707975,0.0921534,0.25845066,-0.08341546,0.07277104,0.13771382,-0.54044184,-0.21625001,0.33237778,0.07466455,0.47483736,0.08852222,0.56335958,0.23846519,-0.01598645,0.22247874,-7.33640856,-8.17198086,-0.61511221
177896969,ampa_low,AMPA,0.004,-0.047105,0.25413363,0.01070276,-0.02592123,0.07268605,0.25548863,0.30652639,0.24755869,-0.07202589,-0.05644041,-0.03870932,0.49582134,-0.43348843,0.03088387,0.21547818,0.24685913,-0.12014834,-0.16155888,0.33884223,0.36810751,0.07502286,0.04085124,0.09642951,-0.12150547,0.23207499,0.172136,0.40421099,1.17064065,0.4036374,1.57427805,-9.0270811,-9.9640704,-4.35258514
178045655,ampa_low,AMPA,0.004,0.05597084,0.18085219,-0.14875433,-0.14780218,0.20097942,0.25908903,-0.13690868,-0.14704215,0.06292783,0.22501518,-0.06789874,0.22516088,-0.53348306,-0.37303591,0.32414518,-0.019865,-0.06595857,0.0115669,0.27271291,0.33032197,0.05462955,0.00562053,0.10682832,0.19095612,-0.03368365,0.15887434,0.12519069,0.59527297,0.14556462,0.74083759,-1.94650175,-1.04013786,-2.04827774
178126699,ampa_low,AMPA,0.004,-0.08667622,-0.05981741,-0.02453447,0.04164251,0.07442659,-0.00032047,-0.20626197,-0.27130012,0.10219542,0.28036495,0.46380107,0.7498328,0.53681739,0.439096,0.27811722,0.14583001,0.04344038,-0.05901897,0.09398945,0.37451955,0.16981037,0.18885757,0.30442969,0.17048786,0.32295041,1.42660449,1.7495549,0.74040225,1.25977202,2.00017427,-14.15182533,-18.70038535,-5.53010874
178282579,ampa_low,AMPA,0.004,0.21871736,0.35078268,0.25507043,0.20080505,0.18552685,0.18704993,-0.02916748,-0.11591747,0.04209066,-0.08039511,-0.02084689,0.09386116,0.46626887,0.45427694,0.26965024,0.30423328,0.62602507,0.52724269,0.03128001,0.20584433,-0.34105358,0.26222281,0.41999281,0.4371855,0.65139093,1.47216341,2.12355434,0.63618624,2.19100554,2.82719178,-5.91300149,-9.49481362,-7.81665787
178684006,ampa_low,AMPA,0.004,0.19872694,0.27372054,-0.03917612,0.06925623,0.0577629,0.11714144,0.06953002,0.14231127,0.24606977,0.22112588,0.06921499,0.44949094,0.23710603,0.34365747,0.1134169,0.00479554,0.05466104,0.43916022,0.03498321,-0.04723689,0.51190233,0.0157813,0.0503911,0.36959583,0.6021285,1.00246061,1.60458911,1.2730463,1.12575347,2.39879977,-9.18989672,-10.42385923,-6.63223387
178998455,ampa_low,AMPA,0.004,-0.00192072,-0.13234322,-0.2378309,-0.22204181,0.14651148,0.11435531,0.04670109,0.14803616,0.12532572,0.26095986,-0.02011229,-0.044039,-0.30572832,-0.10897131,0.20999284,0.3153587,-0.04727047,0.25872138,-0.23775785,-0.10916499,0.01551302,-0.30818122,0.05589524,0.26582336,0.05867439,-0.30935555,-0.25068116,0.12492731,0.31358592,0.43851323,-0.61830162,-1.14295283,-1.21240728
181526703,ampa_low,AMPA,0.004,-0.07983687,0.1302376,-0.18179745,-0.25010593,0.24854844,0.47887582,-0.01935697,0.04015271,0.68736843,0.56760956,-0.18417143,-0.09726809,0.09431893,0.08200352,0.1107269,-0.08620891,-0.15704208,-0.13459961,0.35832381,0.55605848,0.54589048,-0.03407101,-0.12965112,-0.16485575,0.47075416,0.82256693,1.29332108,0.86950166,0.21832672,1.08782838,1.02582044,-0.30260293,-3.00764254
182136619,ampa_low,AMPA,0.004,-0.20052754,-0.23404213,-0.06925005,-0.12000739,-0.20778499,-0.32895327,-0.04333575,0.03411494,0.01931141,-0.12621881,0.16914196,-0.18478731,-0.25214239,-0.2962266,0.02465477,0.05382514,0.11941277,-0.03122167,0.21871797,0.50730807,-0.20801967,-0.06648845,-0.09729712,-0.14900166,-0.33244496,-0.19467367,-0.52711863,-0.95989398,0.01819484,-0.94169914,8.33194214,7.42851342,2.60362246
183176019,ampa_low,AMPA,0.004,-0.0384043,-0.18685822,-0.07678577,-0.00689874,0.24667855,0.35039323,0.26237524,0.25431245,0.16449976,0.2144813,-0.18373508,-0.13159845,-0.25440301,-0.10186323,0.14556024,0.80626016,0.34887495,0.17489917,0.50693968,0.82300338,-0.25591664,-0.08541604,0.19231808,0.08882675,0.3746284,0.6833733,1.05800169,0.49383157,1.70571019,2.19954176,-2.29640196,-5.9540273,-6.08132265
183475605,ampa_low,AMPA,0.004,-0.04083639,-0.13027183,0.30018516,0.056637,-0.0529248,0.01235714,-0.09632044,-0.29209964,-0.05311047,-0.00559973,0.03788713,0.45967723,1.73e-06,-0.06256027,3.65e-06,0.02020936,3.77e-06,0.23830933,2.31e-06,0.00338506,4.96e-06,0.18063057,1.288e-05,0.20287458,0.0948802,2.93e-05,0.0949095,0.10070016,0.58284863,0.68354878,-4.59719626,-7.21614723,-1.88988487
183762098,ampa_low,AMPA,0.004,0.26241576,0.31804613,0.25407598,0.42109676,0.18925539,0.25773052,-0.06576906,-0.13037567,0.2352042,0.28989984,0.2315978,0.69936281,-0.28877479,-0.33387803,1.17494682,1.15617189,0.36351404,0.19638865,0.01888782,-0.01203683,-0.13178912,-0.14719784,0.31495346,0.26541075,1.10678006,1.45173824,2.5585183,1.85576038,1.1248586,2.98061898,-20.25288963,-18.74035363,-8.24085545
184059377,ampa_low,AMPA,0.004,-0.13167016,-0.13557603,-0.06824171,0.02624894,0.23811673,0.14932737,0.14838571,0.28593163,-0.43642468,-0.46087935,-0.09579038,0.23294604,-0.38494706,-0.3979107,-0.06436052,-0.09324619,-0.0744192,0.15133089,-0.26504848,-0.14119201,0.20647217,-0.2517138,-0.39875242,-0.37167241,-0.34562449,-0.98105552,-1.32668001,0.09799861,-1.10440422,-1.00640561,2.59358193,2.51356448,2.78252376
186213995,ampa_low,AMPA,0.004,0.01873988,0.19079562,-0.00817887,0.0150381,0.22031742,0.32226279,0.08604101,-0.00345993,0.26170134,0.31535304,-0.13199477,0.023629,0.33061746,0.35882302,0.09572899,0.06713417,-0.02662436,-0.0968331,-0.042071,0.25302227,0.11833146,0.12967645,0.03748796,0.02472178,0.446626,0.51347051,0.96009651,0.86361862,0.73654458,1.6001632,-5.30258382,-6.59702703,-4.42415274
186940717,ampa_low,AMPA,0.004,0.12891986,0.16401988,0.10222277,0.26131706,-0.17432419,-0.11185824,0.13256964,0.1407978,0.18682495,0.1646385,-0.05825096,0.40553384,-1.345e-05,0.00636811,-4.4e-06,-0.15550917,-8.17e-06,-0.05922568,-1.14e-05,-0.01838253,3.85e-06,-0.04864802,-3.029e-05,0.02401747,0.31796208,-6.387e-05,0.31789821,1.02444884,-0.25137982,0.77306902,-8.33138885,-5.33235982,-2.13739164
187495574,ampa_low,AMPA,0.004,0.28650827,0.44596126,0.15277299,0.18698294,0.51641236,0.42519634,-0.21476373,-0.24593524,0.13483777,0.14166583,0.06576359,0.2213981,-5.71e-06,0.23544878,2.302e-05,-0.05213371,4.56e-06,-0.31786016,-1.803e-05,0.47509139,2.2e-07,-0.24962505,1.737e-05,-0.22894779,0.94153125,2.144e-05,0.94155269,1.17526923,-0.13802653,1.03724269,-9.75675369,-9.15187933,-2.86778255
188448101,ampa_low,AMPA,0.004,0.14699815,-0.09014069,0.00471904,0.04763177,0.2108707,0.08010823,-0.17254561,-0.14530904,0.28251382,0.4051451,-0.29241169,-0.76817557,-0.01939003,0.07898943,0.38888804,0.12889078,0.10310857,0.09489149,0.18872418,0.24989113,-0.28702203,-0.17639808,0.11133147,-0.04796237,0.18014441,0.4856402,0.66578461,-0.4707402,0.32830238,-0.14243782,8.34701927,8.34255762,0.393814
188764715,ampa_low,AMPA,0.004,0.03215024,0.03311162,0.18084725,0.19379099,-0.00591989,0.03428671,-0.0358935,-0.02219597,0.07827274,0.23317235,0.2037953,0.52421894,2.15e-06,0.20713859,2.67e-06,0.61427553,1.92e-06,-0.14508178,4.51e-06,0.25412945,5.05e-06,0.01077192,7.11e-06,-0.06679732,0.45325214,2.341e-05,0.45327555,0.99638463,0.87443639,1.87082101,-13.9297873,-15.81742621,-5.1724711
190042837,ampa_low,AMPA,0.004,-0.11222695,-0.01308584,0.00535552,0.01322875,0.00588476,0.22878844,0.18580871,-0.03499217,0.38811971,0.45513949,-0.14695935,0.27400527,-0.20633793,-0.08152035,-0.0100693,0.01831231,0.17519171,0.31127031,0.22803145,0.25102032,-0.04864245,0.12384752,0.03080819,0.33833224,0.3259824,0.16898166,0.49496406,0.92308393,0.96126234,1.88434627,-4.39703121,-5.43820907,-5.2098659
191170875,ampa_low,AMPA,0.004,0.10038507,-0.23202191,-0.05333803,-0.26482481,-0.05694807,-0.47110212,0.14543751,0.20702749,0.03678938,-0.16135046,0.11969683,-0.0834589,0.01315795,-0.06344488,0.55424385,0.18937964,0.1413311,0.06386263,-0.36996102,-0.23109186,0.21479504,0.09244766,0.10959999,0.09186811,0.29202268,0.6631669,0.95518958,-1.00573071,0.14302129,-0.86270941,5.63362158,4.74806076,2.38523059
191996808,ampa_low,AMPA,0.004,0.1402428,0.06415892,-0.15417367,-0.13740297,0.2699509,0.36031694,0.19326304,0.18191172,0.24778659,0.12966111,-0.12186946,-0.0899749,0.10357733,0.02550463,0.57975949,0.58830107,-0.45735462,-0.43637462,0.02217829,0.1573563,-0.2782932,-0.14558535,-0.57304533,-0.38964084,0.5752002,-0.60317803,-0.02797783,0.50867082,-0.20043881,0.30823201,-3.70431712,-4.23207314,-0.85220401
193109536,ampa_low,AMPA,0.004,0.03772994,0.12475035,-0.11002003,-0.39449645,0.02155025,0.25388322,0.01029175,-0.06928571,-0.05920299,-0.06535249,-0.10985361,0.27543389,-8.46e-06,-0.15094615,-3.89e-06,-0.11648988,3.62e-06,0.12318894,4.606e-05,0.30934015,-5.35e-06,0.42257668,8.11e-06,0.15993682,-0.20950468,4.01e-05,-0.20946458,0.12493282,0.74760656,0.87253939,2.77445414,-0.58135164,-2.41240863
195112416,ampa_low,AMPA,0.004,0.20874673,0.13976697,0.15953593,0.15121146,0.1194175,0.02528588,0.24548341,0.28554281,0.0300285,0.10603165,-0.02267097,0.2801197,3.15e-06,0.2718613,4.07e-06,-0.11639055,1.354e-05,0.19945835,-1.102e-05,0.02261848,2.3e-07,-0.48631815,4.761e-05,0.22146767,0.7405411,5.758e-05,0.74059868,0.98795847,0.11269709,1.10065556,-9.28469949,-7.92421715,-3.0431073
195135326,ampa_low,AMPA,0.004,0.0602472,0.39889539,0.07367266,-4.195e-05,-0.12452168,-0.02399312,-0.00653209,0.11930077,-0.49668575,-0.52362792,0.09757622,0.44945598,-2.43e-06,-0.31769392,4.92e-06,0.13893806,-6.08e-06,0.09549021,-9.43e-06,0.18931953,7.66e-06,-0.0411151,-2.129e-05,0.06856704,-0.39624344,-2.665e-05,-0.39627009,0.41998916,0.13350583,0.55349499,-3.95524363,-2.96847555,-1.53031039
195145348,ampa_low,AMPA,0.004,0.01158233,0.11194348,-0.16283905,0.02122844,0.19709632,0.05950467,0.11540745,0.26298815,0.11775069,0.15485987,0.13780039,0.47404954,-0.32148806,-0.12000601,0.38949279,0.31620721,0.09570096,0.26117935,0.26829466,0.1183276,-0.13194107,0.08161475,-0.19128363,0.0481827,0.41679813,0.10877566,0.52557379,1.08457415,0.70550559,1.79007975,-5.82026277,-6.71315993,-4.94923656
195166026,ampa_low,AMPA,0.004,0.15175157,0.4688608,0.03561652,0.03915861,-0.01898312,-0.17166146,0.30842144,0.60253411,0.27138235,0.21728969,-0.05497707,0.54888029,-0.50040703,-0.53460244,0.22588455,0.19075542,0.02450367,0.06162963,0.41907972,0.42795398,0.03320705,0.09791102,0.19185675,0.18449604,0.69321169,0.39412471,1.08733641,1.70506204,0.42814365,2.13320569,-6.39303335,-1.37578101,-5.89791578
195629783,ampa_low,AMPA,0.004,-0.07794659,-0.03013311,0.12246176,0.16334407,0.25799433,0.17573242,0.19833512,0.1661999,-0.05592711,0.07778032,0.09557022,0.31717925,0.10344387,0.20518305,0.48932593,0.54142756,0.16986059,0.2355816,-0.01603711,0.08013675,0.00465327,0.14635416,0.35134019,0.2121758,0.54048774,1.10258674,1.64307448,0.87010284,1.42085891,2.29096176,-9.67469075,-12.41809973,-6.33408188
195966822,ampa_low,AMPA,0.004,0.04143881,0.26269497,0.02803411,-0.2046606,-0.00641953,0.09147091,0.38224023,0.42288797,0.17767806,0.08621801,0.08429578,0.56035627,0.653091,0.71284209,0.25412652,0.29817276,-0.27492204,-0.30717356,0.17245249,0.2850235,-0.02071489,-0.05811446,-0.23477948,-0.18985237,0.70726745,0.5492536,1.25652105,1.21896752,0.74089796,1.95986548,-13.1744977,-16.57874379,-5.41866243
197382673,ampa_low,AMPA,0.004,0.24893133,0.6022741,-0.01176318,-0.09331543,0.26523086,0.48547379,-0.03657033,-0.24571696,0.52547223,0.53999099,0.07260132,0.50177632,-0.06121678,0.30159927,0.07473274,0.2480785,0.03754782,0.2106648,0.04864546,0.32299933,0.37321158,-0.27206171,0.12157174,0.26631836,1.06390224,0.59449256,1.6583948,1.79048281,1.07759855,2.86808135,-13.37505209,-14.80531009,-7.92970991
198118454,ampa_low,AMPA,0.004,0.13565186,0.16553704,-0.07104435,-0.11633198,0.08883536,0.0177638,0.15067219,0.13135119,-0.00340389,0.07867601,0.14101164,0.07916285,-0.24999476,-0.13960311,0.05687382,0.09615498,0.08760002,0.29591032,-0.4350526,-0.37596098,0.21681504,0.27424081,0.29219334,0.47600214,0.44172282,-0.03156513,0.41015768,0.3561589,0.62674417,0.98290307,-0.73451667,0.58181298,-2.71754363
198600924,ampa_low,AMPA,0.004,0.02513289,-0.06666802,0.05658613,0.10174179,-0.03772081,-0.09387464,0.08072579,0.03755406,-0.02644065,0.12681745,0.03797854,0.05202648,-0.09752291,-0.05812735,0.24667451,0.41115186,0.15967047,0.16098491,-0.07600959,0.13612127,0.18912968,0.19083334,0.10762457,0.09093883,0.13626189,0.52956672,0.6658286,0.15759712,0.93190287,1.08949998,-1.46364357,-2.62068273,-3.01226421
199436480,ampa_low,AMPA,0.004,-0.16101035,-0.07695934,0.24495772,0.25469916,-0.10262939,-0.10646619,-0.02562279,-0.0743459,0.13147485,-0.07303816,-0.00885867,0.35121067,0.08307211,0.10025885,0.17624912,0.56025025,0.15665899,0.13426951,-0.00308509,0.28459875,0.45712742,-0.06477963,0.11886202,0.19041726,0.07831137,0.98888457,1.06719594,0.27510023,1.205015,1.48011523,-10.03647372,-12.22334085,-4.0922425
112288,ampa,AMPA,0.0044,-0.07704385,0.05431726,0.15199582,0.18777021,-0.02459003,0.175153,-0.05210985,0.16858504,0.03079135,0.06989354,-0.00554006,-0.29100853,0.02693483,0.13149295,0.19727756,0.20853099,0.21679359,0.45698043,0.12564969,0.39205298,-0.06929694,-0.29451149,0.17165831,0.44272481,0.02350337,0.66901705,0.69252042,0.36471053,1.33727067,1.7019812,-1.68711326,-2.04467379,-4.70566052
458976,ampa,AMPA,0.0044,0.04021773,-0.03499258,-0.0579353,-0.04594141,0.11769538,0.01793081,-0.0215599,-0.06313926,-0.04952088,-0.07669932,0.08928772,0.15576251,0.08594976,0.27517349,0.38050997,0.06343478,-0.04313725,0.35520258,0.14685806,0.25498082,-0.03454635,-0.13325221,-0.13411437,0.12403698,0.11818475,0.40151982,0.51970457,-0.04707924,0.93957643,0.89249719,-1.44250431,-5.61555349,-2.46758824
829055,ampa,AMPA,0.0044,0.02969437,0.10917849,0.11864894,0.04661461,-0.02459094,0.05307691,-0.23183283,-0.43449573,0.10078666,0.27764499,-0.02748584,-0.20164382,-0.07704186,0.24683156,0.31187281,0.50076215,0.25961901,0.27126045,0.20389059,0.1987786,-0.36283629,-0.0418162,0.18223869,0.20471112,-0.03477963,0.51774295,0.48296331,-0.14962455,1.38052768,1.23090312,-1.32263175,-4.28029044,-3.40321751
1647364,ampa,AMPA,0.0044,0.02721737,0.1474159,-0.01862345,-0.13075986,0.10569287,0.23127334,-0.03932294,-0.10408481,0.13792161,0.11874707,0.05855007,0.76923562,-0.10839883,0.22809326,0.0718152,0.01754508,0.17607304,-0.20747378,-0.10557492,-0.14061811,0.09732016,-0.07108154,0.24440137,0.01333058,0.27143554,0.37563602,0.64707156,1.03182727,-0.16020451,0.87162276,-13.83424865,-15.24313386,-2.40987432
2190836,ampa,AMPA,0.0044,0.0816555,-0.11755608,0.00542534,0.04138172,0.0094712,-0.1043384,-0.06095422,-0.17173428,0.26081953,0.0067532,0.01588184,-0.30543072,-0.18176715,-0.43007012,0.08753939,-0.27132418,-0.08892249,0.41106207,0.11096836,0.17756113,0.07367239,-0.0209832,-0.12576154,0.29808008,0.31229919,-0.12427104,0.18802815,-0.65092457,0.16432577,-0.48659879,9.38628521,10.52515084,1.34535489
2270310,ampa,AMPA,0.0044,0.01694843,-0.42540467,0.0840582,0.08472546,0.01617623,-0.38992004,0.06010004,0.09420643,0.06645866,-0.1618458,0.0242657,-0.12417421,0.38309532,-0.0477152,0.11806201,0.18011451,0.01723667,-0.02818387,0.075399,0.04968469,0.20705427,-0.34239596,-0.03363437,-0.04808162,0.26800726,0.7672129,1.03522016,-0.92241283,-0.23657745,-1.15899028,1.28687126,1.04265699,3.20439193
2695459,ampa,AMPA,0.0044,0.08700239,-0.25556051,0.00266983,-0.03155622,0.05362821,-0.39161053,0.05311928,0.25432739,0.1406909,0.03446489,0.05528467,-0.08562936,-0.41650697,-0.14056029,0.18864458,-0.26324949,0.32217194,0.28233567,0.09050166,0.07812901,0.20250938,0.18796169,0.28864411,0.28776301,0.39239528,0.67596471,1.06835999,-0.47556434,0.4323796,-0.04318475,6.26406357,6.67704435,0.11939776
2904393,ampa,AMPA,0.0044,0.07453269,0.29482501,0.01758391,-0.05256715,-0.02971615,0.02862343,-0.12637793,-0.08485521,0.0513174,0.31134693,0.26527345,0.37049566,0.06543344,0.18063894,0.23216796,0.50223839,0.09563216,0.04351594,0.10568863,-0.14626535,0.15346866,0.40112693,0.0214076,0.01645012,0.25261335,0.67379846,0.9264118,0.86786866,0.99770496,1.86557363,-6.80301054,-8.5645545,-5.15796306
3287674,ampa,AMPA,0.0044,0.06717009,0.0414164,-0.11587304,-0.02442364,0.14312226,0.10855224,0.11257717,0.15993561,0.16309891,0.04804532,-0.06422474,0.35821384,-0.06735968,0.10593428,-0.07816845,0.03955232,0.17172962,0.2812845,0.18661592,0.10070538,0.25345216,0.23391352,0.29642867,0.23127099,0.30587066,0.76269825,1.0685689,0.69173977,0.99266098,1.68440075,-4.3204472,-6.55122438,-4.65705385
4254555,ampa,AMPA,0.0044,0.14460923,-0.06221292,0.11852872,-0.00178846,0.01634695,-0.04169789,-0.10807152,0.01792498,0.13676985,0.29034215,0.06033313,-0.27356207,-0.08167656,0.34096296,0.28207158,-0.26669919,0.14301769,-0.164278,0.19250965,0.2792848,0.00264976,0.06903798,0.02677847,-0.19522223,0.36851637,0.56535059,0.93386696,-0.0709942,0.06308633,-0.00790787,3.49961016,2.66717221,0.02186378
4631192,ampa,AMPA,0.0044,0.11168438,0.16240477,-0.03363894,-0.01930581,0.0747293,0.19501028,-0.03792015,-0.10392697,-0.08056149,0.00423024,0.02081455,0.3426142,0.13506438,0.02772122,0.17258859,0.38444373,-0.04930836,0.05476209,0.05996917,0.48243552,-0.05064093,-0.18268752,-0.09009965,-0.06025639,0.05510766,0.17757321,0.23268087,0.58102671,0.70641865,1.28744536,-6.51096352,-9.2044668,-3.55954625
4794212,ampa,AMPA,0.0044,0.07955175,-0.24270492,-0.01469672,-0.06696438,-0.05378219,-0.00638184,0.04159303,0.01316232,0.02811711,-0.12826614,0.0327045,-0.19347705,0.01263106,0.27489205,-0.06643259,-0.34723828,0.07758754,0.07880976,0.03308289,0.30384605,-0.31547537,-0.37099698,-0.02051174,0.05639104,0.1134875,-0.27911821,-0.16563071,-0.624632,-0.00429635,-0.62892836,2.75779963,0.62419193,1.73886958
4885471,ampa,AMPA,0.0044,-0.02266375,-0.04614476,0.01368421,-0.09553618,0.04163115,0.00423169,0.14929924,0.11870684,0.1472227,0.09810539,-0.06013245,-0.30866942,0.16137573,0.29336797,0.20434679,0.32375631,-0.22246175,-0.49413095,0.12087699,-0.15306847,0.61778652,0.54635743,-0.10092564,-0.40815803,0.2690411,0.78099863,1.05003973,-0.22930644,0.10812425,-0.12118219,2.81206433,1.48070665,0.33504615
5182386,ampa,AMPA,0.0044,0.02033735,-0.103526,-0.024188,-0.03387601,-0.12361388,-0.19750425,-0.00421497,-0.18546657,0.13964138,0.10415435,0.1851735,0.31063454,-0.06288252,0.26156581,0.14548126,-0.07403733,0.18633782,0.04791316,0.09085399,0.12176711,0.14182783,0.06743722,0.24713507,0.24394224,0.19313538,0.74875345,0.94188883,-0.10558394,0.66858821,0.56300427,-4.94241818,-7.17648855,-1.55660177
5432841,ampa,AMPA,0.0044,0.05450049,-0.09957078,-0.04703157,-0.2115553,0.04789596,-0.09958657,0.05282853,0.20316868,0.05099661,-0.42641586,-0.02860215,0.06175091,0.1848789,0.12928046,0.26739744,0.45464188,0.16764486,0.28810828,0.11857935,0.16568501,0.01316783,0.05589625,0.13062333,0.2073177,0.13058787,0.88229171,1.01287958,-0.5722089,1.30092959,0.72872069,0.7464144,-3.85553865,-2.01477676
5901115,ampa,AMPA,0.0044,0.11050866,0.02877949,0.05980911,0.01131978,0.06122733,0.06077148,-0.02940775,-0.21616485,0.11941453,0.16349196,0.0355826,0.45855533,-0.24837842,-0.36773949,0.25750489,0.45382281,0.02815867,-0.22361388,0.10946706,0.16495235,0.62673215,0.2632102,0.09470334,-0.1073581,0.35713448,0.8681877,1.22532218,0.5067532,0.18327389,0.69002709,-6.22373781,-6.4859615,-1.90779617
5978534,ampa,AMPA,0.0044,0.01327061,-0.01111046,-0.01113261,0.03148651,0.0190337,-0.02876722,0.03566522,0.27987539,0.01023697,0.31583769,0.05202973,0.04431778,-0.40942148,0.07746765,-0.01794146,0.29213391,0.17515229,0.33789068,0.13258977,0.17406568,-0.26251037,-0.82031427,0.14873443,0.24392651,0.11910361,-0.23339681,-0.1142932,0.63163969,0.30517016,0.93680984,-6.13351256,-5.23460907,-2.59010446
6000160,ampa,AMPA,0.0044,-0.148386,0.10425043,-0.04297103,-0.07693959,0.00479462,-0.11852894,0.03927433,0.14264485,-0.06562044,-0.22513912,0.05637016,-0.10355204,-0.24854827,0.24955509,0.54558244,0.91981281,-0.11284411,0.25503546,-0.07543473,0.32900467,-0.19398215,-0.390983,-0.13217052,-0.17744201,-0.15653836,-0.21739733,-0.37393569,-0.27726441,1.18498303,0.90771862,-0.71898493,-5.09920347,-2.50967266
6314205,ampa,AMPA,0.0044,-0.01610117,0.14377769,-0.06680389,-0.18705548,-0.01249012,0.16199227,0.00250662,0.1198716,0.21351601,0.22375908,0.14022972,0.44230386,0.08623592,0.13308167,-0.07392242,-0.12804004,0.0283129,0.00942104,0.28557314,0.60469088,0.09805008,0.02487165,0.1098826,0.12321175,0.26085717,0.53413222,0.79498939,0.90464903,0.76723694,1.67188597,-5.58207671,-7.69902151,-4.62245283
6502630,ampa,AMPA,0.0044,-0.05237059,0.04470155,0.07462374,0.12822625,0.05772814,0.32829326,0.08161808,-0.04047936,0.0484853,-0.01489866,0.04249598,0.41818851,-0.27168933,0.05160115,0.25397086,0.26741295,0.21088538,0.11487543,0.05311551,-0.00865202,-0.02125888,-0.02831893,0.26621668,0.23600145,0.25258065,0.49124023,0.74382088,0.86403155,0.63292002,1.49695157,-10.96519713,-12.19159118,-4.13879183
7127936,ampa,AMPA,0.0044,0.00856139,-0.2856331,-0.05257058,-0.15979937,-0.06201066,-0.11515535,0.041216,-0.28956557,-0.08954653,-0.21432683,-0.00460705,-0.24556377,0.16531511,-0.02743105,0.07599298,0.13956764,0.07079639,0.10743536,0.09893005,0.10008408,-0.44015373,-0.16479594,0.12268935,0.2126569,-0.15895743,0.09357015,-0.06538728,-1.31004398,0.36751699,-0.94252699,4.42412173,1.80666341,2.6059113
7478069,ampa,AMPA,0.0044,0.04772125,0.20848155,-0.03580192,-0.01323065,-0.01446655,-0.08848299,0.14588659,-0.00433024,0.12963635,0.44185983,-0.17131543,0.19494037,-0.04514783,-0.40096747,0.28095359,0.33224727,0.05291965,-0.06422963,0.05826094,0.09696949,-0.19865039,-0.02409311,0.02715838,-0.08655589,0.1016603,0.17549434,0.27715464,0.73923788,-0.14662935,0.59260853,-2.19971658,0.59853029,-1.63845203
7764421,ampa,AMPA,0.0044,0.03097673,-0.11174495,0.02807449,0.04242568,0.02907795,0.2773635,-0.02065373,0.06993856,0.02775713,-0.19573155,0.07846619,0.50582177,0.07739199,0.35042745,0.33376672,0.46033781,0.06555276,0.26715267,0.1524739,0.28962983,0.54026745,0.25645069,0.15430799,0.26274674,0.17369875,1.32376081,1.49745956,0.58807301,1.88674519,2.47481819,-10.47979564,-16.81108889,-6.84241062
8043474,ampa,AMPA,0.0044,0.05146717,-0.1827174,0.02173531,-0.12695126,0.14912162,-0.07252077,0.08057876,0.04213431,0.18986693,-0.04137261,-0.02641969,-0.55099868,-0.40765465,0.00474939,0.17584574,-0.12572017,-0.01196946,0.18686109,0.07279579,0.36494924,-0.01582913,0.03073457,-0.08269569,0.14772543,0.46635009,-0.26950739,0.19684269,-0.9324264,0.60929955,-0.32312685,10.59240183,9.09189441,0.89338546
10058298,ampa,AMPA,0.0044,0.05379579,0.13689422,0.12162775,0.12646387,0.06682055,0.02381038,0.07186508,0.15091616,0.07846856,0.08341257,0.1660885,0.36587003,0.16458605,0.36989558,0.36276271,0.7776552,0.03239849,0.16580283,0.1389058,0.18802946,0.29157081,0.10032323,0.09800659,0.39788653,0.55866623,1.08823045,1.64689668,0.88736722,1.99959283,2.88696006,-13.79960255,-16.41058765,-7.98190599
10121092,ampa,AMPA,0.0044,-0.06441121,-0.13420864,-0.17752927,-0.07845059,-0.06715816,-0.16417306,0.01429242,-0.15959126,-0.01700994,0.09321567,-0.00019296,0.46952922,0.20230819,0.20834875,0.50886326,0.56763257,0.18332931,0.02902765,0.25315822,0.12777096,0.24265218,-0.10125964,0.34285563,0.32548485,-0.31200913,1.73316679,1.42115766,0.02632134,1.15700514,1.18332648,-11.14374944,-14.40774569,-3.27167697
11922061,ampa,AMPA,0.0044,-0.03114584,-0.4435234,-0.00805248,-0.11209259,0.02286825,-0.1644263,0.01030528,-0.00838092,0.11732962,-0.08362249,-0.08667887,-0.31989645,-0.09990372,0.28774988,0.14288548,-0.12747195,0.01690098,0.05482695,0.10804205,0.08289185,0.49817823,-0.01012958,-0.09150287,-0.07947816,0.02462596,0.57460015,0.59922611,-1.13194214,0.20838898,-0.92355316,6.94983516,3.20495362,2.55345221
12029891,ampa,AMPA,0.0044,-0.01834283,0.05010073,-0.0389577,0.07592793,0.04041128,-0.064212,-0.08437895,0.02923861,-0.09217768,-0.2401924,-0.04253441,0.1086114,0.09892379,-0.26385167,0.08311925,-0.29556546,0.03834552,-0.04801782,0.01904986,-0.20634563,-0.25676586,-0.06926039,0.07534673,0.0776586,-0.23598029,0.05801928,-0.17796101,-0.04052572,-0.80538236,-0.84590808,-0.25249961,2.84987483,2.33877804
13471924,ampa,AMPA,0.0044,0.20688249,0.14508728,-0.09305974,-0.17404629,0.12952834,0.04949545,-0.03929803,-0.02013577,0.18124079,0.04446104,0.02892689,0.56920373,-0.1166325,-0.10740676,0.12268051,0.00699836,0.15792749,0.17869763,0.12231843,0.12994825,0.10337295,-0.13684031,0.03947883,0.16003249,0.41422074,0.42914571,0.84336645,0.61406545,0.23142966,0.84549511,-5.73793114,-6.85649472,-2.33763624
14759699,ampa,AMPA,0.0044,0.00908304,-0.09356456,0.03557305,-0.00669737,0.03660129,-0.08660768,0.00030972,-0.05321892,0.06242956,-0.16208622,-0.00105422,-0.41624868,0.19234,0.29343418,0.25498836,0.14494589,-0.1351109,-0.36180232,-0.1524274,0.15069895,-0.17737079,-0.04153494,-0.1561143,-0.34738743,0.14294244,-0.17369503,-0.03075259,-0.81842343,-0.16164568,-0.98006911,3.69814529,2.33921256,2.70970827
14783858,ampa,AMPA,0.0044,0.04076322,0.09900837,0.05176541,0.03433618,0.02000735,0.12806579,-0.0437677,-0.13021963,-0.03521164,-0.07718363,-0.03943331,-0.25124612,0.0942117,-0.46858335,0.03234284,-0.04037126,0.04626632,0.06694388,-0.08764031,-0.06979417,-0.27213868,-0.23510706,0.09864179,0.23305009,-0.00587667,-0.08831633,-0.094193,-0.19723905,-0.51386187,-0.71110092,2.82466469,6.55914468,1.96606139
14850118,ampa,AMPA,0.0044,-0.12184446,-0.18106973,-0.1094307,-0.14331132,0.10746999,-0.06336429,-0.01679906,-0.05144416,0.08211793,0.10136288,-0.15603655,-0.6600643,-0.01516323,0.30651747,0.30882165,0.62032631,0.01497125,0.28318352,-0.01446592,0.20502559,-0.06309649,0.23235095,0.13934178,0.43210501,-0.21452285,0.37040905,0.15588621,-0.99789092,2.07950885,1.08161793,5.7768821,1.71082351,-2.99047181
14893890,ampa,AMPA,0.0044,0.08362516,0.12456694,-0.03398303,-0.02879688,-0.18678798,-0.25677732,0.12683358,0.16942372,0.04945827,0.32049203,0.01093956,0.34698094,0.26825435,0.4873911,0.14783925,-0.05533982,0.26148069,0.55225875,0.09453371,0.01447756,0.03324002,0.19980388,0.23408715,0.55916304,0.05008556,1.03943517,1.08952074,0.67588943,1.75775452,2.43364395,-5.39126977,-7.78443782,-6.72857154
15059321,ampa,AMPA,0.0044,0.02160792,-0.38033749,0.01367104,-0.01145241,0.14405357,-0.11943218,0.03727113,0.07544461,-0.07759331,-0.31540081,0.00100948,-0.00744264,0.13989679,0.0306058,-0.04889523,-0.27929595,0.01509594,-0.1027898,-0.13571141,0.07334222,0.13747508,0.14118896,-0.0062184,-0.13651612,0.14001983,0.10164277,0.24166261,-0.75862092,-0.27346489,-1.03208582,3.86336168,1.89002275,2.85352474
16190159,ampa,AMPA,0.0044,0.0277501,-0.07212241,-0.08231124,-0.08439256,0.02652988,-0.10166532,0.0476283,0.1127264,0.13512221,0.29365312,-0.09173166,0.15432731,-0.63999218,-0.53456817,0.20623984,0.28639329,0.01423639,0.12312278,0.06420815,0.02580158,-0.06722592,-0.12640975,0.00092896,-0.04941877,0.06298759,-0.42160477,-0.35861718,0.30252654,-0.27507904,0.0274475,1.35670991,2.99502279,-0.07588721
16275727,ampa,AMPA,0.0044,0.06348516,0.02140676,-0.00853807,0.01858167,-0.06642447,-0.06938039,0.08073259,0.09416667,0.04741439,0.36094182,-0.08502392,-0.04665064,0.14868053,0.09009696,0.41939394,0.55396151,-0.0618353,0.11831608,-0.18783268,-0.09156803,0.118216,0.30046363,-0.07304394,0.12406142,0.03164568,0.36357854,0.39522422,0.37906589,1.09533156,1.47439744,-2.03050074,-2.83474361,-4.07643389
16708319,ampa,AMPA,0.0044,0.01169559,-0.1975912,0.06208302,0.05867049,-0.0197356,-0.14092107,0.11226941,0.00583281,0.02753893,-0.28220825,-0.1554283,-0.17584435,0.04195823,0.25840601,0.08447036,-0.23452187,0.18470857,0.12227198,0.08669132,0.34863062,-0.00574161,0.0336095,0.09407733,0.13726332,0.03842306,0.4861642,0.52458726,-0.73206158,0.66565956,-0.06640201,3.24272219,0.70801501,0.18358918
17213220,ampa,AMPA,0.0044,-0.02102847,0.17528136,0.16818673,0.20020534,0.01975825,0.10785657,0.04476165,-0.07051278,0.00837667,0.04661985,-0.0579683,0.16285975,-0.26491815,-0.11235548,0.22654614,0.32205404,0.2029618,0.16769858,0.14220596,0.20968315,0.30072378,0.02120575,0.19808315,0.25420659,0.16208655,0.80560267,0.96768922,0.62231009,0.86249263,1.48480272,-6.11858145,-5.6421949,-4.10520252
17696979,ampa,AMPA,0.0044,0.07390289,0.17217757,0.0842971,0.03790633,0.01562519,0.12277554,-0.02550141,0.19250384,-0.04879601,-0.13083012,0.00365217,-0.19271759,-0.07873223,-0.02590757,-0.08087051,0.25112049,0.07253075,0.00667441,0.1646973,0.40260124,0.15874771,-0.00236208,-0.00702442,0.02254139,0.10317993,0.22934861,0.33252854,0.20181555,0.65466787,0.85648343,0.60023711,0.62572175,-2.3680169
18455372,ampa,AMPA,0.0044,0.11152332,-0.10232546,-0.01286519,0.06875379,0.0352126,0.05451725,0.04098235,0.04000264,-0.01800739,0.01118649,0.12437933,0.02225277,0.50037827,-0.12582247,0.14794103,0.19246195,0.27042149,-0.04396963,0.0144993,0.0009184,-0.05059247,-0.45592722,0.16940021,0.00193763,0.28122502,1.05204782,1.33327284,0.09438748,-0.43040134,-0.33601386,-3.89810219,-2.63795314,0.92901564
18801650,ampa,AMPA,0.0044,-0.02191218,-0.3183707,-0.19606342,-0.22736648,0.13997223,-0.08973264,0.25579232,0.227915,0.04003479,-0.1336806,0.04998225,-0.06343129,0.13807482,0.32898047,0.10992454,0.20843343,0.3437503,0.19066019,-0.0263137,0.05633528,0.02927686,-0.00104974,0.20631545,0.14923642,0.26780599,0.80102827,1.06883427,-0.60466671,0.93259605,0.32792934,1.48375139,-3.13131199,-0.90666345
18904077,ampa,AMPA,0.0044,0.10567544,0.28321797,0.09783451,0.14645825,0.01854435,-0.17254975,0.13920095,0.17011455,-0.01737664,0.0550719,-0.05345251,0.27312439,-0.28308608,-0.30129155,0.10620556,0.33772665,-0.09998781,0.05345998,0.11917382,0.06578292,-0.23757225,-0.03823002,-0.13027327,-0.00865491,0.29042609,-0.52554003,-0.23511394,0.7554373,0.10879307,0.86423037,-4.3640996,-1.51026612,-2.38943576
18952353,ampa,AMPA,0.0044,0.05099374,-0.0083281,0.0518537,0.05266829,-0.0524015,-0.04610764,0.06891195,-0.05834872,0.1510906,0.13057607,0.04325542,0.12805862,0.07372828,0.25608149,0.1814084,0.01842744,0.14905014,0.12745701,0.07621065,0.41302961,0.21348425,0.09560802,0.18427899,0.09857313,0.31370391,0.87816069,1.1918646,0.19851853,1.00917669,1.20769522,-2.4630435,-5.1030565,-3.33905199
19031295,ampa,AMPA,0.0044,-0.00058503,0.01226877,-0.0513834,0.02389168,-0.07735089,0.02021914,0.0260962,-0.13811339,0.10796767,0.22470898,0.02853706,-0.02556469,-0.08308505,0.22528316,0.13364936,-0.10500619,0.05672358,0.04420573,0.0510683,0.0682189,0.0946967,-0.10739327,0.06343068,0.07872017,0.03328161,0.31648357,0.34976518,0.11741048,0.2040285,0.32143899,-1.7090521,-2.2663339,-0.88871883
19316057,ampa,AMPA,0.0044,0.14849208,0.10886976,-0.06209162,-0.1447609,-0.00269242,-0.07352373,-0.05164872,-0.14750979,-0.02614086,-0.19841868,0.08272349,0.62387283,-0.01089708,0.09006497,-0.00840373,-0.17034475,0.04139355,0.19717067,0.07783907,0.26846167,-0.17384145,0.02960321,-0.01442364,0.21013926,0.08864195,-0.08833328,0.00030867,0.16852949,0.62509503,0.79362451,-5.12934493,-8.24381166,-2.19422373
19432693,ampa,AMPA,0.0044,-0.09130253,-0.21676391,0.06741371,0.11668937,-0.16030956,-0.0468038,0.00394996,0.04924387,0.30177579,0.24964758,-0.03804215,-0.34109598,-0.16447954,0.18232467,0.22369017,0.12961327,0.36821391,0.16640582,0.03428251,0.05546698,-0.01360497,0.0519099,0.24285407,0.2900197,0.08348521,0.69095614,0.77444135,-0.18908288,0.87574033,0.68665746,0.83493382,0.35723941,-1.89847978
20051604,ampa,AMPA,0.0044,-0.03329487,0.0477961,-0.02826783,0.16405271,0.10853744,0.15012858,-0.04662862,0.03040703,0.02560467,0.10787388,0.02680205,0.53682367,0.11110606,0.07208624,0.33543805,-0.03413852,0.10971388,0.29681287,-0.08101019,-0.07879511,0.15590508,0.1286132,0.05075281,0.28206529,0.05275284,0.6819057,0.73465854,1.03708198,0.66664396,1.70372594,-9.14177858,-10.0057684,-4.71048439
20830744,ampa,AMPA,0.0044,0.03415297,-0.01226854,0.04992127,-0.24420058,0.16953076,0.31470824,0.03801264,-0.07299916,-0.0018311,-0.07347202,0.01608768,-0.27842345,-0.13343385,-0.20375547,-0.07084105,0.29854335,0.23862167,0.15281495,-0.14360332,-0.33465544,-0.14692901,-0.13883873,0.29140188,0.11397392,0.30587422,0.03521632,0.34109054,-0.36665551,-0.11191741,-0.47857292,3.94192476,3.38795868,1.32316484
20843854,ampa,AMPA,0.0044,-0.03651055,0.06671926,0.05467042,0.04721707,-0.06420984,-0.21079112,0.15631152,0.11153633,0.07833359,0.28017556,0.0628654,0.38698896,,,,,,,,,,,,,0.25146054,,,0.68184607,,,,,
21053574,ampa,AMPA,0.0044,0.05861649,0.11057475,-0.00181235,-0.12935268,0.05462164,0.06394958,0.0636197,0.08495739,-0.02350332,0.03159676,0.11578267,0.00513192,0.6143632,0.91806123,0.13641951,0.51473732,0.27645255,0.42335843,-0.06183216,0.03276548,-0.5931928,-0.08878415,0.25543589,0.13583455,0.26732483,0.6276462,0.89497103,0.16685771,1.93597284,2.10283055,-4.8263233,-11.89412603,-5.8139342
21313420,ampa,AMPA,0.0044,0.09978156,-0.0039145,0.03551463,0.03520717,-0.1133225,-0.14167381,-0.03417578,0.16027802,0.03916489,0.21491555,0.12060565,0.17337394,-0.12379976,-0.17006077,0.12552472,-0.08568406,-0.05974131,0.10977882,0.13844467,0.09235571,0.44630953,0.24134546,-0.13973704,-0.06296448,0.14756845,0.38700082,0.53456926,0.43818637,0.12477068,0.56295705,1.57347953,2.14428371,-1.55647122
22084493,ampa,AMPA,0.0044,0.24456576,0.1731637,0.09219843,0.04380237,0.29411971,0.10081696,0.11300162,0.07559064,0.08353462,0.08320767,0.10178734,0.13960151,0.19599985,0.287767,0.34648273,0.44242865,0.22465596,-0.11552019,0.05929796,0.14395098,0.11429428,0.01293104,0.03564934,-0.10158656,0.92920747,0.97638013,1.9055876,0.61618285,0.66997092,1.28615376,-6.90953857,-8.3996762,-3.55597522
23343892,ampa,AMPA,0.0044,0.07961421,0.32108531,0.03150699,-0.0059951,0.05847006,0.03733062,0.05134777,-0.02149536,0.1729613,0.21084305,0.03437071,0.57799597,0.00093513,0.35618273,0.1570189,0.2682075,0.22453793,0.1964776,0.12550882,0.00300139,-0.18441736,-0.3165848,0.16689304,0.13544395,0.42827104,0.49047645,0.91874749,1.1197645,0.64272836,1.76249287,-12.53056464,-13.99611199,-4.87296399
24115048,ampa,AMPA,0.0044,-0.02235516,-0.30810935,-0.00935443,-0.14701524,0.11341892,-0.24455103,0.01652773,-0.11637639,0.05660893,-0.05349964,0.06088917,-0.4925951,0.13122903,0.55289703,0.02160323,-0.05997493,-0.04148795,-0.11534143,0.11728486,0.25722862,-0.27390622,0.1038216,-0.06544054,-0.2025052,0.21573517,-0.11071758,0.10501758,-1.36214675,0.53612568,-0.82602107,8.26032562,3.52398875,2.28379418
24495953,ampa,AMPA,0.0044,0.07153331,0.25585607,0.01940717,0.12429203,-0.01306413,0.0483456,-0.00142327,-0.15710428,0.09052289,0.29947139,0.04567511,0.3976506,0.02479816,0.22885594,0.20263345,0.00949947,0.10210052,0.22726027,0.10400117,0.07480809,0.23196411,0.01347749,0.18594413,0.34012854,0.21265108,0.85144153,1.06409261,0.9685114,0.8940298,1.8625412,-9.37929093,-9.67223465,-5.14957896
25000478,ampa,AMPA,0.0044,0.0348883,0.18880368,0.05678539,0.17254979,-0.07246984,-0.00297131,0.03297854,0.00197405,0.14554315,0.10458867,0.02064465,-0.18907279,-0.3233321,0.04097146,0.30286139,0.4134242,0.01703135,0.19199668,0.17573283,-0.01281231,-0.13947276,-0.18145764,0.13537563,0.25896261,0.21837017,0.16819634,0.38656652,0.27587209,0.71108501,0.9869571,-3.29595168,-1.85425428,-2.72875226
25067315,ampa,AMPA,0.0044,0.10287442,0.06468373,-0.04219842,0.0286089,-0.03740465,0.04487814,0.07787619,0.04519754,0.18525585,0.18366049,-0.03568496,0.22731238,0.17782864,0.32997437,0.25415778,0.51436646,0.05487581,0.02650562,0.47928361,0.57770388,0.38895687,-0.43523696,-0.11465493,-0.32365077,0.25071842,1.24044779,1.4911662,0.59434119,0.68966259,1.28400378,-6.59388542,-10.33982288,-3.55003092
25356336,ampa,AMPA,0.0044,0.06585259,-0.02503089,0.06999855,0.05401069,0.01214972,0.16786288,-0.08589596,-0.12185144,0.0687951,0.04606896,0.18996564,0.49948541,0.28016126,0.2729868,-0.05769286,0.43153452,-0.05304209,0.17772463,0.02552224,-0.01741142,0.06257335,0.1582712,0.04312051,0.27824563,0.32086564,0.30064242,0.62150805,0.62054561,1.30135137,1.92189698,-11.47340259,-15.31157942,-5.31368662
25517914,ampa,AMPA,0.0044,0.04526446,0.2225678,-0.13188166,-0.15177596,-0.02647158,-0.0473536,-0.00867376,-0.05027385,-0.0156073,-0.01736285,-0.00368176,0.03160428,-0.05766473,-0.38849064,0.01395859,0.37851949,-0.04129964,-0.2164282,-0.01990627,-0.04772963,-0.19074504,-0.20361378,0.02158905,-0.20073402,-0.14105159,-0.27406805,-0.41511964,-0.01259417,-0.67847678,-0.69107095,0.34796747,2.64536568,1.91068227
25821028,ampa,AMPA,0.0044,0.1070295,0.13764852,0.12307845,-0.04241728,0.12625616,0.12149913,0.00570188,-0.08603566,0.13765831,0.26985324,0.03708356,0.32333273,-0.1335826,-0.01936136,0.12236443,0.30889639,-0.15760487,0.1903818,0.09271854,0.09393253,-0.68998913,-0.22488647,-0.1655256,0.03761725,0.53680787,-0.93161924,-0.39481137,0.72388068,0.38658013,1.11046081,-5.80628792,-6.91741503,-3.07021698
26901488,ampa,AMPA,0.0044,0.10599376,0.10696112,-0.09182612,0.10637536,0.093711,0.08064166,-0.07478571,-0.01245085,-0.0048764,-0.13893385,0.14740548,0.03248066,-0.00472903,0.4688867,0.03066069,0.33346629,0.05518673,0.1556207,-0.07047095,0.03717588,-0.14139192,0.17481138,-0.06351388,0.09037297,0.17562202,-0.19425836,-0.01863634,0.17507409,1.26033393,1.43540802,-4.5781464,-8.04383881,-3.96863539
27363295,ampa,AMPA,0.0044,-0.01292202,0.07264475,0.09650921,0.02733536,0.09775291,0.03520142,0.06696401,0.04492814,0.03172425,0.11963569,0.01582159,0.16721256,0.26380688,-0.30194576,0.40390287,-0.15433023,0.2728567,0.08518729,-0.11497449,0.09029974,-0.0490791,0.04546898,0.3964755,0.32255993,0.29584994,1.17298835,1.46883829,0.46695793,0.08723996,0.55419789,-2.18205505,0.30961746,-1.53225377
27578624,ampa,AMPA,0.0044,-0.00144578,-0.15219881,0.03014956,0.01764809,0.01774257,-0.04554732,-0.00611794,-0.03511926,0.05036013,-0.14043816,-0.13564486,0.2285049,0.30776808,0.37413019,0.06955446,0.10984781,0.0793773,0.21217713,0.09455769,0.25830077,-0.08285372,0.1784121,0.06992709,0.13450482,-0.04495632,0.53833091,0.49337459,-0.12715057,1.26737283,1.14022226,-3.2585276,-8.27425499,-3.15250184
28113492,ampa,AMPA,0.0044,0.00507646,-0.3275321,-0.04906429,-0.08221552,-0.00300695,-0.20121286,-0.02775385,-0.14215858,-0.09589856,0.06650626,0.01214894,-0.35067253,0.35492957,0.72602313,0.66047207,0.5551858,0.27397591,0.07917181,0.22453737,0.48126972,0.10622829,0.03152748,0.32509786,0.19159544,-0.15849824,1.94524107,1.78674283,-1.03728532,2.06477337,1.02748805,-0.29300092,-7.25774525,-2.84081279
28264513,ampa,AMPA,0.0044,0.07877685,0.23306167,0.04695012,-0.07105112,0.02416753,0.13017625,0.09177853,0.04560462,-0.0200771,-0.04222724,0.11895561,0.40670146,-0.0978381,-0.17761147,0.44540777,0.42942854,0.09620162,0.44568207,0.18773142,0.47688226,-0.06715313,-0.21296029,0.1720988,0.28975987,0.34055153,0.73644837,1.0769999,0.70226564,1.25118097,1.95344661,-5.39795612,-7.56049196,-5.40091546
29658673,ampa,AMPA,0.0044,0.014823,-0.00432447,-0.01414748,-0.04352761,0.11830717,0.20733547,0.11836569,-0.04571526,0.02679942,0.07676639,-0.00464248,0.03119414,0.07533908,0.36389847,0.08841364,0.19897552,-0.10856752,0.01995213,-0.01804345,0.05795805,-0.04989055,-0.05001415,-0.08047969,0.04789262,0.25950533,-0.09322849,0.16627684,0.22172868,0.63866265,0.86039132,-4.43411995,-7.25642744,-2.3788215
29751086,ampa,AMPA,0.0044,-0.02240435,0.23142,-0.04049598,0.0337493,-0.01613272,0.26479233,0.00467322,-0.14372052,-0.05112933,-0.01116718,0.1095015,0.39656021,-0.02653016,0.01202376,0.3548428,0.31696479,0.06518974,0.20071781,0.12322451,0.15599864,-0.18755807,-0.05266817,0.09871739,0.24923863,-0.01598766,0.42788622,0.41189856,0.77163414,0.88227546,1.6539096,-8.8015756,-10.36831191,-4.57275152
29871328,ampa,AMPA,0.0044,0.06343077,-0.01620539,-0.00421876,-0.01575184,-0.01962645,-0.15341816,-0.0837896,-0.16604123,0.09626225,0.27664748,0.09037608,0.47434081,0.4554906,0.27727148,0.25490032,0.30974499,0.09554228,-0.05288113,-0.09797073,-0.16045741,-0.08805648,0.15830388,0.02852691,-0.03847123,0.14243428,0.6484329,0.79086718,0.39957167,0.49351059,0.89308226,-8.2739968,-10.67364543,-2.46920583
30151696,ampa,AMPA,0.0044,0.02877471,-0.11136071,-0.00931129,-0.16623985,0.11139059,-0.08458071,-0.0248075,0.19213575,0.08312574,0.14876397,0.11195474,-0.02739732,-0.18492375,0.18706862,0.29951439,0.35030498,-0.09611526,-0.18048797,0.03401244,0.27163583,-0.13344702,-0.04878922,-0.10610925,-0.16718001,0.301127,-0.18706845,0.11405855,-0.04867887,0.41255223,0.36387336,-0.7980777,-2.89794722,-1.00604195
30276332,ampa,AMPA,0.0044,0.05988288,-0.10276216,-0.0253842,-0.06142747,0.06491801,-0.01521989,0.00229391,-0.09303164,0.17910399,-0.30732262,-0.05860723,-0.37758003,0.057394,-0.08350193,0.35282101,0.3680132,0.09739049,-0.12160039,-0.05970892,-0.03316636,0.09569068,-0.06691063,0.27324789,0.12551825,0.22220735,0.81683515,1.03904249,-0.95734381,0.18835214,-0.76899167,2.56843535,2.41696496,2.12611852
30649663,ampa,AMPA,0.0044,-0.02696765,-0.06079374,0.0825841,-0.04853828,0.06722345,-0.11371419,-0.04838152,-0.18163995,0.04907984,-0.19975633,0.00315094,0.02545701,-0.13507804,0.04673692,0.19063629,0.10766469,0.22404155,0.23316948,0.12920999,-0.10937926,0.17529398,0.16625264,0.00981705,-0.1095134,0.12668916,0.59392082,0.72060998,-0.57898548,0.33493106,-0.24405442,4.20636656,0.99555307,0.67476494
30779144,ampa,AMPA,0.0044,-0.13494672,-0.13834304,0.0812423,0.15801425,-0.02159266,0.07106899,-0.00135741,0.05425355,0.03623547,-0.08986625,-0.05453884,0.32753941,0.09499999,0.1516902,0.18243822,0.27041023,0.0956337,0.22818037,0.1246497,0.07854561,-0.33971013,-0.15586927,0.14299474,0.2617557,-0.09495788,0.30100622,0.20604835,0.3826669,0.83471284,1.21737974,-8.93392881,-11.04765533,-3.36582788
31070544,ampa,AMPA,0.0044,0.00606791,-0.07630461,-0.04163395,-0.03232072,0.04626683,0.10723611,0.03248857,0.08176166,0.02731774,0.00053741,-0.03299877,-0.21405633,0.03711812,0.37707734,0.07491527,0.09642242,-0.04322994,-0.21599486,0.13916842,0.1950008,0.26533908,0.08362483,0.06034153,-0.1696015,0.03750834,0.53365247,0.57116081,-0.13314647,0.36652903,0.23338255,0.11437521,-2.15606723,-0.64525922
31171219,ampa,AMPA,0.0044,0.05097107,-0.13063568,0.03379162,0.08500581,0.05928959,-0.06310001,-0.03459093,0.25077364,-0.15555411,-0.31971295,0.14741325,-0.48934792,0.21446197,0.33472427,0.1329152,-0.16380272,-0.06203922,-0.07859694,0.37382625,0.40406058,0.15635701,0.15988599,0.05221829,0.20119666,0.1013205,0.86773949,0.96905999,-0.66701712,0.85746784,0.19045072,3.88641219,2.98883409,-0.52656071
31825112,ampa,AMPA,0.0044,0.12040484,0.20336641,0.02179916,0.12560934,-0.01378111,0.0755567,0.00938728,0.09402187,-0.00537628,-0.07630221,-0.00190985,0.11369482,-0.50208437,-0.20020226,0.26633707,0.36093752,0.22052491,-0.02455624,-0.08157735,-0.12580848,-0.04053424,-0.13567263,0.22932022,0.17886544,0.13052403,0.09198623,0.22251026,0.53594694,0.05356334,0.58951029,-6.46536766,-3.69924964,-1.62988597
31851798,ampa,AMPA,0.0044,-0.09150193,-0.45096795,-0.12511052,-0.19807232,-0.1336154,-0.06690313,-0.0450316,-0.05732676,-0.0177996,-0.148381,0.09145853,-0.07874562,0.04619246,-0.0184667,0.18171345,0.23838654,0.0730331,0.1075685,0.09827034,0.05671582,-0.31865764,-0.12873534,-0.05014435,-0.01624544,-0.32160052,0.03040735,-0.29119317,-1.00039677,0.23922339,-0.76117338,3.74330843,-0.29420777,2.1045024
32581973,ampa,AMPA,0.0044,0.0206697,-0.4169005,0.00577665,-0.04530826,0.0891595,-0.24224729,0.0716041,0.05742192,0.15320457,0.16256297,0.06467101,-0.60167134,-0.0292505,0.16941571,0.43400962,0.38743326,0.11714158,0.06933792,-0.22509779,-0.11768315,-0.11440049,-0.21441806,0.04356133,-0.0557731,0.40508552,0.22596375,0.63104927,-1.08614249,0.23831259,-0.8478299,6.64245619,5.10466388,2.34409152
32804781,ampa,AMPA,0.0044,0.01518268,0.25689594,0.03716548,0.17131683,0.00340462,0.11384086,0.02461241,-0.11977951,-0.02663171,0.04615773,-0.0252054,0.05611914,,,,,,,,,,,,,0.02852806,,,0.524551,,,,,
34458922,ampa,AMPA,0.0044,0.00168664,0.25113765,0.02723264,0.02459941,0.06040205,0.2877916,0.0338992,0.05983778,0.00651646,-0.10802842,-0.01773542,0.25175287,-0.46977904,-0.29036611,0.4332373,0.32053067,0.07691393,0.24303094,0.2552951,0.34890468,0.20475897,0.07029375,0.20254396,0.35603816,0.11200158,0.70297023,0.81497181,0.76709089,1.0484321,1.81552299,-5.07787137,-5.16050425,-5.01958239
35704260,ampa,AMPA,0.0044,-0.02406453,0.20166585,-0.05685221,-0.17137362,0.05803811,0.12748163,0.08189991,-0.02367751,0.211663,0.48390163,-0.02899182,0.44865084,0.23884811,-0.04339957,0.16501752,-0.03908272,0.05248187,-0.13318737,-0.06541339,-0.06807864,0.18775249,-0.05909964,0.00291241,-0.06009109,0.24169246,0.58159902,0.82329148,1.06664881,-0.40293904,0.66370977,-6.34976402,-5.28345136,-1.83503371
36383037,ampa,AMPA,0.0044,0.05735776,0.06973838,0.09315412,0.15600909,0.05640623,0.05098587,0.0165637,0.17727312,0.00447468,0.03957729,0.02297933,0.33999908,0.00577664,0.10519197,0.00577382,-0.30956324,0.13782483,0.28400558,0.0500303,0.02859553,0.47541764,0.11441749,0.03929665,0.15792552,0.25093583,0.71411988,0.96505571,0.83358283,0.38057285,1.21415568,-3.96024944,-4.10942479,-3.35691395
37280746,ampa,AMPA,0.0044,0.06835238,-0.21720819,0.17081844,0.07926426,0.01257027,-0.15859792,0.06848405,0.15767174,0.0794389,0.28081058,-0.01104782,-0.17891361,0.19326582,0.11531602,-0.09929771,-0.10939659,-0.08309927,0.07120495,0.03362131,0.12950094,0.0298434,-0.17764802,-0.04144559,0.04075796,0.38861622,0.03288796,0.42150418,-0.03697313,0.06973526,0.03276213,1.31159462,1.79204241,-0.09058118
37805580,ampa,AMPA,0.0044,0.03662818,0.02194154,-0.00168006,-0.14994028,0.05997671,0.10268877,0.03104392,-0.04523107,-0.02364403,-0.020757,-0.05226746,0.00222584,0.10656769,0.4216318,0.10679841,0.4118376,-0.08765736,0.30382779,-0.045464,-0.12471484,-0.11714858,-0.0755522,-0.11600566,0.2667205,0.05005726,-0.1529095,-0.10285224,-0.0890722,1.20375065,1.11467845,-3.38277218,-7.51519993,-3.08187796
38072766,ampa,AMPA,0.0044,-0.0970968,-0.09520261,-0.08412733,-0.05548803,0.03251371,0.04019384,-0.00412034,-0.17817149,-0.02362711,-0.1286404,-0.00763352,-0.10230219,0.07112168,0.29800011,0.02469436,0.24392158,0.05219625,-0.06636844,0.00663113,0.28209215,0.30320617,0.06258062,0.01111583,-0.07334609,-0.18409139,0.46896543,0.28487403,-0.51961089,0.74687994,0.22726906,0.04434666,-3.97875574,-0.62835654
38521433,ampa,AMPA,0.0044,0.03734118,0.10271995,-0.01683205,0.04512386,-0.03985359,-0.08350577,-0.04823776,0.11749885,0.00780486,-0.22992779,-0.17708147,0.05139985,0.16585628,0.0342807,0.33192357,0.11339904,0.06014246,-0.0356607,0.05115202,0.18929565,0.30255228,-0.08112899,0.1116984,0.1247771,-0.23685882,1.02332501,0.78646618,0.00330896,0.3449628,0.34827175,-2.86720969,-2.44509803,-0.96290643
38666520,ampa,AMPA,0.0044,0.07519669,-0.60532907,0.04293984,-0.02099187,0.00856007,-0.34855752,-0.08607454,-0.1659069,0.01923241,0.11373307,-0.03188383,-0.45980689,-0.13176649,0.18659882,-0.15844804,-0.27543741,0.2235065,0.13127886,0.05385732,0.13137327,0.24846063,0.24974755,0.19906479,0.15818943,0.02797063,0.43467472,0.46264535,-1.48685918,0.58175051,-0.90510867,9.9108967,6.87303944,2.50245661
39453204,ampa,AMPA,0.0044,0.10092272,0.02632598,-0.06632665,-0.11777951,0.00634468,0.03036531,-0.04338809,0.04359201,-0.03428491,0.08225597,0.01694492,-0.38891171,-0.09477885,-0.10542171,0.16665417,-0.00200395,0.04678644,0.35816313,0.01934716,-0.19676324,-0.12288885,-0.05899911,-0.01700055,0.12802477,-0.01978734,-0.00188046,-0.0216678,-0.32415195,0.1229999,-0.20115205,8.08556378,8.34497693,0.55614791
39583981,ampa,AMPA,0.0044,0.02737201,-0.02719491,0.02324135,0.10139985,0.04337749,0.2531335,0.31457985,0.5512304,0.27390929,0.24509516,0.25035647,0.51162109,0.04507997,0.06545768,0.05399947,0.01370746,0.12242423,0.03956522,-0.04962102,0.11028746,0.04894953,0.4607731,0.0459591,-0.0210798,0.93283646,0.26679129,1.19962775,1.63528509,0.66871111,2.3039962,-7.63454393,-8.44797749,-6.37011968
39776858,ampa,AMPA,0.0044,0.00634282,0.04995076,0.17251453,0.15964876,-0.09415755,-0.03666398,-0.00834705,0.05453943,-0.05182961,-0.36755781,0.18432918,0.30035113,0.09130113,0.45054558,0.12338939,0.15549325,-0.06330295,-0.06649075,-0.08259232,-0.1120913,0.26677658,0.10672552,-0.01596801,-0.18924632,0.20885231,0.31960384,0.52845615,0.16026829,0.34493597,0.50520426,-6.76358163,-9.57199509,-1.39679554
40201562,ampa,AMPA,0.0044,0.12580018,-0.38346743,-0.06240791,-0.10000433,0.1829854,-0.19643513,0.00092272,-0.04296834,-0.01409283,-0.01427478,-0.00014161,-0.81623985,0.06176085,0.00950367,0.13673199,0.05231949,0.32091653,0.31232796,-0.00256344,-0.09228351,0.03320891,-0.12762859,0.38781013,0.23173361,0.23306595,0.93786497,1.17093092,-1.55338987,0.38597262,-1.16741725,12.86823095,11.77674485,3.22769091
41213271,ampa,AMPA,0.0044,0.00792572,-0.2213299,0.12094873,0.24764472,0.0521694,-0.25930987,-0.04770547,0.02060347,0.05425979,-0.01149618,-0.01272681,-0.11625246,-0.03976754,0.10302916,0.04409011,0.0472011,-0.02527706,-0.05350179,0.04811405,0.28278921,0.05727806,0.10008362,-0.00955435,-0.06826674,0.17487135,0.07488328,0.24975464,-0.34014022,0.41133456,0.07119434,0.52829633,-0.03360152,-0.19683907
41383458,ampa,AMPA,0.0044,0.07461548,-0.05150214,0.02877671,0.04961816,-0.08777219,-0.38182706,0.05081902,0.01747444,0.136111,0.11795406,-0.01527609,-0.1512517,-0.08812486,0.20651193,0.00324066,-0.0879706,-0.03535495,-0.15627218,0.01143349,-0.20421295,0.45909038,-0.11502831,-0.08053063,-0.17138241,0.18727392,0.26975408,0.457028,-0.39953424,-0.52835452,-0.92788876,1.60936917,2.98298419,2.56543932
41429086,ampa,AMPA,0.0044,-0.06059133,0.16243279,0.23103208,0.08877878,-0.01261675,0.08616876,0.09221247,0.01851915,0.15230398,0.02448379,0.03282507,0.08955441,-0.17817837,0.0143378,0.16415186,-0.15217255,-0.07380231,-0.17136516,-0.00992264,0.27640091,0.08156172,-0.04721197,-0.1518715,-0.27737705,0.43516551,-0.16806125,0.26710427,0.46993767,-0.35738802,0.11254966,-1.10504262,-0.44301704,-0.3111788
41548748,ampa,AMPA,0.0044,0.14315974,0.3644207,0.02853967,-0.04198131,0.05575638,0.10534954,0.04395222,0.00716699,0.08437491,0.21723736,0.04440184,0.35248189,-0.05099747,-0.10927554,0.25878876,0.39174533,0.42828986,0.45687738,0.00282924,-0.00412614,0.07557427,0.25400065,0.30251624,0.21695391,0.40018477,1.0170009,1.41718566,1.00467516,1.2061756,2.21085076,-3.38762652,-4.58456962,-6.11258991
42449851,ampa,AMPA,0.0044,-0.03474301,-0.05770075,0.05539039,-0.08276738,-0.07083156,0.0182706,-0.0206779,-0.04516433,0.09316222,0.00851805,-0.0449255,0.5398617,-0.21912784,0.20552655,0.1383083,0.4796455,0.26866323,0.43921998,0.08367796,0.2917437,-0.36951034,0.02604099,0.2302242,0.37316256,-0.02262537,0.13223552,0.10961015,0.38101788,1.81533929,2.19635717,-8.45896916,-13.97854024,-6.07251785
42823353,ampa,AMPA,0.0044,0.05637817,-0.0017826,0.03268169,-0.17684856,0.08146775,0.00846073,0.08203489,0.30778774,0.05090019,-0.12393443,-0.05945026,-0.51823761,-0.10047809,-0.02453958,-0.04929642,0.01317046,0.06701208,-0.08097861,0.06852695,-0.1907597,0.09395748,0.2449948,0.08306394,0.05567847,0.24401243,0.16278594,0.40679837,-0.50455473,0.01756584,-0.48698889,8.09423414,9.27925293,1.34643345
43525440,ampa,AMPA,0.0044,0.03258073,-0.34503396,-0.08569927,-0.08336285,0.08875809,-0.40225089,0.14272276,0.19727721,-0.01730359,-0.13308019,-0.05186502,-0.40414507,0.28609071,0.53226875,0.1155409,0.16449166,0.28220141,0.25070955,0.11458728,0.33107615,0.08943995,0.01760728,0.18971453,0.14696387,0.10919369,1.07757478,1.18676848,-1.17059574,1.44311727,0.27252152,5.98765773,1.10185563,-0.75347117
43720294,ampa,AMPA,0.0044,0.12080007,0.23934756,0.0054457,-0.11712491,0.08237482,0.05166549,0.00033433,0.10036786,0.0363825,0.04275397,0.09247145,0.37521305,0.2507604,0.20718728,0.09192617,-0.00533073,0.12579749,0.06731872,0.16884904,0.15758019,0.48851052,0.11153387,0.17265121,0.12773619,0.33780888,1.29849483,1.63630371,0.69222302,0.66602551,1.35824853,-5.353956,-6.8001846,-3.75530381
43926786,ampa,AMPA,0.0044,0.0697929,0.25231428,-0.12184348,-0.25233985,0.00641727,-0.0038413,-0.04399891,-0.09301575,-0.03783708,-0.04181024,-0.05810983,0.34511023,0.13601987,0.25032506,0.15673132,0.44627303,-0.03453522,-0.03303744,-0.02298638,-0.01952796,-0.09509651,-0.39498043,-0.03863705,-0.02709833,-0.18557912,0.10149602,-0.0840831,0.20641737,0.22195395,0.42837132,-7.48921027,-9.68604908,-1.1843668
44576096,ampa,AMPA,0.0044,0.02225883,0.29951312,-0.04716869,-0.15085707,0.13813532,0.10755674,-0.00837485,0.04064745,0.10265473,0.24963753,0.02633857,0.43696042,-0.19056856,-0.21887022,0.21464477,0.06093237,0.26526798,0.38647955,0.17793595,0.36442054,-0.12331098,0.2894011,0.1574671,0.27282736,0.23384391,0.50143627,0.73528018,0.98345818,1.15519071,2.13864889,-1.67497003,-2.9356902,-5.91296521
45544719,ampa,AMPA,0.0044,-0.05089863,0.10855537,0.03816398,-0.05672443,0.00458328,0.15439632,0.08031054,-0.01414012,0.15459229,0.38667782,0.06430223,0.13126276,-0.12599648,0.05825052,0.09995174,0.20392605,0.22231346,0.35893687,0.04198386,0.20795121,-0.11058513,0.00142861,0.17689889,0.18965444,0.29105369,0.30456634,0.59562003,0.71002772,1.02014769,1.73017541,-2.14443499,-4.03067046,-4.78361224
48028426,ampa,AMPA,0.0044,-0.01730712,0.20514329,-0.03049571,-0.05731859,0.0761995,0.28768189,0.05587434,0.05374516,0.10100376,-0.0559501,-0.03105522,0.18807723,0.06971245,0.3573382,0.24990913,0.17898622,0.19326649,0.1687353,-0.07131591,0.32861198,0.03747687,-0.01420069,0.26767705,0.06293429,0.15421954,0.74672608,0.90094562,0.6213789,1.0824053,1.7037842,-5.01013847,-8.67687004,-4.71064546
48054415,ampa,AMPA,0.0044,0.04051681,0.01614914,-0.07465389,-0.10001527,0.1497261,-0.08680788,-0.04691397,-0.01136838,0.156053,0.38757086,0.02843118,-0.25702161,-0.4683467,-0.07470081,-0.0165976,0.18059035,0.06030345,0.11555181,-0.0949029,-0.10022146,-0.05799134,-0.23448841,0.08764872,0.08770664,0.25315924,-0.48988636,-0.23672712,-0.05149314,-0.0255619,-0.07705504,2.68689798,4.09020627,0.21304281
50395729,ampa,AMPA,0.0044,0.19154764,0.51309457,-0.05087104,-0.05885388,0.21875784,0.35447317,0.06850013,0.29863152,-0.03188952,0.09290001,0.16255783,0.27444212,0.09945833,0.44348548,0.27914836,0.4793448,0.1253573,0.16543227,0.14914406,0.00203184,-0.46256028,-0.36690682,0.04172198,0.04727796,0.55860288,0.23226975,0.79087263,1.4746875,0.77066553,2.24535303,-11.21509693,-12.32679888,-6.20798227
51076110,ampa,AMPA,0.0044,-0.10764518,-0.45958275,-0.03716475,-0.08219392,0.02383236,-0.25602724,-0.03744007,-0.09483693,-0.06923632,0.06990897,0.05745493,-0.09869926,0.37251703,0.16550703,0.26959396,0.40353026,0.17730645,0.11594885,0.06848652,0.24605486,0.14569104,0.08596348,0.12603762,0.03583753,-0.17019904,1.15963263,0.98943359,-0.92143113,1.05284201,0.13141088,2.33700152,-2.51006082,-0.36332657
51649816,ampa,AMPA,0.0044,0.04473326,0.08056526,0.07241446,0.01909842,0.00674591,0.04269124,-0.04916469,-0.32539811,-0.00097256,0.14461857,-0.01606293,0.46483659,0.0217957,0.20270859,0.08529477,0.04196789,0.12982342,0.26084392,0.02154594,0.28135768,-0.26868684,-0.14956457,0.17586669,0.16262555,0.05769344,0.16563967,0.22333311,0.42641196,0.79993907,1.22635103,-7.14148919,-10.37683519,-3.39063182
52071148,ampa,AMPA,0.0044,0.09469255,0.07781273,0.18010529,0.11457179,0.05109771,0.01676454,0.04222907,0.07162388,0.08530251,0.12317917,-0.08909928,0.15730061,0.01973173,0.14725469,0.09266844,-0.24916666,0.19129054,0.27498487,0.08479234,0.30437977,-0.18305356,-0.01983483,0.1747542,0.34582845,0.36432784,0.38018369,0.74451153,0.56125271,0.80344629,1.364699,-3.53891682,-3.72106786,-3.77313816
52801880,ampa,AMPA,0.0044,-0.00204251,0.31315291,-0.01849008,-0.00166325,-0.06050558,0.25339393,0.12332398,0.10244998,0.12610856,-0.02652333,-0.03109958,0.0345,-0.03578328,-0.32713023,-0.00795571,0.04341386,0.04585652,0.01230131,-0.01923381,0.12327381,0.01849617,-0.03783631,-0.03963877,-0.10994193,0.1372948,-0.03825889,0.09903591,0.67531023,-0.29591949,0.37939074,0.6220306,2.70951216,-1.04894462
53120454,ampa,AMPA,0.0044,0.07398428,-0.18634784,-0.09008326,-0.08902051,-0.03701745,-0.09957333,-0.04444234,-0.26832488,0.04227718,0.14726528,-0.15035965,-0.3925708,0.1046678,0.37104139,0.28383144,0.2540902,0.02688189,0.09243103,0.12323846,0.05205723,-0.36497917,-0.30987527,0.10717423,0.16363935,-0.20564124,0.28081465,0.07517341,-0.88857209,0.62338393,-0.26518816,1.47894654,-1.16983334,0.7331958
54633971,ampa,AMPA,0.0044,0.12913817,0.00233628,0.04880973,-0.04237159,0.05402203,0.29447739,-0.08973262,-0.23334928,-0.02911811,-0.42093032,0.07006733,0.06719754,-0.09387534,-0.01310829,-0.13439649,-0.25283807,-0.02044777,0.02474242,-0.14127429,-0.08537427,-0.18807396,0.01435291,0.0232354,0.17397199,0.18318652,-0.55483245,-0.37164593,-0.33263998,-0.13825332,-0.4708933,-0.74330478,-1.9448077,1.30193212
54741718,ampa,AMPA,0.0044,0.07838007,-0.00744397,0.02798401,-0.02940632,-0.00320858,-0.18601784,0.11599025,0.39237929,0.17321053,-0.03195171,-0.01098031,-0.54878743,0.0437861,-0.20985847,0.04997697,-0.20016108,0.25283508,-0.01003222,0.20980361,0.05422043,0.23330116,-0.16629752,0.34292382,0.1887503,0.38137597,1.13262673,1.5140027,-0.41122799,-0.34337855,-0.75460654,7.64158701,11.99989034,2.0863463
55417875,ampa,AMPA,0.0044,-0.01307593,0.03145195,-0.02440125,0.06531822,0.04130568,0.12322297,0.20456069,0.16359429,0.05007565,0.10534737,-0.01394566,0.36365384,0.04425561,-0.15107923,0.13487126,0.26631383,-0.00092589,0.05606872,0.09542892,0.00995696,0.37232221,-0.17096269,0.25041755,0.06642075,0.24451919,0.89636966,1.14088885,0.85258864,0.07671835,0.92930699,-7.66755272,-6.9378902,-2.56936047
55499880,ampa,AMPA,0.0044,0.01410289,0.38196745,-0.07273142,0.00680694,0.06695739,0.23489682,-0.01504043,0.11705424,0.15434698,0.30521902,0.0784045,0.41209772,0.12735443,0.36046817,0.4046704,0.03078916,0.11171065,-0.12028648,-0.1514983,-0.10622872,0.07361088,0.16929993,0.11591825,-0.1046056,0.22603992,0.68176631,0.90780622,1.45804218,0.22943646,1.68747864,-9.40160871,-9.49228983,-4.66556365
55619168,ampa,AMPA,0.0044,-0.09186578,-0.58896328,-0.01336177,0.01461881,0.01862447,0.02363938,0.03383502,0.10566627,0.23373775,0.31224408,-0.00744649,-0.4139635,0.09554873,0.28484784,0.05201141,-0.04223149,0.29451885,0.24280661,0.17862943,0.18110418,0.12748417,0.02536595,0.34890398,0.27136163,0.1735232,1.09709657,1.27061977,-0.54675825,0.96325472,0.41649647,3.87502416,0.67021707,-1.15153506
55836894,ampa,AMPA,0.0044,-0.01839096,-0.08502953,0.02081932,0.04995863,0.14714503,0.01164077,0.10413178,0.09168925,0.09194113,0.22311455,0.00963026,0.33290085,0.00402932,0.3001486,0.01431041,0.01008842,0.25801424,0.34609508,0.32765299,0.48647774,0.06320772,0.01656205,0.2928836,0.31753373,0.35527654,0.96009827,1.31537481,0.62427453,1.47690562,2.10118014,-6.03074407,-9.52446644,-5.80937112
56819618,ampa,AMPA,0.0044,0.00973458,-0.09668974,-0.06281021,-0.20494679,-0.02679911,-0.05221182,-0.00450179,-0.04040341,0.07305642,-0.08028237,0.02600466,0.03572664,-0.16228506,0.45357375,0.23307643,0.57587513,0.16351283,0.18343341,0.02431007,-0.04563468,-0.27258935,-0.3231372,0.01124685,0.12544206,0.01468455,-0.00272823,0.01195633,-0.43880749,0.96955248,0.53074499,-4.18069686,-9.00975647,-1.46741088
57172435,ampa,AMPA,0.0044,0.11776393,0.13490006,0.03037977,0.07140689,0.05862979,0.13417415,-0.01648815,-0.05743908,0.02155597,0.28974665,-0.03751907,0.4995392,0.10474759,-0.29382708,0.29047429,-0.13663646,0.09186942,0.15149996,0.00520949,0.10797368,0.19082828,0.16087092,0.04834317,0.07418193,0.17432224,0.73147222,0.90579446,1.07232788,0.06406295,1.13639083,-4.52967439,-3.59959444,-3.14190866
57348284,ampa,AMPA,0.0044,-0.03806051,-0.13346299,-0.01709417,-0.00417745,0.09048866,-0.02349634,-0.0347145,-0.0108285,0.02823624,0.15131015,-0.05140586,0.28141398,-0.13968788,0.40187362,-0.07840009,-0.24405207,0.0541724,-0.02065796,0.03630731,0.05009926,-0.00884626,-0.04080739,0.12777417,0.10616274,-0.02255014,-0.00868036,-0.0312305,0.26075884,0.25261819,0.51337703,-5.92129106,-7.85297127,-1.41939173
57930100,ampa,AMPA,0.0044,-0.08526465,-0.06313204,-0.00887881,0.08817874,-0.05003589,-0.02333947,0.00615715,-0.17507299,0.11652454,0.42294131,-0.04955119,0.06704141,-0.25775508,0.15538105,0.26111451,0.35876629,-0.13404264,0.21146207,0.19762193,0.3468258,-0.32534969,-0.26857103,-0.07128928,0.39998366,-0.07104884,-0.32970025,-0.40074909,0.31661695,1.20384784,1.52046479,-7.11221392,-8.28992019,-4.2038015
57968987,ampa,AMPA,0.0044,-0.13830469,-0.32420861,-0.14841822,-0.26543004,0.13286648,-0.10490386,0.16372958,0.10589359,0.01591597,0.02868823,-0.07528641,-0.48321346,-0.17544588,-0.04530546,0.28283724,0.25803736,0.07422818,0.17246989,-0.14613072,-0.13064883,0.32954459,0.04847692,0.13805203,0.30181896,-0.04949729,0.50308543,0.45358814,-1.04317414,0.60484882,-0.43832532,7.67978685,6.24366475,1.21188775
59057693,ampa,AMPA,0.0044,-0.01884873,0.10303578,0.08118971,0.18438211,-0.0887888,-0.13838741,0.05269146,0.14846767,0.03628491,-0.0114132,0.05478714,0.17583522,-0.13229395,0.277503,0.30745714,0.3404016,0.05883533,-0.00628623,0.10694152,0.20956268,0.60539728,0.14588011,0.0795817,0.18837518,0.11731569,1.02591902,1.14323471,0.46192018,1.15543634,1.61735651,-7.80289405,-8.44843121,-4.47168905
59343528,ampa,AMPA,0.0044,-0.00551418,0.13103987,0.03555676,0.12438653,0.0411974,0.02361139,-0.04488554,-0.22454036,0.08575694,0.02244601,0.02642863,0.50723013,0.09606493,0.36136972,0.2389736,0.09988877,-0.08757432,-0.36826752,0.02902183,-0.1513738,-0.35911638,0.02493369,-0.02233446,-0.23988854,0.13854002,-0.10496481,0.03357521,0.58417356,-0.27333768,0.31083588,-11.72898,-12.64472391,-0.85940323
60184938,ampa,AMPA,0.0044,-0.00452074,-0.07243084,0.10922773,0.11724199,-0.09617593,-0.07064062,0.05911047,0.10261204,-0.05694695,-0.0369894,0.00160596,-0.10548553,-0.03628724,0.10765197,-0.12820777,-0.04680355,0.10383107,0.13728088,-0.0137342,0.02913181,-0.32877412,-0.20164847,-0.05426361,-0.06482161,0.01230053,-0.45743588,-0.44513534,-0.06569236,-0.03920897,-0.10490133,1.04292082,0.86777933,0.29003262
60186708,ampa,AMPA,0.0044,-0.11687388,-0.09384635,0.01009871,-0.10518361,-0.01333133,0.17544607,0.10340534,-0.08688367,-0.12809617,-0.15312091,0.06178779,0.49103821,-0.0076979,0.18434881,0.2144362,0.03544468,-0.0361249,0.039276,0.03525017,0.01705878,-0.34441597,0.03183619,-0.02351715,0.1907526,-0.08300954,-0.16206954,-0.24507908,0.22744974,0.49871706,0.7261668,-7.96018522,-11.35819424,-2.00771574
60281382,ampa,AMPA,0.0044,-0.06004502,0.062103,-0.0112028,-0.00625835,-0.03467993,-0.16985474,-0.03579868,-0.07848436,0.02073396,-0.09573499,0.08555714,0.43873246,0.02569649,0.32777933,0.31690211,-0.01810808,0.06992591,0.03151472,0.0677471,0.21059899,0.23822662,0.30527342,0.14211118,-0.03815247,-0.03543533,0.86060941,0.82517408,0.15050302,0.81890592,0.96940893,-4.17661514,-7.79518085,-2.68023486
60334165,ampa,AMPA,0.0044,0.04467372,0.11422163,-0.02977244,-0.03916651,0.03041362,0.18671845,-0.1150557,-0.11208864,-0.03281902,-0.11135395,0.0375432,0.42807268,0.02168004,0.01251896,0.28909741,0.11739808,0.10907153,0.24519779,0.14025175,0.23124992,0.1008186,-0.11235328,0.0881835,0.2218326,-0.0650166,0.74910284,0.68408623,0.46640367,0.71584406,1.18224772,-6.40287083,-8.83438689,-3.26869441
60530234,ampa,AMPA,0.0044,0.10741639,0.12046911,-0.06559748,-0.11111696,0.01818516,-0.09723966,0.06848549,0.10965296,-0.08383766,-0.00998537,0.17313076,0.24567485,0.36697683,0.02375682,0.01540231,-0.00932761,0.26469418,0.15161681,-0.08663644,-0.13725128,-0.30888683,-0.06473159,0.10818617,0.04634596,0.21778265,0.35973622,0.57751887,0.25745493,0.01040912,0.26786405,-1.45976326,-1.64662951,-0.74059413
61581707,ampa,AMPA,0.0044,0.08415615,0.05949709,-0.06378819,-0.20608256,0.08658251,0.02755559,-0.00273838,0.03055496,0.02498207,-0.09386885,0.07707817,-0.29835184,-0.28781768,0.02434055,0.20912866,-0.12314658,-0.02742131,0.22683069,0.13565933,0.37692835,0.15049928,0.38435265,-0.06334175,0.10379482,0.20627232,0.11670653,0.32297886,-0.48069561,0.99310047,0.51240486,9.70929362,6.98877116,-1.41670385
61756624,ampa,AMPA,0.0044,0.06470375,0.20186712,0.01932802,0.14224019,0.08537893,-0.06486005,0.04409929,0.21885625,0.13306366,0.29974021,0.02078645,0.06885065,0.17285662,0.09409454,0.13026551,-0.10458103,0.10331787,-0.04337652,0.03402526,0.09512159,0.07125509,-0.17839355,0.0471726,-0.02514405,0.3673601,0.55889295,0.92625305,0.86669438,-0.16227903,0.70441535,-3.99299093,-1.15303955,-1.94757703
63213959,ampa,AMPA,0.0044,-0.08199849,-0.4711576,-0.09275827,-0.09466499,0.02000558,-0.25667875,0.10985311,-0.3496567,0.06661855,0.0268826,-0.01933196,-0.6777246,0.38595941,0.65610734,0.12207417,-0.05324644,-0.09785904,-0.18083012,0.08184394,0.0321218,0.04180111,-0.06619258,-0.02642371,-0.13902637,0.00238851,0.50739587,0.50978439,-1.82300005,0.24893363,-1.57406642,7.73478352,3.24741861,4.35200001
63218063,ampa,AMPA,0.0044,-0.10583638,0.04249939,0.11479899,0.07428756,-0.22516286,0.0424385,-0.08748167,-0.0411157,0.07981131,-0.00628543,-0.11802189,0.33252508,-0.10930481,0.23442423,0.09208936,-0.2391388,0.15191343,0.12763971,-0.05801207,-0.05135015,0.40151574,0.31283818,0.24108884,0.18866476,-0.3418925,0.7192905,0.377398,0.44434939,0.57307793,1.01742732,-4.53598442,-6.04370749,-2.81299675
63989137,ampa,AMPA,0.0044,-0.06666019,-0.22438841,-0.00167485,0.0480147,0.06147666,0.16759658,0.0383862,0.06137819,0.05708975,0.15218107,-0.01759837,0.12089031,-0.10242003,-0.00628806,-0.00143633,0.18098662,0.07022715,0.03488109,0.21404267,0.10343632,0.14015875,-0.05506318,0.17299962,0.08857174,0.0710192,0.49357182,0.56459103,0.32567244,0.34652452,0.67219696,-4.34748512,-5.55354147,-1.85849919
64043761,ampa,AMPA,0.0044,0.10636655,0.14864004,-0.01293092,0.08351506,0.01135086,-0.03318929,-0.03244814,0.08809023,-0.01077121,-0.03561245,-0.10666085,-0.1817799,-0.3268865,-0.31947885,0.12409499,-0.04723827,0.25561143,0.39693559,0.17246488,0.27858109,-0.52653911,0.19734412,0.25458284,0.53571479,-0.04509371,-0.04667146,-0.09176517,0.06966369,1.04185847,1.11152216,3.68975148,5.55255968,-3.07315141
64082948,ampa,AMPA,0.0044,-0.0220876,-0.16292997,0.01133119,-0.15576074,-0.06073357,-0.1095467,0.07304135,0.09718787,-0.05443506,0.12141125,-0.0012486,-0.38296883,0.05846027,-0.02372713,0.28948696,0.34451704,0.24106097,-0.2231263,0.01283019,0.23037546,0.01600947,-0.39282121,0.22579175,-0.20125013,-0.0541323,0.84363961,0.78950731,-0.59260712,-0.26603227,-0.85863939,3.58349701,3.63679917,2.37397773
64309040,ampa,AMPA,0.0044,-0.0766557,-0.13289797,-0.00168759,-0.14661064,-0.03197226,-0.03287679,-0.08746713,-0.11081494,0.01932609,0.10158176,0.06604123,0.0022652,-0.24809364,-0.2105621,0.24188929,0.35708548,0.03779152,-0.03949332,0.12400636,0.14955674,0.1548717,0.31043756,0.14824327,-0.10594184,-0.11241535,0.4587085,0.34629314,-0.31935338,0.46108251,0.14172914,3.32234808,1.16707149,-0.39185462
65620046,ampa,AMPA,0.0044,-0.06264117,-0.1136168,0.02694214,0.12819893,0.09313258,-0.08973861,0.08926875,0.06114553,0.00265497,-0.1367944,-0.01408751,-0.07193602,0.01232199,0.03393133,0.38877979,0.71521637,0.13164111,-0.10385521,0.16196879,0.1414247,-0.04117289,-0.49205833,0.20961744,0.0868752,0.13526974,0.86315622,0.99842597,-0.22274137,0.38153407,0.1587927,-7.07815128,-7.01099374,-0.43903219
66092324,ampa,AMPA,0.0044,0.04266677,0.05064667,-0.01560615,0.10853574,-0.00895785,0.0078208,0.01312793,-0.13936202,-0.04460303,0.01888497,0.01680267,0.18704058,-0.19430867,-0.3649954,0.10371151,0.3005681,0.08222462,0.00722526,0.12320809,0.21409203,0.31027245,-0.26770103,0.14069403,0.06288089,0.00343034,0.56580204,0.56923239,0.23356674,-0.04793015,0.18563659,-4.31522728,-2.84696451,-0.51325055
66847819,ampa,AMPA,0.0044,0.05562792,-0.01668414,0.13252294,0.15673792,-0.0283947,-0.02167149,0.09028475,-0.33461635,0.04010906,0.10243075,0.06211828,-0.1662179,-0.19457085,-0.02396357,0.13035164,0.19062479,0.1762815,0.13875721,-0.0191958,0.0682622,-0.22895148,-0.02735932,0.19466381,0.2002998,0.35226825,0.05857882,0.41084707,-0.2800212,0.54662111,0.26659991,-0.39477203,-0.54383452,-0.73709901
67342911,ampa,AMPA,0.0044,0.06515272,0.21620768,-0.16555117,-0.23913164,0.08943369,0.14484115,-0.14059657,-0.1984389,0.01513532,0.08883241,0.01849531,0.14371372,0.26705498,0.27121615,0.09947452,0.00857324,-0.05304552,0.1046902,0.031214,-0.04464327,-0.01562971,0.08288735,-0.0865144,0.07582384,-0.11793071,0.24255387,0.12462316,0.15602442,0.4985475,0.65457192,-1.24591979,-3.98214647,-1.80976926
67844279,ampa,AMPA,0.0044,-0.17342826,0.04354046,-0.03081445,0.06515564,-0.14151998,0.04057089,-0.03276317,0.00367763,0.13822024,0.23566126,0.00548992,0.15652929,0.15767534,0.28439944,0.16204514,0.23192193,0.23205423,0.07179572,0.15040304,0.35584892,0.23502354,0.399338,0.28413128,-0.03374485,-0.23481571,1.22133258,0.98651687,0.54513517,1.30955916,1.85469433,-2.9497437,-6.2984375,-5.12788384
68000499,ampa,AMPA,0.0044,0.15139895,0.0021828,-0.10161619,-0.10328208,0.06458169,-0.12386734,0.01605168,-0.16411291,0.12894228,-0.06592397,-0.07117748,-0.36441464,0.01832725,0.05325965,-0.03493624,-0.0441477,0.04015739,-0.25421758,-0.07575599,-0.23040711,-0.23056773,0.27255031,0.07720193,-0.07738667,0.18818093,-0.20557339,-0.01739246,-0.81941815,-0.2803491,-1.09976725,5.94793384,6.52668068,3.04065129
69159223,ampa,AMPA,0.0044,0.11922085,0.00867462,0.07753375,0.05711419,0.04945395,0.12413332,0.10424858,0.11859881,-0.05144131,0.2180862,0.02934055,-0.28628445,0.27332922,0.08595712,0.22513712,0.1897505,0.04404015,-0.02109126,-0.04719501,-0.03854657,0.11569992,-0.04352994,-0.02928633,-0.0732238,0.32835636,0.58172506,0.91008143,0.2403227,0.09931605,0.33963875,0.7822253,1.41207928,-0.93903779
69366941,ampa,AMPA,0.0044,-0.01588596,0.13952961,0.01935561,0.04980288,-0.01646374,0.09167571,0.05360006,0.14055922,-0.0269924,0.01312742,0.03960762,0.28686367,0.19146955,0.22383672,0.05554557,0.23343867,0.10007934,0.29573706,0.04852672,-0.08820523,-0.35841513,0.00574269,0.18570172,0.23327495,0.05322118,0.22290775,0.27612894,0.7215585,0.90382485,1.62538335,-6.86933426,-8.3757312,-4.49388174
69973472,ampa,AMPA,0.0044,-0.05454575,-0.09776198,-0.02068896,0.02211859,-0.0442531,0.05625383,0.04963313,-0.07566534,0.02033387,0.06772427,-0.16043425,-0.300653,0.19187566,0.53742986,0.10002243,0.07226878,0.231989,0.31208615,0.16702987,0.30456917,0.10582262,0.2082313,0.10918671,0.17011669,-0.20995505,0.90592629,0.69597124,-0.32798362,1.60470196,1.27671834,2.738017,-2.22069887,-3.52988803
70910152,ampa,AMPA,0.0044,-0.09449719,-0.04281271,-0.05713388,-0.02172616,0.00108148,0.02348585,-0.00990528,-0.02231824,0.06982463,0.0319421,-0.00392416,-0.29928652,0.00466432,0.03439054,0.18433957,-0.01652413,0.02221441,-0.04059726,0.11498174,-0.12641092,0.06807324,-0.05698123,0.05747799,0.05344106,-0.0945544,0.45175127,0.35719686,-0.33071568,-0.15268196,-0.48339764,2.67418245,3.49080768,1.33650429
72155879,ampa,AMPA,0.0044,0.07220822,-0.21645801,0.06407165,0.10349112,0.0461075,-0.11416667,-0.00451925,0.0023624,-0.12313146,-0.09160949,-0.00504677,-0.51381855,-0.30841799,-0.24358781,0.24809308,-0.03363251,0.21280501,0.19815622,0.11706676,0.01598431,0.26241327,0.05597779,0.2251997,0.18575546,0.04968989,0.75715984,0.80684973,-0.83019921,0.17865347,-0.65154574,8.57389291,9.71224222,1.80140244
72358748,ampa,AMPA,0.0044,0.02778456,-0.11034425,-0.01610632,-0.03691054,-0.12025996,-0.12138887,0.05889874,0.00804746,0.047341,0.21835756,-0.06352991,-0.23445963,-0.28823913,0.05672064,-0.10197547,0.05411186,0.0518211,0.11517388,0.13431174,-0.15695824,0.04390813,0.0238478,0.10900631,0.23707148,-0.06587189,-0.05116731,-0.11703921,-0.27669826,0.32996742,0.05326916,2.04006355,2.51721557,-0.14727928
79630427,ampa,AMPA,0.0044,-0.0194594,0.00036151,0.0243038,-0.05261813,0.0466332,0.11791646,-0.07128359,-0.03399208,0.03478882,0.20147799,-0.10685363,0.35280323,-0.04294676,0.0977118,0.1353443,-0.03380567,0.13352217,0.09365989,0.21516353,0.0246011,0.16454051,0.16494337,0.11908217,0.03626216,-0.0918708,0.72470592,0.63283511,0.58594898,0.38337265,0.96932163,-4.00225715,-5.91642775,-2.67999347
80301458,ampa,AMPA,0.0044,0.03346905,-0.07925055,-0.0192657,-0.04590343,-0.10269032,-0.24251897,0.06981419,0.11564493,0.0920231,-0.09066227,-0.01453378,-0.10870112,0.00643602,0.00984904,0.06865746,0.16869605,0.04898025,-0.37128625,-0.03904195,0.25518952,0.07918814,0.30862798,0.16453649,-0.11516534,0.05881655,0.32875641,0.38757296,-0.4513914,0.25591101,-0.19548039,1.61136615,1.54789509,0.54046682
80461839,ampa,AMPA,0.0044,-0.01965288,-0.38585947,0.06960288,0.04397598,0.03811847,-0.16598062,0.07297066,-0.16470177,0.03101782,-0.08473952,0.02681075,-0.39672811,-0.03445511,0.19081601,0.01368115,0.04651137,0.26773298,0.05569732,0.10646613,-0.07237322,0.02028037,-0.22789747,0.15376662,0.06271996,0.21886771,0.52747213,0.74633985,-1.1540335,0.05547396,-1.09855954,3.81322674,2.15171601,3.03731219
82149344,ampa,AMPA,0.0044,-0.04119097,-0.04384101,0.03907566,0.05389761,-0.02487654,0.03174394,0.07932232,0.14800553,0.12748738,-0.00034414,0.07705575,0.41321823,-0.33984468,-0.29680759,0.19460473,0.17858552,-0.01448759,0.00853993,0.01549728,0.05416663,0.1221162,0.24397187,-0.02571357,-0.01685029,0.2568736,-0.04782762,0.20904598,0.60268015,0.17160607,0.77428622,-3.98492568,-3.92510944,-2.14075695
83236777,ampa,AMPA,0.0044,-0.00034558,-0.04807421,-0.0648383,-0.03672183,0.06335874,-0.01999112,0.09538302,0.27438717,-0.23989865,-0.37963252,0.23202313,0.34254339,-0.36517726,-0.3035646,0.29359274,0.26053586,-0.2970565,-0.28507744,-0.19246624,-0.23649194,0.21703961,0.20985434,-0.14293099,-0.27530626,0.08568236,-0.48699864,-0.40131628,0.13251087,-0.63005003,-0.49753916,-2.64652441,-1.97885415,1.37560295
83490451,ampa,AMPA,0.0044,-0.02215919,-0.04934099,-0.03054337,-0.10335885,0.02961206,0.1051778,-0.02029993,-0.06650692,0.16329829,0.15254435,-0.06961882,-0.10384824,-0.22711305,0.34787159,-0.10305196,-0.01080791,0.19542192,-0.08164321,0.15691502,0.43501775,0.63747372,0.37564443,0.00946899,-0.30159142,0.05028903,0.66911464,0.71940367,-0.06533285,0.76449123,0.69915838,3.92864256,-0.67032152,-1.9330425
84037702,ampa,AMPA,0.0044,0.01466329,0.05400684,0.07748188,0.12508202,-0.03670397,-0.00453848,-0.03182908,0.05526798,-0.00498829,0.45077173,0.16077479,0.76538096,-0.31417586,-0.01325893,0.15984974,0.32589356,0.13997678,0.17880786,0.02153864,0.21796685,0.40786311,0.46529249,0.11705233,0.16296908,0.17939863,0.53210474,0.71150337,1.44597106,1.33767093,2.78364198,-11.08328726,-12.96493479,-7.69625079
84828767,ampa,AMPA,0.0044,-0.00736911,-0.01628429,0.00213122,0.07307671,0.08663944,0.1977311,0.03701558,-0.02643786,-0.00767603,-0.08175806,0.03770631,-0.0278765,-0.13475878,0.01511628,-0.26281539,-0.01455279,-0.01820732,-0.39098808,0.11379745,0.26298554,-0.05966708,0.20883159,-0.23529389,-0.49956728,0.1484474,-0.59694501,-0.44849761,0.11845111,-0.41817474,-0.29972363,0.93142321,-0.01242123,0.82867992
90973178,ampa,AMPA,0.0044,0.01177764,-0.09707783,-0.00833639,-0.01462722,0.10306648,0.16425358,-0.05867965,-0.17142688,0.08673623,-0.11510042,0.12790192,0.11522904,-0.21141413,0.11412839,0.25112111,0.59668926,-0.12494125,-0.01596939,-0.02565286,0.24250458,0.13682349,0.02530409,-0.10295432,0.14135009,0.26246622,-0.07701797,0.18544825,-0.11874973,1.10400701,0.98525728,-6.08366421,-9.73531561,-2.72405259
92159995,ampa,AMPA,0.0044,-0.1233251,-0.3241922,0.05460557,0.05502874,-0.03009695,-0.11925944,0.09327939,-0.02626687,-0.04236958,-0.04328489,0.04797317,-0.11924301,0.14303861,0.00500334,0.21047413,-0.32948056,0.23020923,0.12505267,0.07799361,0.10132086,0.38056173,0.54629874,0.11759375,0.10337841,6.649e-05,1.15987105,1.15993754,-0.57721767,0.55157347,-0.0256442,6.4550142,4.45635857,0.07090143
92432902,ampa,AMPA,0.0044,-0.0481894,-0.4248785,0.0088547,-0.05697077,-0.08461234,-0.06528506,0.0317517,-0.22808695,0.1311291,-0.10081637,0.06787308,-0.29496474,0.00238488,0.26818426,-0.09744502,-0.02971911,0.11205095,-0.08270598,-0.01171648,-0.16934819,0.20277567,-0.1521757,0.16757173,-0.11286203,0.10680684,0.37562173,0.48242857,-1.17100238,-0.27862676,-1.44962914,3.63249354,0.74822905,4.00795414
92523261,ampa,AMPA,0.0044,0.00655425,-0.24511,-0.02327903,0.03209271,0.04331034,0.25893235,-0.085567,0.08960053,0.17966157,0.24657452,0.06165253,-0.34297956,0.10195012,0.26176458,0.16208569,0.29355085,0.13007685,0.14949062,-0.02753843,-0.34438289,0.04915959,-0.08692096,0.06816294,0.03169891,0.18233266,0.48389676,0.66622941,0.03911054,0.30520112,0.34431166,-0.01369912,-1.59265894,-0.95195751
94345446,ampa,AMPA,0.0044,0.03370537,0.15263992,0.14492719,0.10322689,-0.04448754,-0.11142819,-0.06556095,-0.15364565,-0.0176142,0.00737017,-0.01435307,-0.48387716,0.05906063,0.24330077,0.36086854,0.46328649,0.11504663,0.15455844,0.10788594,0.16934178,0.03609092,0.01140314,0.19173052,0.23755111,0.03661679,0.87068318,0.90729998,-0.48571402,1.27944173,0.79372771,1.70398018,0.89922598,-2.19450905
94998851,ampa,AMPA,0.0044,-0.02905163,0.07199595,-0.06181924,0.11848031,0.02979988,0.11885159,0.04630897,0.05293987,0.05258189,0.12129851,-0.04302872,0.05331058,-0.10739311,0.0615993,-0.1096279,-0.17170375,0.02687734,0.08680921,0.00094198,0.13716273,-0.27713814,-0.36119346,0.04300902,0.13649565,-0.00520885,-0.42333079,-0.42853964,0.53687681,-0.11083032,0.42604649,-4.20216678,-2.76228185,-1.17793907
97970921,ampa,AMPA,0.0044,0.08806842,0.49668467,0.00802075,0.10935212,0.12909013,0.55428235,-0.02643055,-0.10272755,0.25257149,0.50410177,-0.03675446,0.11823679,0.01960165,0.13049478,0.21306945,0.64117399,0.31444427,0.31667768,0.00177972,0.10608199,0.10161621,-0.11154901,0.23933904,0.37294443,0.41456579,0.88985034,1.30441613,1.67993016,1.45582386,3.13575402,-11.20802613,-11.2507548,-8.66977489
110841481,ampa,AMPA,0.0044,0.09189527,0.00835968,0.00269296,0.01938679,0.00586809,0.11901122,0.13557336,0.19309113,-0.05952031,0.24279605,-0.05682221,0.2162961,0.64656737,0.62387557,0.10048945,0.03246324,0.53709563,0.55210392,-0.11962441,-0.18184441,0.00392597,-0.09382502,0.4553617,0.649852,0.11968715,1.6238157,1.74350286,0.79894096,1.5826253,2.38156626,-9.23150295,-11.96836837,-6.58458642
110937433,ampa,AMPA,0.0044,-0.04689864,0.02197053,0.01047661,0.00539713,-0.11915137,-0.22323463,0.15645103,0.208345,0.09494894,0.28237343,0.01481688,0.04755644,0.46867525,0.37010002,0.09802247,0.42188314,0.3360775,0.17063036,-0.10109453,0.04546307,-0.06619338,0.04264948,0.42225993,0.17678397,0.11064345,1.15774724,1.26839069,0.3424079,1.22751005,1.56991795,-4.34752538,-5.96761036,-4.34053027
111086310,ampa,AMPA,0.0044,-0.00115559,0.17954684,0.11342477,0.09651739,-0.01195223,0.01959991,-0.06526231,-0.06207652,-0.04369914,0.06606577,0.11241316,0.15659014,-0.31441259,-0.16992673,-0.28718278,-1.12037075,0.18715476,0.87321253,-0.38830941,-0.19340038,0.20389111,0.06845066,0.51030222,1.08591408,0.10376866,-0.08855669,0.01521197,0.45624352,0.54387941,1.00012292,1.6792227,5.02179402,-2.76515332
111096801,ampa,AMPA,0.0044,0.07868849,0.28633869,0.08439178,-0.0325657,0.11050223,0.14946194,0.07855302,0.134162,-0.17446029,0.09033356,0.06911041,0.26767774,-0.05110183,-0.12193016,0.48428721,0.77891124,0.40503255,0.28490241,0.12557171,0.29419669,0.15582137,-0.19538054,0.36362423,0.28599293,0.24678562,1.48323523,1.73002085,0.89540822,1.32669256,2.22210078,-8.05748299,-8.90672217,-6.14369413
111844771,ampa,AMPA,0.0044,-0.05275669,-0.0609431,-0.05851088,-0.08516405,0.08193532,0.05355303,0.01718755,-0.06835335,0.07277524,0.09910765,-0.04348229,-0.14223745,-0.09115202,0.24579744,0.14027355,-0.03851572,0.23652261,0.08789204,0.24132715,0.10364333,-0.07387054,-0.15792453,0.16328154,0.10400291,0.01714825,0.61638229,0.63353054,-0.20403726,0.34489549,0.14085822,0.53390162,-1.16185464,-0.38944671
112091464,ampa,AMPA,0.0044,0.00421904,0.09861252,-0.02519505,-0.25897889,-0.0136937,0.04893463,-0.10737412,-0.09864504,0.15319526,0.12595195,0.02458034,0.58839961,0.40671701,0.15684105,0.30846819,0.13922952,0.05711895,0.01214106,0.000539,0.12396326,0.29492474,0.31885818,-0.03957885,-0.04249111,0.03573177,1.02818903,1.0639208,0.50427479,0.70854197,1.21281676,-4.95730586,-9.08405432,-3.35321208
112517217,ampa,AMPA,0.0044,-0.00519147,-0.14625863,-0.01267752,0.04469389,-0.05254608,0.15832562,0.03133613,-0.04917996,-0.02314207,0.26981147,-0.18917143,-0.0261518,-0.37948932,0.27046865,-0.07430464,-0.15365714,0.20474036,0.0828623,0.06333855,-0.03225277,-0.00269658,0.21406095,0.28743397,0.23754574,-0.25139245,0.09902234,-0.15237011,0.25124059,0.61902773,0.87026832,-2.25176216,-3.63455148,-2.40612955
112917188,ampa,AMPA,0.0044,0.05118553,0.28887192,0.05677497,0.17891471,0.16736142,0.30274386,0.06112079,0.08729596,-0.0451839,0.03338379,0.02633204,0.21113163,0.10784877,0.26605601,0.17822203,-0.03684314,0.05618747,0.26912356,0.03011442,-0.22467105,0.21243636,0.15507189,0.08038439,0.21092712,0.31759086,0.66519344,0.9827843,1.10234187,0.63966439,1.74200626,-6.77378661,-6.89913693,-4.81632234
112957066,ampa,AMPA,0.0044,0.07067842,-0.02435476,-0.06150486,-0.16993456,0.07744799,0.10432803,-0.26894823,-0.15116628,-0.17851474,-0.09048813,0.03365233,0.40275496,0.1942052,0.17702371,0.04926103,0.28931924,-0.10263402,0.13792576,-0.05916289,0.03825802,0.64739533,0.46127603,-0.11766651,0.14096698,-0.32718908,0.61139813,0.28420905,0.07113927,1.24476974,1.31590901,-3.85390035,-9.05183798,-3.63824294
113174215,ampa,AMPA,0.0044,0.07591942,0.084594,0.03153989,-0.02054933,0.07018301,-0.00107262,-0.02062114,0.09409809,-0.06058147,-0.02308907,-0.01368057,0.0126837,0.01849658,0.40203437,0.07877358,0.027063,0.05742625,0.07926888,0.01921723,0.25588425,0.24779222,-0.0866307,0.1299565,0.19702138,0.08275914,0.55166237,0.63442151,0.14666476,0.87464118,1.02130594,-3.6113654,-5.44015362,-2.8237204
113237194,ampa,AMPA,0.0044,0.03698986,0.19212374,0.1197623,0.01588893,0.08526695,0.13436143,-0.03311011,0.03714114,-0.01148865,-0.00969647,-0.00092496,0.21770977,-0.13646875,0.08480226,0.08098653,0.29084566,-0.03530154,0.09620383,0.01753752,0.19953364,0.00346932,0.20928381,-0.08058763,0.0947902,0.19649539,-0.15036455,0.04613084,0.58752853,0.97545938,1.56298791,-4.53203545,-6.23523239,-4.32137
113387068,ampa,AMPA,0.0044,0.02719638,-0.27757464,0.02062626,0.01571835,0.22358439,0.16554294,0.02881858,0.16609742,0.03604664,0.36829261,0.03646732,-0.41764719,0.05926424,0.11216628,0.10495883,0.29353127,0.06079135,-0.32329162,0.06250312,0.23943135,-0.16619785,-0.00839564,0.09642183,-0.15217933,0.37273957,0.21774151,0.59048108,0.02042949,0.16126232,0.18169181,0.53190799,0.37248004,-0.50234395
114552708,ampa,AMPA,0.0044,0.04648294,0.31645827,-0.06344902,-0.10391247,0.03702748,0.26305355,-0.11495177,-0.28108743,0.03798714,0.09702071,0.06292151,0.46793002,0.31332604,0.35712391,0.1269748,0.43866371,0.12526543,0.15764267,0.25552198,0.59433948,-0.02357662,-0.28983604,0.098152,0.21780921,0.00601828,0.89566363,0.90168191,0.75946265,1.47574295,2.2352056,-11.67289297,-16.18629585,-6.17992651
115212275,ampa,AMPA,0.0044,-0.10424949,-0.03255549,0.06780989,-0.03353012,-0.01761726,-0.10492646,-0.05603335,-0.08824898,0.16620698,0.2573309,0.13053621,0.45786117,0.06232657,0.15070977,0.14106477,0.23498455,0.08627858,0.09506055,0.11303064,0.16817957,-0.46927319,-0.22513858,0.18265586,0.3113095,0.18665298,0.11608323,0.30273621,0.45593102,0.73510535,1.19103638,-10.08081421,-11.4398454,-3.29299339
115364303,ampa,AMPA,0.0044,-0.16018875,-0.43414023,0.1163834,-0.00186793,-0.03624601,-0.17297753,0.03148179,-0.07682979,0.11630685,0.02909218,0.2023488,0.12000839,,,,,,,,,,,,,0.27008608,,,-0.53671492,,,,,
117385823,ampa,AMPA,0.0044,0.0217819,0.33366773,0.03514636,0.05818957,0.05245846,0.14490735,-0.14543277,-0.24037266,0.02037741,0.31688084,0.07027653,0.57004134,0.13606753,0.1663154,0.00506535,-0.08210749,-0.01658709,-0.02083426,0.20276877,0.28325988,0.5150697,0.16243139,0.02382153,0.02512693,0.05460788,0.8662058,0.92081367,1.18331417,0.53419185,1.71750602,-9.20350176,-10.15424052,-4.74858376
118382279,ampa,AMPA,0.0044,0.16727064,0.16804078,0.1835571,0.05789167,0.02824247,0.00144834,0.0032081,0.08315108,-0.05189974,0.00301018,-0.05258583,0.24008755,0.08712683,0.1977725,0.17831032,0.24966573,0.04436016,-0.10428739,0.02284057,0.16912829,0.14688865,-0.04648522,-0.08291002,-0.20244503,0.27779274,0.39661651,0.67440925,0.55362959,0.26334887,0.81697846,-5.57715705,-6.60241115,-2.25879304
121801833,ampa,AMPA,0.0044,-0.00050146,0.02757645,0.01134944,0.06611189,-0.02569619,-0.06635247,0.09513047,0.05517587,0.15886414,0.13688736,0.01432292,-0.21552502,0.21216119,0.43236809,0.17536633,-0.08444329,0.25931936,0.23541736,0.27187416,0.30661278,0.09551497,0.08165322,0.14419048,-0.03061544,0.25346932,1.15842649,1.41189582,0.00387408,0.94099273,0.94486681,3.13853262,0.42593776,-2.61238046
122083369,ampa,AMPA,0.0044,0.02147869,0.30708001,-0.15451361,-0.09283639,-0.09752538,-0.18372691,-0.01839566,-0.10982989,0.17407308,0.25532358,0.06686831,0.33396025,0.13412012,0.16308709,0.10663984,0.16245071,-0.07859727,0.38897965,0.01363765,0.08655003,-0.16587271,-0.03051146,0.01860227,0.41043506,-0.00801456,0.02852989,0.02051533,0.50997065,1.18099108,1.69096173,-5.02094036,-6.05566444,-4.67519373
122408481,ampa,AMPA,0.0044,0.05691626,0.30243889,-0.07057207,-0.01849053,0.1623551,-0.11265053,0.02461443,0.26475909,-0.03514982,0.03787679,-0.07301535,0.01004058,-0.09014595,0.08234243,-0.07923416,-0.06339329,0.36219004,0.71439862,0.12385369,0.25658386,0.35754053,-0.0104792,0.2715908,0.76180654,0.06514854,0.94579495,1.01094349,0.48397428,1.74125896,2.22523324,-0.20776448,-0.03552468,-6.15235479
123660597,ampa,AMPA,0.0044,0.02937994,0.20718444,0.01343012,0.13585609,0.03380691,0.01134775,0.09118925,0.1594199,0.07389569,0.13291504,0.04461623,0.35843362,-0.63018099,0.09398864,-0.13019958,0.15387648,-0.31861575,-0.36873003,0.23738143,0.67884187,-0.11217149,-0.30200508,-0.03215346,-0.20764261,0.28631814,-0.98593984,-0.6996217,1.00515685,0.04832927,1.05348612,-10.1429319,-9.10316625,-2.91269261
123930959,ampa,AMPA,0.0044,0.04936786,0.28939356,-0.01371487,-0.09800149,0.07855862,0.28969148,-0.09582214,-0.02886014,0.16477082,0.00149041,0.06736535,0.42743324,0.30967832,0.69014346,0.15075503,0.69521727,-0.17682972,0.23719342,0.16856004,0.01456742,-0.14562341,-0.17623957,-0.21698161,0.28893836,0.25052563,0.08955865,0.34008428,0.88114705,1.74982036,2.63096741,-14.66660981,-19.9676291,-7.27413407
124782577,ampa,AMPA,0.0044,0.02577238,0.0698464,0.02312893,-0.09013994,0.12855903,0.25539332,0.13298694,0.24014795,0.10257372,0.13152613,0.06729792,0.42491935,0.23414017,0.14541763,0.3089718,0.35831372,0.2947081,0.20617602,0.12394816,0.18715823,-0.05025567,-0.10344892,0.13722341,0.13563818,0.48031891,1.04873597,1.52905489,1.03169322,0.92925486,1.96094808,-8.55139015,-11.21758247,-5.42165563
125237313,ampa,AMPA,0.0044,0.12526154,0.36063058,-0.0066656,0.10244797,0.08341554,0.09911228,0.11402194,-0.0093945,0.03208961,0.03919764,-0.07953285,0.01797429,0.18098458,-0.41228382,0.22802178,0.35548191,0.14974883,-0.01978189,-0.0028839,0.0656483,0.23249069,-0.00419,0.13255418,0.04690974,0.26859018,0.92091617,1.18950635,0.60996826,0.03178423,0.64175249,-2.12842313,1.26337769,-1.77432591
125339679,ampa,AMPA,0.0044,0.0954355,0.13890043,0.09032208,0.18048649,-0.07074302,-0.05752469,0.00499674,-0.00149692,0.0173016,0.24958571,0.0464113,0.10948235,0.07854601,0.41606054,0.17875098,0.16021349,0.12380659,0.1630877,-0.03115862,0.17787359,-0.12894696,-0.25274451,0.01488688,0.0732241,0.18372421,0.23588488,0.41960908,0.61943338,0.73771491,1.35714829,-6.86512085,-7.79249997,-3.75226185
125524260,ampa,AMPA,0.0044,-0.16231291,-0.24200077,-0.15766937,-0.35409484,-0.04764979,0.01296704,0.02693922,-0.08161692,-0.13209007,-0.22807839,-0.09390675,-0.13386888,-0.69982128,-0.16203205,0.25871318,0.26376135,0.43305786,0.38297409,0.09022472,0.57187991,-0.33169328,-0.16901554,0.40169386,0.44517019,-0.56668968,0.15217507,-0.41451461,-1.02669276,1.33273795,0.30604519,5.24851314,0.65172901,-0.84615786
130293488,ampa,AMPA,0.0044,0.05414824,0.10665405,-0.08024023,-0.13903079,0.01151081,0.10894641,0.00739829,-0.12540256,0.07348926,0.11149143,0.04741488,-0.12300404,0.03233081,0.04939335,-0.0097764,0.16967535,0.19804851,0.22763928,0.04854446,0.16066641,0.57800338,0.39909946,0.40259412,0.39169483,0.11372125,1.24974489,1.36346614,-0.06034549,1.39816867,1.33782318,1.91712894,-0.13357318,-3.69883152
130597088,ampa,AMPA,0.0044,0.12467536,0.34931968,-0.05537819,0.05119746,0.09442415,0.16064353,0.05305785,0.10709496,0.06344062,0.2591769,0.07817341,0.50461012,0.40884334,0.19196691,0.21679511,-0.00938027,0.02728277,-0.1247501,-0.05003791,-0.01490675,0.04265868,-0.04641157,0.10031404,-0.05754308,0.3583932,0.74585604,1.10424924,1.43204265,-0.06102487,1.37101778,-10.73449048,-9.60608875,-3.7906084
134330542,ampa,AMPA,0.0044,0.00527777,-0.12435045,-0.14157499,-0.03077164,-0.0123674,0.12993417,0.1317311,-0.10402643,-0.01760356,0.03684111,-0.02965866,-0.08767852,0.11489258,0.21427234,0.24508096,-0.00237501,0.03275455,-0.02417093,0.03145649,0.25016731,-0.06244882,-0.21148286,0.03232168,-0.09888793,-0.06419574,0.39405743,0.32986169,-0.18005175,0.12752293,-0.05252883,-0.18113094,-2.5611351,0.14523241
135517362,ampa,AMPA,0.0044,-0.01558931,0.00710626,0.04698213,0.09882953,0.07526898,0.04964627,0.10821878,0.11290441,0.11821765,0.16598359,-0.09755493,0.22045639,-0.5124908,0.21648525,0.15431025,0.36450787,-0.08017716,-0.03904849,-0.03391513,0.12935687,-0.12147752,-0.03201163,-0.04932948,-0.14565759,0.23554329,-0.64307984,-0.40753655,0.65492646,0.49363227,1.14855873,-6.6597223,-8.26637369,-3.17555063
135672596,ampa,AMPA,0.0044,-0.09618842,0.15296241,-0.04870284,-0.03045461,0.0412763,0.16829458,0.06889341,0.07485685,-0.00379796,-0.11646978,-0.0771479,0.05594788,-0.17549886,0.36876554,0.2626905,0.47400411,0.03902658,0.29442189,0.15103791,0.13904703,-0.1124688,0.03529481,0.1748558,0.21711507,-0.11566742,0.33964313,0.22397571,0.30513734,1.52864845,1.83378579,-4.57414332,-8.44162929,-5.07007562
135736530,ampa,AMPA,0.0044,-0.06249885,-0.30372238,0.11415049,-0.03049627,-0.08166623,-0.02457393,-0.01625665,0.21639017,0.18104735,0.12679153,-0.10994599,-0.47599151,-0.1304466,-0.00709715,0.25425957,0.02585457,0.11092823,0.19371593,0.0538336,0.14851489,0.01161808,0.07334094,0.05211627,0.23486987,0.02483011,0.35230915,0.37713926,-0.4916024,0.66919905,0.17759665,6.60845764,6.01674974,-0.4910216
136295480,ampa,AMPA,0.0044,0.01383006,0.1646226,-0.02616297,0.07161604,-0.02763626,0.09066127,0.02410033,0.20613826,0.00673928,-0.23928494,0.10506004,0.086497,0.04843833,0.46003214,0.23620535,0.10281091,0.37277613,0.39236352,0.15944129,0.396962,0.48027289,0.08955036,0.38130231,0.42248267,0.09593049,1.6784363,1.77436679,0.38025022,1.8642016,2.24445182,-4.63551851,-8.08432964,-6.20549057
136348275,ampa,AMPA,0.0044,0.08241576,0.41198502,0.02578839,0.0008343,0.14003483,0.15548239,0.00061248,0.06204087,-0.0104128,-0.0923749,0.07821689,0.27772142,-0.13786506,-0.38834103,0.26369481,0.03232576,-0.1611434,-0.11001392,-0.11918641,0.07894725,0.35838896,0.10438851,-0.10303957,-0.10817053,0.31665554,0.10084932,0.41750486,0.8156891,-0.39086396,0.42482514,-2.16594356,0.60592389,-1.17456226
136981533,ampa,AMPA,0.0044,0.11507981,0.22717697,-0.06457927,0.07527828,0.007835,0.07854485,-0.18460927,-0.39725053,-0.07041582,-0.14020286,0.13753292,0.38281975,-0.11142988,-0.18417675,-0.03020294,0.25351114,0.02491849,0.13614272,0.07622709,0.34807022,0.03370694,0.11204389,0.12343214,-0.03025418,-0.05915663,0.11665184,0.05749521,0.22636646,0.63533704,0.8617035,-3.40500799,-5.57804447,-2.38244942
137280633,ampa,AMPA,0.0044,0.13699923,0.29297227,0.00195281,-0.02513423,0.20539422,0.35831703,-0.10184412,-0.12682992,0.07416562,0.07803452,0.01669408,0.37574968,-0.11655759,-0.08570499,0.28854442,0.18002934,-0.17512627,0.10022284,0.17122239,0.33600097,-0.13957381,-0.13165215,-0.21876421,0.0890625,0.33336184,-0.19025506,0.14310678,0.95310936,0.48795852,1.44106788,-7.06704649,-8.01450399,-3.98428385
138390224,ampa,AMPA,0.0044,-0.151644,0.28682944,0.03640076,-0.04478363,-0.08589982,-0.12183671,-0.02620807,-0.09014181,-0.01882935,-0.17458686,0.05464733,0.30850717,0.4546603,0.06782907,0.01897569,-0.16556386,0.07501954,0.43142523,0.07167921,0.01049238,0.05516085,0.1510166,0.00329193,0.3845957,-0.19153316,0.67878752,0.48725436,0.1639876,0.87979513,1.04378273,-1.20409777,-2.33098172,-2.88586454
140267022,ampa,AMPA,0.0044,-0.01230967,-0.05106102,0.04181273,0.06975218,0.0825769,0.05827828,0.05693891,0.0729565,0.06076735,0.19423789,-0.040808,-0.14764757,0.03520817,0.02044473,0.29603762,-0.3312096,-0.2233353,-0.69511789,0.02011712,0.31996666,-0.26529791,-0.59887509,-0.13749921,-0.52462907,0.18897823,-0.27476951,-0.08579128,0.19651626,-1.80942026,-1.612904,-2.00905832,1.71367419,4.45937867
141253295,ampa,AMPA,0.0044,0.10061433,0.41122277,-0.00486037,-0.02247248,0.19998483,0.20356792,-0.01142489,-0.17962641,0.06929079,0.02833715,-0.04923287,-0.27037304,-0.06123863,-0.18841881,0.07226713,0.08049418,0.14504422,-0.05150616,0.07124628,0.44183134,0.30568193,0.00647789,0.06975153,0.0277305,0.30437182,0.60275246,0.90712429,0.1706559,0.31660895,0.48726485,3.02742551,4.50476901,-1.34719642
141542924,ampa,AMPA,0.0044,-0.02484597,0.26685229,-0.05545672,-0.11159776,-0.07428196,-0.00054858,-0.05003542,-0.09084928,0.2715266,0.36279486,0.0520809,0.60819917,-0.07092325,0.31823528,-0.05565612,0.09158315,-0.06175404,-0.01651109,0.16549462,0.25937093,0.15186003,0.21477166,0.03501604,0.16193903,0.11898743,0.16403729,0.28302472,1.0348507,1.02938897,2.06423967,-10.12548453,-12.30559027,-5.7072376
141831212,ampa,AMPA,0.0044,0.07802504,0.12403133,0.09777436,0.25104274,0.0718081,0.10566326,-0.00295064,-0.15654187,0.15830783,0.25609182,-0.01837785,-0.23037133,-0.0115606,0.04817067,-0.01527369,0.16718535,0.13608749,-0.22228927,0.15556538,0.40845501,-0.18258974,-0.06222567,0.19949686,-0.34259906,0.38458683,0.28172571,0.66631255,0.34991596,-0.00330296,0.34661299,-0.41014512,0.34091076,-0.95832026
142392893,ampa,AMPA,0.0044,-0.07482096,0.17602216,0.04724629,-0.02917058,0.0116556,0.10060724,-0.13061145,-0.0511351,0.11553082,-0.03276091,0.11203688,0.09173765,-0.14462721,0.00228317,0.09375088,0.21145549,0.13205717,0.05522591,-0.1371459,0.06853264,-0.22650764,0.21187445,0.04997787,-0.07173093,0.08103719,-0.23249483,-0.15145764,0.25530047,0.47764072,0.73294119,-0.33819672,-1.7349789,-2.02644566
143669176,ampa,AMPA,0.0044,0.05144996,0.19670363,-0.12621103,-0.07787101,0.20180116,0.19080169,0.03483916,0.00668832,0.32623876,0.18604952,-0.02771707,0.23032804,0.17740545,-0.21691752,-0.35560872,-0.02871464,-0.03448406,0.08365106,0.02930601,0.1565443,0.001563,0.38546877,-0.13103839,0.25288288,0.46040094,-0.31285671,0.14754423,0.73270018,0.63291486,1.36561504,-1.76138321,-1.30252691,-3.77567083
144855245,ampa,AMPA,0.0044,0.20476415,0.21591309,-0.01542723,-0.29495806,0.15348362,0.06695518,0.07546345,0.02655644,0.01816599,0.20178684,-0.07694927,0.05425481,-0.26868513,-0.46040983,0.25664578,0.14329432,0.11629071,-0.04797854,0.2103628,0.47884829,0.05434055,0.09492966,0.0384477,-0.26589583,0.35950071,0.40740241,0.76690312,0.2705083,-0.05721193,0.21329637,6.10411393,6.06563686,-0.58972467
144964754,ampa,AMPA,0.0044,0.09263038,0.07951737,0.00548578,-0.12364983,0.05666154,-0.12817421,0.00705975,-0.09705619,-0.04386199,-0.01606163,-0.06724805,0.24228515,-0.05664255,-0.10873738,0.0543353,-0.33885846,0.046223,0.23806514,-0.07079543,0.00155241,0.06896007,-0.05820325,0.05149978,0.28506683,0.05072741,0.09358016,0.14430757,-0.04313934,0.0188853,-0.02425404,0.4656211,0.77196252,0.06705789
146042158,ampa,AMPA,0.0044,-0.10004594,0.09454157,-0.01691109,-0.05428667,-0.12096414,-0.0991514,0.03134634,0.0590986,0.07276606,-0.06914423,0.05558439,0.12336452,-0.7260831,-0.54737248,0.21220788,-0.08726345,-0.01055283,0.2610364,-0.02803272,0.23067418,-0.26420122,0.08514543,-0.14492187,0.09949741,-0.07822439,-0.96158385,-1.03980823,0.05442238,0.04171748,0.09613987,5.03824519,6.3969111,-0.2658088
146061521,ampa,AMPA,0.0044,0.16039327,0.46735142,-0.22200216,-0.33991075,0.36746698,0.27610012,0.21602408,0.43166766,0.12863268,0.19325816,0.02044882,-0.10065534,-0.46170384,0.2155838,-0.03711207,0.16168081,-0.02517658,0.19412645,0.11262651,0.11106101,-0.35925746,-0.04802659,0.11344558,0.44601987,0.67096367,-0.65717786,0.0137858,0.92781127,1.08044536,2.00825662,-2.13828299,-1.60909931,-5.55245492
146750740,ampa,AMPA,0.0044,-0.00164544,0.14061376,0.07341995,0.12049919,-0.00042047,-0.02042143,0.0074109,-0.06086933,0.08081655,0.06542252,0.16500983,0.58131856,,,,,,,,,,,,,0.32459131,,,0.82656328,,,,,
146906985,ampa,AMPA,0.0044,0.08331503,0.07311858,-0.04085059,-0.30944001,0.09691472,0.1318593,-0.03065355,0.14451865,0.31355678,0.26606076,-0.04946054,0.04309116,-0.06109024,0.19067431,0.0021533,0.02016114,-0.07531386,0.24882322,0.1944872,0.44961639,-0.08672761,-0.17734891,-0.06887954,0.13300483,0.37282186,-0.09537076,0.2774511,0.34920844,0.86493097,1.21413941,0.86133065,-2.15965637,-3.35686898
147701848,ampa,AMPA,0.0044,0.05419235,0.3010009,0.06173383,0.15604072,0.01973436,0.05012129,-0.02418374,-0.025935,0.00733025,-0.10288449,0.08300607,-0.04485328,-0.12475618,-0.63160659,0.04632791,0.53387901,-0.04056778,-0.01710406,0.07608262,0.21835883,0.02662679,0.09925429,0.0203991,0.0759489,0.20181311,0.00411247,0.20592559,0.33349014,0.27873038,0.61222052,-0.47636553,2.97037187,-1.69267552
148868119,ampa,AMPA,0.0044,0.10599852,0.28185828,-0.00158703,-0.01403616,0.13866335,0.2975765,0.09349635,0.00863402,0.07291018,0.13476354,-0.02466444,0.39644501,-0.24280064,-0.20020205,0.49075762,0.13747221,0.14690276,0.17767981,-0.10852941,0.11654432,0.45149781,0.43076472,0.34752974,0.41164026,0.38481693,1.08535787,1.4701748,1.10524119,1.07389927,2.17914045,-6.33996076,-6.18082103,-6.02491684
148952494,ampa,AMPA,0.0044,0.33087319,0.2828372,0.13043945,0.13098162,0.2161683,0.19497655,0.00855132,-0.07856914,0.02095954,-0.08401969,-0.20967942,-0.4524375,-0.22821872,-0.26379279,0.00715272,-0.21309847,0.04846723,0.40471559,0.09119888,0.32455866,0.37537595,-0.06481815,0.10331041,0.39529816,0.49731238,0.39728647,0.89459885,-0.00623096,0.582863,0.57663204,6.43124916,8.72304819,-1.59428003
149709982,ampa,AMPA,0.0044,0.03605121,0.22892498,-0.10865178,-0.11030452,0.13000726,0.26678141,0.03230802,-0.02963764,0.17960958,0.25854937,0.0457909,0.26134304,-0.1441743,0.20360737,0.07012005,0.04803233,0.20355651,0.43608505,0.06825248,0.08923278,-0.79231166,0.09572824,0.14514452,0.27812333,0.31511518,-0.44941241,-0.13429723,0.87565665,1.15080911,2.02646576,-3.54411509,-6.3030359,-5.60279979
149839536,ampa,AMPA,0.0044,0.07985026,0.25310803,0.12423256,0.13384456,0.03387056,-0.03937973,0.01651029,-0.01965849,0.0654515,-0.0698281,0.07868988,0.39716831,-0.25745493,0.18776585,0.29757881,0.18306928,0.0315098,0.39156034,0.04468222,0.10777288,-0.17387562,0.21082198,-0.03341091,0.35865858,0.39860505,-0.09097063,0.30763441,0.65525457,1.43964891,2.09490348,-6.92881938,-8.79380362,-5.79201732
150038288,ampa,AMPA,0.0044,-0.04429782,0.09381338,-0.05404838,-0.21020526,-0.0371365,-0.01086536,0.00913385,0.10958,0.05596537,0.20196412,0.03347285,0.11807597,0.0677266,0.18500881,0.04932793,0.08565018,0.01130454,0.01152702,0.09735307,0.01351412,-0.36098004,-0.30883987,0.06118201,0.0323552,-0.03691063,-0.07408589,-0.11099652,0.30236285,0.01921546,0.32157832,-2.99261378,-3.49156842,-0.88910405
150237087,ampa,AMPA,0.0044,-0.02109744,0.00979065,0.0436191,-0.07646119,-0.00645869,-0.01326045,-0.06277085,-0.19959016,0.00490583,0.10816463,-0.08986107,0.46114907,0.01296922,0.3350338,0.01413735,0.28592683,0.14220606,0.45640204,0.01943414,-0.09787306,-0.17178629,0.01830035,-0.09610073,0.24087694,-0.13166312,-0.07914025,-0.21080337,0.28979255,1.2386669,1.52845945,-6.42844181,-11.37888167,-4.22590524
150299361,ampa,AMPA,0.0044,0.14755567,0.52907738,0.09918697,-0.04713261,0.0726597,0.16751004,0.08347885,-0.11176896,-0.13139895,-0.22935971,0.07490137,-0.0819454,0.08153276,0.10116199,0.39011717,0.53376426,0.22442228,0.03436469,0.10314494,0.15167423,0.46439944,0.2536755,0.08599559,0.10503194,0.34638361,1.34961218,1.69599579,0.22638075,1.1796726,1.40605335,-1.73806276,-2.8302829,-3.88747522
151408587,ampa,AMPA,0.0044,0.11049485,0.215766,-0.05640037,-0.04135455,0.12906761,0.24793787,-0.10131178,-0.22005306,0.1242874,-0.06461239,0.00781139,0.40727372,-0.30979641,-0.05746402,0.27632721,0.17112027,0.12470618,0.21336272,0.09121636,0.28244413,0.38087465,0.08084516,0.05168245,0.12368568,0.21394909,0.61501044,0.82895954,0.54495759,0.81399394,1.35895153,-4.83263289,-7.49489878,-3.75724747
152769231,ampa,AMPA,0.0044,-0.06573362,-0.03474144,0.18680952,0.13352323,0.0106813,-0.18760442,0.12703082,0.07363175,-0.01314835,0.06873209,-0.1657191,0.2078592,-0.0154098,0.35649051,-0.12296521,-0.08040156,-0.02854772,0.05866016,-0.10783119,-0.24590965,-0.03147821,-0.33450551,0.07990544,0.13244404,0.07992057,-0.22632668,-0.14640611,0.26140041,-0.11322201,0.1481784,-7.42629952,-6.84940418,-0.40968564
152958814,ampa,AMPA,0.0044,0.02353843,0.12752644,0.1079284,0.11675821,0.05672384,0.20183326,-0.07842614,-0.10073665,-0.11122995,-0.24640607,-0.00891515,0.43045225,0.17823055,0.21692752,-0.03149145,0.2947919,-0.00010757,0.17414488,0.01001388,0.17968947,-0.11012638,0.26252014,0.02679433,-0.02566328,-0.01038057,0.07331335,0.06293278,0.52942745,1.10241063,1.63183807,-6.78118014,-11.08551749,-4.51172786
153450897,ampa,AMPA,0.0044,-0.0634073,0.17130083,-0.11480098,0.02629583,-0.00680813,0.17248212,0.04119753,0.05265614,0.18144328,0.22142744,0.0219131,0.15966573,-0.46531664,0.1019968,0.23773934,-0.01193626,0.18151513,0.02202616,0.15615164,0.11286606,-0.01784337,-0.29312791,0.24844315,0.18199734,0.0595375,0.34068924,0.40022674,0.80382809,0.11382219,0.91765028,-6.89108792,-5.69194389,-2.53713184
154461990,ampa,AMPA,0.0044,0.09333401,0.2776942,-0.12558306,-0.13501283,0.1002813,0.14835898,0.04853701,0.17476454,-0.00263263,0.0082652,0.00783349,0.23942344,-0.15402839,0.01110198,-0.15225418,-0.38765562,0.16677989,0.11680315,0.04852373,0.39270719,0.40355719,0.42675976,0.16061278,0.14389391,0.12177013,0.47319102,0.59496114,0.71349353,0.70361037,1.4171039,1.07231426,0.25136996,-3.91802792
154704064,ampa,AMPA,0.0044,-0.09317095,0.26070982,0.13306367,0.18965026,0.07133251,0.0749187,0.16559183,0.06635217,0.03627091,0.16258516,0.09719685,0.63440137,0.18216093,0.4844381,0.17697993,0.3914464,0.12849021,0.08706174,0.11066796,0.06413276,-0.02746618,0.22322694,0.12228929,0.13725613,0.41028483,0.69312214,1.10340697,1.38861749,1.38756207,2.77617956,-15.1784805,-17.65037654,-7.67561859
155190506,ampa,AMPA,0.0044,0.05152966,-0.05702309,-0.06223148,-0.1291126,0.12509081,0.20244003,-0.10556235,0.0670399,0.08841353,0.07572728,-0.0509944,-0.5352066,-0.02918337,0.29175738,0.23969617,0.21587391,-0.01500937,0.11332388,0.03977486,0.30678958,0.06218166,0.0065727,0.04718361,0.02314217,0.04624576,0.34464357,0.39088932,-0.37613509,0.95745963,0.58132454,5.66778418,2.58954197,-1.60725392
155379621,ampa,AMPA,0.0044,-0.04380618,0.18091723,-0.02213427,-0.04037755,0.07753232,0.04526141,0.08827332,0.04637683,0.12199054,0.20499452,0.16596948,0.29551741,-0.04615186,-0.06703954,0.05040968,0.02489394,0.12793371,0.02203162,0.02911975,0.00324323,-0.28544048,-0.19617345,0.06759908,-0.09271968,0.38782522,-0.05653012,0.33129509,0.73268985,-0.30576388,0.42692598,-3.91901816,-3.01452404,-1.18037068
156021841,ampa,AMPA,0.0044,0.05086398,-0.02933041,-0.00091392,-0.18558514,0.12010128,0.23070235,0.0742015,-0.09785974,0.06722847,0.17459652,-0.00963049,0.22922649,-0.26855095,-0.20785888,0.21234897,0.16150378,0.10704883,0.13360818,0.09140943,0.29323251,-0.06245107,0.13927254,0.03682146,0.2953256,0.30185082,0.11662667,0.41847749,0.32175007,0.81508373,1.1368338,-2.27195147,-4.10088465,-3.14313337
157312444,ampa,AMPA,0.0044,0.0265737,0.18793934,0.00082861,-0.04129576,0.02559562,0.05222581,0.00749122,-8.996e-05,0.01286138,-0.17862389,-0.00147924,0.31261376,-0.00447009,-0.17187457,0.07929419,0.23046299,0.0855021,-0.12381432,0.01653146,0.24035735,0.38397103,0.0743152,0.08242344,-0.15786384,0.07187129,0.64325213,0.71512342,0.33276931,0.09158282,0.42435213,-3.05623436,-3.61608022,-1.17325447
157655614,ampa,AMPA,0.0044,0.06276232,0.10176651,-0.04748059,-0.04855344,0.14439033,0.03404812,-0.01945689,-0.1412826,0.02889842,-0.03484692,-0.09790946,0.04677893,-0.38043922,-0.24574333,-0.10040794,-0.08068367,0.12714949,-0.02782852,0.02444567,0.06485547,0.28177723,-0.24420344,0.118914,0.02824137,0.07120414,0.07143923,0.14264337,-0.0420894,-0.50536213,-0.54745153,0.12039002,1.7098997,1.51360135
157691935,ampa,AMPA,0.0044,0.01338054,-0.0090679,0.09213882,0.16183978,-0.08174578,-0.1359633,-0.06182981,-0.13717319,0.01614634,0.19083733,0.08364415,0.36903204,0.11478657,0.23662809,0.00335842,-0.0407827,-0.05256016,-0.33062683,-0.03545666,0.01799662,0.14916032,-0.18998885,-0.0061925,-0.30875449,0.06173426,0.17309599,0.23483025,0.43950477,-0.61552816,-0.1760234,-8.27836912,-7.96744197,0.48667185
159066706,ampa,AMPA,0.0044,0.10866984,0.37839998,-0.02356526,0.04801204,0.21291837,0.24346815,0.16605087,0.13785278,0.02016724,0.14202681,-0.02668436,0.32817033,-0.40980775,-0.25227363,0.26326768,0.75361951,0.27455106,0.61547276,0.37554717,0.78300225,-0.3169597,0.24613887,0.16116322,0.44466157,0.4575567,0.34776168,0.80531838,1.27793009,2.59062133,3.86855142,-5.25051076,-7.96094576,-10.69582301
160259456,ampa,AMPA,0.0044,0.19926648,0.25186325,-0.00312242,-0.0098388,0.16876927,0.30256328,0.01511617,-0.06651583,-0.04379279,0.09905442,0.07957061,0.13898443,0.27714887,0.22683145,0.17938243,0.16810312,0.22539415,0.27321664,0.08834919,0.2916629,-0.36032145,-0.12891094,0.26659691,0.21701569,0.41580732,0.67655009,1.0923574,0.71611074,1.04791886,1.7640296,-5.26490965,-7.49141,-4.87721276
161239003,ampa,AMPA,0.0044,0.05888397,0.17593678,0.02346067,-0.0250191,0.0386872,0.0107084,0.06945661,-0.04948775,0.05858263,0.02293579,-0.11710507,0.11919281,0.21987721,0.27362947,0.22520652,0.12855278,-0.12789319,-0.08130216,-0.07168086,0.05926094,-0.45212014,-0.15344731,0.05011583,-0.04560361,0.13196601,-0.15649464,-0.02452863,0.25426695,0.18109011,0.43535706,-4.67884641,-5.4956151,-1.20368105
162353055,ampa,AMPA,0.0044,0.06180677,0.17167465,-0.02029362,-0.07530342,0.03352245,-0.01909981,0.00610004,0.05952939,0.04919911,-0.08540518,0.02377031,-0.00374684,0.08308522,0.55508274,0.44209931,0.51355597,0.04644987,-0.28860666,0.0259031,0.1102956,-0.33444999,-0.26874923,-0.00531586,-0.31481829,0.15410505,0.25777165,0.4118767,0.04764878,0.30676012,0.3544089,-5.86424392,-8.451574,-0.9798745
162354840,ampa,AMPA,0.0044,-0.05029855,-0.27838063,-0.06348571,-0.06189328,-0.03336084,-0.2611763,-0.11446988,-0.17769384,0.04094393,0.15180987,-0.05768473,-0.21201429,-0.20470665,0.35270464,0.0118635,0.09434453,-0.07298034,-0.32173787,0.07696028,0.32814985,-0.16569773,-0.1680179,0.07079447,-0.26400816,-0.27835579,-0.28376647,-0.56212226,-0.83934848,0.0214351,-0.81791338,1.41073434,-1.09911489,2.26137791
163186746,ampa,AMPA,0.0044,-0.03780551,-0.13719865,-0.05140237,-0.06957491,-0.13985532,-0.15842397,0.10531784,0.18103051,0.08565344,0.09124255,0.04665821,0.5837209,-0.03503123,-0.1986913,0.01934061,0.76924614,-0.02545867,0.51673686,-0.08701394,0.11947855,-0.37654427,-0.12333913,-0.11363339,0.1136928,0.00856631,-0.61834089,-0.60977458,0.49079643,1.19712393,1.68792035,-5.77307549,-9.53165017,-4.6667849
164064591,ampa,AMPA,0.0044,0.02390065,0.03521233,-0.07791339,-0.05813671,-0.05006651,-0.1017416,-0.01870548,-0.01643942,-0.03500403,-0.32135491,0.10639633,0.46410693,-0.05046581,0.27543995,-0.20619013,-0.21985437,-0.0488426,0.09510252,-0.0767749,0.17258798,0.07088149,-0.23861915,-0.28198061,0.03059109,-0.05139244,-0.59337257,-0.644765,0.00164661,0.11524801,0.11689462,-5.18343706,-7.84082115,-0.32319182
164824205,ampa,AMPA,0.0044,0.0010351,0.25103494,0.04622818,0.09340557,-0.0583034,0.11149187,-0.00624787,-0.05585302,-0.11630323,0.3289643,-0.19489724,0.10445093,-0.08766141,-0.12647798,0.0185403,0.47013535,0.04748618,-0.40135298,0.05636386,0.39815637,-0.09618899,-0.10062184,0.09052983,-0.30672977,-0.32848847,0.02906976,-0.29941871,0.83349458,-0.06689084,0.76660374,-6.17016686,-4.46806977,-2.11951634
164874291,ampa,AMPA,0.0044,-0.00554583,0.14717656,-0.02232376,-0.15331627,-0.01198911,0.16899391,0.03489813,-0.08117446,0.11705252,0.1726652,0.02964595,0.23352208,-0.10648031,0.08609223,-0.14597296,-0.08278777,-0.05241591,0.2647628,0.21087448,0.23395273,-0.05857972,0.18422447,0.01303189,0.26631423,0.1417379,-0.13954253,0.00219538,0.487867,0.95255868,1.44042568,-1.52040152,-3.86103579,-3.9825083
165288521,ampa,AMPA,0.0044,-0.03886857,-0.0453982,-0.05945396,0.01703199,-0.0186325,0.03021109,-0.11941114,-0.01830642,0.1041405,0.17048234,0.16726831,0.35908999,-0.08821571,0.19390178,0.22568752,0.07862529,-0.07147504,0.11626118,0.16871662,0.12175781,0.35160588,0.46974041,-0.04538965,0.05096533,0.03504263,0.54092962,0.57597225,0.51311078,1.03125179,1.54436258,-3.81466748,-7.1256471,-4.26987442
165369327,ampa,AMPA,0.0044,0.05488983,-0.0571597,-0.02235737,0.02832666,0.09483074,-0.00268068,-0.15356697,-0.24859313,0.29156139,0.34016183,0.06953726,-0.42180291,0.30212209,0.26595636,0.10792559,0.28354002,0.1656243,-0.01125651,-0.10468406,-0.0983062,-0.13860132,0.10648071,0.18502436,0.09279281,0.33489488,0.51741096,0.85230584,-0.36174793,0.6392072,0.27745927,1.5341427,0.61300972,-0.76712313
165959237,ampa,AMPA,0.0044,-0.05784961,-0.08161147,-0.11972981,-0.18558369,0.07834237,0.32294223,0.01657857,0.13158151,0.07733118,0.09680475,0.03027376,-0.57456996,-0.36076862,0.09083877,-0.15076636,0.16425,0.05618145,0.23765007,-0.05190907,0.08981974,0.15211568,0.19894039,0.08753989,0.15567496,0.02494646,-0.26760704,-0.24266058,-0.29043663,0.93717393,0.6467373,8.09336169,5.71239827,-1.788108
166274725,ampa,AMPA,0.0044,-0.05224156,0.04125319,-0.14574686,0.07616866,0.02596275,-0.22306259,-0.07950799,0.07021564,-0.05078066,-0.2330812,-0.08263768,0.24949306,0.09839127,0.24926227,0.11647116,0.26841972,0.01770593,-0.20621548,0.0615119,-0.02762586,-0.32718644,-0.09612559,0.01756172,-0.13438383,-0.38495199,-0.01554446,-0.40049645,-0.01901325,0.05333123,0.03431799,-6.58894459,-7.29146298,-0.09488283
166338974,ampa,AMPA,0.0044,-0.05191527,0.14316189,-0.05049477,-0.08061013,-0.08562691,0.03865169,0.18082312,0.28639538,0.02768605,-0.04946925,-0.05844051,-0.30663307,-0.00330987,0.14171563,0.1179978,-0.25870945,0.18259945,0.58380174,0.1780466,0.20101745,-0.03047583,-0.19729169,0.24160828,0.54686205,-0.03796828,0.68646644,0.64849816,0.0314965,1.01739573,1.04889223,4.52756434,4.47453184,-2.89999135
166386545,ampa,AMPA,0.0044,-0.04645531,-0.03584016,0.04248744,0.05964532,0.0395456,-0.26654532,-0.23637663,-0.16242692,0.30123447,0.23246581,0.26310681,0.33433048,-0.00541268,0.30540948,0.16000817,0.28678239,0.10194848,-0.04229863,0.00599947,0.02798474,0.0817383,0.03199906,0.07379764,-0.28010226,0.36354238,0.41807938,0.78162176,0.1616292,0.32977478,0.49140399,-4.8349978,-7.61252265,-1.35864035
166471280,ampa,AMPA,0.0044,0.08910411,-0.06156265,0.07271643,0.10032554,-0.09405762,-0.13477984,-0.00345701,-0.02508328,0.07097995,-0.04531871,-0.05032196,-0.28939864,-0.29849792,0.2107815,0.14572456,0.0662774,0.08843241,0.2488799,-0.08269467,0.07924699,0.41099348,0.49297705,0.02605526,0.04418252,0.08496391,0.29001312,0.37497703,-0.45581758,1.14234535,0.68652777,6.20708852,3.5323833,-1.89812121
166741227,ampa,AMPA,0.0044,0.0379173,0.01825324,0.13670787,0.24068683,0.00260284,-0.0441013,0.21441252,0.26204611,0.05643891,-0.16224252,0.0227793,0.47422893,-0.24702022,-0.51461828,0.59813869,0.47691646,-0.29244344,0.18314321,0.17769926,0.17018868,-0.07528475,0.01692779,-0.25172536,-0.08874591,0.47085874,-0.09063582,0.38022292,0.78887129,0.24381195,1.03268324,-5.18532548,-4.29942305,-2.85517652
166922849,ampa,AMPA,0.0044,0.08562222,-0.08425266,-0.08776332,-0.01714668,0.15952421,0.05314899,0.08566904,0.1585195,-0.04950005,-0.15931845,0.07034296,0.28940708,0.07232843,0.42690691,0.34770205,0.07698397,0.07727594,0.28497363,0.07609113,0.33557741,0.34105325,0.1894602,0.06737266,0.31323196,0.26389507,0.98182346,1.24571853,0.24035777,1.62713409,1.86749187,-5.31640433,-10.22848711,-5.16326663
168370463,ampa,AMPA,0.0044,0.05701682,0.22001603,-0.02807526,0.02220999,0.00351404,0.02045711,-0.02203541,0.06480856,-0.07263857,-0.117023,0.04227662,0.28028291,-0.1395447,-0.54913452,0.01232748,0.08066797,0.01274386,0.1581176,-0.04594764,0.19231126,-0.02741813,-0.14644804,0.00198344,0.14894506,-0.01994175,-0.18585569,-0.20579744,0.4907516,-0.11554066,0.37521095,-1.65295504,0.94945489,-1.03738827
168641000,ampa,AMPA,0.0044,-0.00034512,-0.02226991,-0.05666526,-0.06267828,0.08520362,-0.03931356,-0.03109633,-0.10791048,-0.06526311,-0.27547789,0.16362135,-0.15437754,-0.16737453,0.3038098,0.06257578,0.1799991,0.09871527,0.18500513,0.24152599,0.17451691,-0.49654139,0.22793622,0.06885248,0.05951121,0.09545515,-0.1922464,-0.09679126,-0.66202765,1.13077838,0.46875073,3.26831159,-1.13877139,-1.29600831
169786920,ampa,AMPA,0.0044,0.0658612,0.12563126,0.03644805,0.09404037,-0.01713553,-0.09951249,-0.12003697,-0.10612908,-0.03197242,-0.02835253,-0.07585239,0.12750484,0.07149062,0.26067805,0.1078359,0.08786909,0.00911595,0.03871899,-0.15593422,-0.09690422,-0.20579457,0.19325621,0.01694134,0.09314928,-0.14268805,-0.15634498,-0.29903303,0.11318237,0.5767674,0.68994978,-3.71646817,-4.6482372,-1.90758242
171526079,ampa,AMPA,0.0044,-0.04984612,0.02287438,-0.02882832,-0.08021005,0.05493764,0.09332067,-0.01455244,-0.1398026,-0.07712282,-0.05096231,-0.10904955,0.14450734,-0.17605192,0.21199885,-0.12424315,-0.23924124,0.05025823,-0.02418467,-0.02208802,0.06858792,0.26778879,0.34501945,0.0430628,-0.04294574,-0.22446162,0.03872675,-0.18573487,-0.01027257,0.31923457,0.308962,0.51337585,-2.13047319,-0.8542223
171674018,ampa,AMPA,0.0044,0.12059595,0.01434104,-0.00569515,0.05771858,-0.02006539,0.03745247,-0.01224266,0.08165389,0.10734981,0.03395541,-0.04571556,-0.45218534,0.11795201,-0.11568765,-0.03657865,-0.21487178,-0.07767244,0.00946337,-0.05672144,-0.2279274,0.14355246,0.42484223,-0.05460353,-0.02322117,0.144227,0.03592841,0.18015541,-0.22706395,-0.1474024,-0.37446635,8.58182778,10.49939343,1.0353296
171990823,ampa,AMPA,0.0044,0.01558379,-0.01115279,0.0043411,-0.09027266,0.05460786,0.0647557,0.12002232,0.0468161,0.07123634,-0.01329574,-0.06284429,0.42570639,-0.107123,0.10630273,-0.39808082,-0.20462339,0.1981661,-0.3238059,0.12388002,0.21558192,0.07924629,0.15126586,0.2070051,-0.19374665,0.20294712,0.10309369,0.30604081,0.422557,-0.24902543,0.17353157,-4.82684288,-6.03544057,-0.47978242
172283288,ampa,AMPA,0.0044,0.07369736,0.17182401,-0.08665819,-0.09194422,0.0714563,0.07404935,0.03850709,-0.13148789,0.00099681,0.09657305,0.00409908,0.34159152,-0.07798501,-0.21892287,-0.01669419,0.08043002,-0.16857411,0.00367587,0.0372007,0.26534558,-0.63065315,0.00496797,-0.17788285,-0.13120747,0.10209845,-1.03458861,-0.93249016,0.46060581,0.0042891,0.4648949,-1.7080598,-2.36220955,-1.28534768
172442389,ampa,AMPA,0.0044,0.19184959,-0.0819251,-0.0827602,-0.09297351,0.25043181,0.24107941,0.29124561,0.15435017,0.06276425,0.12639204,0.0225681,-0.08760298,-0.16934637,-0.02022594,0.22241648,0.03382062,-0.05789007,0.19805421,-0.05090764,0.08069953,-0.0056689,-0.02185385,-0.20298667,-0.16028008,0.73609915,-0.26438317,0.47171598,0.25932003,0.11021449,0.36953452,3.72717945,1.80293202,-1.02169401
174433203,ampa,AMPA,0.0044,-0.10397633,-0.08936079,0.03327412,-0.07199281,0.02423885,0.16047601,0.1053896,0.24899912,-0.09600108,0.12591072,0.02295665,0.57261819,0.01261062,0.14593203,0.17060964,0.02692524,0.1648242,0.04689758,0.00635802,-0.07646608,-0.0767068,-0.03239589,0.04109975,-0.09483341,-0.01411818,0.31879544,0.30467726,0.94665043,0.01605948,0.96270991,-7.85558568,-9.98176085,-2.6617133
174603925,ampa,AMPA,0.0044,0.15062874,0.26755318,0.03131951,0.13474845,0.02689071,0.10318568,-0.14465684,-0.18758711,0.02917198,-0.10622782,0.04699811,0.30303713,0.16871331,0.320659,0.12259685,-0.28371625,0.10283696,0.14776544,0.27699817,0.2705369,-0.0168069,-0.06564954,0.23501697,0.17318314,0.1403522,0.88935536,1.02970756,0.51470951,0.5627787,1.0774882,-6.24505423,-7.54609066,-2.97905388
175029071,ampa,AMPA,0.0044,0.15188975,0.05832969,0.01201507,-0.12713653,-0.01348146,0.21094911,0.07849382,0.02238869,-0.04846109,0.15395452,0.12090717,0.19519869,-0.07798117,-0.12682696,0.14893144,0.03861537,0.04050279,0.06142879,0.06092977,0.14186354,-0.1588995,-0.30297793,0.04512096,-0.06750795,0.30136326,0.05860428,0.35996754,0.51368417,-0.25540515,0.25827903,-2.14388152,-2.46032026,-0.71409332
175924853,ampa,AMPA,0.0044,-0.07652998,0.05046767,-0.10515581,-0.23272712,0.01025384,0.05451376,0.1054804,0.05930871,0.1020997,0.14758727,0.08228273,0.28579371,-0.419411,-0.2965796,0.26319241,0.23360789,0.16374573,0.1365091,0.15044913,0.2987855,-0.2193337,0.03932005,0.2201085,-0.02699117,0.11843089,0.15875106,0.27718194,0.364944,0.38465176,0.74959576,0.5356331,-1.01116133,-2.07249243
176214110,ampa,AMPA,0.0044,-0.01100707,0.24580296,-0.01817146,-0.09568298,0.06713355,0.39083584,-0.00059288,-0.11822535,0.01530014,0.1489093,0.05414895,0.4182071,-0.22517082,0.17576999,0.09028401,0.27429632,-0.15652578,-0.05798714,0.03608204,-0.07032557,0.09912793,0.14049414,-0.11486976,-0.02148876,0.10681123,-0.27107238,-0.16426115,0.98984687,0.44075897,1.43060584,-8.80210247,-10.91878909,-3.95535828
176617846,ampa,AMPA,0.0044,0.12198736,0.3572004,0.08512205,-0.03551067,0.25623084,0.35406888,0.12379897,-0.09130274,0.17128998,-0.1131729,0.06840558,0.48722388,0.09873636,0.01777638,0.72102069,0.81859805,0.23803558,0.10011723,-0.07014787,0.08169481,0.1325579,0.17806095,0.26127035,0.01286391,0.82683478,1.38147301,2.20830778,0.95850683,1.20911132,2.16761815,-10.11807378,-13.38144691,-5.99305982
177344780,ampa,AMPA,0.0044,-0.06096753,-0.12417345,0.06949088,0.05390227,0.17446889,0.26788402,0.12002583,-0.02978103,-0.07668352,0.12569346,0.03646873,0.08561532,-0.25538706,-0.05049375,0.05597805,0.10104669,0.03868626,0.000408,-0.20116856,-0.1223873,0.39590844,0.12840524,-0.07453135,-0.06527864,0.26280329,-0.04051422,0.22228907,0.37914059,-0.00829975,0.37084084,-2.15505073,-3.02398198,-1.02530574
177528314,ampa,AMPA,0.0044,0.03687997,-0.00560166,0.02093299,-0.05922719,0.08887813,0.10311215,-0.02196404,0.02291611,0.07052561,0.00639542,-0.09551318,0.16795046,-0.09490145,0.31637071,0.19257094,0.23952095,0.11847632,0.03007684,0.10372916,-0.03825098,0.17241955,-0.04436664,-0.09595463,-0.24747936,0.09973947,0.39633988,0.49607936,0.23554528,0.25587153,0.49141681,-2.92416116,-6.35505296,-1.35867581
177688664,ampa,AMPA,0.0044,0.07736063,0.08040667,0.10499184,0.05278495,0.07685056,-0.04497184,0.21654636,0.21662509,-0.01858158,-0.27668457,-0.07704175,0.11559359,0.0730903,0.11395272,-0.05727246,0.00780118,0.15738707,-0.18447905,-0.04519133,0.01975145,-0.50466362,-0.18047179,0.16493242,-0.09278081,0.38012605,-0.21171763,0.16840842,0.14375388,-0.3162263,-0.17247242,-4.03157076,-3.16087249,0.47685407
177896969,ampa,AMPA,0.0044,0.03865554,0.33989417,-0.02990155,-0.06652553,0.13358805,0.31639062,0.0726494,0.0136817,0.10421882,0.1198043,0.0635792,0.59810986,-0.34692336,0.11744895,0.37224748,0.40362844,-0.08372614,-0.12513668,-0.03661584,-0.00735055,0.05221612,0.01804451,-0.12241557,-0.34035055,0.38278946,-0.16521729,0.21757217,1.32135512,0.06628411,1.38763923,-9.96784096,-11.85470306,-3.83656362
178045655,ampa,AMPA,0.0044,0.01864586,0.14352721,-0.0325267,-0.03157454,0.03504377,0.09315338,-0.14704508,-0.15717855,0.01170891,0.17379626,0.0768379,0.36989752,-0.00382784,0.15661931,0.07872801,-0.26528217,-0.13581102,-0.05828555,0.13657174,0.1941808,0.01075982,-0.0382492,0.06533358,0.14946138,-0.03733534,0.15175429,0.11441895,0.59162128,0.13844457,0.73006585,-6.53756975,-6.83371828,-2.01849588
178126699,ampa,AMPA,0.0044,0.10813021,0.13498903,0.14010578,0.20628276,0.06524,-0.00950706,0.09106526,0.0260271,0.03820573,0.21637526,0.04841569,0.33444741,,,,,,,,,,,,,0.49116266,,,0.9086145,,,,,
178282579,ampa,AMPA,0.0044,0.21784691,0.34991222,0.00168213,-0.05258324,0.02991004,0.03143312,-0.01986846,-0.10661844,0.01190846,-0.11057731,0.00781542,0.12252347,0.26784125,0.25584933,0.27315511,0.30773815,0.22693024,0.12814785,-0.058547,0.11601733,-0.28098666,0.32228972,0.12797219,0.14516487,0.2492945,0.55636513,0.80565963,0.23408982,1.27520726,1.50929708,-2.73101908,-5.22126443,-4.17292486
178684006,ampa,AMPA,0.0044,-0.07189716,0.00309644,0.12314036,0.23157271,-0.08299015,-0.02361162,-0.05979263,0.01298862,-0.03971358,-0.06465747,0.16062037,0.54089633,0.05777233,0.16432377,0.12970673,0.02108537,-0.1639609,0.22053828,6.645e-05,-0.08215366,0.48798376,-0.00813728,-0.17024906,0.14895567,0.02936721,0.34131929,0.3706865,0.70028501,0.46461215,1.16489716,-9.65224389,-10.79138498,-3.22072335
178998455,ampa,AMPA,0.0044,-0.05094632,-0.18136882,-0.04910384,-0.03331475,0.05422892,0.02207275,0.19571041,0.29704548,0.1853329,0.32096704,0.01741393,-0.00651278,-0.1452171,0.0515399,0.17066367,0.27602954,0.14994977,0.45594162,0.03075993,0.1593528,0.07182002,-0.25187422,0.26610543,0.47603356,0.352636,0.54408172,0.89671773,0.41888892,1.1670232,1.58591212,-3.01711832,-4.04978844,-4.38475116
181526703,ampa,AMPA,0.0044,0.15190003,0.36197449,-0.01302272,-0.08133121,0.05187294,0.28220032,-0.12829628,-0.0687866,0.13197353,0.01221465,0.03430622,0.12120956,0.05695515,0.04463974,0.16671432,-0.03022148,0.09295385,0.11539632,0.00416383,0.20189849,0.57633916,-0.00362232,0.08037331,0.04516868,0.22873371,0.97749963,1.20623334,0.62748121,0.37325942,1.00074063,-1.65183588,-2.31598722,-2.76686117
182136619,ampa,AMPA,0.0044,0.01051429,-0.0230003,-0.01124879,-0.06200614,-0.09623483,-0.21740312,-0.05934143,0.01810925,-0.01577925,-0.16130947,0.11341545,-0.24051381,-0.10657868,-0.1506629,0.0099481,0.03911847,0.17450158,0.02386714,0.13166689,0.42025699,-0.2860482,-0.14451698,0.03305249,-0.01865205,-0.05867458,-0.04345783,-0.10213241,-0.6861236,0.16941068,-0.51671292,5.94580962,5.85896523,1.42861484
183176019,ampa,AMPA,0.0044,0.07621355,-0.07224038,-0.01130423,0.05858279,0.08474074,0.18845543,0.05293361,0.04487082,-0.01679221,0.03318934,0.10554111,0.15767775,0.01008371,0.16262349,-0.04126629,0.61943364,0.20012767,0.02615189,0.07657701,0.39264071,-0.12862228,0.04187832,0.11999379,0.01650246,0.29133257,0.23689361,0.52822618,0.41053575,1.2592305,1.66976625,-6.75067967,-10.39725866,-4.61659219
183475605,ampa,AMPA,0.0044,-0.04558332,-0.13501877,-0.03930339,-0.28285156,0.13460374,0.19988567,0.07559973,-0.12017948,-0.02339792,0.02411282,0.01253972,0.43432982,-0.07741561,-0.13997761,0.33236174,0.35256746,0.25717426,0.49547982,0.09042332,0.09380606,-0.21097704,-0.03035143,0.19301169,0.39587339,0.11445855,0.58457837,0.69903691,0.1202785,1.16739769,1.28767619,-3.3336387,-8.10997318,-3.56018446
183762098,ampa,AMPA,0.0044,0.07906476,0.13469513,0.00767431,0.17469509,0.05858677,0.12706189,0.06409477,-0.00051184,0.22891172,0.28360736,0.04602905,0.51379406,-0.03252537,-0.07762861,0.27297311,0.25419818,0.11645291,-0.05067247,0.09623156,0.0653069,-0.05252658,-0.06793529,0.08119223,0.03164952,0.48436138,0.48179785,0.96615923,1.2333417,0.15491821,1.38825992,-11.46919524,-10.3668416,-3.83827969
184059377,ampa,AMPA,0.0044,-0.07622884,-0.08013471,-0.04757304,0.04691761,-0.06126901,-0.15005836,0.07421564,0.21176155,0.13335013,0.10889546,-0.05270361,0.27603282,-0.02363722,-0.03660086,0.15899205,0.13010638,0.16272738,0.38847747,0.30877187,0.43262833,0.24970968,-0.20847629,-0.0246196,0.00246041,-0.03020873,0.83194414,0.80173541,0.41341436,0.70859545,1.12200981,-1.14400982,-3.21985009,-3.10214781
186213995,ampa,AMPA,0.0044,0.03333902,0.20539477,-0.01337947,0.00983749,0.17608134,0.27802671,-0.0753975,-0.16489844,0.04331989,0.0969716,0.07288462,0.22850839,0.17825425,0.20645981,0.03217213,0.00357731,0.06779369,-0.00241505,-0.12794445,0.16714882,0.08357653,0.09492152,0.10106181,0.08829563,0.2368479,0.33491396,0.57176186,0.65384051,0.55798804,1.21182855,-5.90544206,-7.42710271,-3.35047987
186940717,ampa,AMPA,0.0044,0.05335196,0.08845198,-0.07225102,0.08684327,-0.01670132,0.04576462,0.15362314,0.1618513,0.06638631,0.04419986,-0.02501317,0.43877163,-0.22001413,-0.21363257,0.03321702,-0.12228775,0.0593946,0.0001771,-0.02030007,-0.0386712,-0.13101231,-0.17966418,-0.070186,-0.04613824,0.1593959,-0.34890088,-0.18950499,0.86588266,-0.60021683,0.26566583,-5.83520178,-3.68242705,-0.73451645
187495574,ampa,AMPA,0.0044,0.18021944,0.33967243,0.01973195,0.0539419,0.30105725,0.20984123,-0.0084117,-0.03958321,0.05746381,0.06429187,-0.00447125,0.15116326,-0.34769732,-0.11224283,0.03657332,-0.01558341,-0.01380042,-0.33166514,0.00436198,0.47947141,0.11872087,-0.1309044,-0.07127316,-0.30023831,0.5455895,-0.27311472,0.27247478,0.77932748,-0.41116269,0.36816479,-3.65320672,-2.0180686,-1.01790696
188448101,ampa,AMPA,0.0044,0.17448752,-0.06265132,-0.06866449,-0.02575176,0.10133739,-0.02942507,0.00791633,0.0351529,0.0547108,0.17734208,0.07410884,-0.40165504,-0.02304465,0.07533481,-0.0302042,-0.29020146,0.24761926,0.23940219,0.08731194,0.14847889,-0.32202406,-0.21140011,0.22962188,0.07032804,0.3438964,0.18928018,0.53317657,-0.30698821,0.03194236,-0.27504586,7.06616711,7.24392741,0.76045048
188764715,ampa,AMPA,0.0044,0.0602254,0.06118678,0.04492716,0.0578709,-0.01962242,0.02058418,0.03471235,0.04840988,0.00011758,0.15501718,0.08217439,0.40259803,0.03985891,0.24699535,-0.03788364,0.57638922,0.15828528,0.01320159,0.08735258,0.34147753,0.00385112,0.01461799,0.04893476,-0.01786968,0.20253446,0.30039902,0.50293348,0.74566695,1.174812,1.92047895,-9.80607261,-12.90346897,-5.30976603
190042837,ampa,AMPA,0.0044,0.09449315,0.19363426,-0.07401175,-0.06613852,0.13869274,0.36159642,-0.02256947,-0.24337034,0.15154845,0.21856823,-0.07014914,0.35081548,-0.06781054,0.05700703,0.16951761,0.19789921,0.13063167,0.26671028,0.19249386,0.21548273,-0.05014799,0.12234197,0.03595091,0.34347496,0.21800399,0.41063551,0.6286395,0.81510552,1.20291619,2.01802171,-6.91137286,-9.55286472,-5.57945357
191170875,ampa,AMPA,0.0044,0.03641711,-0.29598987,0.06612001,-0.14536676,-0.08178437,-0.49593842,-0.06405674,-0.00246676,0.09904239,-0.09909745,-0.12868286,-0.33183859,0.00295176,-0.07365107,0.09469108,-0.27017312,0.02642724,-0.05104123,-0.03358821,0.10528095,0.1558129,0.03346552,0.15794266,0.14021079,-0.07294446,0.40423744,0.33129298,-1.37069785,-0.11590816,-1.48660601,8.98249665,9.40697211,4.11018829
191996808,ampa,AMPA,0.0044,0.07153666,-0.00454722,0.09441435,0.11118505,0.11517848,0.20554452,0.03682369,0.02547237,0.02127848,-0.096847,0.03501321,0.06690777,0.24336854,0.16529584,-0.03927254,-0.03073096,-0.42460417,-0.40362417,0.16680695,0.30198496,-0.27631141,-0.14360357,-0.36969816,-0.18629367,0.37424488,-0.69971078,-0.3254659,0.3077155,-0.29697156,0.01074393,-5.89936501,-5.79669828,-0.02970497
193109536,ampa,AMPA,0.0044,0.12023484,0.20725525,-0.08484388,-0.3693203,0.1304828,0.36281577,0.06291472,-0.01666273,-0.01929838,-0.02544788,-0.07068855,0.31459895,-0.13747062,-0.28840832,-0.01688669,-0.13337267,0.06474292,0.18792823,0.00145153,0.31074562,-0.26732704,0.155255,-0.02852453,0.13140418,0.13880156,-0.38401443,-0.24521287,0.47323906,0.36355204,0.8367911,1.74282887,-0.2627912,-2.31357128
195112416,ampa,AMPA,0.0044,-0.10745478,-0.17643454,0.04852267,0.04019819,0.03745521,-0.05667641,0.07481798,0.11487738,-0.08207597,-0.00607282,0.02106887,0.32385954,0.19381681,0.46567495,0.08562361,-0.03077101,-0.18246088,0.01698392,0.0141599,0.0367894,0.36522924,-0.12108915,-0.06669817,0.15472189,-0.00766602,0.4096705,0.40200448,0.23975135,0.52231001,0.76206136,-8.45714749,-10.96562161,-2.1069575
195135326,ampa,AMPA,0.0044,0.18084851,0.5194967,0.10360285,0.02988824,-0.01582603,0.08470253,-0.04997785,0.07585501,0.10750037,0.0805582,-0.02227833,0.32960144,0.00479467,-0.31289681,-0.06284457,0.07608857,-0.1903906,-0.09489431,0.04856438,0.23789334,0.18892022,0.14779746,-0.07207304,-0.00348471,0.30386952,-0.08302894,0.22084058,1.12010212,0.05050354,1.17060566,-4.2819128,-1.16090501,-3.23650627
195145348,ampa,AMPA,0.0044,0.09291389,0.19327504,-0.09893689,0.08513059,0.13207733,-0.00551433,0.02652757,0.17410828,0.08684789,0.12395708,0.05915645,0.3954056,-0.3339726,-0.13249055,0.38889289,0.31560731,0.08247509,0.24795348,0.12844686,-0.0215202,-0.17252748,0.04102834,-0.12551857,0.11394776,0.29858623,-0.0322038,0.26638243,0.96636225,0.56452614,1.53088839,-6.0344722,-5.56618221,-4.23262081
195166026,ampa,AMPA,0.0044,-0.00855118,0.30855806,0.16702552,0.17056761,-0.03146388,-0.18414222,-0.12934886,0.16476382,0.07938039,0.02528773,-0.10376399,0.50009336,-0.0653762,-0.09957161,-0.06907152,-0.10420066,0.20842835,0.2455543,-0.00287602,0.00599824,0.02621405,0.09091802,0.30755467,0.30019396,-0.02672199,0.40487333,0.37815134,0.98512836,0.43889226,1.42402062,-6.86959439,-4.49815709,-3.93715136
195629783,ampa,AMPA,0.0044,-0.04048072,0.00733275,0.10340045,0.14428276,0.16007531,0.07781339,-0.01072547,-0.0428607,0.14099769,0.27470512,0.10868521,0.33029424,0.24893997,0.35067914,0.10511965,0.15722128,0.00137122,0.06709222,-0.15473476,-0.0585609,0.04588243,0.18758332,0.11546906,-0.02369533,0.46195246,0.36204756,0.82400002,0.79156757,0.68031973,1.4718873,-7.75390097,-9.98799742,-4.0694938
195966822,ampa,AMPA,0.0044,-0.03207419,0.18918197,-0.03412456,-0.26681928,0.01389438,0.11178482,-0.0425591,-0.00191136,0.06298337,-0.02847667,0.0299687,0.50602919,0.2832373,0.34298838,0.07444235,0.11848859,-0.1281508,-0.16040232,0.22631574,0.33888675,-0.0174513,-0.05485088,-0.08197862,-0.03705151,-0.0019114,0.35641466,0.35450325,0.50978867,0.54805901,1.05784768,-8.03433565,-11.59310334,-2.9247515
197382673,ampa,AMPA,0.0044,0.00127104,0.35461381,0.05629254,-0.02525971,0.16294974,0.38319266,0.16165148,-0.04749515,-0.13601198,-0.12149322,0.08817128,0.51734628,-0.06816878,0.29464727,-0.03828701,0.13505875,-0.03271407,0.14040291,0.1755271,0.44988097,0.30734156,-0.33793173,0.19698148,0.34172811,0.33432411,0.54068029,0.8750044,1.06090467,1.02378628,2.08469096,-13.37795878,-15.64777956,-5.7637816
198118454,ampa,AMPA,0.0044,-0.04801032,-0.01812515,0.02515805,-0.02012958,0.00881852,-0.06225304,0.03519543,0.01587443,0.24588208,0.32796198,0.01026415,-0.05158465,-0.15313762,-0.04274597,0.10932183,0.14860299,0.04854315,0.25685345,0.30130332,0.36039493,-0.01851957,0.0389062,0.13866942,0.32247822,0.27730791,0.42618051,0.70348842,0.191744,1.08448981,1.27623381,0.23009174,-0.36740267,-3.5285484
198600924,ampa,AMPA,0.0044,-0.06025766,-0.15205858,0.0251902,0.07034586,-0.02618531,-0.08233914,0.10634177,0.06317004,0.03687631,0.19013441,0.05167563,0.06572357,,,,,,,,,,,,,0.13364093,,,0.15497616,,,,,
199436480,ampa,AMPA,0.0044,-0.0708876,0.01316341,-0.00456259,0.00517884,-0.0249561,-0.0287929,0.0353339,-0.0133892,0.13861281,-0.0659002,0.06398285,0.42405219,-0.00184557,0.01534118,0.20560426,0.58960539,0.34006466,0.31767518,-0.05664729,0.23103655,0.43724275,-0.08466429,0.32522408,0.39677932,0.13752327,1.2496429,1.38716617,0.33431213,1.46577332,1.80008545,-8.93879624,-11.75261054,-4.97690047
112288,ampa_high,AMPA,0.0048,-0.24153285,-0.11017173,-0.24715933,-0.21138493,-0.27344575,-0.07370272,0.20032491,0.4210198,0.1248939,0.16399609,-0.00971704,-0.29518551,-0.23917333,-0.13461521,0.39909252,0.41034594,-0.00302919,0.23715764,0.57063276,0.83703606,0.05080018,-0.17441436,-0.01363824,0.25742826,-0.44663615,0.7646847,0.31804854,-0.105429,1.43293833,1.32750933,4.51653269,2.91195897,-3.67031565
458976,ampa_high,AMPA,0.0048,0.10719678,0.03198647,0.02006464,0.03205854,0.2066502,0.10688562,0.16192075,0.12034139,0.0693553,0.04217687,0.20308337,0.26955816,0.29724492,0.48646865,0.1052584,-0.21181679,-0.02547432,0.37286552,-0.18646015,-0.07833739,-0.00445352,-0.10315938,-0.05441643,0.20373492,0.76827104,0.13169891,0.89996995,0.60300705,0.66975553,1.27276258,-5.29522362,-8.00961804,-3.5189511
829055,ampa_high,AMPA,0.0048,-0.05940902,0.0200751,0.15357388,0.08153955,-0.01348043,0.06418742,0.04399618,-0.15866671,0.04797807,0.2248364,0.09446479,-0.07969319,-0.08262238,0.24125104,0.19846954,0.38735887,-0.01566698,-0.00402554,-0.15373707,-0.15884906,-0.27549442,0.04552567,-0.07907396,-0.05660154,0.26712348,-0.40812528,-0.14100179,0.15227856,0.45465945,0.60693802,-3.12849363,-4.42557577,-1.6780704
1647364,ampa_high,AMPA,0.0048,0.12334693,0.24354547,0.03954093,-0.07259548,0.08352746,0.20910793,-0.19770545,-0.26246732,0.1633042,0.14412965,0.09377149,0.80445703,-0.28211542,0.05437667,0.35992429,0.30565417,-0.1337211,-0.51726792,0.06764728,0.03260409,0.07774298,-0.09065872,-0.04880732,-0.27987811,0.30578556,0.04067071,0.34645627,1.06617729,-0.49516982,0.57100746,-15.30323155,-15.85454707,-1.57872912
2190836,ampa_high,AMPA,0.0048,-0.15035247,-0.34956406,-0.18160008,-0.1456437,-0.30673698,-0.42054658,0.02749203,-0.08328803,0.1689593,-0.08510703,0.18417519,-0.13713736,0.13168826,-0.11661471,0.16355415,-0.19530942,-0.10542066,0.3945639,0.21979471,0.28638747,0.12521966,0.03056407,-0.01247997,0.41136165,-0.258063,0.52235615,0.26429315,-1.22128676,0.81095297,-0.41033379,7.99102479,5.79813746,1.13449639
2270310,ampa_high,AMPA,0.0048,0.04078003,-0.40157307,-0.05396056,-0.0532933,-0.29837127,-0.70446755,0.24086602,0.27497241,-0.17168372,-0.39998819,0.1501529,0.00171298,0.37520023,-0.05561028,0.19571002,0.25776253,0.08309769,0.03767715,0.12061112,0.0948968,0.56305276,0.01360252,-0.02409958,-0.03854683,-0.09221661,1.31357224,1.22135563,-1.28263671,0.30978189,-0.97285481,4.53859111,2.80961223,2.68976208
2695459,ampa_high,AMPA,0.0048,0.52881471,0.18625181,-0.04714676,-0.0813728,-0.08655307,-0.53179181,-0.11631095,0.08489715,0.22668575,0.12045974,-0.07426775,-0.21518177,-0.10861885,0.16732783,0.319513,-0.13238107,0.06300393,0.02316766,-0.47604957,-0.48842222,0.1422951,0.1277474,0.11758911,0.11670801,0.43122194,0.05773273,0.48895466,-0.43673769,-0.18585238,-0.62259007,4.44279737,7.26099971,1.72134541
2904393,ampa_high,AMPA,0.0048,0.2177349,0.43802723,0.07991701,0.00976595,-0.07160257,-0.01326299,-0.03576661,0.00575611,-0.00912738,0.25090215,-0.05020519,0.05501702,-0.11172717,0.00347833,-0.32303158,-0.05296115,0.63944167,0.58732544,0.1806591,-0.07129489,0.17404291,0.42170118,0.646175,0.64121752,0.13095016,1.20555992,1.33651008,0.74620548,1.52946643,2.27567191,0.10407908,1.02978352,-6.2918083
3287674,ampa_high,AMPA,0.0048,-0.16255031,-0.188304,-0.16115305,-0.06970365,-0.13064199,-0.16521202,-0.05674348,-0.00938505,0.33018276,0.21512918,0.37660668,0.79904526,0.09323985,0.26653381,0.33393793,0.4516587,0.42708424,0.53663912,0.05966267,-0.02624787,0.28783693,0.2682983,0.24149711,0.17633943,0.19570061,1.44325875,1.63895935,0.58156972,1.67322148,2.2547912,-8.31078085,-14.97805163,-6.23407704
4254555,ampa_high,AMPA,0.0048,0.2604252,0.05360305,-0.18709888,-0.30741605,0.10569549,0.04765065,-0.17350616,-0.04750966,-0.06513597,0.08843632,-0.2274858,-0.561381,-0.30510474,0.11753478,0.49315584,-0.05561493,-0.03928009,-0.34657578,0.53358427,0.62035942,0.09968315,0.16607136,-0.0032437,-0.22524439,-0.28710612,0.77879473,0.49168861,-0.72661669,0.27653047,-0.45008622,9.96536603,8.37391418,1.24440442
4631192,ampa_high,AMPA,0.0048,-0.16088811,-0.11016772,0.1928784,0.20721152,-0.22057795,-0.10029698,0.13672968,0.07072286,0.04800278,0.13279451,-0.02415486,0.2976448,-0.04633657,-0.15367973,0.43376046,0.64561559,-0.07012906,0.03394139,0.09151645,0.5139828,-0.11424959,-0.24629618,-0.21425721,-0.18441395,-0.02801005,0.08030447,0.05229442,0.497909,0.60914991,1.10705891,-6.61654671,-7.95260676,-3.06081137
4794212,ampa_high,AMPA,0.0048,0.07917906,-0.24307761,-0.01595858,-0.06822624,-0.16304617,-0.11564582,-0.02534097,-0.05377169,0.14166949,-0.01471375,0.02839403,-0.19778753,-0.26241601,-0.00015502,0.36429202,0.08348633,0.42475657,0.4259788,0.18922745,0.45999061,-0.31349144,-0.36901305,0.26442046,0.34132324,0.04489686,0.66678905,0.71168591,-0.69322264,0.94161091,0.24838827,3.53191884,0.9185937,-0.68674722
4885471,ampa_high,AMPA,0.0048,-0.23629613,-0.25977714,0.00141093,-0.10780946,0.08080041,0.04340095,-0.0961189,-0.1267113,0.00271143,-0.04640588,-0.16020101,-0.40873799,0.26760169,0.39959393,0.0496009,0.16901042,0.7299364,0.45826721,0.11604133,-0.15790413,0.57184233,0.50041324,0.38707792,0.07984553,-0.40769328,2.12210057,1.71440729,-0.90604082,1.44922619,0.54318538,9.1510249,2.70060834,-1.50180624
5182386,ampa_high,AMPA,0.0048,-0.02313296,-0.14699631,0.08757368,0.07788568,-0.04881178,-0.12270215,-0.256947,-0.4381986,0.18715284,0.15166582,-0.09991952,0.02554152,-0.25660269,0.06784565,0.42463826,0.20511966,0.14978605,0.01136138,-0.06304093,-0.03212781,0.14870861,0.07431799,0.00073068,-0.00246214,-0.15408473,0.40421998,0.25013525,-0.45280406,0.32405474,-0.12874932,-1.07642505,-2.9653893,0.35596784
5432841,ampa_high,AMPA,0.0048,0.1619944,0.00792313,0.08393398,-0.08058974,0.13416542,-0.01331711,0.03276757,0.18310773,0.12160866,-0.3558038,0.08433594,0.174689,-0.04667628,-0.10227472,0.20969696,0.3969414,0.3103566,0.43082002,-0.01524644,0.03185922,-0.03583706,0.00689137,0.13940368,0.21609806,0.61880598,0.56169748,1.18050346,-0.08399079,0.98033536,0.89634457,-0.26561152,-2.96077286,-2.47822552
5901115,ampa_high,AMPA,0.0048,0.22193152,0.14020236,0.12131633,0.072827,-0.04549926,-0.04595511,0.06396891,-0.12278819,-0.07042657,-0.02634914,0.21601981,0.63899254,-0.26519897,-0.38456005,0.24492032,0.44123824,0.26489386,0.0131213,0.30012213,0.35560743,0.43734741,0.07382546,0.42175736,0.21969592,0.50731073,1.40384211,1.91115284,0.65692945,0.7189283,1.37585775,-9.75863819,-9.62754857,-3.80399001
5978534,ampa_high,AMPA,0.0048,0.14184816,0.11746709,-0.03869175,0.00392737,-0.18584507,-0.23364599,-0.02327458,0.22093559,-0.31519012,-0.00958939,0.17750192,0.16978997,-0.87002182,-0.38313269,0.28365154,0.59372691,-0.12273278,0.0400056,0.1432737,0.1847496,-0.42356218,-0.98136609,-0.13962222,-0.04443014,-0.24365144,-1.12901377,-1.37266521,0.26888464,-0.5904468,-0.32156217,-5.78529647,-2.54374291,0.8890594
6000160,ampa_high,AMPA,0.0048,-0.00165477,0.25098165,-0.01634198,-0.05031054,-0.10758947,-0.23091303,-0.40891656,-0.30554603,0.27621771,0.11669903,-0.3603439,-0.5202661,-0.19524031,0.30286304,-0.07246854,0.30176183,0.46124968,0.82912926,-0.52903693,-0.12459753,-0.1707646,-0.36776545,0.19035249,0.14508101,-0.61862897,-0.31590821,-0.93453717,-0.73935502,1.08647216,0.34711714,9.36302014,6.4408134,-0.95971413
6314205,ampa_high,AMPA,0.0048,0.11972038,0.27959925,-0.05920243,-0.17945402,-0.11938051,0.05510188,-0.03174216,0.08562282,0.07535161,0.08559468,0.2227276,0.52480174,0.11666665,0.16351241,-0.08167284,-0.13579047,-0.19206647,-0.21095833,0.0706176,0.38973534,0.03675976,-0.03641867,-0.11934847,-0.10601933,0.20747449,-0.16904377,0.03843072,0.85126635,0.06406096,0.91532731,-6.78068172,-7.67137286,-2.53070925
6502630,ampa_high,AMPA,0.0048,0.11593552,0.21300766,0.0962957,0.14989822,0.14186296,0.41242808,-0.09301337,-0.21511081,0.15276459,0.08938064,0.09743952,0.47313204,-0.27048899,0.05280149,0.11149418,0.12493627,0.40217089,0.30616094,-0.06833706,-0.13010459,-0.04404797,-0.05110803,0.21216263,0.18194739,0.51128492,0.34295368,0.8542386,1.12273582,0.48463347,1.60736929,-9.84538898,-11.13235626,-4.44407622
7127936,ampa_high,AMPA,0.0048,-0.07267323,-0.36686772,-0.11716845,-0.22439723,-0.06808087,-0.12122556,0.20056677,-0.1302148,-0.06767711,-0.19245742,0.16995059,-0.07100612,0.36922362,0.17647746,0.1793051,0.24287976,-0.11916543,-0.08252646,0.05778573,0.05893976,-0.46534133,-0.18998354,-0.15391545,-0.0639479,0.0449177,-0.13210776,-0.08719006,-1.10616885,0.14183908,-0.96432977,1.5371044,-2.53896536,2.66619191
7478069,ampa_high,AMPA,0.0048,0.29283019,0.45359049,-0.14202617,-0.1194549,0.04556311,-0.02845333,0.250553,0.10033616,0.16725587,0.47947935,-0.04148737,0.32476843,-0.34579984,-0.70161949,0.06461121,0.11590489,0.07179407,-0.04535521,-0.21381421,-0.17510567,-0.20747704,-0.03291976,-0.08065284,-0.19436711,0.57268863,-0.71133866,-0.13865003,1.21026621,-1.03346235,0.17680386,-0.07647512,5.5699773,-0.48882969
7764421,ampa_high,AMPA,0.0048,-0.20158708,-0.34430876,-0.00636753,0.00798365,0.12378049,0.37206604,0.04619638,0.13678867,0.17575194,-0.04773673,-0.03493638,0.39241921,0.1024374,0.37547286,0.37823973,0.50481082,0.21500573,0.41660564,0.27014913,0.40730506,0.58357021,0.29975345,0.32705377,0.43549252,0.10283782,1.87645598,1.9792938,0.51721208,2.43944035,2.95665243,-9.33952098,-17.18833537,-8.1745924
8043474,ampa_high,AMPA,0.0048,-0.02336952,-0.25755408,0.04862528,-0.10006128,0.22388466,0.00224227,-0.11246973,-0.15091417,-0.1393307,-0.37057024,-0.02525014,-0.54982913,-0.40867223,0.00373181,-0.11143269,-0.4129986,-0.10221187,0.09661868,0.10107378,0.39322723,0.02420295,0.07076665,0.11732637,0.34774748,-0.02791014,-0.37971369,-0.40762383,-1.42668663,0.49909325,-0.92759338,9.99519874,8.37805144,2.56462266
10058298,ampa_high,AMPA,0.0048,0.12974842,0.21284685,0.14907887,0.15391498,0.15506893,0.11205875,0.1803311,0.25938219,-0.12364966,-0.11870565,0.32826202,0.52804355,0.06097717,0.26628671,0.34007937,0.75497186,-0.08952534,0.04387901,0.03761049,0.08673415,0.30340727,0.11215969,-0.13582052,0.16405941,0.81883969,0.51672844,1.33556813,1.14754068,1.42809083,2.5756315,-14.9080325,-16.91056707,-7.12114063
10121092,ampa_high,AMPA,0.0048,0.19525841,0.12546099,0.03845677,0.13753545,0.13005643,0.03304153,0.28089154,0.10700786,-0.06312996,0.04709565,-0.13394771,0.33577446,0.14218139,0.14822195,0.65477518,0.71354449,-0.04093867,-0.19524033,0.13221328,0.00682601,0.21363181,-0.13028002,0.23073949,0.21336871,0.44758547,1.33260247,1.78018794,0.78591594,0.75644082,1.54235676,-14.76787909,-14.19851441,-4.26432871
11922061,ampa_high,AMPA,0.0048,0.0553411,-0.35703646,-0.35332959,-0.45736969,0.03008953,-0.15720501,-0.05670156,-0.07538777,0.13762239,-0.06332972,-0.03648518,-0.26970276,-0.0706385,0.3170151,0.08719704,-0.1831604,0.29795032,0.33587629,0.32135635,0.29620615,0.51296766,0.00465985,0.20122444,0.21324916,-0.22346331,1.35005732,1.126594,-1.38003142,0.98384615,-0.39618527,10.16064024,3.83177947,1.09537836
12029891,ampa_high,AMPA,0.0048,-0.12826003,-0.05981647,-0.01223877,0.10264687,-0.35385088,-0.45847416,-0.13389146,-0.0202739,-0.13820749,-0.28622221,-0.09533897,0.05580683,0.16269968,-0.20007578,-0.08716857,-0.46585328,0.46725167,0.38088834,0.27807502,0.05267953,-0.28415254,-0.09664707,0.29685233,0.2991642,-0.8617876,0.83355759,-0.02823001,-0.66633303,-0.02984406,-0.69617708,4.85711881,6.21070359,1.92479976
13471924,ampa_high,AMPA,0.0048,-0.09663162,-0.15842683,0.19449021,0.11350366,0.03142119,-0.0486117,-0.15786483,-0.13870257,0.04415286,-0.09262689,0.05486052,0.59513737,0.06864276,0.0778685,0.10713515,-0.00854701,-0.02996264,-0.0091925,-0.32626827,-0.31863844,0.10832561,-0.13188765,0.01845427,0.13900793,0.07042833,-0.05367312,0.01675522,0.27027304,-0.25138917,0.01888387,-10.78465883,-11.37324013,-0.05221038
14759699,ampa_high,AMPA,0.0048,0.18878032,0.08613272,0.29552379,0.25325338,-0.08804727,-0.21125624,-0.12960372,-0.18313236,0.17009984,-0.05441595,0.20857846,-0.206616,0.26263623,0.3637304,0.04501767,-0.0650248,-0.17346333,-0.40015475,-0.3732244,-0.07009805,-0.22492156,-0.08908571,-0.19048607,-0.38175921,0.64533142,-0.65444147,-0.00911005,-0.31603445,-0.64239212,-0.95842657,-1.23990055,-0.00550185,2.64987068
14783858,ampa_high,AMPA,0.0048,-0.08261086,-0.02436571,-0.28540913,-0.30283836,0.13141694,0.23947538,-0.11960468,-0.20605661,-0.0753295,-0.11730149,-0.07809977,-0.28991258,0.11276411,-0.45003094,0.08468342,0.01196932,0.34431989,0.36499745,0.27458088,0.29242702,-0.2599754,-0.22294378,0.49369102,0.62809932,-0.50963699,1.05006393,0.54042694,-0.70099937,0.62451839,-0.07648098,5.96771171,5.71051144,0.21145563
14850118,ampa_high,AMPA,0.0048,-0.13834388,-0.19756914,0.22222785,0.18834723,-0.00854849,-0.17938277,0.01728144,-0.01736367,-0.16181862,-0.14257366,0.14305785,-0.36096991,0.72377874,1.04545944,0.42146754,0.7329722,0.14411512,0.41232739,-0.05918053,0.16031098,0.13690712,0.43235456,0.24190343,0.53466666,0.07385615,1.60899143,1.68284758,-0.70951192,3.31809123,2.60857931,-4.14992345,-11.95798394,-7.21223516
14893890,ampa_high,AMPA,0.0048,0.00234511,0.04328689,-0.01291877,-0.00773263,0.09407407,0.02408473,0.04994793,0.09253807,0.2244215,0.49545525,-0.059301,0.27674039,0.05942504,0.2785618,0.07852579,-0.12465328,0.23726431,0.52804237,-0.09600854,-0.1760647,-0.02620448,0.14035938,0.18529668,0.51037257,0.29856884,0.43829879,0.73686764,0.92437271,1.15661815,2.08099085,-4.89155504,-6.03604428,-5.7535515
15059321,ampa_high,AMPA,0.0048,0.11060736,-0.29133805,0.05723636,0.03211291,0.22530393,-0.03818182,0.15172559,0.18989908,0.03746836,-0.20033914,0.11983495,0.11138282,0.02317501,-0.08611599,-0.19244979,-0.42285051,0.15310313,0.03521739,0.28836326,0.49741689,0.15430402,0.1580179,0.24885132,0.1185536,0.70217656,0.67534694,1.3775235,-0.1964642,0.30023928,0.10377508,2.04458578,0.77283236,-0.28691873
16190159,ampa_high,AMPA,0.0048,0.1647867,0.06491419,0.07739815,0.07531683,0.28775203,0.15955683,0.17414154,0.23923964,0.09727268,0.25580358,0.26882004,0.51487901,-0.2521637,-0.1467397,0.14276399,0.22291744,-0.05180527,0.05708113,0.32963981,0.29123324,-0.05312265,-0.11230647,-0.03118289,-0.08153061,1.07017114,0.08412928,1.15430042,1.30971008,0.23065502,1.5403651,-8.24437779,-8.28169937,-4.25882214
16275727,ampa_high,AMPA,0.0048,-0.10091145,-0.14298986,-0.08607451,-0.05895478,-0.13945075,-0.14240667,-0.06145903,-0.04802494,-0.01439466,0.29913278,-0.11519727,-0.076824,0.07386764,0.01528407,0.14641162,0.2809792,-0.03846327,0.1416881,0.34912142,0.44538607,0.05758467,0.2398323,0.00500665,0.202112,-0.51748767,0.59352873,0.07604106,-0.17006746,1.32528175,1.15521429,1.6422031,-0.73987825,-3.193952
16708319,ampa_high,AMPA,0.0048,0.18179979,-0.027487,-0.09739064,-0.10080318,0.0305235,-0.09066198,0.12015212,0.01371552,0.12519257,-0.18455461,0.01302649,-0.00738957,0.20905339,0.42550116,0.51189392,0.19290168,-0.29104876,-0.35348534,-0.13509541,0.12684389,0.01962515,0.05897627,-0.23124612,-0.18806013,0.37330383,0.08318217,0.456486,-0.39718081,0.26267753,-0.13450328,-2.60231982,-5.18227674,0.37187646
17213220,ampa_high,AMPA,0.0048,-0.05396921,0.14234061,-0.00761021,0.0244084,-0.21417161,-0.12607329,0.35448824,0.2392138,-0.10499668,-0.0667535,-0.08021047,0.14061758,-0.31087604,-0.15831337,0.19139445,0.28690235,0.12199776,0.08673454,0.1646182,0.2320954,0.24423081,-0.03528722,0.17660415,0.2327276,-0.10646995,0.58796933,0.48149938,0.3537536,0.64485929,0.99861289,-3.43584077,-2.21618518,-2.76097834
17696979,ampa_high,AMPA,0.0048,0.10828665,0.20656133,-0.13894116,-0.18533193,0.16628042,0.27343077,-0.09544356,0.12256169,0.35823824,0.27620413,-0.02347377,-0.21984354,0.33008183,0.38290649,-0.13542419,0.19656681,0.13638714,0.07053079,0.02339765,0.26130158,0.19339812,0.03228833,-0.03054711,-0.00098131,0.37494682,0.51729343,0.89224026,0.47358244,0.9426127,1.41619514,0.53277837,-1.94788148,-3.91551537
18455372,ampa_high,AMPA,0.0048,-0.36087794,-0.57472672,0.08655691,0.1681759,0.23560094,0.25490559,-0.41231101,-0.41329073,0.00229617,0.03149005,0.00455527,-0.09757129,0.63237416,0.00617343,0.28912929,0.33365022,0.01127308,-0.30311804,0.03903335,0.02545245,-0.16295966,-0.56829441,0.0875296,-0.07993299,-0.44417966,0.89637982,0.45220016,-0.6310172,-0.58606934,-1.21708654,-6.73470058,-8.25426847,3.36501723
18801650,ampa_high,AMPA,0.0048,0.21234328,-0.08411525,-0.09919586,-0.13049892,0.01270776,-0.21699712,-0.16063373,-0.18851105,0.02981058,-0.14390481,-0.18530474,-0.29871828,0.06599582,0.25690146,-0.12839537,-0.02988648,0.18656396,0.03347385,0.07186551,0.15451449,-0.00771166,-0.03803825,0.03927422,-0.01780481,-0.19027273,0.22759248,0.03731975,-1.06274543,0.35916025,-0.70358518,5.95823366,3.32828313,1.94528176
18904077,ampa_high,AMPA,0.0048,0.11623813,0.29378066,0.1132941,0.16191784,-0.17376938,-0.36486349,-0.13842527,-0.10751166,0.09128491,0.16373346,-0.19254154,0.13403536,-0.2823997,-0.30060517,0.26442,0.4959411,0.22821892,0.38166671,0.06034817,0.00695727,-0.25682741,-0.05748518,0.22279216,0.34441052,-0.18391905,0.23655214,0.0526331,0.28109217,0.87088525,1.15197741,-2.70792877,-0.37039861,-3.18500265
18952353,ampa_high,AMPA,0.0048,0.07505108,0.01572924,0.28581265,0.28662724,0.01532302,0.02161688,-0.06909066,-0.19635133,0.265782,0.24526747,-0.15217887,-0.06737567,0.1998981,0.38225131,0.14843384,-0.01454711,0.23767265,0.21607952,-0.0746323,0.26218666,0.14577393,0.0278977,0.20291094,0.11720509,0.42069921,0.86005717,1.28075638,0.30551384,0.99107317,1.296587,-3.097026,-4.83440984,-3.58482119
19031295,ampa_high,AMPA,0.0048,0.07593567,0.08878947,-0.16645752,-0.09118244,-0.00624742,0.09132261,0.25790398,0.09369438,0.02299269,0.139734,-0.07714097,-0.13124272,0.03499499,0.3433632,0.14292566,-0.09572988,0.50527814,0.49276029,-0.25119523,-0.23404463,0.18665966,-0.01543031,0.26423291,0.27952239,0.10698643,0.88289613,0.98988256,0.1911153,0.77044106,0.96155637,1.90875552,0.02961543,-2.65852398
19316057,ampa_high,AMPA,0.0048,-0.08146813,-0.12109045,-0.10361798,-0.18628726,-0.05535549,-0.12618681,0.22548824,0.12962717,0.05699934,-0.11527848,0.03556566,0.576715,-0.06143192,0.03953013,0.34733097,0.18538995,0.17458123,0.33035835,0.25970816,0.45033076,-0.17211009,0.03133457,0.27427923,0.49884214,0.07761164,0.82235758,0.89996922,0.15749917,1.53578589,1.69328507,-6.58401837,-10.58123236,-4.68161733
19432693,ampa_high,AMPA,0.0048,0.05841485,-0.06704652,0.09866799,0.14794365,0.08432453,0.19783029,0.15487266,0.20016658,-0.21940617,-0.27153438,-0.0250096,-0.32806343,0.0027824,0.34958661,0.11505575,0.02097885,0.60896971,0.40716162,0.22990425,0.25108872,0.03995893,0.1054738,0.37300594,0.42017158,0.15186427,1.36967697,1.52154124,-0.12070381,1.55446117,1.43375735,0.89198475,-1.83906741,-3.96407162
20051604,ampa_high,AMPA,0.0048,-0.08824069,-0.00714972,0.09609959,0.28842014,-0.10445167,-0.06286052,0.04686426,0.12389991,-0.12806944,-0.04580023,0.02755964,0.53758126,0.29671194,0.25769211,-0.07307041,-0.44264699,0.51468342,0.70178241,0.56170076,0.56391584,0.2150511,0.18775922,0.57102852,0.802341,-0.1502383,2.08610534,1.93586704,0.83409084,2.0708436,2.90493444,-8.05546623,-10.45964654,-8.03160181
20830744,ampa_high,AMPA,0.0048,-0.05455236,-0.10097386,0.02234386,-0.27177799,-0.15033701,-0.00515953,0.05427079,-0.05674101,-0.0637353,-0.13537621,0.19220308,-0.10230806,-0.02276768,-0.09308931,0.12134859,0.49073299,-0.05042597,-0.13623268,0.10831125,-0.08274087,-0.15497882,-0.14688853,0.10591708,-0.07151087,0.00019306,0.10740446,0.10759752,-0.67233667,-0.03972927,-0.71206594,1.31331499,-0.29380232,1.96872948
20843854,ampa_high,AMPA,0.0048,0.05227789,0.15550769,-0.18997781,-0.19743116,-0.0356973,-0.18227858,0.20178793,0.15701274,0.15001662,0.35185859,0.08987839,0.41400196,-0.15653667,-0.00762084,0.30410991,0.23425445,-0.1783295,-0.36311476,0.37246935,0.34234907,-0.24716524,0.29137038,-0.05984123,-0.35613293,0.26828573,0.03470662,0.30299235,0.69867125,0.14110536,0.83977661,-3.10841973,-3.76317877,-2.32182566
21053574,ampa_high,AMPA,0.0048,0.13465344,0.18661169,0.12004334,-0.00749699,0.2078169,0.21714484,0.13833001,0.1596677,0.00948289,0.06458297,0.22224251,0.11159176,1.38626192,1.68995995,0.07772673,0.45604453,1.05970486,1.20661073,-0.2478537,-0.15325606,-0.20703561,0.29737303,0.70389345,0.5842921,0.83256908,2.77269765,3.60526673,0.73210196,4.0810243,4.81312626,-7.81313911,-20.64750769,-13.30739622
21313420,ampa_high,AMPA,0.0048,-0.11935888,-0.22305494,0.21158465,0.21127718,0.03143563,0.00308433,0.19018895,0.38464275,-0.37435375,-0.19860309,-0.13728375,-0.08451547,-0.16396287,-0.21022388,0.20436561,-0.00684318,0.07724847,0.24676861,0.32301441,0.27692545,0.42790889,0.22294482,0.04816459,0.12493715,-0.19778716,0.91673911,0.71895195,0.09283077,0.65450897,0.74733974,2.78583634,2.66698716,-2.06625497
22084493,ampa_high,AMPA,0.0048,-0.04723697,-0.11863903,0.24525383,0.19685777,0.28609392,0.09279117,-0.20713445,-0.24454543,0.10328709,0.10296014,-0.00980862,0.02800555,0.20554156,0.29730871,-0.00210738,0.09383853,-0.20555468,-0.54573084,-0.0539061,0.03074693,0.09203558,-0.00932766,-0.07122971,-0.20846562,0.3704548,-0.03522073,0.33523406,0.05743017,-0.34162994,-0.28419977,-7.78945945,-7.77486641,0.78575934
23343892,ampa_high,AMPA,0.0048,0.02027178,0.26174288,-0.19926859,-0.23677068,0.01371281,-0.00742662,0.0183488,-0.05449433,-0.12479004,-0.08690829,-0.0402086,0.50341667,-0.15541368,0.19983392,-0.05755219,0.05363641,0.27887433,0.250814,0.10310066,-0.01940677,-0.15062365,-0.28279109,0.30243693,0.27098784,-0.31193384,0.3208224,0.00888856,0.37955962,0.47307431,0.85263393,-6.96016568,-8.98080215,-2.35737377
24115048,ampa_high,AMPA,0.0048,-0.02383792,-0.30959212,0.26478206,0.12712125,-0.18899178,-0.54696173,0.14965087,0.01674675,0.1398127,0.02970412,-0.05138068,-0.60486495,0.28387857,0.70554657,0.04552607,-0.03605209,0.04086301,-0.03299048,0.18858145,0.32852521,-0.28693783,0.09078999,-0.11491909,-0.25198375,0.29003524,0.15699218,0.44702742,-1.28784668,0.80383544,-0.48401124,8.21222986,4.57230694,1.33820079
24495953,ampa_high,AMPA,0.0048,-0.05962064,0.12470212,0.02965617,0.13454103,0.24173464,0.30314437,0.07104835,-0.08463267,0.13399247,0.34294097,-0.0484326,0.30354288,0.01615411,0.22021189,0.05939903,-0.13373495,-0.22873637,-0.10357662,0.42452273,0.39532965,0.19085149,-0.02763513,-0.19967185,-0.04548745,0.36837838,0.26251913,0.63089751,1.1242387,0.3051074,1.4293461,-8.17007047,-8.8881382,-3.95187532
25000478,ampa_high,AMPA,0.0048,-0.01991575,0.13399964,0.13708457,0.25284898,0.14204745,0.21154598,-0.18827828,-0.21928277,0.19882581,0.15787132,0.02155945,-0.18815799,-0.18889769,0.17540588,0.27274435,0.38330716,-0.14414421,0.03082113,0.04285584,-0.1456893,-0.07198062,-0.11396549,-0.00188409,0.12170288,0.29132325,-0.09130641,0.20001684,0.34882517,0.45158226,0.80040742,-5.61103321,-4.95615942,-2.21297721
25067315,ampa_high,AMPA,0.0048,0.12448738,0.0862967,0.04626106,0.11706839,0.07078259,0.15306539,0.10646361,0.07378496,0.41640236,0.414807,-0.13478149,0.12821585,-0.26565407,-0.11350833,-0.64825052,-0.38804185,-0.32603423,-0.35440442,-0.13183462,-0.03341435,0.31243302,-0.51176081,-0.14203406,-0.3510299,0.62961552,-1.20137447,-0.57175896,0.97323828,-1.75215967,-0.77892138,-4.5035424,0.21099452,2.15357232
25356336,ampa_high,AMPA,0.0048,-0.54488647,-0.63576995,0.14141571,0.12542784,-0.08384464,0.07186852,0.03884553,0.00289006,-0.11827798,-0.14100413,0.05906306,0.36858284,0.13197617,0.12480171,0.00385605,0.49308344,0.27688711,0.50765383,0.14245575,0.09952208,0.08700037,0.18269822,-0.00935042,0.2257747,-0.50768479,0.63282503,0.12514024,-0.20800482,1.63353399,1.42552917,-4.96278319,-12.33051838,-3.94132222
25517914,ampa_high,AMPA,0.0048,0.17617582,0.35347916,-0.09800212,-0.11789642,0.01018035,-0.01070168,-0.14373665,-0.18533674,-0.21588358,-0.21763912,-0.13598789,-0.10070185,-0.26694142,-0.59776733,0.15468798,0.51924888,-0.09380407,-0.26893263,0.02764797,-0.00017539,-0.05730912,-0.07017786,0.13094314,-0.09137993,-0.40725408,-0.10477554,-0.51202961,-0.27879665,-0.50918427,-0.78798092,1.69417712,5.05687983,2.17862026
25821028,ampa_high,AMPA,0.0048,-0.20906579,-0.17844677,0.20346533,0.0379696,0.08296846,0.07821144,0.03719723,-0.05454032,0.18763049,0.31982542,0.00885698,0.29510615,-0.00524882,0.10897242,0.0716196,0.25815156,0.01366983,0.3616565,-0.2423087,-0.24109471,-0.70025718,-0.23515452,0.18246918,0.38561203,0.31105271,-0.68005609,-0.36900338,0.49812552,0.63814328,1.1362688,-8.19268554,-9.57951618,-3.14157126
26901488,ampa_high,AMPA,0.0048,0.14550984,0.1464772,-0.20882036,-0.01061888,0.12634627,0.11327692,-0.00648018,0.05585467,0.14893861,0.01488115,0.07987811,-0.03504672,0.16467046,0.63828619,0.03905087,0.34185647,0.13080227,0.23123624,-0.07932996,0.02831687,-0.1588219,0.1573814,0.11053584,0.26442269,0.28537228,0.20690757,0.49227985,0.28482435,1.66149986,1.94632421,-4.98180713,-8.9333173,-5.38122336
27363295,ampa_high,AMPA,0.0048,0.21642493,0.30199171,-0.21662195,-0.2857958,0.02237809,-0.0401734,0.27608084,0.25404498,0.03760435,0.12551579,-0.10979045,0.04160052,0.22279668,-0.34295595,-0.23369094,-0.79192403,0.68118061,0.49351121,0.6028865,0.80816073,-0.2005263,-0.10597822,0.74052209,0.66660652,0.22607581,1.81316865,2.03924446,0.3971838,0.72742026,1.12460406,6.67135441,8.77379547,-3.10932043
27578624,ampa_high,AMPA,0.0048,0.18062767,0.02987464,-0.14770174,-0.16020322,0.03346958,-0.02982032,-0.00817782,-0.03717914,0.20657168,0.0157734,-0.21789293,0.14625684,-0.27129414,-0.20493203,0.30404998,0.34434332,0.31841404,0.45121387,0.06538242,0.2291255,0.03445917,0.29572499,0.14176565,0.20634339,0.04689645,0.59277712,0.63967357,-0.0352978,1.32181904,1.28652124,3.22157,-0.09031862,-3.55699122
28113492,ampa_high,AMPA,0.0048,0.03248715,-0.30012141,0.00646135,-0.02668988,-0.17954012,-0.37774603,-0.35837889,-0.47278362,-0.67278217,-0.51037734,0.25062442,-0.11219705,0.8026621,1.17375565,0.57373317,0.4684469,0.29230083,0.09749672,-0.16008149,0.09665086,0.15583337,0.08113256,0.22297583,0.08947341,-0.92112826,1.8874238,0.96629554,-1.79991534,2.0069561,0.20704076,-3.0270574,-13.39516115,-0.57242908
28264513,ampa_high,AMPA,0.0048,0.21453341,0.36881823,0.08457006,-0.03343118,0.1961035,0.30211222,-0.07812122,-0.12429512,0.26195347,0.23980334,-0.32157481,-0.03382896,-0.02908476,-0.10885813,-0.04275879,-0.05873802,0.36127716,0.71075761,-0.15857429,0.13057655,-0.06332942,-0.20913658,0.37539027,0.49305134,0.3574644,0.44292016,0.80038457,0.71917852,0.95765277,1.67683128,0.9119777,0.94255904,-4.63612568
29658673,ampa_high,AMPA,0.0048,-0.0639426,-0.08309007,0.11809472,0.08871459,0.01392021,0.1029485,-0.16757602,-0.33165697,-0.08542915,-0.03546218,-0.05764176,-0.02180514,-0.10365254,0.18490686,0.28719054,0.39775242,-0.24826196,-0.11974232,0.17487222,0.25087373,-0.07540856,-0.07553216,-0.07778874,0.05058357,-0.2425746,-0.04304903,-0.28562364,-0.28035126,0.6888421,0.40849085,-5.06180596,-7.59156171,-1.12940099
29751086,ampa_high,AMPA,0.0048,0.14818002,0.40200437,-0.10309145,-0.02884617,-0.00649069,0.27443436,0.05816593,-0.09022781,0.0701769,0.11013904,-0.11669954,0.17035917,-0.0089639,0.02959003,0.24240725,0.20452923,0.12541067,0.26093874,0.37000596,0.40278009,-0.14151608,-0.00662618,0.25984316,0.41036439,0.05024115,0.84718706,0.89742822,0.83786296,1.3015763,2.13943926,-5.6450776,-6.33532173,-5.91515044
29871328,ampa_high,AMPA,0.0048,0.22871042,0.14907425,-0.02311071,-0.03464379,0.00883728,-0.12495443,0.28475798,0.20250636,0.12639298,0.30677821,-0.02193782,0.36202692,0.53650577,0.35828666,0.0774339,0.13227858,0.02104173,-0.12738168,0.31046531,0.24797864,-0.08709551,0.15926485,0.28743936,0.22044122,0.60365013,1.14579058,1.74944071,0.86078752,0.99086827,1.85165579,-9.44682442,-9.91568014,-5.11948282
30151696,ampa_high,AMPA,0.0048,0.23471005,0.09457463,-0.07299135,-0.22991991,0.1301875,-0.0657838,0.00091541,0.21785865,-0.10853011,-0.04289187,-0.13803496,-0.27738702,0.15617517,0.52816755,0.10191692,0.1527075,0.22361863,0.13924592,0.12767842,0.36530181,-0.20836824,-0.12371044,0.16971661,0.10864586,0.04625654,0.57073751,0.61699405,-0.30354933,1.1703582,0.86680887,2.37817253,-1.10136881,-2.39656481
30276332,ampa_high,AMPA,0.0048,0.19961472,0.03696968,0.03009841,-0.00594486,-0.12531748,-0.20545538,-0.08533544,-0.180661,0.0945884,-0.3918382,0.16920936,-0.14976344,0.06594017,-0.07495577,0.09422519,0.10941738,0.25267286,0.03368198,0.04564822,0.07219077,0.07420344,-0.08839787,0.34334984,0.1956202,0.28285796,0.87603971,1.15889768,-0.8966932,0.24755671,-0.64913649,2.05831728,2.08058392,1.7947413
30649663,ampa_high,AMPA,0.0048,0.01310691,-0.02071918,-0.04219492,-0.1733173,-0.06611653,-0.24705417,-0.04481886,-0.17807729,-0.0062693,-0.25510547,0.0476771,0.06998317,-0.10008105,0.08173391,-0.09145278,-0.17442438,0.11087024,0.11999816,0.40027314,0.16168388,0.35215903,0.3431177,0.06693805,-0.05239241,-0.09861559,0.73870663,0.64009104,-0.80429023,0.47971686,-0.32457337,6.37424051,2.8749726,0.89738481
30779144,ampa_high,AMPA,0.0048,0.1580625,0.15466618,-0.26345467,-0.18668272,0.16700633,0.25966798,-0.01725777,0.03835318,0.15322483,0.0271231,0.19312808,0.57520633,-0.05443472,0.00225548,0.01545094,0.10342294,0.2199089,0.35245557,0.04835479,0.00225071,-0.3443897,-0.16054883,0.27597284,0.3947338,0.39070928,0.16086305,0.55157234,0.86833406,0.69456967,1.56290373,-8.52566156,-10.46391385,-4.32113726
31070544,ampa_high,AMPA,0.0048,-0.04171864,-0.12409115,0.19464418,0.2039574,-0.04395103,0.01701826,0.06279173,0.11206482,-0.08762296,-0.11440329,0.06577507,-0.11528249,-0.04491891,0.29504031,-0.01822861,0.00327854,-0.07118951,-0.24395443,0.41938911,0.47522149,0.24299275,0.0612785,-0.26597153,-0.49591455,0.14991836,0.26207331,0.41199167,-0.02073645,0.09494986,0.07421341,0.76949296,-1.56982724,-0.20518624
31171219,ampa_high,AMPA,0.0048,0.08967803,-0.09192872,-0.09056388,-0.0393497,-0.00795916,-0.13034876,-0.31585947,-0.0304949,-0.1477069,-0.31186574,0.44832862,-0.18843256,0.21283764,0.33309994,-0.54275275,-0.83947068,-0.43275449,-0.44931221,0.10708241,0.13731675,0.33234682,0.33587581,-0.30812695,-0.15914857,-0.02408275,-0.63136731,-0.65545007,-0.79242037,-0.64163896,-1.43405934,5.41174589,5.3323197,3.96490654
31825112,ampa_high,AMPA,0.0048,0.10697739,0.18993897,0.06741044,0.17122062,-0.02378679,0.06555103,0.00164201,0.0862766,0.15409536,0.08316943,-0.18939781,-0.07379314,-0.28454029,0.01734182,0.21659189,0.31119234,0.67575714,0.43067599,0.50290982,0.45867869,-0.0125597,-0.10769809,0.85523522,0.80478043,0.11694061,1.95339408,2.07033469,0.52236352,1.91497119,2.43733471,-6.16681155,-5.40982533,-6.73877579
31851798,ampa_high,AMPA,0.0048,0.07028401,-0.28918201,0.18477571,0.11181391,-0.23099507,-0.16428279,-0.03208049,-0.04437565,0.01761462,-0.11296678,0.20461729,0.03441314,-0.010098,-0.07475715,0.16670426,0.22337735,0.04664878,0.08118418,-0.20401601,-0.24557053,-0.22523732,-0.03531501,-0.05561396,-0.02171505,0.21421608,-0.28161225,-0.06739617,-0.46458018,-0.07279621,-0.53737638,-0.43252691,-1.20501749,1.48574545
32581973,ampa_high,AMPA,0.0048,-0.08836044,-0.52593063,0.16199015,0.11090524,-0.08230189,-0.41370869,-0.06485341,-0.07903558,-0.2005236,-0.1911652,-0.0735131,-0.73985545,0.05613293,0.25479914,0.28161497,0.23503861,0.25985755,0.21205389,0.22558129,0.33299594,-0.19228934,-0.29230691,0.40383911,0.30450468,-0.34756229,1.03473651,0.68717422,-1.8387903,1.04708535,-0.79170495,7.22312091,4.69726704,2.18891649
32804781,ampa_high,AMPA,0.0048,0.08140857,0.32312183,-0.01076016,0.12339119,0.18584777,0.29628401,-0.03348239,-0.1778743,0.08063556,0.153425,0.08467523,0.16599978,-0.05938505,0.0109239,-0.26043962,-0.65273111,-0.09413043,-0.16545142,0.41963025,0.37000162,0.06577217,0.73606375,-0.29563797,-0.45005826,0.38832458,-0.22419066,0.16413392,0.88434751,-0.15125152,0.733096,4.06905428,3.51678132,-2.02687367
34458922,ampa_high,AMPA,0.0048,0.00488623,0.25433723,-0.12367404,-0.12630727,0.02623414,0.25362369,0.03651188,0.06245046,0.08174081,-0.03280407,0.09892051,0.3684088,-0.04674399,0.13266895,0.11489043,0.00218379,0.13093738,0.29705439,0.00878567,0.10239525,0.25492211,0.12045689,0.02938327,0.18287746,0.12461953,0.49217486,0.61679439,0.77970885,0.83763673,1.61734558,-3.99739972,-6.48519932,-4.4716588
35704260,ampa_high,AMPA,0.0048,-0.00754796,0.21818242,-0.22875574,-0.34327715,-0.0504136,0.01902992,0.18916633,0.08358891,-0.11850843,0.1537302,-0.09688802,0.38075463,-0.15917704,-0.44142471,0.24281427,0.03871402,-0.3650469,-0.55071614,-0.15376007,-0.15642533,0.1892549,-0.05759724,-0.15745878,-0.22046228,-0.31294742,-0.40337362,-0.71632104,0.51200893,-1.38791169,-0.87590276,-3.34135433,0.43731329,2.42170772
36383037,ampa_high,AMPA,0.0048,-0.00855377,0.00382685,0.16616838,0.22902336,-0.09268945,-0.09810982,-0.20550025,-0.04479084,-0.13927116,-0.10416856,0.06299038,0.38001013,-0.25925636,-0.15984103,0.00014627,-0.31519078,0.34227734,0.48845808,-0.1618696,-0.18330436,0.46728426,0.10628411,0.29040752,0.40903639,-0.21685588,0.67898944,0.46213356,0.36579112,0.34544241,0.71123353,-2.98963211,-2.19368383,-1.96642803
37280746,ampa_high,AMPA,0.0048,0.26341609,-0.02214448,0.14481855,0.05326437,0.23189075,0.06072255,0.1582511,0.24743879,0.06493044,0.26630211,-0.33334399,-0.50120977,-0.05329182,-0.13124161,0.17796733,0.16786845,0.0712366,0.22554083,-0.18842404,-0.09254441,0.08552964,-0.12196178,0.17512261,0.25732616,0.52996293,0.26814033,0.79810326,0.10437358,0.30498763,0.40936121,3.99230505,6.58593909,-1.13180738
37805580,ampa_high,AMPA,0.0048,0.03472963,0.02004299,0.09444698,-0.05381324,-0.09126189,-0.04854982,0.0215025,-0.05477249,-0.03825004,-0.03536301,0.18485329,0.23934659,0.07532507,0.39038918,0.00615577,0.31119497,0.08889815,0.4803833,-0.10730671,-0.18655755,-0.01495203,0.02664434,0.18910314,0.5718293,0.20602048,0.23722338,0.44324386,0.06689101,1.59388353,1.66077454,-6.6705798,-10.22817122,-4.5917318
38072766,ampa_high,AMPA,0.0048,-0.35746212,-0.35556793,0.17909204,0.20773134,-0.00979245,-0.00211232,-0.21951555,-0.39356671,0.11835993,0.01334664,-0.18338611,-0.27805478,0.07096236,0.29784079,-0.12998431,0.08924292,-0.17073125,-0.28929594,0.23436262,0.50982364,0.44182237,0.20119682,-0.25433688,-0.3387988,-0.47270427,0.19209491,-0.28060935,-0.80822376,0.47000943,-0.33821433,2.09995394,-1.96842339,0.93509953
38521433,ampa_high,AMPA,0.0048,0.10041938,0.16579815,-0.23992165,-0.17796574,0.03633581,-0.00731638,-0.17553342,-0.00979681,-0.19618287,-0.43391553,-0.02606238,0.20241895,0.262239,0.13066343,0.02036301,-0.19816152,-0.28927189,-0.38507506,0.51101213,0.64915576,0.37905926,-0.00462201,-0.24302384,-0.22994514,-0.50094513,0.64037766,0.13943253,-0.26077735,-0.03798454,-0.2987619,-0.6692881,-2.6583452,0.82602091
38666520,ampa_high,AMPA,0.0048,0.09600086,-0.58452489,0.08949064,0.02555893,-0.26755325,-0.62467083,-0.18393127,-0.26376364,0.15468973,0.24919039,0.28905072,-0.13887234,-0.22265916,0.09570615,-0.46177188,-0.57876125,0.05757732,-0.03465033,-0.05579306,0.02172289,0.19306545,0.19435237,0.01154607,-0.02932929,0.17774743,-0.47803525,-0.30028782,-1.33708238,-0.33095946,-1.66804184,8.13877089,7.06745067,4.61182452
39453204,ampa_high,AMPA,0.0048,-0.12969737,-0.20429411,0.17873203,0.12727917,0.01035027,0.0343709,0.01452371,0.10150382,0.08688187,0.20342275,-0.03576306,-0.44161969,-0.30599557,-0.31663844,0.1958509,0.02719278,0.1851624,0.49653908,-0.01057512,-0.22668552,-0.04546858,0.01842116,0.06614321,0.21116853,0.12502745,0.08511725,0.2101447,-0.17933716,0.20999761,0.03066045,8.13610012,9.49513729,-0.08477041
39583981,ampa_high,AMPA,0.0048,-0.04072546,-0.09529238,0.02665027,0.10480877,-0.0332851,0.17647091,-0.22802808,0.00862247,0.18896874,0.16015461,0.45067113,0.71193575,-0.05780842,-0.03743072,0.24220476,0.20191275,0.13545264,0.05259363,-0.09773211,0.06217637,0.00105851,0.41288208,0.18396553,0.11692662,0.3642515,0.40714091,0.77139241,1.06670013,0.80906073,1.87576086,-10.67400429,-12.96595253,-5.18612886
39776858,ampa_high,AMPA,0.0048,-0.21283186,-0.16922391,0.10376019,0.09089442,0.28110984,0.33860341,-0.10459663,-0.04171015,0.04211727,-0.27361092,-0.09622872,0.01979323,0.38395249,0.74319693,0.14346195,0.1755658,-0.01522717,-0.01841498,0.34638428,0.31688529,0.31777254,0.15772148,0.23369595,0.06041764,0.01333009,1.41004003,1.42337012,-0.03525393,1.43537217,1.40011824,-6.67645914,-13.20860451,-3.87106573
40201562,ampa_high,AMPA,0.0048,0.05206441,-0.45720321,0.12499081,0.08739438,0.00994425,-0.36947627,0.10077128,0.05688022,-0.02381389,-0.02399584,-0.14764679,-0.96374503,-0.13367824,-0.18593543,0.00556245,-0.07885005,0.13673757,0.128149,-0.18983966,-0.27955973,0.0225478,-0.1382897,0.01570005,-0.14037648,0.11631007,-0.14297004,-0.02665997,-1.67014575,-0.69486238,-2.36500813,16.67566737,18.49208806,6.5388063
41213271,ampa_high,AMPA,0.0048,-0.04631557,-0.27557119,0.14555336,0.27224936,-0.02552666,-0.33700593,0.11087094,0.17917988,0.13817646,0.07242049,0.01524567,-0.08827998,-0.13579045,0.00700625,0.27443559,0.27754657,0.04493451,0.01670977,0.24380952,0.47848467,0.0613599,0.10416546,0.08570264,0.02699025,0.3380042,0.57445171,0.9124559,-0.17700738,0.91090299,0.73389561,-0.52732072,-1.06193251,-2.02908446
41383458,ampa_high,AMPA,0.0048,0.06322224,-0.06289538,-0.10260495,-0.0817635,0.28365957,-0.0103953,-0.04255841,-0.07590299,0.24363162,0.22547468,-0.3474885,-0.48346411,-0.33712698,-0.04249019,0.39293415,0.30172289,0.10183807,-0.01907916,-0.01260077,-0.22824721,0.54736142,-0.02675727,0.00365449,-0.08719729,0.09786156,0.69606038,0.79392194,-0.4889466,-0.10204822,-0.59099483,5.86540664,6.35220325,1.63399044
41429086,ampa_high,AMPA,0.0048,-0.07003976,0.15298436,0.10940427,-0.03284902,0.19787374,0.29665925,0.19875657,0.12506325,-0.00591101,-0.1337312,-0.04489318,0.01183616,-0.06983169,0.12268448,0.16851222,-0.1478122,0.29430737,0.19674452,0.20127149,0.48759505,0.2080451,0.07927141,0.13709779,0.01159223,0.38519064,0.93940228,1.32459291,0.4199628,0.7500755,1.1700383,1.33994605,-1.14618082,-3.23493763
41548748,ampa_high,AMPA,0.0048,-0.06904658,0.15221437,-0.14711588,-0.21763686,0.10215026,0.15174342,-0.2728043,-0.30958954,0.08683257,0.21969502,-0.09904055,0.2090395,-0.16131109,-0.21958917,0.06691954,0.19987611,0.25039541,0.27898293,-0.36841822,-0.3753736,0.0231429,0.20156928,0.04750621,-0.03805612,-0.39902448,-0.14176525,-0.54078973,0.20546591,0.04740945,0.25287536,2.16525974,0.5306715,-0.6991532
42449851,ampa_high,AMPA,0.0048,0.03399125,0.01103351,-0.03223191,-0.17038968,-0.04621614,0.04288601,0.12864533,0.1041589,0.23290266,0.1482585,-0.45341632,0.13137088,-0.41304555,0.01160884,-0.281816,0.0595212,0.01013596,0.18069272,0.30897559,0.51704133,-0.45772612,-0.06217479,0.1574616,0.30039996,-0.13632514,-0.67601451,-0.81233965,0.26731811,1.00708927,1.27440738,-1.55952174,-3.34184172,-3.52349865
42823353,ampa_high,AMPA,0.0048,-0.0953282,-0.15348897,-0.26471531,-0.47424556,-0.18426523,-0.25727225,0.1615158,0.38726866,-0.19881012,-0.37364475,0.17809514,-0.2806922,-0.46254423,-0.38660572,-0.1385656,-0.07609872,0.1009865,-0.04700419,0.0407572,-0.21852945,0.13952162,0.29055894,-0.15721856,-0.18460404,-0.40350792,-0.47706307,-0.88057099,-1.15207508,-0.62228317,-1.77435825,14.83141069,14.75267618,4.90576955
43525440,ampa_high,AMPA,0.0048,0.05869111,-0.31892358,0.06828085,0.07061728,0.18559509,-0.30541389,-0.05812745,-0.00357299,0.01340538,-0.10237122,0.01179976,-0.34048029,0.32282034,0.56899837,0.27576624,0.324717,0.34555083,0.31405897,-0.18039531,0.03609356,0.06619488,-0.00563778,0.08043557,0.03768491,0.27964475,0.91037255,1.1900173,-1.00014469,1.27591503,0.27577034,3.35944833,-1.78780989,-0.76245355
43720294,ampa_high,AMPA,0.0048,-0.15894909,-0.04040161,0.11958828,-0.00298233,-0.16219604,-0.19290537,0.21516372,0.31519725,-0.01265624,-0.00628477,-0.18025638,0.10248522,0.06586979,0.02229667,-0.40405169,-0.50130859,0.54451338,0.48603461,0.40681513,0.39554628,0.45754411,0.08056745,0.34863634,0.30372132,-0.17930575,1.41932706,1.24002132,0.17510839,0.78685774,0.96196613,4.16637055,3.32184575,-2.65965691
43926786,ampa_high,AMPA,0.0048,0.24268946,0.42521084,-0.12446385,-0.25496022,0.17169559,0.16143701,-0.09742162,-0.14643846,0.08053639,0.07656323,-0.04077206,0.36244801,-0.05868674,0.05561845,-0.00367605,0.28586567,-0.33348019,-0.3319824,0.32421337,0.3276718,-0.08177613,-0.38166004,-0.19205752,-0.1805188,0.23226391,-0.34546326,-0.11319935,0.6242604,-0.22500533,0.39925508,-7.79560918,-8.02360975,-1.1038658
44576096,ampa_high,AMPA,0.0048,-0.1282622,0.14899209,0.22969042,0.12600204,0.07891606,0.04833747,0.05145922,0.10048152,-0.10121306,0.04576974,-0.01299146,0.39763038,-0.18781766,-0.21611932,-0.22491662,-0.37862901,0.48043946,0.60165103,0.12993072,0.31641531,-0.10624394,0.30646813,0.08315896,0.19851922,0.11759898,0.17455091,0.29214989,0.86721324,0.82830535,1.69551859,1.47697147,0.51040479,-4.68779261
45544719,ampa_high,AMPA,0.0048,-0.23292187,-0.07346787,-0.24065739,-0.3355458,0.16448204,0.31429507,0.08003614,-0.01441452,0.13726579,0.36935132,-0.08232061,-0.01536008,-0.01060512,0.17364188,-0.10725307,-0.00327876,0.07840502,0.21502842,0.17711813,0.34308548,-0.12906742,-0.01705368,0.16961983,0.18237538,-0.1741159,0.17821737,0.00410146,0.24485812,0.89379872,1.13865684,1.31283716,-2.58809204,-3.14817374
48028426,ampa_high,AMPA,0.0048,-0.32856779,-0.10611737,0.01940623,-0.00741664,0.10105944,0.31254183,0.3058862,0.30375702,-0.02756408,-0.18451793,-0.12883096,0.0903015,-0.28206116,0.0055646,-0.05456236,-0.12548528,0.15090277,0.12637158,0.07284599,0.47277387,0.22462846,0.17295091,0.10724547,-0.09749729,-0.05861095,0.21899917,0.16038821,0.4085484,0.55467839,0.96322679,1.43106882,-1.50517543,-2.66314239
48054415,ampa_high,AMPA,0.0048,0.10957046,0.08520279,-0.20140863,-0.22677001,0.0688504,-0.16768359,-0.17563979,-0.1400942,0.22578604,0.4573039,0.130335,-0.15511779,-0.05863866,0.33500722,-0.09230462,0.10488332,-0.00891627,0.04633209,-0.13313172,-0.13845029,-0.05811689,-0.23461395,0.18309165,0.18314956,0.15749347,-0.16801651,-0.01052304,-0.14715891,0.29630795,0.14914905,-0.46154099,-0.78356962,-0.41236929
50395729,ampa_high,AMPA,0.0048,-0.23256996,0.08897696,-0.15115724,-0.15914009,-0.20029141,-0.06457607,0.00159715,0.23172854,0.12859347,0.253383,-0.20731503,-0.09543074,-0.09259668,0.25143047,0.20311385,0.40331029,0.29381391,0.33388888,-0.07710338,-0.22421561,-0.49300814,-0.39735468,0.11963954,0.12519552,-0.66114301,-0.0461409,-0.70728391,0.25494161,0.49225488,0.74719649,-1.26335937,-2.11749954,-2.0658589
51076110,ampa_high,AMPA,0.0048,-0.0284326,-0.38037016,-0.07144606,-0.11647523,-0.00056624,-0.28042583,-0.19082576,-0.24822262,0.1616928,0.30083809,-0.0670618,-0.22321599,0.15119758,-0.05581243,-0.03587406,0.09806224,-0.22857682,-0.28993443,0.16562723,0.34319557,0.22492913,0.16520157,0.04511472,-0.04508537,-0.19663966,0.32241778,0.12577812,-0.94787175,0.21562716,-0.73224459,4.39033256,3.07919987,2.02451969
51649816,ampa_high,AMPA,0.0048,-0.10624296,-0.07041096,-0.01289276,-0.06620881,0.03301471,0.06896004,0.13184402,-0.1443894,-0.27777826,-0.13218713,-0.19773489,0.28316462,-0.24909694,-0.06818404,0.1791919,0.13586502,-0.12712473,0.00389577,-0.26649682,-0.00668507,-0.32540836,-0.20628608,-0.06637111,-0.07961225,-0.42979015,-0.85530605,-1.2850962,-0.06107163,-0.22100665,-0.28207829,-3.32520224,-4.98020911,0.77989384
52071148,ampa_high,AMPA,0.0048,0.24048977,0.22360995,-0.08061915,-0.14615265,0.29598423,0.26165106,0.01441315,0.04380795,-0.10078174,-0.06290508,-0.02657447,0.21982542,-0.25297872,-0.12545576,0.16439173,-0.17744337,0.19575916,0.2794535,0.13072938,0.3503168,-0.1947606,-0.03154188,-0.02539202,0.14568223,0.34291178,0.01774892,0.3606607,0.53983665,0.44101152,0.98084817,0.32566487,-0.91441882,-2.71186222
52801880,ampa_high,AMPA,0.0048,-0.18275441,0.132441,0.03697932,0.05380614,-0.2645735,0.04932602,0.37971541,0.35884141,-0.07634296,-0.22897485,-0.0605184,0.00508118,0.39129486,0.09994791,-0.01042826,0.04094132,0.16684316,0.13328795,0.30671138,0.44921901,0.14724471,0.09091223,0.08217391,0.01187074,-0.16749453,1.08383976,0.91634523,0.3705209,0.82617916,1.19670006,0.24032152,-0.94239348,-3.30865241
53120454,ampa_high,AMPA,0.0048,0.00732242,-0.2530097,-0.15556297,-0.15450023,0.05620688,-0.006349,0.08094908,-0.14293345,-0.10848068,-0.00349259,0.03196761,-0.21024355,-0.03858835,0.22778523,-0.28291158,-0.31265282,0.1440596,0.20960874,0.24807062,0.17688939,-0.36717618,-0.31207228,0.16952547,0.22599058,-0.08759766,-0.12702044,-0.21461809,-0.77052851,0.21554884,-0.55497966,3.78047028,1.249989,1.53441524
54633971,ampa_high,AMPA,0.0048,0.00446382,-0.12233807,0.01766565,-0.07351566,-0.14321102,0.09724434,-0.03105591,-0.17467256,-0.19049683,-0.58230905,0.00986505,0.00699525,0.24430674,0.3250738,-0.19374264,-0.31218422,-0.08007527,-0.03488508,0.00146547,0.05736549,-0.17624803,0.02617884,0.01023417,0.16097076,-0.33276924,-0.19405955,-0.52682879,-0.84859574,0.22251959,-0.62607615,-0.19557809,-3.52020334,1.73098377
54741718,ampa_high,AMPA,0.0048,0.12281243,0.03698839,0.06207736,0.00468703,0.09735726,-0.085452,0.26459452,0.54098356,0.06625082,-0.13891142,0.08116649,-0.45664064,-0.29893752,-0.5525821,-0.31011587,-0.56025392,-0.23490781,-0.4977751,-0.46646456,-0.62204774,0.22390046,-0.17569822,-0.21347625,-0.36764977,0.69425887,-1.30000155,-0.60574268,-0.09834509,-2.77600683,-2.87435192,8.84729862,18.22687376,7.94704685
55417875,ampa_high,AMPA,0.0048,-0.04468644,-0.00015856,-0.10400989,-0.01429042,-0.34712026,-0.26520296,0.13627837,0.09531197,0.08968601,0.14495772,-0.0801938,0.29740569,0.14926179,-0.04607305,0.04121005,0.17265263,0.02793069,0.08492529,-0.15393938,-0.23941133,0.29465288,-0.24863202,-0.0547628,-0.23875959,-0.350046,0.30435323,-0.04569277,0.25802345,-0.51529807,-0.25727463,-2.06909058,-1.73724462,0.71131635
55499880,ampa_high,AMPA,0.0048,0.0642871,0.43215165,-0.02289085,0.05664751,0.03797091,0.20591034,-0.05848403,0.07361064,0.2837676,0.43463964,0.00939318,0.34308641,-0.04763871,0.18547502,0.25831822,-0.11556301,0.15027631,-0.08172083,0.29504654,0.34031612,0.05883713,0.15452618,0.22291494,0.00239109,0.31404392,0.93775442,1.25179834,1.54604618,0.48542457,2.03147076,-7.5096607,-6.56060607,-5.61663767
55619168,ampa_high,AMPA,0.0048,-0.04990521,-0.5470027,-0.1810163,-0.15303572,0.23453086,0.23954576,0.12701673,0.19884797,-0.01463575,0.06387058,-0.07489662,-0.48141363,0.1172029,0.30650201,-0.04418911,-0.13843201,-0.1514735,-0.20318573,-0.02632869,-0.02385394,0.20023501,0.09811679,0.02879388,-0.04874847,0.04109371,0.12424049,0.1653342,-0.67918774,-0.00960135,-0.68878909,4.92776436,2.21184162,1.90437335
55836894,ampa_high,AMPA,0.0048,0.23924941,0.17261084,0.25812888,0.2872682,0.30357532,0.16807106,0.08126652,0.068824,0.06071332,0.19188674,-0.20924208,0.11402851,0.11897843,0.4150977,-0.02353756,-0.02775955,-0.14401386,-0.05593302,-0.0689388,0.08988595,0.17740793,0.13076227,-0.03846314,-0.01381301,0.73369137,0.02143299,0.75512436,1.00268935,0.53824034,1.54092969,-7.72935182,-7.73976565,-4.26038314
56819618,ampa_high,AMPA,0.0048,-0.07547791,-0.18190223,-0.10801638,-0.25015296,0.08090343,0.05549072,-0.25629274,-0.29219436,-0.03001748,-0.18335627,0.21608201,0.22580399,-0.33234362,0.28351519,-0.25566149,0.08713721,0.08220248,0.10212306,0.41919468,0.34924994,-0.17225462,-0.22280247,-0.08257092,0.03162429,-0.17281907,-0.34143349,-0.51425256,-0.62631111,0.63084722,0.0045361,-1.72228678,-7.77209883,-0.01254148
57172435,ampa_high,AMPA,0.0048,-0.0517283,-0.03459216,0.19640509,0.23743221,0.04978665,0.12533101,-0.07712138,-0.11807231,0.02516575,0.29335643,0.15629698,0.69335526,-0.11932579,-0.51790046,-0.0495193,-0.47663005,0.19350161,0.25313215,0.20932117,0.31208536,0.17916466,0.1492073,-0.09932003,-0.07348126,0.29880479,0.31382232,0.61262711,1.19681043,-0.35358695,0.84322349,-3.12679814,-2.20793936,-2.33135564
57348284,ampa_high,AMPA,0.0048,-0.07350526,-0.16890774,-0.26825001,-0.25533329,0.09579894,-0.01818606,0.04423438,0.06812038,0.19869813,0.32177205,0.0359916,0.36881143,0.16421344,0.70577494,0.18902713,0.02337515,0.11668013,0.04184977,0.14554038,0.15933233,-0.116224,-0.14818513,-0.09799486,-0.11960629,0.03296777,0.40124222,0.43421,0.31627675,0.66254077,0.97881753,-5.79738881,-11.72557873,-2.70624787
57930100,ampa_high,AMPA,0.0048,-0.21339128,-0.19125868,-0.15522091,-0.05816336,0.1702409,0.19693732,0.07122938,-0.11000077,0.06251785,0.36893461,0.20222374,0.31881634,-0.24164692,0.17148921,-0.15962549,-0.06197371,0.28529253,0.63079724,-0.02284441,0.12635947,-0.35375356,-0.2969749,0.13198816,0.6032611,0.13759967,-0.36058968,-0.22299001,0.52526546,1.1729584,1.69822386,-6.16553488,-9.44031831,-4.69527218
57968987,ampa_high,AMPA,0.0048,0.05060567,-0.13529825,-0.11199975,-0.22901157,-0.05910876,-0.2968791,-0.11787555,-0.17571154,0.16439861,0.17717087,0.08477744,-0.32314961,-0.22290642,-0.092766,-0.26563177,-0.29043165,0.19754069,0.2957824,-0.1492232,-0.13374131,0.25427407,-0.0267936,0.23987622,0.40364315,0.01079765,0.05392959,0.06472725,-0.9828792,0.15569298,-0.82718622,8.81784496,9.25256931,2.28701559
59057693,ampa_high,AMPA,0.0048,0.0068752,0.12875971,-0.02313292,0.08005949,0.19421929,0.14462068,0.01374758,0.10952379,0.05320162,0.00550352,-0.02075555,0.10029252,-0.01610416,0.39369279,0.08521591,0.11816037,0.09082554,0.02570398,0.16856742,0.27118857,0.55177237,0.0922552,0.29564529,0.40443877,0.22415522,1.17592236,1.40007758,0.56875971,1.30543968,1.87419939,-8.39088721,-9.55860556,-5.18181167
59343528,ampa_high,AMPA,0.0048,-0.2859242,-0.14937015,-0.08335173,0.00547804,-0.01345817,-0.03104418,-0.13999095,-0.31964577,0.02572323,-0.0375877,0.21114634,0.69194783,0.00902991,0.27433469,0.05229922,-0.0867856,0.18465867,-0.09603452,0.17897522,-0.00142041,-0.17712904,0.20692102,0.71642412,0.49887004,-0.28585548,0.9642581,0.67840262,0.15977807,0.79588522,0.95566329,-13.57725684,-16.07948435,-2.64223072
60184938,ampa_high,AMPA,0.0048,-0.08665372,-0.15456382,-0.02894134,-0.02092708,-0.0694768,-0.04394149,0.24556485,0.28906642,0.15006687,0.17002443,-0.14132869,-0.24842018,0.10651538,0.25045459,-0.04113597,0.04026825,0.02716135,0.06061116,0.09654804,0.13941406,-0.33970571,-0.21258006,0.06722059,0.05666259,0.06923117,-0.08339632,-0.01416515,-0.00876173,0.33483059,0.32606886,0.78724155,0.2832042,-0.90151957
60186708,ampa_high,AMPA,0.0048,0.12628294,0.14931048,-0.06331178,-0.17859409,0.05263331,0.24141072,0.20496114,0.01467212,-0.12186593,-0.14689067,0.02539377,0.45464419,-0.12919336,0.06285335,0.17224723,-0.00674429,-0.03164133,0.04375957,-0.40380986,-0.42200125,-0.36672297,0.00952919,0.09686749,0.31113723,0.22409346,-0.66225281,-0.43815935,0.53455274,-0.00146621,0.53308653,-8.18933792,-8.48518526,-1.47388481
60281382,ampa_high,AMPA,0.0048,0.03416646,0.15631448,-0.1896866,-0.18474215,-0.11871121,-0.25388602,-0.09947432,-0.14216,0.0330793,-0.08338965,0.02353196,0.37670728,-0.08561905,0.21646379,-0.05912497,-0.39413516,0.09319138,0.05478019,-0.0116669,0.13118498,0.21701455,0.28406135,0.14575411,-0.03450954,-0.31709441,0.29954912,-0.01754529,-0.13115605,0.25784562,0.12668957,1.23931398,-1.24241325,-0.35027301
60334165,ampa_high,AMPA,0.0048,0.03519927,0.10474718,0.13414809,0.12475402,0.16630873,0.32261355,-0.09241331,-0.08944625,0.18139568,0.10286074,-0.1934257,0.19710378,-0.26709652,-0.27625761,0.42184966,0.25015032,0.05267823,0.18880449,0.11501201,0.20601018,0.12257852,-0.09059337,0.19265029,0.32629939,0.23121276,0.63767219,0.86888494,0.76263303,0.6044134,1.36704643,-6.44263886,-5.71759667,-3.77962836
60530234,ampa_high,AMPA,0.0048,0.18893538,0.2019881,-0.45001767,-0.49553714,0.26686944,0.15144461,0.05438064,0.09554811,0.22066481,0.29451711,-0.04035007,0.03219401,0.01143063,-0.33178937,0.05295346,0.02822353,0.32491241,0.21183505,0.10520649,0.05459165,-0.35167628,-0.10752104,0.30815388,0.24631367,0.24048252,0.45098059,0.69146311,0.2801548,0.10165349,0.38180829,4.1442308,4.6035721,-1.05562868
61581707,ampa_high,AMPA,0.0048,-0.32010963,-0.34476869,0.13844615,-0.00384822,0.15562652,0.09659961,0.23353024,0.26682357,-0.11791691,-0.23676783,0.03120528,-0.34422472,-0.42175642,-0.1095982,0.41362137,0.08134614,-0.08375757,0.17049443,0.03252532,0.27379434,0.11071366,0.34456703,-0.17251882,-0.00538226,0.12078164,-0.12117245,-0.00039081,-0.56618629,0.75522148,0.1890352,8.25386786,5.49751571,-0.52264705
61756624,ampa_high,AMPA,0.0048,0.01337684,0.15054021,-0.12990991,-0.00699774,0.26541119,0.11517222,0.14164232,0.31639929,0.06385564,0.23053219,-0.09336384,-0.04529964,0.07881414,5.206e-05,-0.42880387,-0.66365042,0.44108966,0.29439527,0.1074587,0.16855502,0.01423966,-0.23540899,0.0662604,-0.00605625,0.26101224,0.27905868,0.54007092,0.76034652,-0.4421133,0.31823322,4.19069577,6.08612736,-0.87985549
63213959,ampa_high,AMPA,0.0048,0.03341139,-0.35574771,-0.09243551,-0.09434223,0.22557881,-0.05110553,0.12825098,-0.33125883,-0.0833403,-0.12307625,-0.0214144,-0.67980704,0.21055483,0.48070277,0.40454592,0.2292253,0.11990622,0.03693514,-0.14785446,-0.1975766,0.05001028,-0.0579834,0.30649203,0.19388937,0.19005097,0.94365482,1.13370579,-1.63533759,0.68519258,-0.95014501,5.39818342,1.56132022,2.62697371
63218063,ampa_high,AMPA,0.0048,0.03128313,0.1796189,0.17428313,0.13377169,-0.22891152,0.03868984,0.08025226,0.12661823,0.18249598,0.09639924,-0.02167024,0.42887673,0.11949073,0.46321977,0.30598619,-0.02524198,0.40208214,0.37780843,0.17847087,0.18513278,0.48869057,0.40001301,0.541109,0.48868492,0.21773274,2.0358295,2.25356223,1.00397463,1.88961693,2.89359156,-8.93327764,-11.68178294,-8.00024086
63989137,ampa_high,AMPA,0.0048,-0.37902434,-0.53675255,0.2259986,0.27568815,-0.21423213,-0.1081122,-0.13001605,-0.10702407,0.38123976,0.47633107,-0.3676938,-0.22920513,0.41086688,0.50699884,0.23897176,0.42139471,-0.25160339,-0.28694945,0.11091002,0.00030368,0.17574682,-0.01947511,-0.08200892,-0.1664368,-0.48372796,0.60288318,0.11915522,-0.22907473,0.45583588,0.22676115,-5.60566096,-7.89401399,-0.62695227
64043761,ampa_high,AMPA,0.0048,0.28932393,0.33159742,-0.17757654,-0.08113055,-0.02051613,-0.06505628,0.01208414,0.1326225,0.09338879,0.06854754,-0.01283275,-0.08795181,-0.28744763,-0.28003998,0.10343924,-0.06789401,0.15785278,0.29917693,-0.38673179,-0.28061557,-0.60176611,0.12211712,-0.37333669,-0.09220475,0.18387142,-1.3879902,-1.20411878,0.29862881,-0.29946026,-0.00083145,7.19650531,9.36092532,0.0022988
64082948,ampa_high,AMPA,0.0048,-0.11769516,-0.25853753,0.04893241,-0.11815951,0.19951226,0.15069913,-0.16908999,-0.14494346,-0.07121879,0.10462753,0.10172109,-0.27999915,-0.06448041,-0.14666781,0.22580465,0.28083474,0.3243868,-0.13980047,0.13150124,0.34904651,0.0154641,-0.39336658,0.42363915,-0.00340273,-0.00783817,1.05631553,1.04847736,-0.54631299,-0.05335635,-0.59966934,1.30699384,0.39900623,1.65797387
64309040,ampa_high,AMPA,0.0048,0.33834802,0.28210575,0.09933268,-0.04559038,0.12060685,0.11970232,0.13538788,0.11204007,-0.08639444,-0.00413877,0.48899401,0.42521798,-0.2717912,-0.23425966,0.07537271,0.19056891,0.13812551,0.06084067,0.13502802,0.1605784,0.14170424,0.2972701,0.09025013,-0.16393498,1.09627499,0.30868941,1.4049644,0.88933696,0.31106343,1.20040039,-2.18615,-2.76414647,-3.31888315
65620046,ampa_high,AMPA,0.0048,-0.21415049,-0.26512612,0.0732662,0.17452299,-0.20099871,-0.38386989,0.33389702,0.3057738,0.38929613,0.24984676,-0.1508562,-0.2087047,0.16188768,0.18349702,0.19861036,0.52504694,0.18096939,-0.05452693,0.1445179,0.12397382,-0.08614737,-0.53703281,0.19815826,0.07541602,0.23045395,0.79799621,1.02845016,-0.12755716,0.31637406,0.18881689,-4.85094538,-3.51738069,-0.52204349
66092324,ampa_high,AMPA,0.0048,-0.41481287,-0.40683296,-0.07201655,0.05212534,0.08309029,0.09986894,0.07893636,-0.0735536,0.04578541,0.10927341,0.20982094,0.38005885,0.07854995,-0.09213678,0.20750937,0.40436595,-0.10811662,-0.18311599,-0.08404698,0.00683696,0.25084527,-0.32712821,-0.2445474,-0.32236054,-0.06919643,0.10019358,0.03099716,0.16093997,-0.51353861,-0.35259863,-7.36904125,-9.53478431,0.97486945
66847819,ampa_high,AMPA,0.0048,-0.30958754,-0.38189959,-0.26542139,-0.24120641,-0.27186037,-0.26513716,-0.08423209,-0.50913318,-0.10834614,-0.04602445,-0.04785531,-0.27619149,-0.01434261,0.15626467,0.49810265,0.5583758,0.01567622,-0.02184806,0.04778614,0.13524414,-0.34132585,-0.13973368,-0.01485584,-0.00921985,-1.08730284,0.19104071,-0.89626212,-1.71959229,0.67908301,-1.04050928,4.23319427,-1.06382911,2.87681406
67342911,ampa_high,AMPA,0.0048,0.01455889,0.16561385,-0.03996697,-0.11354744,0.13328378,0.18869124,-0.09109699,-0.14893932,-0.12632129,-0.0526242,-0.11884703,0.00637139,-0.16649988,-0.16233872,0.43583759,0.34493631,-0.13141439,0.02632133,0.07476075,-0.00109651,0.20381819,0.30233525,0.04416209,0.20650034,-0.22838961,0.46066436,0.23227474,0.04556552,0.71665799,0.76222351,-0.63342508,-1.3486317,-2.1074058
67844279,ampa_high,AMPA,0.0048,-0.02704164,0.18992708,0.03691482,0.13288491,-0.10924404,0.07284683,0.05061064,0.08705144,-0.08082459,0.01661643,-0.01797198,0.13306739,0.04850903,0.17523312,0.09132069,0.16119748,0.21124948,0.05099097,0.23698035,0.44242623,0.18797674,0.3522912,0.26757045,-0.05030568,-0.14755679,1.04360674,0.89604995,0.63239409,1.13183332,1.76422741,-2.54924906,-4.51758222,-4.87775967
68000499,ampa_high,AMPA,0.0048,0.00845525,-0.1407609,-0.06461776,-0.06628366,-0.0043654,-0.19281443,0.17824146,-0.00192313,0.2160789,0.02121265,0.00693738,-0.28629978,0.23929284,0.27422524,-0.25356124,-0.2627727,0.35411962,0.05974465,0.05247989,-0.10217123,-0.21493796,0.28818008,0.10820796,-0.04638064,0.34072983,0.28560112,0.62633094,-0.66686925,0.2108254,-0.45604385,7.25829319,5.57593541,1.26087616
69159223,ampa_high,AMPA,0.0048,-0.11693178,-0.22747801,0.01680926,-0.00361029,-0.07316103,0.00151834,0.01914128,0.03349151,-0.05561246,0.21391505,0.3188911,0.0032661,0.33088386,0.14351176,-0.11074054,-0.14612716,-0.08134122,-0.14647263,-0.05941983,-0.05077139,0.05952184,-0.09970801,0.11822511,0.07428765,0.10913637,0.25712922,0.36626559,0.02110271,-0.22527979,-0.20417708,-2.73784818,-2.45044173,0.56451154
69366941,ampa_high,AMPA,0.0048,-0.05403151,0.10138405,0.08484702,0.11529429,-0.07709275,0.0310467,-0.01745412,0.06950504,-0.17416989,-0.13405006,0.06806024,0.31531628,-0.40600219,-0.37363502,0.06525067,0.24314377,0.27072747,0.46638519,0.45475217,0.31802021,-0.29667688,0.06748094,0.13610683,0.18368007,-0.16984101,0.22415807,0.05431706,0.4984963,0.90507516,1.40357147,-1.15256727,-2.06052514,-3.88061327
69973472,ampa_high,AMPA,0.0048,-0.07374092,-0.11695715,0.04026223,0.08306978,-0.07638921,0.02411773,0.08137071,-0.04392776,-0.16652622,-0.11913582,0.17432607,0.03410731,-0.05285481,0.29269939,0.11341801,0.08566436,-0.10240055,-0.02230339,-0.07750504,0.06003426,0.17215792,0.2745666,-0.26558325,-0.20465327,-0.02069734,-0.21276771,-0.23346505,-0.1387259,0.48600795,0.34728205,-0.20449743,-3.62976558,-0.96017007
70910152,ampa_high,AMPA,0.0048,-0.07306507,-0.02138058,0.05723096,0.09263868,0.12223862,0.14464299,0.26040175,0.24798879,-0.09862872,-0.13651125,-0.07133806,-0.36670042,-0.04029363,-0.01056741,0.21493628,0.01407258,0.15675364,0.09394197,0.03322865,-0.20816401,-0.32709168,-0.45214615,0.21727003,0.2132331,0.19683948,0.2548033,0.45164278,-0.0393218,-0.34962993,-0.38895172,-0.18653409,2.56695784,1.07537896
72155879,ampa_high,AMPA,0.0048,0.05143382,-0.23723241,-0.02315228,0.0162672,0.10413068,-0.05614349,0.29259972,0.29948136,0.1414107,0.17293266,0.0290208,-0.47975099,-0.21757127,-0.15274109,-0.2635948,-0.54532039,-0.1667912,-0.18143999,-0.06426921,-0.16535166,0.10716281,-0.09927267,-0.26232568,-0.30176992,0.59544343,-0.86738935,-0.27194592,-0.28444567,-1.44589572,-1.73034139,9.75983142,13.33991033,4.78407114
72358748,ampa_high,AMPA,0.0048,-0.08442396,-0.22255277,-0.28942988,-0.31023411,7.524e-05,-0.00105367,-0.19366131,-0.24451258,-0.24720981,-0.07619324,0.00891322,-0.1620165,-0.09734033,0.24761944,0.3249918,0.48107912,0.13010296,0.19345574,0.17299217,-0.11827781,0.07897716,0.05891683,-0.06472678,0.06333838,-0.8057365,0.54499697,-0.26073952,-1.01656287,0.92613171,-0.09043116,3.52559263,-2.3075017,0.2500253
79630427,ampa_high,AMPA,0.0048,-0.06097081,-0.0411499,0.240394,0.16347207,0.06149271,0.13277596,0.05643292,0.09372443,0.52002404,0.68671322,-0.34452822,0.11512865,-0.17315027,-0.03249171,-0.28002032,-0.44917029,-0.08966632,-0.1295286,0.03791906,-0.15264337,0.18247608,0.18287895,-0.1115496,-0.1943696,0.47284463,-0.43399136,0.03885328,1.15066442,-0.77532462,0.3753398,-1.55902357,1.40269143,-1.03774452
80301458,ampa_high,AMPA,0.0048,-0.02308373,-0.13580334,0.28434512,0.2577074,0.20190583,0.06207718,0.19930552,0.24513626,-0.20708703,-0.3897724,0.12315232,0.02898497,0.11877307,0.12218609,0.01437012,0.11440872,-0.37504151,-0.79530801,0.07078078,0.36501225,0.04528693,0.27472677,-0.13659743,-0.41629926,0.57853803,-0.26242804,0.31610999,0.06833008,-0.33527345,-0.26694336,-5.84094031,-5.23491455,0.7380486
80461839,ampa_high,AMPA,0.0048,-0.02034126,-0.38654785,-0.00105484,-0.02668174,0.01199817,-0.19210092,0.20062537,-0.03704707,0.0112691,-0.10448824,0.2047609,-0.21877795,0.24528139,0.47055251,0.51983987,0.55267009,0.11391287,-0.0981228,0.56856348,0.38972413,-0.28111002,-0.52928785,-0.0349038,-0.12595046,0.40725744,1.13158379,1.53884123,-0.96564377,0.65958562,-0.30605815,-2.42611607,-7.0990631,0.8461937
82149344,ampa_high,AMPA,0.0048,0.09532747,0.09267742,0.00313327,0.01795522,0.13091181,0.18753228,-0.07984868,-0.01116547,0.03598326,-0.09184826,-0.02491547,0.31124701,0.37004607,0.41308317,0.62066189,0.60464267,0.29365108,0.3166786,0.28921246,0.32788181,0.42078534,0.542641,0.40958335,0.41844663,0.16059166,2.40394018,2.56453184,0.50639821,2.62337387,3.12977208,-8.21905636,-14.33061235,-8.65323594
83490451,ampa_high,AMPA,0.0048,0.18908215,0.16190034,-0.23461931,-0.30743479,0.26637607,0.34194181,0.04587238,-0.0003346,0.09406279,0.08330886,-0.13414448,-0.16837389,-0.01888246,0.55610217,-0.34289879,-0.25065474,-0.58836496,-0.86543008,-0.13085014,0.14725258,0.17562129,-0.086208,0.07574125,-0.23531916,0.22662961,-0.82963381,-0.6030042,0.11100773,-0.73425722,-0.62324949,-4.48700567,-4.3639816,1.72316858
84037702,ampa_high,AMPA,0.0048,-0.15872281,-0.11937927,0.16649811,0.21409825,-0.07965752,-0.04749203,0.09401979,0.18111685,0.04274757,0.49850759,0.14374481,0.74835099,0.25257077,0.5534877,0.61683145,0.78287528,0.30592296,0.34475404,0.12618704,0.32261525,0.71249994,0.76992933,0.12291476,0.16883152,0.20862996,2.13692693,2.34555689,1.47520239,2.94249312,4.4176955,-14.12743589,-21.2357391,-12.21410395
84828767,ampa_high,AMPA,0.0048,-0.04997931,-0.05889448,-0.25346055,-0.18251505,0.09138583,0.20247749,-0.02796364,-0.09141707,0.01314874,-0.0609333,0.11034049,0.04475769,-0.05606221,0.09381285,0.24794488,0.49620748,0.39118615,0.01840539,0.06773852,0.21692662,0.09501144,0.36351012,0.65954454,0.39527115,-0.11652844,1.40536333,1.28883489,-0.14652473,1.5841336,1.43760887,-3.63103828,-7.31941426,-3.97472034
90973178,ampa_high,AMPA,0.0048,0.06795493,-0.04090055,0.16515359,0.15886277,0.08517207,0.14635917,0.24520193,0.13245471,0.01067952,-0.19115712,-0.1013958,-0.11406869,0.40939267,0.7349352,0.48358146,0.82914961,0.28816204,0.3971339,0.08084512,0.34900256,0.19457413,0.08305473,0.55463685,0.79894126,0.47276623,2.01119228,2.48395851,0.09155028,3.19221726,3.28376755,-11.3110194,-16.80171557,-9.07900468
92159995,ampa_high,AMPA,0.0048,0.02294127,-0.17792583,-0.15885067,-0.1584275,-0.16818018,-0.25734267,0.17535584,0.05580958,0.31812247,0.31720717,0.21999887,0.05278268,-0.51307705,-0.65111231,0.35328427,-0.18667042,-0.19542628,-0.30058284,0.0650982,0.08842545,0.04968514,0.21542215,-0.04899209,-0.06320743,0.40938759,-0.28942782,0.11995978,-0.16789657,-0.8977254,-1.06562197,5.24079237,9.02859554,2.94624594
92432902,ampa_high,AMPA,0.0048,0.20808895,-0.16860014,0.07419619,0.00837072,0.11652275,0.13585003,-0.00712419,-0.26696284,-0.10239849,-0.33434397,0.05752973,-0.30530809,0.50717169,0.77297107,0.35020449,0.4179304,0.05182684,-0.14293009,0.09792874,-0.05970297,0.38787261,0.03292124,0.00305308,-0.27738068,0.34681494,1.39805746,1.74487239,-0.93099429,0.74380897,-0.18718532,-0.87811467,-7.45647627,0.51753248
92523261,ampa_high,AMPA,0.0048,0.25626096,0.00459671,-0.00418867,0.05118307,0.0142458,0.22986781,-0.14809058,0.02707694,0.00151352,0.06842648,-0.15112528,-0.55575737,0.05221958,0.21203404,0.64017907,0.77164423,0.33625367,0.35566745,0.55132493,0.23448047,0.21253819,0.07645764,0.28995844,0.25349441,-0.03138425,2.08247388,2.05108962,-0.17460636,1.90377823,1.72917187,2.12646972,-1.14197838,-4.78083764
94345446,ampa_high,AMPA,0.0048,-0.22094786,-0.10201332,-0.15299867,-0.19469897,0.02547682,-0.04146382,0.10848924,0.02040453,-0.00073592,0.02424845,0.27479728,-0.19472681,0.18316251,0.36740265,0.80101092,0.90342887,0.43584728,0.47535908,0.03448981,0.09594566,0.01485547,-0.00983231,0.50150205,0.54732264,0.03408089,1.97086804,2.00494893,-0.48824993,2.37962659,1.89137666,-2.11863042,-7.58205763,-5.22930364
94998851,ampa_high,AMPA,0.0048,0.23336352,0.33441109,-0.03052817,0.14977139,0.15720098,0.24625269,0.04831081,0.05494171,0.10303,0.17174661,-0.22580938,-0.12947008,0.10603965,0.27503206,0.11296331,0.05088745,0.02855977,0.08849163,0.47403525,0.610256,-0.27268496,-0.35674029,0.27487574,0.36836236,0.28556775,0.72378875,1.0093565,0.82765341,1.03628922,1.86394263,-6.82476157,-5.84175917,-5.15345365
97970921,ampa_high,AMPA,0.0048,-0.26467083,0.14394543,-0.05173366,0.04959772,-0.32478284,0.10040938,0.0724225,-0.0038745,0.0387186,0.29024887,0.15952225,0.3145135,0.3267564,0.43764953,0.84731962,1.27542415,0.09698796,0.09922137,0.31226354,0.4165658,0.06140863,-0.15175659,0.27850197,0.41210737,-0.37052398,1.92323813,1.55271415,0.89484039,2.48921164,3.38405203,-17.3043409,-21.30606508,-9.35627258
110841481,ampa_high,AMPA,0.0048,0.17917761,0.09564202,0.16414455,0.18083838,0.08065466,0.19379779,0.21076543,0.2682832,0.00383791,0.30615427,-0.40387158,-0.13075327,0.19516408,0.17247228,0.02851284,-0.03951338,-0.14204963,-0.12704134,-0.16697147,-0.22919147,0.45420424,0.35645325,-0.0396805,0.15480981,0.23470859,0.32917956,0.56388814,0.91396239,0.28798915,1.20195154,-3.94876877,-1.33029968,-3.32317179
110937433,ampa_high,AMPA,0.0048,-0.11818633,-0.04931716,-0.02769897,-0.03277845,0.03078534,-0.07329792,-0.00582331,0.04607066,0.00262293,0.19004742,-0.0848235,-0.05208394,0.29618925,0.19761402,0.15246956,0.47633022,-0.18665352,-0.35210066,-0.09657066,0.04998694,0.02338651,0.13222937,0.20694419,-0.03853176,-0.20312385,0.39576533,0.19264148,0.0286406,0.46552814,0.49416874,-4.60551983,-5.04550465,-1.36628439
111086310,ampa_high,AMPA,0.0048,-0.07737988,0.10332255,-0.04791971,-0.0648271,0.07563049,0.10718263,0.183884,0.18706978,-0.07988959,0.02987532,0.01534715,0.05952413,0.27699252,0.42147837,-0.05653191,-0.88971988,-0.20968296,0.47637481,0.2197117,0.41462073,0.17931137,0.04387092,-0.35982867,0.21578319,0.06967246,0.04997204,0.1196445,0.42214732,0.68240814,1.10455545,4.0374097,1.46236014,-3.05388978
111096801,ampa_high,AMPA,0.0048,-0.03868525,0.16896496,-0.04880996,-0.16576744,-0.08198932,-0.04302961,0.14990219,0.20551117,-0.07863489,0.18615896,-0.31519376,-0.11662643,0.27652178,0.20569345,0.29658357,0.59120759,-0.11363505,-0.23376518,0.18653619,0.35516117,0.40162613,0.05042422,0.06173315,-0.01589815,-0.41341098,1.10936576,0.69595478,0.23521162,0.9528231,1.18803471,-2.75359939,-3.68638037,-3.28469436
111844771,ampa_high,AMPA,0.0048,0.19118449,0.18299808,0.02937367,0.0027205,0.16548495,0.13710265,-0.21661209,-0.30215299,0.14670977,0.17304219,-0.1531564,-0.25191155,-0.10981153,0.22713794,0.20025797,0.02146871,0.04937703,-0.09925354,0.45449958,0.31681576,-0.16402278,-0.24807676,-0.01155065,-0.07082928,0.16298438,0.41874962,0.581734,-0.05820113,0.14726282,0.08906169,0.02989415,-0.52374103,-0.24623895
112091464,ampa_high,AMPA,0.0048,-0.02804772,0.06634576,0.251912,0.01812817,0.03013536,0.09276369,0.16880823,0.17753731,0.14991574,0.12267242,0.08019603,0.64401531,0.05344959,-0.19642637,-0.15631602,-0.32555469,0.216496,0.1715181,0.21805754,0.3414818,-0.07875974,-0.05482629,0.14285074,0.13993849,0.65291964,0.39577811,1.04869775,1.12146266,0.07613104,1.19759371,-6.29754592,-5.9431306,-3.31112319
112517217,ampa_high,AMPA,0.0048,-0.02701583,-0.16808299,-0.29439112,-0.2370197,0.05876602,0.26963773,0.01311719,-0.0673989,0.05466401,0.34761756,0.03659289,0.19961252,-0.26261272,0.38734524,0.04800187,-0.03135063,0.1332665,0.01138844,0.24550313,0.14991181,-0.01774653,0.19901101,0.20989279,0.16000456,-0.15826684,0.35630504,0.19803821,0.34436621,0.87631043,1.22067663,-4.01447961,-8.45221039,-3.37494317
112917188,ampa_high,AMPA,0.0048,0.14862404,0.38631043,-0.18288349,-0.06074375,-0.03263043,0.10275201,-0.19752609,-0.17135093,-0.03579955,0.04276814,0.06668764,0.25148723,0.03794486,0.1961521,0.21879931,0.00373414,-0.00749461,0.20544148,0.18993269,-0.06485278,0.07847602,0.02111156,0.28966052,0.42020324,-0.23352788,0.8073188,0.57379092,0.55122313,0.78178975,1.33301287,-6.31583556,-6.49135946,-3.68553193
112957066,ampa_high,AMPA,0.0048,0.04903848,-0.0459947,0.20158806,0.09315836,0.140725,0.16760504,0.06580053,0.18358248,0.15824511,0.24627172,-0.07745676,0.29164588,0.19488973,0.17770824,-0.19101623,0.04904198,0.09429825,0.33485803,0.13673928,0.2341602,0.47123833,0.28511903,0.24152272,0.50015621,0.53794043,0.94767209,1.48561251,0.93626878,1.58104369,2.51731248,-7.09775125,-8.97087203,-6.9598994
113174215,ampa_high,AMPA,0.0048,-0.09701982,-0.08834524,0.40666044,0.35457122,-0.07159363,-0.14284927,-0.03828611,0.07643312,-0.22912245,-0.19163005,0.290849,0.31721328,0.38763327,0.77117106,-0.05194748,-0.10365807,0.37872743,0.40057006,0.23467645,0.47134347,0.33129714,-0.00312578,0.32296134,0.39002621,0.26148743,1.60334814,1.86483557,0.32539305,1.92632695,2.25172,-9.79985949,-14.52269123,-6.22558574
113237194,ampa_high,AMPA,0.0048,0.18438804,0.33952192,-0.1205679,-0.22444127,-0.25633135,-0.20723687,0.09007913,0.16033038,0.0767819,0.07857408,0.09372804,0.31236277,0.02746431,0.24873532,0.16008897,0.3699481,-0.0060485,0.12545686,0.02157842,0.20357453,-0.07672035,0.12909413,-0.1264662,0.04891163,0.06807786,-0.00010335,0.06797451,0.45911101,1.12572058,1.58483159,-3.24602274,-5.56596508,-4.38176369
113387068,ampa_high,AMPA,0.0048,-0.40772222,-0.71249324,0.0443069,0.03939899,0.06060435,0.0025629,0.01863837,0.15591721,-0.20169296,0.13055301,-0.09781017,-0.55192468,-0.0394698,0.01343224,-0.00839643,0.18017602,0.17980858,-0.20427439,0.35978955,0.53671778,-0.32395074,-0.16614852,0.25499048,0.00638931,-0.58367573,0.42277163,-0.1609041,-0.93598581,0.36629244,-0.56969337,4.20894971,2.40443565,1.57509589
114552708,ampa_high,AMPA,0.0048,0.15481708,0.4247924,0.14642975,0.10596631,0.01122438,0.23725045,-0.12378888,-0.28992454,-0.01693333,0.04210024,0.16221492,0.56722343,0.37706009,0.42085797,0.15732508,0.46901399,-0.18714093,-0.15476369,-0.16639952,0.17241798,0.12894424,-0.13731518,-0.11992905,-0.00027184,0.33396391,0.18985991,0.52382382,1.08740829,0.76993923,1.85734751,-16.24481039,-18.34245489,-5.13521938
115212275,ampa_high,AMPA,0.0048,0.19314007,0.26483407,-0.33662953,-0.43796955,0.3313952,0.24408601,0.05241751,0.02020188,0.06548815,0.15661206,-0.25462208,0.07270288,0.00372505,0.09210824,0.0874686,0.18138838,0.2626878,0.27146977,0.30140246,0.35655139,-0.44605277,-0.20191817,0.41825144,0.54690508,0.05118931,0.62748258,0.67867189,0.32046735,1.2465047,1.56697205,-2.39340604,-4.46945823,-4.33238541
115364303,ampa_high,AMPA,0.0048,-0.10874487,-0.38269635,0.02035823,-0.0978931,-0.15706201,-0.29379352,0.28394605,0.17563448,0.19247462,0.10525995,-0.04158366,-0.12392407,-0.05145803,-0.27442649,0.04635614,0.01387673,-0.08698947,-0.1184955,0.03718368,-0.17503296,0.27353417,-0.27275577,-0.35700852,-0.32708077,0.18938837,-0.13838203,0.05100634,-0.61741262,-1.15391474,-1.77132736,5.78876634,6.95824062,4.89738972
117385823,ampa_high,AMPA,0.0048,-0.12205434,0.18983149,0.1124404,0.13548362,0.00462732,0.09707621,0.08689294,-0.00804695,0.00539351,0.30189694,0.06594094,0.56570576,-0.10490374,-0.07465586,0.19592435,0.1087515,0.25256808,0.24832091,0.2086883,0.2891794,0.56285135,0.21021304,0.25043953,0.25174494,0.15324077,1.36556786,1.51880863,1.28194706,1.03355392,2.31550098,-8.67759489,-9.16279073,-6.40192825
118382279,ampa_high,AMPA,0.0048,0.07385715,0.07462729,0.05968916,-0.06597628,0.00437099,-0.02242315,0.17264698,0.25258996,0.05229222,0.10720214,-0.25670779,0.03596559,0.77443479,0.88508046,0.9155132,0.9868686,1.14718674,0.99853918,0.9530498,1.09933752,0.7036372,0.51026333,1.27462807,1.15509306,0.1061487,5.76844979,5.8745985,0.38198555,5.63518216,6.0171677,-7.47504897,-18.14582439,-16.63634621
121801833,ampa_high,AMPA,0.0048,0.20089926,0.22897717,0.0654137,0.12017615,0.15071007,0.1100538,0.17286592,0.13291132,0.16830723,0.14633044,0.41047619,0.18062826,-0.18344269,0.0367642,0.57823177,0.31842215,0.2888737,0.26497171,-0.14444309,-0.10970447,-0.09869761,-0.11255936,0.22298841,0.0481825,1.16867238,0.66351049,1.83218287,0.91907714,0.44607672,1.36515386,-5.23501752,-4.90769022,-3.77439574
122083369,ampa_high,AMPA,0.0048,0.17318663,0.45878795,-0.01422685,0.04745037,-0.06437811,-0.15057965,-0.10155027,-0.19298451,0.01406514,0.09531564,-0.26778656,-0.00069462,-0.0524489,-0.02348193,0.37797917,0.43379005,-0.19223207,0.27534486,-0.21395605,-0.14104367,-0.13163997,0.00372129,-0.04952909,0.34230371,-0.26069003,-0.2618269,-0.52251692,0.25729519,0.89063429,1.14792948,-2.85295557,-1.35487382,-3.17381087
122408481,ampa_high,AMPA,0.0048,-0.04291415,0.20260848,0.22820279,0.28028433,-0.25706677,-0.5320724,-0.05941447,0.18073019,-0.18771125,-0.11468464,0.1252388,0.20829473,0.56874443,0.74123282,1.03681055,1.05265142,1.07825177,1.43046035,1.1331997,1.26592988,0.16863604,-0.19938368,0.69290902,1.18312476,-0.19366505,4.67855152,4.48488647,0.22516068,5.47401553,5.69917622,-9.44203467,-18.20677474,-15.75715906
123660597,ampa_high,AMPA,0.0048,-0.00956152,0.16824298,-0.10279946,0.0196265,-0.05232804,-0.07478719,-0.21570943,-0.14747878,-0.01448986,0.04452949,-0.28998863,0.02382876,1.33683202,2.06100165,1.23174345,1.51581951,1.32201816,1.27190388,1.36263728,1.80409772,1.33955496,1.14972137,1.38970417,1.21421503,-0.68487695,7.98249004,7.29761309,0.03396176,9.01675915,9.05072091,-11.03168611,-33.04062998,-25.02355492
123930959,ampa_high,AMPA,0.0048,0.14444606,0.38447176,0.13841572,0.0541291,-0.0628463,0.14828657,0.14221347,0.20917547,0.03857442,-0.12470599,0.12870431,0.4887722,1.21402427,1.59448941,1.35753922,1.90200146,1.11553025,1.52955338,1.07130814,0.91731552,0.57917427,0.54855812,0.8965835,1.40250346,0.52950769,6.23415964,6.76366733,1.16012911,7.89442135,9.05455045,-21.18468365,-38.39856101,-25.03414288
124782577,ampa_high,AMPA,0.0048,0.00958993,0.05366395,0.02104244,-0.09222644,-0.06551093,0.06132337,0.06113718,0.1682982,0.17013213,0.19908455,-0.17296066,0.18466077,0.1246012,0.03587866,0.0395478,0.08888972,-0.12816183,-0.2166939,-0.02717394,0.03603613,-0.06143929,-0.11463254,-0.00622512,-0.00781035,0.0234301,-0.05885117,-0.03542107,0.5748044,-0.17833228,0.39647212,-5.36691667,-4.33352652,-1.09617146
125237313,ampa_high,AMPA,0.0048,-0.24275612,-0.00738707,0.06674114,0.1758547,0.15466347,0.17036021,0.25041063,0.12699419,0.15605265,0.16316069,0.09396427,0.1914714,1.42364085,0.83037245,1.50863241,1.63609253,1.28040368,1.11087296,1.02699568,1.09552787,0.57224002,0.33555932,1.0709755,0.98533105,0.47907605,6.88288813,7.36196417,0.82045412,5.99375619,6.81421031,-13.90358014,-26.30914304,-18.84002032
125339679,ampa_high,AMPA,0.0048,-0.05071905,-0.00725412,-0.20769318,-0.11752877,-0.36862781,-0.35540948,-0.11610789,-0.12260155,0.10075973,0.33304384,-0.04234348,0.02072757,0.02329156,0.36080609,0.27062817,0.25209069,-0.32106573,-0.28178463,0.20106154,0.41009375,-0.04957724,-0.17337478,-0.25270138,-0.19436416,-0.68473168,-0.12836308,-0.81309476,-0.24902251,0.37346696,0.12444445,-2.30880134,-4.10360608,-0.34406568
125524260,ampa_high,AMPA,0.0048,0.09681582,0.01712795,0.11846056,-0.0779649,0.11898705,0.17960389,-0.04719245,-0.15574858,0.26623282,0.17024449,0.07171023,0.03174809,0.41614363,0.95393286,0.58496346,0.59001163,0.26550827,0.2154245,0.05207529,0.53373047,-0.29063052,-0.12795278,0.64893868,0.69241501,0.62501403,1.6769988,2.30201283,0.16501095,2.85756168,3.02257263,-12.84108759,-19.59492552,-8.35684947
130293488,ampa_high,AMPA,0.0048,0.14854121,0.20104703,0.12979878,0.07100822,-0.10169478,-0.00425918,-0.09790915,-0.23071,0.00574181,0.04374397,0.16631704,-0.00410188,1.32911985,1.34618239,1.64357874,1.82303048,1.35503332,1.38462409,1.22876245,1.34088439,1.16497593,0.986072,1.17458955,1.16369026,0.25079491,7.89605983,8.14685474,0.07672817,8.04448361,8.12121178,-8.7435763,-26.95313098,-22.45363555
130597088,ampa_high,AMPA,0.0048,0.0225968,0.24724112,0.32530646,0.43188211,0.10791367,0.17413305,0.18081764,0.23485475,0.23675209,0.43248838,0.09943406,0.52587076,1.22427379,1.00739736,1.34675518,1.1205798,1.15339094,1.00135807,1.01399519,1.04912636,0.62517815,0.53610789,1.32033657,1.16247946,0.97282072,6.68392983,7.65675055,2.04647017,5.87704892,7.92351909,-21.91992688,-30.78742888,-21.90705216
134330542,ampa_high,AMPA,0.0048,-0.02457077,-0.15419899,0.13565752,0.24646087,0.28608289,0.42838446,-0.39139822,-0.62715575,-0.22617888,-0.17173421,-0.06285299,-0.12087286,0.90400316,1.00338293,1.57366237,1.3262064,1.11063934,1.05371386,1.3372475,1.55595832,0.25278355,0.10374952,1.10751019,0.97630058,-0.28326046,6.28584611,6.00258565,-0.39911647,6.0193116,5.62019513,-10.43949172,-26.41693759,-15.53879109
135517362,ampa_high,AMPA,0.0048,0.03798091,0.06067648,0.1079641,0.15981151,-0.05722508,-0.08284779,-0.09032889,-0.08564325,0.29936672,0.34713267,-0.13236235,0.18564897,1.27189083,2.00086688,1.43177982,1.64197744,1.71081866,1.75194733,1.11207641,1.27534841,0.04658511,0.136051,1.90316795,1.80683984,0.16539542,7.47631879,7.64171421,0.58477859,8.6130309,9.19780949,-21.32092594,-39.7754931,-25.4302274
135672596,ampa_high,AMPA,0.0048,-0.11708603,0.1320648,0.0063961,0.02464433,-0.11641229,0.010606,0.00667895,0.01264238,0.09237028,-0.02030154,0.15917242,0.2922682,-0.35760176,0.18666264,0.4379777,0.64929131,-0.1390275,0.11636781,0.70748266,0.69549179,-0.04215737,0.10560624,-0.02739456,0.01486471,0.03111942,0.57927918,0.6103986,0.45192418,1.7682845,2.22020868,-6.24139358,-10.70922996,-6.13846281
135736530,ampa_high,AMPA,0.0048,-0.11903758,-0.36026112,-0.05999718,-0.20464394,0.05929248,0.11638478,0.22937858,0.4620254,-0.09826331,-0.15251913,-0.05314578,-0.4191913,1.47683871,1.60018816,1.31564416,1.08723916,0.87876411,0.96155181,1.08694,1.18162129,0.44105229,0.50277515,1.13463224,1.31738584,-0.04177279,6.33387151,6.29209872,-0.55820531,6.65076141,6.0925561,-6.29030946,-22.34385117,-16.84478106
136295480,ampa_high,AMPA,0.0048,0.0812491,0.23204164,-0.10936994,-0.01159094,-0.38038039,-0.26208286,0.11468906,0.29672699,0.04499115,-0.20103307,0.27557271,0.25700967,-0.10058193,0.31101188,0.32354867,0.19015423,-0.11640486,-0.09681748,-0.21529866,0.02222204,0.29802911,-0.09269342,0.02454189,0.06572226,0.02675169,0.21383421,0.2405859,0.31107142,0.39959951,0.71067093,-6.80664545,-6.55107638,-1.96487255
136348275,ampa_high,AMPA,0.0048,-0.02281134,0.30675793,-0.16934767,-0.19430176,-0.07099589,-0.05554832,0.11453783,0.17596622,-0.05043093,-0.13239303,-0.07657738,0.12292715,-0.16539363,-0.4158696,-0.00728585,-0.23865489,0.28234498,0.33347446,0.21853667,0.41667033,0.26717606,0.01317561,0.55115782,0.54602686,-0.27562537,1.14653605,0.87091068,0.22340819,0.65482276,0.87823096,2.70117965,4.74518339,-2.42814477
136981533,ampa_high,AMPA,0.0048,-0.01831142,0.09378574,-0.17814049,-0.03828294,-0.01458944,0.05612041,-0.07186167,-0.28450293,0.18622603,0.116439,0.27534301,0.52062983,0.98999025,0.91724338,1.28446996,1.56818405,1.05551926,1.16674349,1.2251999,1.49704303,0.56145686,0.63979381,1.17595896,1.02227265,0.17866602,6.29259521,6.47126123,0.46418911,6.8112804,7.27546951,-13.10203185,-29.71431161,-20.11531596
137280633,ampa_high,AMPA,0.0048,0.46746726,0.6234403,-0.08658393,-0.11367097,0.37056008,0.52348289,0.02138512,-0.00360067,0.03752429,0.04139319,0.15280701,0.51186261,0.3619573,0.3928099,1.22039386,1.11187878,1.24072992,1.51607903,0.94514393,1.10992251,0.08609171,0.09401337,1.138049,1.4458757,0.96315983,4.99236572,5.95552555,1.58290735,5.67057929,7.25348664,-13.45551564,-23.05892365,-20.05453743
138390224,ampa_high,AMPA,0.0048,0.28351693,0.72199037,-0.00575945,-0.08694384,0.21836017,0.18242327,0.28991348,0.22597974,-0.03193763,-0.18769513,0.14263706,0.39649691,0.02766296,-0.35916827,0.09376312,-0.09077642,0.42627258,0.78267827,-0.04712537,-0.1083122,0.14939084,0.24524659,0.29079301,0.67209678,0.89673056,0.94075713,1.83748769,1.25225132,1.14176475,2.39401607,-1.1809242,0.82182946,-6.61900783
140267022,ampa_high,AMPA,0.0048,0.38291344,0.34416209,0.03922829,0.06716774,-0.10866307,-0.1329617,0.01210796,0.02812555,0.42898052,0.56245106,-0.01062525,-0.11746482,0.84026475,0.82550131,0.47963678,-0.14761044,1.94410458,1.47232199,0.74829457,1.04814411,1.33810429,1.00452711,1.94653915,1.5594093,0.74394189,7.29694412,8.040886,0.75147992,5.76229337,6.51377329,1.65849402,-5.73793277,-18.009368
141253295,ampa_high,AMPA,0.0048,0.28108052,0.59168895,0.06924443,0.05163231,-0.00110419,0.00247891,0.05233135,-0.11587017,0.08277576,0.04182211,-0.1609935,-0.38213367,0.36480964,0.23762946,1.0659375,1.07416456,1.22812593,1.03157556,0.73541381,1.10599886,0.37580208,0.07659803,1.03075827,0.98873723,0.32333437,4.80084722,5.12418159,0.18961844,4.51470371,4.70432215,-0.37056906,-5.24902979,-13.00657317
141542924,ampa_high,AMPA,0.0048,0.04630292,0.33800118,-0.03576793,-0.09190896,-0.07165046,0.00208292,0.0556812,0.01486734,0.15449509,0.24576334,0.07295695,0.62907522,1.46516239,1.85432091,2.05773117,2.20497044,1.38251232,1.42775526,1.35551014,1.44938646,0.96558339,1.02849502,1.39281469,1.51973767,0.22201778,8.61931409,8.84133187,1.13788105,9.48466577,10.62254682,-23.27212414,-44.52761387,-29.36936034
141831212,ampa_high,AMPA,0.0048,0.09774139,0.14374769,0.01205371,0.1653221,-0.02512402,0.00873114,0.04423824,-0.10935298,0.27788926,0.37567325,0.0225984,-0.18939508,0.84571169,0.90544296,1.29506542,1.47752447,1.1983219,0.83994514,1.23990131,1.49279094,0.32298712,0.44335119,1.31921767,0.77712175,0.42939698,6.22120512,6.6506021,0.3947261,5.93617644,6.33090255,-7.69496155,-19.24462511,-17.50376451
142392893,ampa_high,AMPA,0.0048,0.36996757,0.62081068,0.08583234,0.00941547,0.02720759,0.11615924,0.20628091,0.28575727,0.17554383,0.02725209,-0.22730425,-0.24760348,1.19899547,1.34590584,0.55688526,0.67458986,1.16429062,1.08745936,0.89014344,1.09582199,0.50649882,0.94488091,1.31409785,1.19238906,0.63752799,5.63091146,6.26843945,0.81179126,6.34104701,7.15283827,-4.38867466,-14.89585173,-19.77626347
143669176,ampa_high,AMPA,0.0048,-0.00638607,0.1388676,-0.44653197,-0.39819195,0.13855601,0.12755653,-0.31042772,-0.33857855,0.41246573,0.27227649,0.0137565,0.27180161,-0.19914005,-0.59346301,-0.0937007,0.23319339,-0.58961804,-0.47148292,0.33337917,0.46061746,0.03104859,0.41495436,-0.57832598,-0.19440471,-0.19856751,-1.096357,-1.29492452,0.07373173,-0.15058544,-0.0768537,1.82411427,1.66380139,0.21248615
144855245,ampa_high,AMPA,0.0048,0.15453035,0.16567929,0.06247748,-0.21705336,-0.02885144,-0.11537988,-0.03675201,-0.08565902,-0.22359913,-0.03997827,0.01255341,0.14375748,1.10529667,0.91357197,1.3941888,1.28083735,0.90113004,0.73686079,1.21982106,1.48830655,0.4436707,0.48425981,0.86311619,0.55877266,-0.05964134,5.92722346,5.86758212,-0.14863375,5.46260912,5.31397537,-4.81083729,-19.10778072,-14.69215059
144964754,ampa_high,AMPA,0.0048,0.23472845,0.22161544,0.11974757,-0.00938803,0.19567812,0.01084237,0.02844328,-0.07567265,-0.09599808,-0.06819772,-0.08729793,0.22223527,1.21999236,1.16789752,1.62426382,1.23107007,1.52467159,1.71651374,1.03927502,1.11162286,0.52710721,0.39994389,1.39293434,1.62650139,0.39530142,7.32824433,7.72354575,0.30143467,7.25354947,7.55498414,-10.97308108,-26.0964763,-20.88812178
146042158,ampa_high,AMPA,0.0048,-0.14756105,0.04702646,0.10042409,0.06304851,-0.09633816,-0.07452541,-0.1317266,-0.10397433,0.32299021,0.18107992,0.08486732,0.15264745,-0.10346888,0.07524173,0.37803061,0.07855927,0.47363718,0.7452264,0.27533174,0.53403864,-0.32167871,0.02766793,0.41159884,0.65601812,0.13265582,1.11345077,1.24610659,0.26530259,2.11675211,2.38205469,-1.53214136,-4.59643625,-6.58593686
146061521,ampa_high,AMPA,0.0048,0.24568587,0.55264402,0.02725132,-0.09065727,0.21323408,0.12186722,0.08786512,0.3035087,0.08076921,0.1453947,0.05388963,-0.06721453,-0.08737751,0.58991013,0.20202209,0.40081497,0.03641646,0.25571949,0.3036386,0.3020731,-0.38539478,-0.07416391,0.17267405,0.50524834,0.70869523,0.24197891,0.95067415,0.96554283,1.97960213,2.94514496,-7.39365596,-8.37964494,-8.14277641
146750740,ampa_high,AMPA,0.0048,-0.16361623,-0.02135702,-0.11185227,-0.06477302,0.13879215,0.11879118,0.13059914,0.06231891,0.01726506,0.00187103,-0.04430422,0.37200452,0.24229051,0.23587409,0.2827184,0.41192221,-0.17938836,0.07344844,0.3591708,0.48726713,-0.08794582,0.02545087,-0.18812614,0.02518115,-0.03311636,0.42871939,0.39560302,0.4688556,1.25914391,1.72799951,-6.99583663,-11.60613395,-4.7775963
146906985,ampa_high,AMPA,0.0048,0.1037511,0.09355465,0.22555827,-0.04303115,0.1232198,0.15816437,-0.2902974,-0.11512521,-0.17907196,-0.22656798,-0.19622321,-0.10367151,1.34743841,1.59920296,1.4975056,1.51551345,1.24586402,1.5700011,1.24989431,1.50502349,0.62262088,0.53199957,1.05278851,1.25467289,-0.21306341,7.01611172,6.80304832,-0.23667683,7.97641345,7.73973663,-7.49576254,-27.79666173,-21.39892793
147701848,ampa_high,AMPA,0.0048,0.17504844,0.42185699,-0.09004834,0.00425855,-0.05121515,-0.02082822,-0.02902722,-0.03077848,0.19249133,0.08227659,0.06848118,-0.05937816,0.82200439,0.31515398,1.23305883,1.72060992,1.0417121,1.06517582,1.06640657,1.20868278,0.30483726,0.37746475,1.15566862,1.21121841,0.26573025,5.62368776,5.889418,0.39740727,5.89830566,6.29571294,-7.66662227,-15.87069137,-17.40647181
148868119,ampa_high,AMPA,0.0048,-0.12512872,0.05073104,-0.01632251,-0.02877164,0.14935992,0.30827307,0.1120198,0.02715747,0.07223678,0.13409014,0.01163225,0.4327417,0.73753165,0.78013024,1.35078302,0.99749761,1.22123889,1.25201594,0.87413625,1.09920997,0.65460674,0.63387364,1.56165856,1.62576908,0.20379752,6.3999551,6.60375262,0.92422179,6.38849649,7.31271827,-14.93118663,-26.98886909,-20.21830184
148952494,ampa_high,AMPA,0.0048,0.3187634,0.27072741,0.12250204,0.12304421,0.28492288,0.26373114,-0.10043511,-0.18755557,0.2203937,0.11541447,0.03194961,-0.21080847,0.36417125,0.32859718,-0.07513733,-0.29538852,0.24626015,0.60250851,0.43870597,0.67206575,0.4373848,-0.0028093,0.41303747,0.70502523,0.87809653,1.82442233,2.70251885,0.37455319,2.00999886,2.38455204,-0.31052461,-2.33637653,-6.59284157
149709982,ampa_high,AMPA,0.0048,0.3192441,0.51211787,-0.04354598,-0.04519871,0.1092102,0.24598436,-0.09060293,-0.15254858,0.34019064,0.41913043,0.06700057,0.28255271,0.43818079,0.78596246,1.20510689,1.18301917,1.28260456,1.5151331,1.37277629,1.3937566,0.39503775,1.28307766,1.37998814,1.51296695,0.70149661,6.07369444,6.77519105,1.26203808,7.67391595,8.93595403,-7.67959102,-21.27167968,-24.7062459
149839536,ampa_high,AMPA,0.0048,0.03766928,0.21092705,0.00601444,0.01562644,-0.19344237,-0.26669266,0.07001007,0.03384129,0.24090231,0.10562271,-0.17912441,0.13935402,-0.17333351,0.27188727,0.09350791,-0.02100162,0.31598272,0.67603326,-0.41414079,-0.35105013,-0.23209493,0.15260267,0.37034131,0.7624108,-0.01797069,-0.03973729,-0.05770797,0.23867884,1.49088225,1.72956109,-2.86693542,-3.11420905,-4.78191377
150038288,ampa_high,AMPA,0.0048,0.02885693,0.16696813,-0.03642233,-0.19257921,0.06594685,0.09221798,-0.10762999,-0.00718384,-0.09322623,0.05277252,0.05605814,0.14066125,0.87764575,0.99492796,1.57885453,1.61517678,1.08956382,1.0897863,1.21980601,1.13596706,0.59710481,0.64924499,1.39495159,1.36612479,-0.08641665,6.75792652,6.67150987,0.25285683,6.85122787,7.10408471,-11.77202228,-25.8727544,-19.64146895
150237087,ampa_high,AMPA,0.0048,0.2994407,0.33032879,-0.06100751,-0.1810878,0.09074282,0.08394106,-0.04309305,-0.17991236,0.0383561,0.1416149,-0.04182974,0.5091804,-0.08252414,0.23954043,0.16063906,0.43242853,0.64072386,0.95491985,0.48656487,0.36925768,-0.11143812,0.07864851,0.26032696,0.59730463,0.28260932,1.35429249,1.6369018,0.70406498,2.67209964,3.37616462,-4.83269192,-11.37747867,-9.33446535
150299361,ampa_high,AMPA,0.0048,0.18257491,0.56409662,-0.20064168,-0.34696125,-0.08032104,0.0145293,-0.10835602,-0.30360383,-0.17521051,-0.27317128,0.05846202,-0.09838475,-0.10745934,-0.0878301,0.36884428,0.51249137,0.06573908,-0.12431851,-0.11959848,-0.0710692,0.46194474,0.25122079,0.21477011,0.23380646,-0.32349233,0.8842404,0.56074806,-0.44349519,0.71430081,0.27080562,0.89829475,0.84903151,-0.74872703
151408587,ampa_high,AMPA,0.0048,-0.08701653,0.01825462,-0.01545275,-0.00040693,0.13206663,0.2509369,-0.15633332,-0.27507461,-0.27988858,-0.46878837,0.23147536,0.63093769,-0.2453718,0.00696059,0.44150943,0.33630249,0.11331848,0.20197502,-0.00687341,0.18435437,0.41572776,0.11569827,0.03810481,0.11010803,-0.17514919,0.75641527,0.58126607,0.1558593,0.95539877,1.11125806,-8.25040823,-13.47916149,-3.07242125
152769231,ampa_high,AMPA,0.0048,0.05574979,0.08674198,0.0603091,0.00702281,-0.17696857,-0.3752543,0.10496366,0.05156459,-0.22976657,-0.14788613,-0.15880677,0.21477152,-0.08323256,0.28866774,0.29774359,0.34030724,0.1017279,0.18893578,0.35335377,0.21527531,-0.10369181,-0.40671911,0.04365888,0.09619748,-0.34451937,0.60955977,0.26504039,-0.16303953,0.72266444,0.55962491,-5.05216592,-6.91451435,-1.54725848
152958814,ampa_high,AMPA,0.0048,-0.07373338,0.03025464,-0.15526168,-0.14643187,0.39337101,0.53848043,-0.08930763,-0.11161813,0.18526233,0.0500862,0.0097676,0.449135,0.35701419,0.39571116,0.09803101,0.42431437,0.29957178,0.47382423,-0.10236353,0.06731206,-0.18862252,0.184024,0.45120019,0.39874258,0.27009826,0.91483111,1.18492937,0.80990627,1.94392839,2.75383466,-9.41147598,-16.40621808,-7.61383911
153450897,ampa_high,AMPA,0.0048,0.15406929,0.38877742,0.14826426,0.28936107,0.08743129,0.26672154,0.08692117,0.09837978,-0.00527906,0.0347051,0.13860489,0.27635752,0.73509629,1.30240973,1.5477509,1.2980753,1.43493576,1.27544679,0.99916502,0.95587944,0.48630587,0.21102133,1.40307676,1.33663094,0.61001184,6.60633059,7.21634242,1.35430243,6.37946354,7.73376596,-20.1060777,-31.65840227,-21.38242016
154461990,ampa_high,AMPA,0.0048,-0.13391647,0.05044372,0.04635323,0.03692347,-0.1326892,-0.08461152,-0.02929789,0.09692964,0.22615165,0.23704948,-0.15272222,0.07886772,0.50444893,0.6695793,0.89707267,0.66167124,1.7295352,1.67955845,1.3064208,1.65060426,0.87850938,0.90171195,1.67794067,1.6612218,-0.1761209,6.99392765,6.81780674,0.4156025,7.224347,7.6399495,-1.7907168,-14.39160104,-21.12303514
154704064,ampa_high,AMPA,0.0048,0.00595409,0.35983486,0.07818383,0.13477042,-0.18789631,-0.18431012,0.28796091,0.18872125,0.03763423,0.16394848,0.13942855,0.67663307,0.07345181,0.37572899,0.42449054,0.638957,0.35526414,0.31383567,0.19117388,0.14463867,-0.17280175,0.07789137,0.17719726,0.19216411,0.3612653,1.04877587,1.41004117,1.33959796,1.74321581,3.08281376,-13.83814055,-16.17441698,-8.52340496
155190506,ampa_high,AMPA,0.0048,-0.00050989,-0.10906264,-0.05024021,-0.11712132,0.17671806,0.25406727,-0.2107606,-0.03815835,0.18994242,0.17725617,0.05111152,-0.43310068,0.07160103,0.39254179,0.19609117,0.17226891,0.35904905,0.4873823,-0.09362072,0.17339399,0.11674873,0.06113977,0.27271234,0.2486709,0.15626129,0.9225816,1.07884289,-0.26611955,1.53539766,1.26927811,5.1301298,0.1912732,-3.50931718
155379621,ampa_high,AMPA,0.0048,-0.04800283,0.17672058,-0.00661828,-0.02486156,-0.05824965,-0.09052057,0.03928993,-0.00260655,0.10572493,0.18872891,0.26649191,0.39603984,0.67308843,0.65220075,1.33094132,1.30542558,1.30442099,1.19851891,1.12582525,1.09994872,0.14415447,0.23342151,1.15481614,0.99449737,0.298636,5.73324659,6.0318826,0.64350064,5.48401284,6.12751348,-10.53177535,-21.88181019,-16.94143169
156021841,ampa_high,AMPA,0.0048,-0.18185162,-0.26204601,-0.20683621,-0.39150743,0.21639857,0.32699964,0.36251139,0.19045015,0.05301245,0.16038049,-0.14478219,0.0940748,1.527e-05,0.06070734,-3.87e-06,-0.05084905,-1.11e-06,0.02655825,-1.825e-05,0.20180482,-4.74e-06,0.20171887,-3.85e-06,0.25850029,0.09845239,-1.655e-05,0.09843584,0.11835164,0.69844051,0.81679215,0.11292936,-3.3673076,-2.25827792
157312444,ampa_high,AMPA,0.0048,0.13534492,0.29671057,-0.04423528,-0.08635965,-0.08325404,-0.05662384,-0.11527917,-0.12286034,0.10587447,-0.0856108,-0.13997717,0.17411584,1.672e-05,-0.16738775,-1.6e-06,0.1511672,-1.067e-05,-0.20932709,-2.064e-05,0.22380525,8.51e-06,-0.30964732,-3.874e-05,-0.24032602,-0.14152626,-4.642e-05,-0.14157268,0.11937176,-0.55171573,-0.43234398,-1.89970712,-0.72797606,1.19535044
157655614,ampa_high,AMPA,0.0048,0.32298411,0.36198829,0.01397982,0.01290697,-0.02839679,-0.138739,0.19114532,0.06931961,0.06191215,-0.00183319,0.16992798,0.31461637,-5.87e-06,0.13469002,-9.8e-07,0.01972329,-9.3e-06,-0.1549873,2.56e-05,0.0404354,1.194e-05,-0.52596873,-2.454e-05,-0.09069717,0.73155259,-3.14e-06,0.73154945,0.61825905,-0.5768045,0.04145455,-7.89906434,-5.53033936,-0.11461409
157691935,ampa_high,AMPA,0.0048,0.0565324,0.03408396,-0.02531134,0.04438963,0.09694489,0.04272736,0.08343905,0.00809567,0.17837626,0.35306726,0.16832127,0.45370916,0.39186357,0.51370509,0.17182707,0.12768595,-0.05144429,-0.32951097,-0.01500603,0.03844726,0.11986971,-0.21927946,-0.04557907,-0.34814106,0.55830252,0.57153097,1.12983349,0.93607303,-0.21709319,0.71897984,-11.70188781,-13.32063166,-1.98784513
159066706,ampa_high,AMPA,0.0048,0.20486545,0.47459559,-0.09424247,-0.02266517,-0.13491986,-0.10437008,0.25376681,0.22556872,0.05586278,0.17772234,0.11273277,0.46758746,-1.99e-06,0.15753213,-6.5e-07,0.49035118,5.97e-06,0.34092768,1.1e-07,0.40745518,2.66e-06,0.56310123,1.721e-05,0.28351556,0.39806548,2.332e-05,0.39808879,1.21843887,2.24288297,3.46132184,-6.14683545,-8.49650193,-9.56990917
160259456,ampa_high,AMPA,0.0048,0.23522891,0.28782568,0.22830584,0.22158946,-0.05356336,0.08023065,0.07887074,-0.00276127,-0.05667509,0.08617212,-0.18451892,-0.1251051,-4.678e-05,-0.0503642,-1.33e-06,-0.01128063,1.03e-06,0.04782353,-7e-07,0.20331301,-1.57e-05,0.23139481,9.21e-06,-0.04957201,0.24764813,-5.428e-05,0.24759385,0.54795155,0.37131449,0.91926604,0.99463397,2.5589778,-2.54159912
161239003,ampa_high,AMPA,0.0048,0.14174582,0.25879864,-0.1960632,-0.24454297,0.16770402,0.13972522,0.00866933,-0.11027503,0.09219453,0.05654769,0.0184594,0.25475728,0.47748971,0.53124198,0.56141249,0.46475875,0.01162237,0.0582134,-0.07251456,0.05842724,-0.45092111,-0.15224829,0.00413643,-0.09158301,0.2327099,0.53122532,0.76393522,0.35501084,0.86881007,1.22382091,-6.35100743,-11.16378849,-3.38363651
162353055,ampa_high,AMPA,0.0048,0.22489596,0.33476384,-0.05276146,-0.10777126,0.03671025,-0.01591201,0.28376764,0.33719699,-0.33488054,-0.46948482,-0.1337296,-0.16124675,0.17861492,0.65061243,0.15262908,0.22408574,0.00594446,-0.32911207,-0.14617211,-0.06177961,-0.34806946,-0.2823687,-0.16303069,-0.47253313,0.02400226,-0.3200838,-0.29608154,-0.08245401,-0.27109533,-0.35354934,-1.75333631,-3.22435381,0.97749798
162354840,ampa_high,AMPA,0.0048,0.02438907,-0.20369301,-0.04701255,-0.04542012,0.03936826,-0.1884472,-0.12927083,-0.19249479,0.0372864,0.14815234,0.19297673,0.03864716,-0.08761499,0.4697963,0.01659387,0.0990749,0.12887181,-0.11988573,0.01046606,0.26165563,-0.20690027,-0.20922043,0.02574596,-0.30905666,0.11773707,-0.11283756,0.00489951,-0.44325562,0.19236401,-0.2508916,-1.17963896,-5.31093293,0.69366848
163186746,ampa_high,AMPA,0.0048,0.17860708,0.07921393,0.10420233,0.08602978,0.00554177,-0.01302689,-0.2721941,-0.19648143,-0.11857204,-0.11298294,0.16880525,0.70586794,-0.1716559,-0.33531598,-0.43440606,0.31549947,0.57863929,1.12083481,-0.33632919,-0.1298367,-0.39409031,-0.14088517,0.19641338,0.42373958,0.06639029,-0.56142881,-0.49503852,0.54862041,1.25403601,1.80265641,-3.66195026,-7.33364212,-4.9840087
164064591,ampa_high,AMPA,0.0048,-0.06207851,-0.05076684,0.01868267,0.03845935,0.17362603,0.12195093,-0.0467503,-0.04448424,-0.06491382,-0.35126471,-0.08368391,0.2740267,-0.12331227,0.2025935,-0.38060493,-0.39426916,-0.05748612,0.086459,-0.20359073,0.04577215,0.13077911,-0.17872153,-0.36114233,-0.04857063,-0.06511786,-0.99535726,-1.06047511,-0.01207881,-0.28673668,-0.29881549,-2.55634447,-4.62833951,0.82616909
164824205,ampa_high,AMPA,0.0048,0.03015978,0.28015961,0.07870971,0.12588711,-0.02555879,0.14423648,-0.00584651,-0.05545166,-0.34318586,0.10208168,-0.14292282,0.15642534,2.75e-06,-0.03881382,-9.53e-06,0.45158553,-1.094e-05,-0.4488501,4.63e-06,0.34179715,-3.5e-06,-0.00443635,-3.464e-05,-0.39729423,-0.40864448,-5.122e-05,-0.40869571,0.75333857,-0.09601182,0.65732674,-6.63764652,-5.75927529,-1.81738582
164874291,ampa_high,AMPA,0.0048,-0.07314219,0.07958019,-0.16176305,-0.29275556,-0.15207609,0.02890693,-0.14517885,-0.26125144,0.28936024,0.34497291,-0.12423088,0.07964525,-0.26903481,-0.07646227,0.07854566,0.14173085,-0.13270583,0.18447288,0.17623352,0.19931177,-0.23377085,0.00903334,-0.26644571,-0.01316336,-0.36703082,-0.64717801,-1.01420883,-0.02090172,0.4449232,0.42402147,3.20111151,0.65512128,-1.17234027
165288521,ampa_high,AMPA,0.0048,-0.08645286,-0.0929825,-0.11219248,-0.03570653,-0.10708517,-0.05824158,0.20045156,0.30155628,-0.26194037,-0.19559853,-0.12187524,0.06994645,-1.407e-05,0.28210342,2.262e-05,-0.14703961,2.349e-05,0.18775971,-1.422e-05,-0.04697304,8e-08,0.11813461,8.202e-05,0.096437,-0.48909456,9.991e-05,-0.48899465,-0.01102641,0.49042209,0.47939568,0.25880894,-1.79997479,-1.32543962
165369327,ampa_high,AMPA,0.0048,0.07008057,-0.04196895,0.17367286,0.22435689,-0.07405363,-0.17156504,0.13059245,0.03556629,0.36912413,0.41772456,0.07945317,-0.411887,3.298e-05,-0.03613275,-1.323e-05,0.1756012,3.61e-06,-0.17687719,1.277e-05,0.00639063,6.402e-05,0.24514606,1.127e-05,-0.09222029,0.74886956,0.00011142,0.74898098,0.05222675,0.12190766,0.17413441,2.78296397,5.52376005,-0.48144916
165959237,ampa_high,AMPA,0.0048,-0.01708624,-0.0408481,0.24246321,0.17660933,0.19422247,0.43882233,-0.00263186,0.11237108,0.14800618,0.16747974,-0.26966438,-0.87450809,0.0493025,0.50090989,0.08913451,0.40415087,-0.06952092,0.1119477,0.38557782,0.52730663,0.17072077,0.21754549,-0.1264865,-0.05835143,0.29530938,0.49872818,0.79403756,-0.02007371,1.70350914,1.68343544,5.42098066,1.75818573,-4.65438494
166274725,ampa_high,AMPA,0.0048,-0.10758695,-0.01409221,0.11980668,0.3417222,-0.05439477,-0.30342011,0.10741259,0.25713622,0.29950756,0.11720702,0.02559325,0.35772398,0.04495655,0.19582754,-0.05540291,0.09654565,-0.11411156,-0.33803296,0.1911989,0.10206114,-0.35863126,-0.12757041,-0.26999786,-0.42194341,0.39033837,-0.56198814,-0.17164978,0.75627711,-0.49311245,0.26316465,-8.69386211,-7.0064745,-0.72760118
166338974,ampa_high,AMPA,0.0048,-0.0948337,0.10024346,-0.05463261,-0.08474798,-0.52012371,-0.39584511,0.242607,0.34817926,0.19062847,0.11347317,0.15168942,-0.09650315,-4.33e-06,0.14502117,-5.6e-06,-0.37671285,-7.68e-06,0.4011946,2.77e-06,0.02297362,-2.364e-05,-0.1668395,-2.962e-05,0.30522415,-0.08466513,-6.81e-05,-0.08473323,-0.01520035,0.3308612,0.31566085,4.44921246,5.85231067,-0.87274336
166386545,ampa_high,AMPA,0.0048,0.09551712,0.10613227,-0.11857477,-0.1014169,0.28549888,-0.02059204,-0.01498571,0.058964,-0.20525289,-0.27402155,0.63987661,0.71110028,4.621e-05,0.31086837,-1.339e-05,0.12676083,7.79e-06,-0.14423932,-1.748e-05,0.02196779,-0.00010275,-0.04984199,2.697e-05,-0.35387293,0.68207925,-5.265e-05,0.68202661,0.48016607,-0.08835724,0.39180883,-8.65961484,-12.34977651,-1.08327833
166471280,ampa_high,AMPA,0.0048,0.13673114,-0.01393563,0.17933617,0.20694528,0.06471222,0.02399,0.20827233,0.18664607,0.12953046,0.01323179,0.28535956,0.04628287,-0.50782959,0.00144983,-0.31104704,-0.3904942,0.08681334,0.24726084,-0.28808079,-0.12613914,0.36283466,0.44481822,-0.00299206,0.01513519,1.00394188,-0.66030149,0.34364039,0.46316039,0.19203074,0.65519113,2.79193895,3.16616268,-1.81148124
166741227,ampa_high,AMPA,0.0048,-0.1411479,-0.16081196,-0.23338893,-0.12940997,-0.17745961,-0.22416375,-0.21231386,-0.16468027,0.105963,-0.11271842,0.19493776,0.6463874,-1.232e-05,-0.26761037,-4.93e-06,-0.12122716,-6.13e-06,0.47558052,-2.67e-06,-0.00751325,-4.31e-06,0.09220823,-2.15e-05,0.16295795,-0.46340952,-5.186e-05,-0.46346138,-0.14539697,0.33439592,0.18899895,-0.05562412,-3.21320918,-0.52254683
166922849,ampa_high,AMPA,0.0048,0.08829891,-0.08157597,-0.0949845,-0.02436786,-0.02295339,-0.12932862,0.2178148,0.29066526,0.01707336,-0.09274505,0.01963431,0.23869844,9.46e-06,0.35458794,-5.58e-06,-0.27072366,5e-08,0.20769774,2.323e-05,0.25950951,2.06e-06,-0.15159099,2e-08,0.24585932,0.22488349,2.925e-05,0.22491274,0.2013462,0.64533988,0.84668608,-3.67309934,-5.55970131,-2.34092905
168370463,ampa_high,AMPA,0.0048,-0.13862927,0.02436995,0.24142818,0.29171342,-0.09780731,-0.08086424,0.00708365,0.09392762,-0.03484257,-0.07922701,-0.17456606,0.06344023,-5.024e-05,-0.40964005,-0.0001333,0.0682072,0.00013358,0.14550732,5.03e-06,0.23826393,7.112e-05,-0.11895878,0.00047781,0.14743942,-0.19733338,0.000504,-0.19682938,0.31335998,0.07081903,0.384179,-1.63876353,1.30336703,-1.06218328
168641000,ampa_high,AMPA,0.0048,-0.13149358,-0.15341837,0.20244395,0.19643093,-0.22258972,-0.3471069,-0.23213061,-0.30894476,-0.03306057,-0.24327535,0.26432265,-0.05367624,-1.284e-05,0.4711715,-6.91e-06,0.11741641,-6.5e-07,0.08628922,-6.51e-06,-0.06701558,9.42e-06,0.72448703,-2.13e-06,-0.00934341,-0.15250789,-1.961e-05,-0.15252751,-0.90999069,1.32300517,0.41301448,2.12590915,-2.63399652,-1.14190799
169786920,ampa_high,AMPA,0.0048,0.02706968,0.08683974,-0.03725818,0.02033414,-0.05687949,-0.13925646,0.05810854,0.07201643,-0.02594532,-0.02232543,0.09194539,0.29530262,-6.17e-06,0.18918126,5.696e-05,-0.01990985,1.05e-06,0.02960409,-5.92e-06,0.05902408,2.6e-07,0.39905104,3.34e-06,0.07621128,0.05704062,4.952e-05,0.05709014,0.31291104,0.73316191,1.04607295,-3.03034879,-4.46016991,-2.89219656
171526079,ampa_high,AMPA,0.0048,-0.17413474,-0.10141424,0.06652312,0.01514139,0.04063584,0.07901886,0.35540031,0.23015015,0.02104397,0.04720448,-0.02554964,0.22800725,2.829e-05,0.38807906,1.047e-05,-0.11498762,1.97e-06,-0.07444093,2.38e-06,0.09067831,-1.61e-05,0.07721456,7.09e-06,-0.08600145,0.28391885,3.41e-05,0.28395295,0.4981079,0.28054192,0.77864982,-4.85415742,-7.02851868,-2.1528215
171674018,ampa_high,AMPA,0.0048,0.20571563,0.09946072,-0.08993429,-0.02652056,0.20162524,0.2591431,-0.16575228,-0.07185573,0.16321673,0.08982232,0.36935764,-0.03711213,-0.28778213,-0.52142179,0.22180386,0.04351073,0.24299477,0.33013057,0.05811122,-0.11309474,-0.11893272,0.16235705,0.10285127,0.13423363,0.68422867,0.21904625,0.90327493,0.31293772,0.03571545,0.34865317,4.52100592,5.69771056,-0.96396097
171990823,ampa_high,AMPA,0.0048,0.10654642,0.07980985,0.18534687,0.09073311,-0.11280341,-0.10265557,-0.16127842,-0.23448464,-0.05960662,-0.1441387,0.12003427,0.60858495,1.124e-05,0.21343697,-1.014e-05,0.19344729,-1.29e-06,-0.52197329,-1.979e-05,0.09168211,1.515e-05,0.07203472,-4.25e-06,-0.40075601,0.07823912,-9.08e-06,0.07823004,0.297849,-0.35212821,-0.0542792,-10.84932702,-12.35396337,0.15007187
172283288,ampa_high,AMPA,0.0048,0.23145085,0.32957749,-0.20422368,-0.20950972,0.22510993,0.22770297,0.19252489,0.02252991,0.00707233,0.10264858,-0.11653634,0.2209561,-1.45e-06,-0.14093931,1.39e-06,0.0971256,-1.497e-05,0.17223501,-4e-08,0.22814484,-2.41e-06,0.63561871,-5.867e-05,0.0466167,0.33539798,-7.615e-05,0.33532183,0.69390533,1.03880156,1.73270689,2.23638537,0.15488369,-4.79061132
172442389,ampa_high,AMPA,0.0048,-0.26102242,-0.53479711,0.02692085,0.01670753,0.20024064,0.19088824,0.01145935,-0.12543609,0.05608447,0.11971227,0.13268819,0.02251712,3.46e-06,0.14912389,-1.42e-06,-0.18859728,3.93e-06,0.25594821,1.32e-06,0.13160849,4.56e-06,-0.01618039,1.425e-05,0.04272083,0.16637108,2.61e-05,0.16639718,-0.31040804,0.37462376,0.06421571,1.29956445,-3.25973915,-0.17754447
174433203,ampa_high,AMPA,0.0048,0.21133129,0.22594683,0.24310088,0.13783395,0.0927649,0.22900206,0.00698023,0.15058974,0.03914016,0.26105195,-0.1383575,0.41130403,-2.051e-05,0.1333009,1.123e-05,-0.14367316,1.442e-05,-0.11791221,1.047e-05,-0.08281363,3.67e-06,0.04431457,4.689e-05,-0.13588627,0.45495996,6.616e-05,0.45502612,1.41572857,-0.3026698,1.11305876,-8.58141692,-7.15159332,-3.07739984
174603925,ampa_high,AMPA,0.0048,-0.06814393,0.04878051,-0.25252129,-0.14909235,-0.26696986,-0.19067489,-0.00044588,-0.04337615,-0.00711028,-0.14251007,0.06908405,0.32512307,2.371e-05,0.15196941,-1.67e-06,-0.40631477,2.316e-05,0.04495164,3.42e-06,-0.00645786,9.84e-06,-0.0488328,8.319e-05,-0.06175064,-0.5261072,0.00014164,-0.52596555,-0.15174989,-0.32643502,-0.47818491,0.25681068,-1.07790746,1.32209207
175029071,ampa_high,AMPA,0.0048,0.1908899,0.09732985,0.0828057,-0.0563459,-0.04357499,0.18085558,0.03262708,-0.02347805,0.25584574,0.45826135,-0.06889599,0.00539552,-0.04188836,-0.09073415,0.28628972,0.17597365,0.34269903,0.36362503,0.09061037,0.17154413,-0.09678536,-0.24086379,0.41184118,0.29921227,0.44969743,0.99276657,1.442464,0.66201835,0.67875713,1.34077549,-1.79730953,-1.75542529,-3.7069941
175924853,ampa_high,AMPA,0.0048,0.04525184,0.17224949,-0.09626185,-0.22383316,0.15303919,0.19729911,0.06519008,0.01901838,0.10626639,0.15175395,0.01183172,0.2153427,-9.34e-06,0.12282206,-2.425e-05,-0.02960877,-3.046e-05,-0.02726708,2.622e-05,0.14836259,2.075e-05,0.2586745,-0.00011409,-0.24721376,0.28531737,-0.00013116,0.2851862,0.53183048,0.22576954,0.75760001,0.7349496,-1.93653922,-2.09462271
176214110,ampa_high,AMPA,0.0048,0.04434598,0.30115601,-0.13577757,-0.21328909,0.06126254,0.38496483,-0.12475756,-0.24239004,-0.07374803,0.05986113,0.06526278,0.42932093,-0.19134711,0.2095937,-0.03315409,0.15085822,0.02023509,0.11877374,0.17413531,0.0677277,0.1410039,0.1823701,0.17335824,0.26673923,-0.16341186,0.28423134,0.12081948,0.71962378,0.99606269,1.71568647,-7.58837547,-10.90308538,-4.74355304
176617846,ampa_high,AMPA,0.0048,0.13520432,0.37041736,0.13229674,0.01166402,0.02312618,0.12096422,0.18022611,-0.0348756,-0.19896436,-0.48342724,0.21317171,0.63199,0.27876289,0.19780291,0.38582386,0.48340121,-0.18188325,-0.3198016,0.0959291,0.24777179,0.2278126,0.27331565,-0.21971857,-0.46812501,0.48506071,0.58672663,1.07178734,0.61673277,0.41436495,1.03109771,-9.20284172,-12.81833156,-2.85079283
177344780,ampa_high,AMPA,0.0048,0.14257305,0.07936713,0.35137817,0.33578955,0.22329478,0.31670992,-0.0912298,-0.24103666,0.0388281,0.24120507,0.06782502,0.1169716,-0.13273082,0.07216249,0.16872399,0.21379263,-0.06372759,-0.10200585,0.10737022,0.18615149,0.35023532,0.08273213,-0.07687795,-0.06762524,0.73266932,0.35299317,1.08566249,0.84900661,0.38520765,1.23421426,-7.82520865,-7.88434686,-3.41237218
177528314,ampa_high,AMPA,0.0048,-0.20434339,-0.24682501,-0.20206439,-0.28222457,-0.01846381,-0.0042298,-0.07850122,-0.03362107,-0.38856775,-0.45269794,0.12853697,0.39200062,-3.87e-06,0.4112683,-8.94e-06,0.04694107,1.043e-05,-0.08838905,2.391e-05,-0.14195623,2.18e-06,-0.21678401,3.195e-05,-0.15149277,-0.76340359,5.566e-05,-0.76334793,-0.62759778,-0.14041269,-0.76801047,-4.26311874,-9.81189584,2.12340569
177688664,ampa_high,AMPA,0.0048,0.09675241,0.09979844,-0.24290197,-0.29510885,0.22736587,0.10554346,0.09897822,0.09905695,0.16064285,-0.09746014,-0.04270932,0.14992602,-0.13617091,-0.09530849,-0.13593125,-0.07085761,0.36973148,0.02786537,0.13804857,0.20299135,-0.59077387,-0.26658204,0.37679878,0.11908555,0.29812806,0.0217028,0.31983086,0.06175589,-0.08280587,-0.02104998,-0.34627835,-0.79988556,0.05819927
177896969,ampa_high,AMPA,0.0048,0.26613968,0.56737831,0.16608961,0.12946563,0.37372568,0.55652825,-0.10009004,-0.15905774,0.37443506,0.39002053,0.02869964,0.5632303,-0.41162165,0.05275066,-0.0213333,0.01004765,-0.10813354,-0.14954408,0.28436315,0.31362843,0.04518312,0.0110115,-0.18095444,-0.39888942,1.10899963,-0.39249666,0.71650296,2.04756529,-0.16099526,1.88657003,-10.23779457,-10.09233453,-5.21601419
178045655,ampa_high,AMPA,0.0048,0.26731535,0.3921967,0.10906332,0.11001547,0.13946338,0.19757299,0.42349171,0.41335825,-0.09254793,0.06953942,0.20374501,0.49680463,0.15995548,0.32040263,0.0635289,-0.28048128,-0.19850984,-0.12098437,0.24432117,0.30193023,0.00680944,-0.04219958,-0.07895833,0.00516947,1.05053083,0.19714683,1.24767766,1.67948746,0.18383711,1.86332456,-11.00237813,-9.70619332,-5.15174481
178126699,ampa_high,AMPA,0.0048,0.0270735,0.05393232,-0.01587037,0.05030661,0.15461962,0.07987256,0.1008117,0.03577355,-0.11727056,0.06089897,-0.25935392,0.0266778,0.01691402,-0.08080737,0.21273384,0.08044663,0.07034629,-0.03211307,-0.20630599,0.07422411,-0.03032221,-0.01127501,-0.14033701,-0.27427884,-0.10999004,-0.07697108,-0.18696112,0.3074618,-0.24380354,0.06365826,0.71549501,0.69726801,-0.1760032
178282579,ampa_high,AMPA,0.0048,0.1901583,0.32222361,0.0341174,-0.02014798,-0.07378923,-0.07226615,-0.11423911,-0.2009891,-0.20310766,-0.32559344,0.34065176,0.45535981,0.2391735,0.22718158,0.48177059,0.51635363,0.13938808,0.04060569,0.00561198,0.1801763,-0.40749045,0.19578593,0.0029236,0.02011629,0.17379145,0.4613773,0.63516875,0.15858677,1.18021943,1.3388062,-7.42888893,-11.09992941,-3.70154938
178684006,ampa_high,AMPA,0.0048,0.03987623,0.11486982,-0.08813533,0.02029702,0.00672928,0.06610781,-0.0956454,-0.02286415,-0.13186372,-0.15680761,0.10268838,0.48296434,0.07365492,0.18020636,-0.06807495,-0.17669631,-0.02329339,0.36120579,-0.08155166,-0.16377176,0.52931564,0.0331946,0.00906506,0.3282698,-0.16635057,0.43911563,0.27276506,0.50456724,0.56240849,1.06697572,-6.39363499,-8.10883847,-2.94998883
178998455,ampa_high,AMPA,0.0048,-0.09446253,-0.22488503,-0.0112835,0.0045056,0.05276041,0.02060424,0.0121383,0.11347337,-0.33385534,-0.19822119,0.03025193,0.00632522,0.18155987,0.37831688,0.08591191,0.19127778,-0.41708189,-0.11109004,0.14182123,0.2704141,0.14523325,-0.17846099,-0.24137629,-0.03144816,-0.34445072,-0.1039319,-0.44838263,-0.2781978,0.51900957,0.24081177,-4.04110234,-7.30696238,-0.66579961
181526703,ampa_high,AMPA,0.0048,-0.21864767,-0.00857321,-0.18951392,-0.25782241,-0.03207741,0.19824997,0.28476025,0.34426993,-0.04196403,-0.1617229,0.07436105,0.16126438,-0.12092585,-0.13324126,-0.20020929,-0.39714509,0.13018407,0.15262653,-0.03353762,0.16419704,0.5796829,-0.00027859,0.32211647,0.28691184,-0.12308174,0.67731068,0.55422894,0.27566576,0.07307047,0.34873623,1.28894229,1.13903687,-0.96419063
182136619,ampa_high,AMPA,0.0048,-0.05248159,-0.08599618,0.0758318,0.02507445,-0.07713221,-0.19830049,-0.2693934,-0.19194271,0.13581945,-0.00971077,0.06287227,-0.29105699,-0.29537088,-0.33945509,-0.14515296,-0.11598259,0.63415081,0.48351637,0.15022782,0.43881792,-0.36428343,-0.22275221,0.52018405,0.46847951,-0.12448369,0.4997554,0.37527172,-0.7519327,0.71262391,-0.0393088,7.12935032,7.55485867,0.10868149
183176019,ampa_high,AMPA,0.0048,-0.19234796,-0.34080189,0.01102077,0.0809078,0.1086297,0.21234439,0.44540889,0.4373461,-0.08249604,-0.0325145,-0.12261528,-0.07047864,-0.41155248,-0.2590127,0.49228207,1.152982,0.42308721,0.24911143,0.22700246,0.54306615,-0.0503784,0.1201222,0.03991115,-0.06358018,0.16760007,0.720352,0.88795208,0.28680325,1.7426889,2.02949215,-1.1776845,-5.46423252,-5.61116718
183475605,ampa_high,AMPA,0.0048,-0.1893519,-0.27878734,-0.02046137,-0.26400953,-0.1048588,-0.03957687,0.32582189,0.13004269,-0.34924639,-0.30173565,0.054043,0.4758331,2.731e-05,-0.06253469,3.43e-06,0.02020915,3.21e-06,0.23830877,6.57e-06,0.00338931,4.99e-06,0.1806306,1.129e-05,0.20287299,-0.28405356,5.681e-05,-0.28399675,-0.27823361,0.58287614,0.30464253,-1.11861796,-5.37145527,-0.84227977
183762098,ampa_high,AMPA,0.0048,0.24331398,0.29894435,0.17251551,0.33953629,0.09856627,0.1670414,-0.25409875,-0.31870536,0.10622317,0.16091881,-0.09034444,0.37742057,-0.12174919,-0.16685243,0.18729338,0.16851845,-0.37920867,-0.54633405,-0.2226668,-0.25359146,-0.05828385,-0.07369256,-0.30802448,-0.35756719,0.27617573,-0.90263961,-0.62646388,1.02515606,-1.22951925,-0.20436319,-11.71315759,-7.37262671,0.5650261
184059377,ampa_high,AMPA,0.0048,-0.0042108,-0.00811667,0.09456888,0.18905953,0.12516104,0.03637168,0.02994689,0.1674928,-0.09308243,-0.1175371,0.1501233,0.47885973,-0.05305486,-0.06601849,0.00295916,-0.02592651,0.23198026,0.45773036,0.27446537,0.39832184,0.28348575,-0.17470021,0.17333876,0.20041877,0.30250686,0.91317444,1.21568131,0.74612996,0.78982575,1.53595571,-5.73773297,-7.36267119,-4.246631
186213995,ampa_high,AMPA,0.0048,0.24568457,0.41774031,-0.06056126,-0.03734429,-0.02817086,0.07377451,0.42393541,0.33443447,-0.24209484,-0.18844313,0.07766457,0.23328834,-0.03990883,-0.01170327,0.27901083,0.25041601,0.12532105,0.05511232,0.01936789,0.31446116,-0.02045232,-0.00910733,0.00023169,-0.01253449,0.41645759,0.3635703,0.78002789,0.8334502,0.58664438,1.42009458,-3.78199588,-3.56302866,-3.9262966
186940717,ampa_high,AMPA,0.0048,0.14481404,0.17991406,0.12231372,0.28140801,-0.11346562,-0.05099967,0.21025162,0.21847978,-0.2356407,-0.25782715,0.06605833,0.52984313,-1.24e-05,0.00636916,-1.49e-06,-0.15550626,-9.67e-06,-0.05922717,-3.905e-05,-0.01841018,-6.38e-06,-0.04865826,-3.266e-05,0.0240151,0.19433139,-0.00010166,0.19422973,0.90081815,-0.25141761,0.64940055,-9.77974245,-7.60085228,-1.79547137
187495574,ampa_high,AMPA,0.0048,-0.52141306,-0.36196008,-0.12796545,-0.0937555,-0.02963376,-0.12084978,0.17174994,0.14057843,0.10959727,0.11642533,0.06204892,0.21768343,-3.4e-06,0.23545109,-6.98e-06,-0.0521637,-1.13e-06,-0.31786585,2.88e-06,0.4751123,8.5e-06,-0.24961677,-4.35e-06,-0.22896951,-0.33561615,-4.47e-06,-0.33562062,-0.10187817,-0.13805244,-0.23993061,-3.80922804,-6.28685869,0.66336339
188448101,ampa_high,AMPA,0.0048,0.03732547,-0.19981336,0.14565684,0.18856957,0.06441493,-0.06634753,0.02826869,0.05550526,0.05101027,0.17364155,-0.12530523,-0.60106912,-0.2551278,-0.15674834,0.16608556,-0.0939117,0.31003919,0.30182211,0.10332537,0.16449232,-0.32254781,-0.21192386,0.35991103,0.20061719,0.20137097,0.36168554,0.56305651,-0.44951364,0.20434772,-0.24516592,7.60966576,9.44376287,0.67783803
188764715,ampa_high,AMPA,0.0048,-0.00774401,-0.00678264,0.1631991,0.17614284,0.30610596,0.34631256,0.29626461,0.30996214,0.1304398,0.28533941,-0.06969239,0.25073125,8.88e-06,0.20714532,-7.36e-06,0.61426549,-1.5e-07,-0.14508384,-7.6e-06,0.25411735,-3.46e-06,0.01076341,-3.95e-06,-0.06680839,0.81857307,-1.364e-05,0.81855943,1.36170555,0.87439934,2.23610489,-12.10916362,-13.33242869,-6.18241288
190042837,ampa_high,AMPA,0.0048,0.25129188,0.35043299,-0.18134114,-0.17346791,0.02882469,0.25172837,0.12273978,-0.0980611,0.17492594,0.24194572,0.02072152,0.44168613,-0.03109472,0.09372285,0.0435183,0.07189991,0.19298528,0.32906389,0.13492963,0.15791851,-0.03304041,0.13944955,0.36202469,0.66954874,0.41716266,0.66932277,1.08648543,1.01426419,1.46160344,2.47586764,-8.71488152,-9.87546621,-6.84531215
191170875,ampa_high,AMPA,0.0048,0.10294226,-0.22946471,0.05906684,-0.15241993,-0.10624234,-0.52039639,-0.00714546,0.05444452,0.28175616,0.08361632,0.27759169,0.07443596,0.14964632,0.07304348,0.07327406,-0.29159015,0.24596787,0.1684994,0.25940358,0.39827275,0.20353814,0.08119076,-0.01905029,-0.03678217,0.60796914,0.91277967,1.52074882,-0.68978424,0.39263407,-0.29715018,6.72215849,4.25283453,0.8215648
191996808,ampa_high,AMPA,0.0048,0.12096353,0.04487965,0.04653351,0.06330421,0.12347419,0.21384023,0.02871333,0.01736201,0.1001513,-0.01797418,0.10822313,0.14011769,-0.16430962,-0.24238232,0.19833355,0.20687513,-0.29276997,-0.27178997,-0.03425101,0.100927,-0.33713059,-0.20442274,-0.35089303,-0.16748855,0.528059,-0.98102067,-0.45296167,0.46152962,-0.57828145,-0.11675183,-4.93364659,-3.25650927,0.32279704
193109536,ampa_high,AMPA,0.0048,-0.10523071,-0.0182103,0.28088108,-0.00359534,-0.12349495,0.10883802,-0.0499487,-0.12952616,-0.20486826,-0.21101776,0.28694018,0.67222768,-1.69e-05,-0.1509546,1.463e-05,-0.11647136,7.18e-06,0.12319249,9.01e-06,0.30930309,4.11e-06,0.42258615,1.926e-05,0.15994797,0.08427864,3.728e-05,0.08431592,0.41871614,0.74760375,1.16631988,-5.17717898,-8.20380257,-3.2246569
195112416,ampa_high,AMPA,0.0048,-0.00841906,-0.07739882,0.05190118,0.04357671,-0.01611636,-0.11024798,0.0657985,0.10585791,0.12901978,0.20502293,0.06793439,0.37072506,-0.16417428,0.10768386,0.24603307,0.12963846,-0.28836492,-0.08892011,-0.06891593,-0.04628642,0.30713062,-0.17918777,-0.09698483,0.12443522,0.29011843,-0.06527626,0.22484217,0.53753581,0.04736324,0.58489905,-9.1385036,-8.5647131,-1.61713675
195135326,ampa_high,AMPA,0.0048,0.13300231,0.47165049,-0.09981936,-0.17353397,0.02356514,0.1240937,-0.09603999,0.02979288,0.17352941,0.14658725,-0.03015194,0.32172782,0.08807117,-0.22962031,0.21169719,0.35063033,0.10185398,0.19735027,-0.02866658,0.16066239,0.07713815,0.03601539,0.02985423,0.09844257,0.10408557,0.47994816,0.58403373,0.92031817,0.61348064,1.53379881,-2.97507687,-2.74474731,-4.24066758
195145348,ampa_high,AMPA,0.0048,0.01149141,0.11185256,-0.34158826,-0.15752078,-0.00513101,-0.14272267,0.03287888,0.18045959,-0.06569831,-0.02858912,-0.14733075,0.1889184,0.10057028,0.30205233,0.28386874,0.21058316,0.33301014,0.49848852,0.05300626,-0.09696081,-0.20224052,0.01131529,0.11259932,0.35206565,-0.51537805,0.68081421,0.16543616,0.15239798,1.27754415,1.42994212,-1.86491291,-4.84551663,-3.95352321
195166026,ampa_high,AMPA,0.0048,0.10561763,0.42272686,-0.11340309,-0.10986101,0.26721699,0.11453865,0.12225972,0.41637239,-0.03890477,-0.09299743,-0.25785503,0.34600232,0.35639115,0.32219574,0.17024608,0.13511694,-0.17084163,-0.13371567,-0.22459756,-0.2157233,0.03647985,0.10118382,-0.15394254,-0.16130324,0.08493145,0.01373534,0.0986668,1.0967818,0.04775428,1.14453608,-6.86439998,-6.73276255,-3.16442874
195629783,ampa_high,AMPA,0.0048,-0.13072125,-0.08290777,-0.10746805,-0.06658574,0.16544352,0.0831816,0.01973293,-0.0124023,0.0317547,0.16546213,-0.0367993,0.18480973,0.44645436,0.54819354,0.11949874,0.17160037,0.03682564,0.10254664,-0.0959773,0.00019656,-0.00092141,0.14077948,-0.16894453,-0.30810892,-0.05805744,0.3369355,0.27887805,0.27155766,0.65520767,0.92676533,-2.06374252,-7.65241191,-2.56233326
195966822,ampa_high,AMPA,0.0048,0.16028888,0.38154504,0.25700725,0.02431253,-0.17883077,-0.08094033,0.04706071,0.08770845,0.19427533,0.10281529,0.02040783,0.49646833,0.06416525,0.12391634,0.43768355,0.48172979,-0.13952932,-0.17178084,0.18637048,0.29894149,-0.00440838,-0.04180795,-0.07060598,-0.02567887,0.50020924,0.4736756,0.97388484,1.01190931,0.66531996,1.67722927,-11.27409352,-11.17746329,-4.63722605
197382673,ampa_high,AMPA,0.0048,0.27608772,0.62943049,0.06112323,-0.02042902,-0.0573485,0.16289442,0.03437037,-0.17477626,-0.03574271,-0.02122395,0.33178834,0.76096334,0.26401596,0.62683202,-0.24374682,-0.07040106,-0.16954556,0.00357141,-0.26298815,0.01136572,0.33259186,-0.31268143,-0.14670783,-0.00196121,0.61027845,-0.22638054,0.38389791,1.33685902,0.25672545,1.59358447,-15.49560154,-17.21626682,-4.40596377
198118454,ampa_high,AMPA,0.0048,0.13798854,0.16787371,0.11239671,0.06710908,0.15670851,0.08563695,-0.06130889,-0.08062989,-0.00286068,0.07921922,0.08506278,0.02321398,-0.12064893,-0.01025728,-0.12924268,-0.08996152,0.17932383,0.38763414,-0.10165201,-0.0425604,-0.04965344,0.00777233,0.17716867,0.36097747,0.42798696,-0.04470456,0.38328241,0.34242305,0.61360474,0.95602779,-0.76281293,-0.40882133,-2.6432385
198600924,ampa_high,AMPA,0.0048,0.02840865,-0.06339226,-0.02721513,0.01794054,0.0775781,0.02142427,0.0587826,0.01561087,0.26288435,0.41614245,-0.15651777,-0.14246983,0.36464142,0.40403698,-0.02265618,0.14182118,-0.0171507,-0.01583626,0.12716863,0.3392995,0.25034417,0.25204784,-0.15945986,-0.1761456,0.24392081,0.54288749,0.7868083,0.26525604,0.94522364,1.21047968,0.78992166,-2.36297357,-3.3467505
199436480,ampa_high,AMPA,0.0048,-0.02455364,0.05949737,-0.29733614,-0.28759471,0.24567893,0.24184213,0.37153051,0.3228074,0.14295582,-0.06155719,0.27379048,0.63385982,-0.01113945,0.0060473,-0.06023747,0.32376365,0.15567514,0.13328567,-0.19477397,0.09290986,0.445147,-0.07676004,0.2961133,0.36766854,0.71206595,0.63078455,1.3428505,0.90885481,0.84691498,1.75576979,-10.59763818,-12.84558296,-4.85437592
112288,gaba_low,GABA-A,0.0035,0.34486916,0.47623027,0.21358247,0.24935686,0.01847071,0.21821375,0.21589896,0.43659386,0.24482442,0.28392661,0.1337252,-0.15174327,-0.20646824,-0.10191012,0.38547089,0.39672432,-0.22417638,0.01601045,0.74589299,1.01229628,0.11616,-0.10905454,-0.04894278,0.22212372,1.17137092,0.76793649,1.93930741,1.51257808,1.43619012,2.9487682,-5.60312002,-2.52973601,-8.15279398
458976,gaba_low,GABA-A,0.0035,0.3667737,0.29156339,-0.18049347,-0.16849957,0.39949057,0.299726,0.02307512,-0.01850424,0.14061507,0.11343663,0.0688874,0.13536219,0.09224411,0.28146784,0.39979101,0.08271582,0.51378794,0.91212777,0.38442699,0.49254975,-0.11777262,-0.21647848,0.80541479,1.06356613,0.81834839,2.07789222,2.8962406,0.6530844,2.61594883,3.26903323,-5.30537985,-8.96517627,-9.03826704
829055,gaba_low,GABA-A,0.0035,0.17386966,0.25335378,0.23053343,0.15849909,0.06684127,0.14450912,0.30699151,0.10432861,-0.12257508,0.05428324,0.32621936,0.15206138,-0.33479528,-0.01092186,0.22547787,0.4143672,0.55884323,0.57048467,0.33006246,0.32495047,-0.03759016,0.28342994,0.48057066,0.50304308,0.98188015,1.22256878,2.20444894,0.86703523,2.08535351,2.95238875,-4.2761169,-5.92196624,-8.16280412
1647364,gaba_low,GABA-A,0.0035,0.64785772,0.76805625,0.22889559,0.11675918,0.45774412,0.58332459,0.66587925,0.60111738,0.4425227,0.42334815,0.5490997,1.25978525,0.36903448,0.70552657,-0.00841213,-0.06268226,0.46883124,0.08528443,0.04310334,0.00806015,0.11887061,-0.04953109,0.50291519,0.2718444,2.99199907,1.49434273,4.4863418,3.7523908,0.9585022,4.710893,-28.16975012,-27.75747138,-13.02474033
2190836,gaba_low,GABA-A,0.0035,0.08002514,-0.11918645,-0.11350298,-0.07754661,-0.0600254,-0.17383501,0.0968413,-0.01393876,0.08646469,-0.16760164,0.72342893,0.40211638,-0.42690737,-0.67521034,1.02262508,0.66376151,0.01571557,0.51570013,-0.09714041,-0.03054764,-0.24370414,-0.33835973,-0.01653294,0.40730868,0.81323167,0.2540558,1.06728747,-0.14999209,0.54265261,0.39266052,-3.01691627,-3.21832068,-1.0856331
2270310,gaba_low,GABA-A,0.0035,0.5885433,0.1461902,-0.31540427,-0.31473701,0.30868968,-0.0974066,0.09673874,0.13084513,0.15981136,-0.0684931,0.48626352,0.33782361,0.56152505,0.13071453,0.82689862,0.88895113,0.63499193,0.58957139,0.7589688,0.73325449,0.51866884,-0.0307814,0.49977466,0.48532741,1.32464232,3.8008279,5.12547022,0.13422223,2.79703755,2.93125978,-4.17855127,-10.80873141,-8.10438646
2695459,gaba_low,GABA-A,0.0035,0.03589005,-0.30667285,0.30162278,0.26739673,0.01032394,-0.4349148,-0.00705915,0.19414895,0.08143608,-0.02478993,0.34567306,0.20475904,-0.02102714,0.25491954,0.63341058,0.18151651,0.46446947,0.4246332,0.49532928,0.48295664,-0.11944138,-0.13398907,0.43347343,0.43259232,0.76788676,1.88621425,2.65410102,-0.10007286,1.64262914,1.54255628,-5.47864703,-8.00677932,-4.26488036
2904393,gaba_low,GABA-A,0.0035,0.79254825,1.01284058,0.20360722,0.13345616,0.65201891,0.71035849,0.21170521,0.25322793,0.47923749,0.73926702,0.45241594,0.55763816,0.111106,0.2263115,0.84458984,1.11466027,0.58805569,0.53593946,0.26284049,0.0108865,-0.10835622,0.13930204,0.70909401,0.70413653,2.79153303,2.40732981,5.19886283,3.40678834,2.73123632,6.13802466,-22.07193735,-21.07519152,-16.97049314
3287674,gaba_low,GABA-A,0.0035,0.3254635,0.29970982,0.32613476,0.41758416,0.19744164,0.16287161,0.14298447,0.19034291,-0.15585219,-0.27090578,1.07406464,1.49650323,-0.2688427,-0.09554875,0.45599455,0.57371532,-0.07761084,0.03194404,0.33792196,0.25201142,-0.01482533,-0.03436396,-0.15001682,-0.2151745,1.91023683,0.28262083,2.19285766,2.29610594,0.51258356,2.80868951,-24.5292466,-26.08775545,-7.76550253
4254555,gaba_low,GABA-A,0.0035,0.46676896,0.25994681,0.14058026,0.02026308,0.33401877,0.27597393,0.53382979,0.6598263,0.54691127,0.70048356,0.34690104,0.01300584,-0.28008247,0.14255705,0.24753092,-0.30123985,-0.17215403,-0.47944972,0.26133377,0.34810892,0.02248049,0.08886871,-0.05217877,-0.27417946,2.36901009,0.0269299,2.39594,1.92949953,-0.47533435,1.45416517,-4.51972822,-0.13669224,-4.02049542
4631192,gaba_low,GABA-A,0.0035,0.65625265,0.70697304,0.03060427,0.04493739,0.48368682,0.6039678,0.30536594,0.23935912,0.34947483,0.43426656,0.59712778,0.91892743,-0.00934091,-0.11668407,0.14059854,0.35245367,-0.0218287,0.08224175,0.2751638,0.69763014,0.30628612,0.17423953,0.04126063,0.07110389,2.42251229,0.73213948,3.15465177,2.94843134,1.26098493,4.20941626,-16.4176651,-16.46686235,-11.6382507
4794212,gaba_low,GABA-A,0.0035,0.63845202,0.31619534,0.25448552,0.20221786,0.50600026,0.55340062,0.22819791,0.1997672,0.14032844,-0.01605481,0.91286797,0.68668642,-0.14809377,0.11416722,0.26277233,-0.01803336,0.43987054,0.44109276,0.34121626,0.61197942,-0.15171484,-0.20723645,0.25932376,0.33622654,2.68033213,1.00337427,3.6837064,1.94221262,1.27819613,3.22040876,-13.84034871,-15.7924879,-8.90382945
4885471,gaba_low,GABA-A,0.0035,1.0682854,1.04480439,0.04846183,-0.06075855,0.79368749,0.75628803,0.70253089,0.67193849,-0.00639215,-0.05550946,0.09718145,-0.15135553,-0.26166621,-0.12967397,0.71306282,0.83247234,0.86182656,0.59015737,0.7128818,0.43893633,0.76542961,0.69400052,0.72784649,0.4206141,2.70375491,3.51938107,6.22313598,2.20540737,2.84650669,5.05191406,-0.86531645,-0.92100255,-13.96759995
5182386,gaba_low,GABA-A,0.0035,1.15092752,1.02706417,0.31643943,0.30675142,1.01198926,0.93809888,0.25745169,0.07620009,0.45989399,0.42440696,0.66717593,0.79263697,0.25433293,0.57878127,0.43908397,0.21956537,0.47050055,0.33207588,0.60513386,0.63604698,0.11000929,0.03561868,0.39065526,0.38746243,3.86387781,2.26971586,6.13359367,3.56515849,2.18955062,5.75470911,-23.63144262,-24.81804215,-15.91069715
5432841,gaba_low,GABA-A,0.0035,0.3376928,0.18362153,0.27119438,0.10667066,0.21394981,0.06646728,0.13453326,0.28487342,0.26818599,-0.20922648,0.27211866,0.36247172,0.20493004,0.1493316,0.13781096,0.3250554,0.46675795,0.58722136,0.01467662,0.06178228,0.24996729,0.29269572,0.26764841,0.34434278,1.4976749,1.34179126,2.83946617,0.79487813,1.76042914,2.55530728,-5.02610939,-8.05854458,-7.06494793
5901115,gaba_low,GABA-A,0.0035,0.02072156,-0.06100761,0.12615003,0.0776607,0.12405187,0.12359602,0.44529715,0.25854005,0.04363295,0.08771038,0.8031672,1.22613993,-0.21645756,-0.33581864,0.69197885,0.88829676,0.21478488,-0.03698767,-0.05015232,0.00533297,0.14781062,-0.21571133,-0.08864917,-0.29071061,1.56302077,0.6993153,2.26233607,1.71263949,0.01440149,1.72704097,-18.95022126,-20.69027365,-4.77494611
5978534,gaba_low,GABA-A,0.0035,0.19628679,0.17190572,0.03280101,0.07542013,-0.08192584,-0.12972676,0.41730637,0.66151654,-0.04780317,0.25779755,0.25375165,0.2460397,-0.25098186,0.23590728,-0.1284662,0.18160917,-0.05208109,0.11065729,0.22009084,0.26156675,0.5846408,0.0268369,0.10666441,0.20185648,0.7704168,0.4798669,1.2502837,1.28295288,1.01843386,2.30138674,-7.3964383,-6.30690459,-6.36290502
6000160,gaba_low,GABA-A,0.0035,0.0978788,0.35051523,0.26436407,0.2303955,0.15910567,0.03578211,0.11636052,0.21973104,-0.06936261,-0.22888129,0.18795617,0.02803397,0.25625807,0.75436142,0.24598002,0.62021039,-0.59264968,-0.2247701,0.82415641,1.22859581,-0.2721587,-0.46915954,-0.22207964,-0.26735112,0.75630261,0.23950649,0.99580911,0.63557656,1.64188685,2.27746342,-10.85681273,-14.80996818,-6.29676149
6314205,gaba_low,GABA-A,0.0035,0.66851524,0.82839411,0.08937698,-0.0308746,0.33932182,0.51380421,0.19141603,0.30878101,0.14252413,0.1527672,-0.07665195,0.2254222,-0.05007822,-0.00323247,0.5293861,0.47526848,0.21105984,0.19216798,0.62972353,0.94884128,-0.11500704,-0.18818547,0.22724307,0.24057221,1.35450226,1.43232728,2.78682954,1.99829412,1.66543201,3.66372613,-8.99905333,-8.57887134,-10.12951928
6502630,gaba_low,GABA-A,0.0035,0.52185285,0.61892499,0.18501388,0.2386164,0.47205257,0.74261769,0.3035517,0.18145426,0.21864325,0.1552593,0.97574448,1.35143701,-0.30241047,0.02088001,0.55315423,0.56659631,0.48740511,0.39139515,0.12662063,0.0648531,-0.20424666,-0.21130672,0.62812133,0.59790609,2.67685874,1.28864416,3.9655029,3.28830964,1.43032395,4.71863359,-30.04932645,-30.0654863,-13.04614162
7127936,gaba_low,GABA-A,0.0035,0.36572934,0.07153485,-0.17711055,-0.28433933,0.24451877,0.19137408,0.53082494,0.20004337,0.03800002,-0.08678029,0.59905511,0.3580984,-0.00515009,-0.19789625,0.01861025,0.08218491,0.009453,0.04609197,0.17395123,0.17510526,-0.37215721,-0.09679942,0.10400587,0.19397342,1.60101763,-0.07128695,1.52973067,0.44993108,0.20265989,0.65259097,-3.57364251,-4.29154306,-1.80429228
7478069,gaba_low,GABA-A,0.0035,0.27773937,0.43849967,0.39067462,0.4132459,0.15058429,0.07656785,-0.02369203,-0.17390886,0.10733251,0.41955599,0.21546855,0.58172435,0.10364706,-0.25217258,0.21728071,0.26857439,0.07695964,-0.04018964,0.06533881,0.10404736,-0.18075353,-0.00619626,-0.03173581,-0.14545007,1.11810731,0.25073689,1.3688442,1.75568489,-0.0713868,1.68429809,-12.07358987,-8.58506584,-4.65677001
7764421,gaba_low,GABA-A,0.0035,-0.12815021,-0.27087189,0.19793504,0.21228622,-0.25604559,-0.00776004,-0.08188888,0.00870341,-0.04965055,-0.27313922,0.30793805,0.73529363,-0.44246351,-0.16942805,0.0915555,0.21812659,0.22852979,0.4301297,0.4357623,0.57291823,0.10053739,-0.18327938,0.15764845,0.2660872,-0.00986215,0.57156992,0.56170778,0.40451211,1.1345543,1.53906641,-9.55175991,-13.455953,-4.2552315
8043474,gaba_low,GABA-A,0.0035,0.18119659,-0.05298797,0.41588516,0.26719859,0.09726658,-0.12437581,0.19233402,0.15388958,0.1677691,-0.06347044,0.2131619,-0.31141708,-0.10925724,0.30314679,0.00412845,-0.29743746,-0.13129705,0.0675335,0.36984001,0.66199346,0.0776324,0.12419611,-0.25315402,-0.0227329,1.26761336,-0.04210745,1.22550591,-0.13116313,0.83669949,0.70553636,3.76975953,2.73104457,-1.95067643
10058298,gaba_low,GABA-A,0.0035,0.74880028,0.83189871,0.12654733,0.13138345,0.62634742,0.58333725,0.17687819,0.25592927,-0.31186402,-0.30692001,0.82362577,1.0234073,-0.56577039,-0.36046086,-0.0428209,0.37207159,0.2129151,0.34631945,-0.00941781,0.03970585,0.14737857,-0.04386901,0.08029746,0.38017739,2.19033496,-0.17741797,2.01291699,2.51903595,0.73394441,3.25298036,-18.14889621,-16.01161373,-8.99388385
10121092,gaba_low,GABA-A,0.0035,0.61374382,0.54394639,0.12943522,0.2285139,0.49705374,0.40003884,0.10086429,-0.07301939,0.04466842,0.15489404,-7.004e-05,0.46965213,0.15583266,0.16187322,0.23079129,0.2895606,-0.19872691,-0.35302857,-0.63020753,-0.75559479,0.0511462,-0.29276562,-0.19535922,-0.21273,1.38569545,-0.58652349,0.79917195,1.72402592,-1.16268515,0.56134077,-17.01778619,-12.73431941,-1.55200251
11922061,gaba_low,GABA-A,0.0035,0.54920495,0.13682739,-0.11718896,-0.22122907,0.55519523,0.36790069,0.06155284,0.04286664,-0.10058759,-0.3015397,0.63328843,0.40007085,-0.58498063,-0.19732703,0.93396269,0.66360525,0.53534651,0.57327248,0.88657305,0.86142285,0.3443696,-0.16393821,0.4012286,0.41325331,1.5814649,2.51649982,4.09796471,0.42489679,2.15028865,2.57518544,-4.56196425,-10.50098125,-7.11990734
12029891,gaba_low,GABA-A,0.0035,0.70340836,0.77185193,0.2043609,0.31924653,0.49426333,0.38964006,0.31632961,0.42994717,0.28709146,0.13907674,0.96449676,1.11564256,0.4429884,0.08021294,0.97661525,0.59793054,0.96261039,0.87624706,0.59389364,0.36849816,-0.05652794,0.13097753,0.90332127,0.90563314,2.96995042,3.82290101,6.79285144,3.16540499,2.95949937,6.12490437,-23.50391791,-23.98692749,-16.93421797
13471924,gaba_low,GABA-A,0.0035,0.34362311,0.2818279,0.15887255,0.07788599,0.14672433,0.06669145,0.0437134,0.06287566,0.24689518,0.11011542,0.2084169,0.74869374,-0.23610999,-0.22688426,0.47870793,0.36302577,0.03799882,0.05876896,-0.34057126,-0.33294143,0.08006481,-0.16014845,-0.06105111,0.05950255,1.14824547,-0.04096081,1.10728465,1.34809017,-0.23867686,1.10941331,-13.03016857,-10.98364246,-3.06732084
14759699,gaba_low,GABA-A,0.0035,0.48844723,0.38579963,0.23908922,0.19681881,0.45915597,0.33594699,-0.04716791,-0.10069654,-0.09468592,-0.3192017,0.82443005,0.40923558,0.3454807,0.44657487,0.74487542,0.63483295,0.11562398,-0.11106743,0.16096295,0.46408929,-0.02478585,0.11104999,0.06498816,-0.12628498,1.86926864,1.40714535,3.27641398,0.90790277,1.41919469,2.32709746,-13.1193297,-17.34363531,-6.43399036
14783858,gaba_low,GABA-A,0.0035,0.38694282,0.44518797,-0.03071062,-0.04813985,0.27122781,0.37928625,0.04787232,-0.03857961,0.15139491,0.10942292,0.42875689,0.21694408,0.21075079,-0.35204426,-0.3877004,-0.4604145,0.2787576,0.29943516,0.30446106,0.3223072,-0.12119583,-0.08416421,0.38746026,0.52186855,1.25548414,0.67253348,1.92801762,1.06412176,0.24698794,1.3111097,-2.28906728,0.73921424,-3.62497373
14850118,gaba_low,GABA-A,0.0035,0.85853634,0.79931107,0.30289013,0.26900951,0.94676768,0.7759334,0.14527112,0.11062601,0.0778374,0.09708235,0.77664587,0.27261811,-0.26389328,0.05778742,0.55494187,0.86644653,0.41336867,0.68158093,-0.36731431,-0.1478228,-0.52657303,-0.23112559,0.43316317,0.7259264,3.10794852,0.24369309,3.35164161,2.32458045,1.95279289,4.27737334,-17.04159362,-15.82424562,-11.82613934
14893890,gaba_low,GABA-A,0.0035,0.48490489,0.52584667,-0.02851482,-0.02332868,0.09889758,0.02890824,0.14031528,0.18290543,-0.19276487,0.07826888,0.84758221,1.18362359,0.11561984,0.33475659,0.70663235,0.50345329,0.16076453,0.45154259,0.39102397,0.31096782,-0.0336879,0.13287597,0.2149824,0.54005829,1.35042028,1.55533519,2.90575547,1.97622414,2.27365454,4.24987869,-20.23377851,-23.7307099,-11.75012175
15059321,gaba_low,GABA-A,0.0035,0.39921538,-0.00273003,0.09965371,0.07453025,0.40963815,0.1461524,0.8648951,0.90306858,0.1778694,-0.0599381,0.53623228,0.52778016,-0.15702202,-0.26631301,-0.0513988,-0.28179952,0.26728893,0.14940319,0.16400804,0.37306167,-0.09881025,-0.09509637,0.02991167,-0.10038606,2.48750401,0.15397757,2.64148159,1.58886325,-0.22113009,1.36773316,-4.20958556,-2.51803253,-3.78152705
16190159,gaba_low,GABA-A,0.0035,0.05636499,-0.04350752,-0.19504784,-0.19712916,0.0601643,-0.0680309,-0.00640056,0.05869754,0.20819536,0.36672626,0.16044702,0.40650599,-0.2671116,-0.1616876,0.05530029,0.13545375,0.0179414,0.12682779,-0.40083873,-0.43924531,-0.1047882,-0.16397202,0.0265474,-0.02380033,0.28372327,-0.67294945,-0.38922617,0.52326222,-0.52642371,-0.0031615,-3.32408107,-2.88774319,0.00874095
16275727,gaba_low,GABA-A,0.0035,0.49381683,0.45173842,0.19613645,0.22325619,0.70039713,0.69744122,0.24282124,0.25625532,0.23670374,0.55023117,0.76996214,0.80833542,-0.06023407,-0.11881764,-0.05034007,0.08422751,0.03044612,0.21059749,0.28614835,0.382413,-0.07533895,0.10690868,0.36345674,0.5605621,2.63983753,0.49413813,3.13397566,2.98725774,1.22589114,4.21314888,-19.5616696,-17.36892501,-11.6485707
16708319,gaba_low,GABA-A,0.0035,0.15483976,-0.05444703,0.11425981,0.11084727,-0.01966892,-0.1408544,0.41402537,0.30758876,0.86090639,0.5511592,0.06933876,0.04892271,-0.15780067,0.05864711,0.25730976,-0.06168247,0.38001143,0.31757485,0.49427457,0.75621388,0.01715779,0.05650891,0.21769267,0.26087866,1.59370116,1.20864557,2.80234673,0.82321652,1.38814094,2.21135746,-0.69934287,-1.14205157,-6.11399086
17213220,gaba_low,GABA-A,0.0035,0.04694683,0.24325666,0.43137282,0.46339142,0.18515582,0.27325414,-0.12796375,-0.24323818,0.06264474,0.10088792,0.31494233,0.53577038,-0.16237326,-0.00981059,0.01656232,0.11207022,0.20694232,0.1716791,0.02951797,0.09699516,-0.03359227,-0.3131103,0.14586211,0.20198555,0.91309879,0.20291919,1.11601799,1.37332234,0.25980915,1.63313149,-15.09939376,-13.61781814,-4.51530391
17696979,gaba_low,GABA-A,0.0035,0.46496513,0.56323981,0.03714835,-0.00924243,0.45367997,0.56083032,-0.19787628,0.02012897,-0.15423888,-0.23627299,0.59743129,0.40106152,0.02402217,0.07684683,0.00503801,0.33702901,-0.27574361,-0.34159995,0.63307369,0.87097762,-0.259415,-0.42052479,-0.00920005,0.02036576,1.20110958,0.11777521,1.3188848,1.2997452,0.54309448,1.84283968,-14.1526339,-14.35501971,-5.09510794
18455372,gaba_low,GABA-A,0.0035,0.48641554,0.27256676,0.02438342,0.1060024,0.42188379,0.44118844,0.50109993,0.50012021,-0.01627802,0.01291587,0.15288561,0.05075906,-0.00600088,-0.63220162,-0.11806296,-0.07354204,0.00829378,-0.30609733,0.36824002,0.35465911,-0.18968018,-0.59501492,-0.05354868,-0.22101127,1.57039027,0.0092411,1.57963136,1.38355273,-1.47320807,-0.08965534,-3.92178106,2.85439195,0.24788028
18801650,gaba_low,GABA-A,0.0035,0.1903313,-0.10612723,0.37682356,0.3455205,0.20323184,-0.02647304,0.31864912,0.2907718,-0.04186614,-0.21558153,-0.27767927,-0.39109281,-0.0179328,0.17297284,0.06930658,0.16781546,0.09494798,-0.05814213,0.15937471,0.24202369,0.10134635,0.07101976,-0.02400263,-0.08108166,0.7694904,0.3830402,1.1525306,-0.1029823,0.51460797,0.41162567,0.8188274,1.18227957,-1.13806819
18904077,gaba_low,GABA-A,0.0035,0.70197925,0.87952178,-0.07915286,-0.03052912,0.43210533,0.24101122,0.03559233,0.06650594,-0.3301676,-0.25771906,0.40264311,0.72922001,-0.73450462,-0.75271009,0.18130358,0.41282467,-0.22154159,-0.0680938,0.28935212,0.23596122,-0.10533338,0.09400886,-0.1542059,-0.03258754,1.16299957,-0.74492979,0.41806978,1.62801078,-0.11059668,1.5174141,-8.278219,-4.09720396,-4.19536691
18952353,gaba_low,GABA-A,0.0035,0.44245773,0.38313589,-0.18257603,-0.18176144,0.41859116,0.42488502,0.36812784,0.24086717,-0.31320032,-0.33371485,0.30712027,0.39192347,-0.50169436,-0.31934114,0.47915909,0.31617814,0.49730743,0.4757143,0.19127437,0.52809333,0.06016497,-0.05771126,0.3351309,0.24942505,1.04052064,1.06134241,2.10186305,0.92533526,1.19235841,2.11769367,-2.59467209,-4.94580528,-5.85502795
19031295,gaba_low,GABA-A,0.0035,0.38726083,0.40011464,0.00326114,0.07853621,0.42364026,0.52121029,0.29105172,0.12684212,-0.39754903,-0.28080772,0.61200046,0.55789871,-0.72100129,-0.41263308,0.15266706,-0.08598849,0.11867418,0.10615634,0.23490369,0.25205429,-0.02490417,-0.22699415,-0.02758215,-0.01229266,1.31966539,-0.26724268,1.05242271,1.40379426,-0.37969775,1.02409652,-7.48640939,-5.85478531,-2.83143582
19316057,gaba_low,GABA-A,0.0035,0.63205987,0.59243754,0.00774392,-0.07492536,0.30529807,0.23446675,0.06568512,-0.03017595,0.49394736,0.32166954,0.63803081,1.17918015,-0.16770856,-0.06674651,0.10992896,-0.05201206,-0.05039269,0.10538442,0.00213964,0.19276224,-0.0089949,0.19444976,0.03161087,0.25617377,2.14276514,-0.08341668,2.05934846,2.22265268,0.63001163,2.8526643,-16.38292046,-16.1346003,-7.88708464
19432693,gaba_low,GABA-A,0.0035,0.15964642,0.03418505,-0.03767308,0.01160259,-0.05560291,0.05790284,0.05440314,0.09969705,0.29806103,0.24593281,-0.00107355,-0.30412738,-0.13580833,0.21099588,0.06870739,-0.02536951,0.53045964,0.32865155,-0.04992639,-0.02874192,-0.01345094,0.05206393,0.4010597,0.44822533,0.41776105,0.80104106,1.21880211,0.14519297,0.98582525,1.13101822,1.17882879,1.27661459,-3.12705439
20051604,gaba_low,GABA-A,0.0035,0.54983651,0.63092748,0.00086203,0.19318258,0.06096917,0.10256031,0.22101085,0.29804649,-0.22369501,-0.1414258,0.28997517,0.79999679,-0.61199633,-0.65101615,0.07931459,-0.29026199,0.28528508,0.47238406,0.07273459,0.07494967,0.24485526,0.21756338,0.25702727,0.48833975,0.89895872,0.32722045,1.22617917,1.88328786,0.31195871,2.19524658,-7.44125562,-2.35564446,-6.06944726
20830744,gaba_low,GABA-A,0.0035,0.10264912,0.05622762,-0.07139532,-0.36551718,0.18565715,0.33083463,0.03934269,-0.0716691,-0.36730585,-0.43894676,0.71493267,0.42042153,0.00084626,-0.06947537,-0.12279683,0.24658757,-0.18915842,-0.27496514,0.10264618,-0.08840594,-0.02956129,-0.021471,-0.3648462,-0.54227415,0.60388047,-0.6028703,0.00101017,-0.06864926,-0.75000403,-0.81865329,-1.28271747,-5.34546637,2.26342363
20843854,gaba_low,GABA-A,0.0035,0.97310904,1.07633884,0.11706073,0.10960738,0.24198963,0.09540836,-0.03901796,-0.08379315,0.20405663,0.4058986,0.66406013,0.98818369,0.51358098,0.6624968,0.90064858,0.83079312,0.41986849,0.23508323,0.65873459,0.62861432,-0.24537469,0.29316092,0.48229575,0.18600404,2.16125819,2.72975369,4.89101188,2.59164371,2.83615243,5.42779614,-21.52836446,-25.06063852,-15.00684379
21053574,gaba_low,GABA-A,0.0035,0.03479354,0.0867518,-0.1636821,-0.29122243,0.09406892,0.10339686,0.1547351,0.17607279,-0.158196,-0.10309591,0.84992821,0.73927745,-0.55337589,-0.24967787,-0.28372662,0.09459118,-0.15173933,-0.00483345,0.79996337,0.89456101,-0.75037316,-0.24596451,-0.45693594,-0.57653729,0.81164767,-1.39618758,-0.58453991,0.71118055,-0.08786094,0.62331962,-1.4518061,-5.86640087,-1.72336246
21313420,gaba_low,GABA-A,0.0035,0.52940457,0.42570851,0.16538307,0.1650756,0.44632129,0.41796998,0.01237251,0.20682631,-0.01739505,0.15835562,0.13380406,0.18657235,-0.09680624,-0.14306725,0.21251739,0.0013086,0.12031663,0.28983676,0.00733227,-0.03875669,-0.01356122,-0.21852529,0.19476357,0.27153613,1.26989045,0.4245624,1.69445285,1.56050837,0.16233226,1.72284063,-7.05322588,-3.83278968,-4.76333296
22084493,gaba_low,GABA-A,0.0035,0.25112681,0.17972475,0.13228911,0.08389305,-0.14468913,-0.33799189,0.29265325,0.25524227,0.17607253,0.17574558,0.55796391,0.59577808,-0.11340053,-0.02163338,0.12505859,0.2210045,-0.34637626,-0.68655241,0.42402854,0.50868157,0.26842041,0.16705717,-0.23107991,-0.36831582,1.26541647,0.12665084,1.39206732,0.95239185,-0.17975836,0.77263348,-10.4500123,-8.32624019,-2.13618745
23343892,gaba_low,GABA-A,0.0035,0.36368722,0.60515832,-0.23965076,-0.27715285,0.27586561,0.25472618,0.3850241,0.31218097,0.22735155,0.2652333,1.23297107,1.77659634,-0.13398133,0.22126628,0.25493255,0.36612115,0.19710934,0.16904901,0.96610298,0.84359555,-0.09668229,-0.22884973,0.08440788,0.05295879,2.24524879,1.27188914,3.51713793,2.93674225,1.42414105,4.3608833,-25.04139827,-29.81778356,-12.05702882
24115048,gaba_low,GABA-A,0.0035,0.94292728,0.65717308,0.17138488,0.03372408,0.89474262,0.53677267,0.81688985,0.68398573,0.6170737,0.50696513,0.17119259,-0.38229169,0.39687893,0.81854693,0.38629013,0.30471197,0.23323231,0.15937883,0.69792089,0.83786465,-0.24768885,0.13003897,0.31331164,0.17624698,3.61421093,1.77994505,5.39415598,2.03632901,2.42678832,4.46311733,-5.05745774,-6.50336388,-12.33968681
24495953,gaba_low,GABA-A,0.0035,1.02724223,1.21156499,0.19061352,0.29549838,0.21380904,0.27521877,0.54394261,0.38826159,0.09638253,0.30533103,0.51204854,0.86402402,0.1711109,0.37516868,0.30828613,0.11515215,0.06423579,0.18939554,0.4122337,0.38304062,-0.03263896,-0.25112558,0.05596353,0.21014794,2.58403847,0.97919108,3.56322955,3.33989879,1.02177935,4.36167814,-21.45871619,-17.6063195,-12.05922638
25000478,gaba_low,GABA-A,0.0035,0.51766767,0.67158305,0.23587506,0.35163947,0.21595276,0.28545129,0.50325317,0.47224868,-0.03849565,-0.07945013,0.61256746,0.40285002,-0.50656347,-0.14225991,0.14743015,0.25799296,-0.31088691,-0.13592158,0.40510231,0.21655718,0.04887528,0.0068904,-0.16746377,-0.0438768,2.04682047,-0.38350641,1.66331406,2.10432239,0.15938226,2.26370465,-12.37178725,-7.54087846,-6.25872105
25067315,gaba_low,GABA-A,0.0035,0.40929963,0.37110895,-0.10168768,-0.03088035,0.33468471,0.4169675,0.25432168,0.22164303,-0.19658642,-0.19818178,0.05636151,0.31935885,-0.66722032,-0.51507458,0.19767392,0.45788259,-0.16186312,-0.19023331,-0.46488293,-0.36646267,0.92955428,0.10536046,0.13771,-0.07128584,0.75639343,-0.02902816,0.72736527,1.1000162,-0.57981335,0.52020285,-6.47590089,-3.0542534,-1.43826382
25356336,gaba_low,GABA-A,0.0035,0.47828288,0.3873994,-0.23597731,-0.25196518,0.28197404,0.4376872,0.03042545,-0.00553002,0.07185283,0.04912669,0.61596012,0.9254799,0.2540588,0.24688435,0.29714967,0.78637705,0.09912153,0.32988825,-0.06907723,-0.1120109,0.10397992,0.19967777,0.02948474,0.26460987,1.24251802,0.71471743,1.95723545,1.54219799,1.71542639,3.25762438,-15.81314153,-21.35529771,-9.0067237
25517914,gaba_low,GABA-A,0.0035,0.25168066,0.42898401,0.15122931,0.13133501,0.22754013,0.20665811,0.13852915,0.09692906,0.22461077,0.22285523,0.67879401,0.71408005,-0.17124329,-0.5020692,0.17393313,0.53849403,0.69664532,0.52151676,0.80122987,0.77340651,-0.0348812,-0.04774994,0.79440758,0.57208451,1.67238403,2.26009139,3.93247542,1.80084145,1.85568266,3.65652411,-11.89892701,-11.40415242,-10.10960705
25821028,gaba_low,GABA-A,0.0035,0.34494198,0.375561,-0.20448477,-0.3699805,0.07180798,0.06705096,-0.13761748,-0.22935502,-0.01595456,0.11624036,0.16281787,0.44906704,-0.33715378,-0.22293254,-0.32101253,-0.13448057,0.08725261,0.43523929,0.20406476,0.20527875,-0.24833372,0.21676895,0.05043325,0.2535761,0.22151103,-0.5647494,-0.34323837,0.40858384,0.75344997,1.16203381,2.13633216,-0.11958454,-3.21280671
26901488,gaba_low,GABA-A,0.0035,-0.0997361,-0.09876875,-0.0696421,0.12855938,-0.03628255,-0.04935189,0.43580908,0.49814394,0.00489892,-0.12915853,-0.00327796,-0.11820278,-0.17605127,0.29756446,0.26270191,0.56550751,0.51775099,0.61818496,-7.698e-05,0.10756985,-0.38677081,-0.07056751,0.26268253,0.41656939,0.23176929,0.48023637,0.71200566,0.23122136,1.93482866,2.16605001,-2.5081981,-5.45554386,-5.98872422
27363295,gaba_low,GABA-A,0.0035,0.19070013,0.2762669,0.04203456,-0.02713929,0.24812323,0.18557174,0.0495103,0.02747443,0.70899387,0.7969053,0.019257,0.17064797,0.40902546,-0.15672717,0.35345964,-0.20477345,0.0522072,-0.13546221,-0.59506089,-0.38978666,0.19171758,0.28626567,0.14394561,0.07003004,1.25861907,0.5552946,1.81391368,1.42972706,-0.53045378,0.89927328,-3.6910128,0.90915292,-2.48632285
27578624,gaba_low,GABA-A,0.0035,0.72979277,0.57903974,0.2322536,0.21975213,0.63260613,0.56931624,0.20528539,0.17628406,0.29188818,0.10108989,0.4561147,0.82026446,0.5466415,0.6130036,0.22792533,0.26821868,0.16502094,0.29782077,0.76792911,0.93167219,-0.10220731,0.15905851,0.19000316,0.2545809,2.54794076,1.79531273,4.34325349,2.46574651,2.52435466,4.99010116,-19.09295764,-23.99447363,-13.79669882
28113492,gaba_low,GABA-A,0.0035,0.92174368,0.58913512,-0.24877531,-0.28192654,0.64251066,0.44430475,0.53956265,0.42515791,-0.1729398,-0.01053497,0.80144692,0.43862544,-0.11279683,0.25829672,0.56624677,0.4609605,0.27438057,0.07957647,0.29198945,0.54872179,-0.2038111,-0.27851191,0.54247612,0.4089737,2.4835488,1.35848497,3.84203377,1.60476172,1.47801727,3.082779,-13.21332527,-14.48100253,-8.52330884
28264513,gaba_low,GABA-A,0.0035,0.76360135,0.91788617,-0.02671538,-0.14471662,0.53620611,0.64221483,0.33573928,0.28956537,0.13534918,0.11319905,0.59309556,0.88084141,-0.33095017,-0.41072354,-0.2354065,-0.25138573,0.04640066,0.39588111,0.42071844,0.70986928,-0.15226014,-0.2980673,0.07159772,0.18925879,2.3372761,-0.1799,2.1573761,2.69899021,0.3348326,3.03382281,-9.61085586,-7.63414958,-8.38795411
29658673,gaba_low,GABA-A,0.0035,0.73641977,0.7172723,-0.27164857,-0.30102869,0.4531249,0.54215319,0.27725682,0.11317587,-0.10058579,-0.05061882,0.41725677,0.45309339,0.21220069,0.50076008,0.80335457,0.91391645,0.68979413,0.81831377,0.84561316,0.92161467,-0.3935899,-0.3937135,0.87949306,1.00786537,1.5118239,3.0368657,4.5486896,1.47404725,3.76875684,5.24280408,-15.53970433,-22.01893794,-14.49537525
29751086,gaba_low,GABA-A,0.0035,0.43118916,0.68501351,0.08206276,0.15630804,0.27171158,0.55263663,0.41366942,0.26527568,-0.26838765,-0.2284255,0.85193227,1.13899099,-0.32694156,-0.28838763,-0.31031406,-0.34819207,0.53015736,0.66568543,0.2995513,0.33232543,-0.10114191,0.03374799,0.54834427,0.69886551,1.78217754,0.63965541,2.42183295,2.56979934,1.09404465,3.66384399,-15.80095389,-14.53679739,-10.12984515
29871328,gaba_low,GABA-A,0.0035,1.02978603,0.95014987,0.23950708,0.227974,0.82639931,0.69260759,-0.0083758,-0.09062742,0.10063055,0.28101578,0.20792543,0.59189017,0.35699384,0.17877473,0.47357852,0.52842319,0.82559312,0.67716971,-0.05807944,-0.12056611,-0.210678,0.03568236,0.62818622,0.56118808,2.3958726,2.01559427,4.41146686,2.65300998,1.86067195,4.51368194,-17.06444542,-16.91159645,-12.47948853
30151696,gaba_low,GABA-A,0.0035,0.83910223,0.69896681,0.1714624,0.01453384,0.68330756,0.48733626,0.47927032,0.69621356,0.50849606,0.57413429,0.92856681,0.78921474,0.25733364,0.62932601,0.37317739,0.42396798,0.60999119,0.52561848,0.88186102,1.11948441,-0.09746998,-0.01281218,0.83288849,0.77181774,3.61020538,2.85778176,6.46798714,3.26039951,3.45740244,6.71780195,-21.67452503,-24.53650797,-18.57346919
30276332,gaba_low,GABA-A,0.0035,0.13265688,-0.02998816,0.3199105,0.28386723,-0.0878189,-0.1679568,0.10926038,0.01393483,0.00702186,-0.47940474,0.51415652,0.19518372,0.15346808,0.01257214,0.36067556,0.37586775,0.14376767,-0.07522321,0.00575879,0.03230135,0.02896431,-0.133637,0.324716,0.17698637,0.99518724,1.01735041,2.01253765,-0.18436392,0.3888674,0.20450348,-8.41997365,-7.95759037,-0.56541397
30649663,gaba_low,GABA-A,0.0035,0.26018594,0.22635985,0.0403124,-0.09080999,0.45808063,0.27714299,0.18580367,0.05254524,0.15577584,-0.09306034,-0.27004714,-0.24774106,0.3693353,0.55115026,-0.25748582,-0.34045742,0.33762776,0.34675569,0.34238201,0.10379276,0.05973051,0.05068917,0.41147766,0.29214721,0.83011134,1.26306743,2.09317877,0.1244367,1.00407767,1.12851437,2.17651075,-0.54627471,-3.1201317
30779144,gaba_low,GABA-A,0.0035,0.41832492,0.41492861,0.21451107,0.29128303,0.50466793,0.59732959,0.61603999,0.67165095,0.08667029,-0.03943143,0.27253879,0.65461704,0.24618691,0.30287712,0.74401732,0.83198932,0.3176012,0.45014787,0.25551306,0.20940898,-0.53029934,-0.34645848,0.38140288,0.50016383,2.112753,1.41442202,3.52717503,2.59037778,1.94812864,4.53850642,-22.86607374,-23.72553364,-12.54812359
31070544,gaba_low,GABA-A,0.0035,0.0015426,-0.08082992,-0.10668799,-0.09737477,0.21281409,0.27378337,0.63962071,0.6888938,-0.15585264,-0.18263297,0.3597631,0.17870554,-0.20878758,0.13117164,0.23249486,0.25400201,0.17400533,0.00124041,0.46338179,0.51921417,0.38943708,0.20772283,0.25613746,0.02619444,0.95119986,1.30666894,2.2578688,0.78054505,1.13954549,1.92009055,-3.6709872,-6.60817744,-5.30869218
31171219,gaba_low,GABA-A,0.0035,0.14206581,-0.03954094,-0.33456352,-0.28334934,0.11676382,-0.00562578,0.07711948,0.36248405,-0.36144062,-0.52559946,-0.15198549,-0.78874666,0.8534785,0.9737408,0.80686539,0.51014746,0.97702097,0.96046325,0.78288187,0.81311621,-0.09198848,-0.08845949,0.77208795,0.92106632,-0.51204052,4.10034619,3.58830567,-1.28037814,4.09007454,2.8096964,6.94140174,-2.90611484,-7.7682864
31825112,gaba_low,GABA-A,0.0035,-0.20679503,-0.12383346,0.00547251,0.10928269,-0.50319338,-0.41385556,0.04954402,0.13417862,-0.27740714,-0.34833307,0.33007953,0.4456842,-0.00319494,0.29868717,-0.10579425,-0.0111938,0.43527006,0.19018891,0.52370457,0.47947344,0.00658839,-0.08855,0.03130781,-0.01914697,-0.60229948,0.88788165,0.28558217,-0.19687657,0.84945876,0.6525822,-3.98221142,-7.80848764,-1.80426803
31851798,gaba_low,GABA-A,0.0035,0.10189431,-0.25757171,-0.04257373,-0.11553553,0.02005861,0.08677088,-0.10040609,-0.11270125,-0.04597722,-0.17655862,-0.12365783,-0.29386198,0.30743028,0.24277113,0.23199269,0.28866579,0.21162849,0.24616389,0.48598026,0.44442574,0.14837627,0.33829858,0.08045869,0.1143576,-0.19066196,1.46586668,1.27520472,-0.86945822,1.67468272,0.80522451,5.85457701,-0.60197249,-2.22629555
32581973,gaba_low,GABA-A,0.0035,0.51228664,0.07471645,0.12069458,0.06960968,0.33493037,0.00352358,0.15147282,0.13729064,0.24207406,0.25143246,1.11285232,0.44650998,0.13648386,0.33515007,0.11062923,0.06405287,0.23572739,0.18792373,-0.46165138,-0.35423673,-0.16144232,-0.26145989,-0.00503532,-0.10436975,2.47431079,-0.14528855,2.32902224,0.98308278,-0.13293971,0.85014307,-8.50377446,-9.30384152,-2.35048699
32804781,gaba_low,GABA-A,0.0035,0.14597508,0.38768834,0.25045542,0.38460677,0.3057193,0.41615554,-0.02590649,-0.1702984,0.44949562,0.52228506,0.44049063,0.52181518,0.28615424,0.35646319,0.238698,-0.15359349,0.52337212,0.45205114,1.03023591,0.98060728,0.14549897,0.81579054,0.72339669,0.56897641,1.56622955,2.94735593,4.51358547,2.06225248,3.02029507,5.08254755,-11.0353715,-14.4877311,-14.05229583
34458922,gaba_low,GABA-A,0.0035,0.66748785,0.91693886,0.19232336,0.18969013,0.66874324,0.89613279,0.13850017,0.16443875,0.21132302,0.09677813,0.16959709,0.43908537,-0.5125775,-0.33316457,-0.11304727,-0.22575391,0.02152213,0.18763914,0.30724433,0.40085392,0.07884322,-0.055622,0.31775874,0.47125294,2.04797473,0.09974365,2.14771837,2.70306404,0.44520552,3.14826956,-12.3737192,-7.25858047,-8.70437801
35704260,gaba_low,GABA-A,0.0035,0.10045222,0.32618259,-0.06850513,-0.18302654,-0.0039189,0.06552462,0.44662916,0.34105174,0.13801328,0.41025191,0.17470536,0.65234802,-0.18251155,-0.46475922,0.81408948,0.60998924,0.09919965,-0.08646959,0.32980694,0.32714168,0.3905529,0.14370076,0.27722597,0.21422247,0.787376,1.7283634,2.51573939,1.61233235,0.74382533,2.35615768,-10.36758961,-8.25225615,-6.51433645
36383037,gaba_low,GABA-A,0.0035,0.41973762,0.43211824,0.11285333,0.1757083,0.22086986,0.21544949,0.25696954,0.41767896,0.2559477,0.2910503,0.72747805,1.0444978,0.19978609,0.29920142,0.21802228,-0.09731477,-0.09921657,0.04696417,-0.15001579,-0.17145056,0.2050896,-0.15591056,0.3092941,0.42792297,1.99385609,0.68295971,2.6768158,2.57650309,0.34941268,2.92591577,-23.29661768,-20.5110018,-8.08961127
37280746,gaba_low,GABA-A,0.0035,0.17717422,-0.10838634,-0.13927438,-0.23082855,0.10370883,-0.06745936,0.41825998,0.50744768,-0.08142476,0.11994692,0.1816587,0.01379292,-0.13971963,-0.21766942,-0.52667806,-0.53677694,0.16085827,0.31516249,-0.11064396,-0.01476433,-0.15256999,-0.36006141,0.12512438,0.20732792,0.66010261,-0.64362898,0.01647362,0.23451325,-0.60678168,-0.37226843,5.00719062,7.17749952,1.02925276
37805580,gaba_low,GABA-A,0.0035,0.83554213,0.82085549,-0.0002638,-0.14852402,0.30564869,0.34836076,0.66742025,0.59114526,0.50187239,0.50475942,0.1038792,0.1583725,-0.23775216,0.07731195,-0.37101353,-0.06597434,-0.66816803,-0.27668288,0.29484963,0.21559879,-0.06547669,-0.02388032,-0.58973728,-0.20701112,2.41409887,-1.63729806,0.77680081,2.27496941,-0.28063791,1.9943315,-5.45446464,-0.66441404,-5.51395456
38072766,gaba_low,GABA-A,0.0035,0.51153444,0.51342863,0.05666676,0.08530607,0.34768923,0.35536935,0.3770441,0.20299295,0.19445898,0.08944569,0.32942913,0.23476046,-0.15828272,0.06859571,0.21196441,0.43119163,0.49562125,0.37705656,0.25120588,0.5266669,0.22129727,-0.01932828,0.31083221,0.22637029,1.81682264,1.3326383,3.14946095,1.48130315,1.61055282,3.09185597,-7.1079411,-8.24287562,-8.54840498
38521433,gaba_low,GABA-A,0.0035,0.26873162,0.33411039,0.05750894,0.11946484,0.35185427,0.30820208,0.24507927,0.41081588,-0.00388379,-0.24161644,1.10462681,1.33310814,0.25652439,0.12494881,0.31904085,0.10051632,0.30419538,0.20839222,0.31110533,0.44924896,0.31715783,-0.06652344,0.15063001,0.16370872,2.02391712,1.65865379,3.68257091,2.2640849,0.98029158,3.24437648,-20.9321842,-23.3831463,-8.97009572
38666520,gaba_low,GABA-A,0.0035,0.39933845,-0.28118731,-0.26052006,-0.32445176,0.35037692,-0.00674067,0.29628999,0.21645762,-0.31347218,-0.21897152,-0.03636971,-0.46429277,-0.29035084,0.02801447,-0.00897023,-0.1259596,0.24221776,0.14999011,0.20214393,0.27965988,0.18995003,0.19123695,0.27924672,0.23837137,0.43564341,0.61423737,1.04988078,-1.0791864,0.76131317,-0.31787323,10.78363541,7.90030011,0.8788602
39453204,gaba_low,GABA-A,0.0035,-0.05045039,-0.12504713,0.16064989,0.10919703,0.02776798,0.05178861,0.35548478,0.44246488,0.1155598,0.23210068,0.16258432,-0.2432723,-0.11711737,-0.12776023,0.10344114,-0.06521698,0.14879557,0.46017226,0.29952117,0.08341077,-0.00049918,0.06339057,0.34486752,0.48989284,0.77159638,0.77900886,1.55060524,0.46723177,0.90388922,1.37112099,2.33356703,3.94278815,-3.79089375
39583981,gaba_low,GABA-A,0.0035,0.05406628,-0.00050064,0.0707834,0.14894189,0.35024454,0.56000056,0.79603785,1.03268841,1.13318719,1.10437305,0.36055191,0.62181653,-0.18099143,-0.16061373,0.88969969,0.84940767,0.02384179,-0.05901722,0.49595511,0.65586359,-0.25333815,0.15848542,0.21894274,0.15190383,2.76487117,1.19410976,3.95898093,3.4673198,1.59602958,5.06334938,-19.05217816,-17.47209182,-13.99921646
39776858,gaba_low,GABA-A,0.0035,0.88586622,0.92947417,0.08950179,0.07663601,0.80056273,0.8580563,0.24018633,0.30307281,-0.09998997,-0.41571817,1.08389691,1.19991885,-0.13324785,0.22599659,0.55900318,0.59110703,0.41883677,0.41564897,-0.01865548,-0.04815447,0.09728663,-0.06276443,0.65092677,0.47764846,3.000024,1.57415002,4.57417401,2.95143998,1.59948215,4.55092213,-25.94790377,-27.68301684,-12.58245071
40201562,gaba_low,GABA-A,0.0035,0.84057991,0.33131229,-0.00568547,-0.0432819,0.86408485,0.48466433,-0.07418111,-0.11807217,0.19392454,0.19374259,0.25055828,-0.56553996,0.02190552,-0.03035166,0.74775047,0.66333797,0.88395034,0.87536177,0.35331493,0.26359486,0.12875986,-0.03207765,1.00213068,0.84605416,2.069281,3.13781181,5.2070928,0.28282518,2.58591946,2.86874464,2.63062951,0.63714766,-7.93154376
41213271,gaba_low,GABA-A,0.0035,0.1728171,-0.05643852,-0.33387419,-0.20717819,0.03579374,-0.27568553,0.58504903,0.65335797,-0.05557033,-0.1213263,0.33069097,0.22716532,-0.33869543,-0.19589873,-0.08807207,-0.08496108,-0.24332862,-0.27155336,0.33847872,0.57315387,0.07706814,0.1198737,-0.05257345,-0.11128584,0.73490632,-0.30712271,0.42778361,0.21989474,0.02932857,0.24922331,1.19091396,2.02627595,-0.68905597
41383458,gaba_low,GABA-A,0.0035,0.45931993,0.33320232,0.17503377,0.19587521,0.33835471,0.04429984,0.60791689,0.57457231,0.38345429,0.36529735,0.99382436,0.85784875,-0.03482842,0.25980836,-0.11405301,-0.20526427,-0.10383653,-0.22475376,-0.05492082,-0.27056727,0.566781,-0.0073377,-0.02188756,-0.11273934,2.95790395,0.23725464,3.19515859,2.37109579,-0.56085396,1.81024183,-16.99491011,-13.26137438,-5.00498095
41429086,gaba_low,GABA-A,0.0035,-0.02861473,0.19440938,0.5068611,0.36460781,0.11774607,0.21653159,0.73031168,0.65661837,-0.14279388,-0.27061408,0.14382927,0.20055861,0.68783091,0.88034708,0.39591631,0.07959189,0.50397327,0.40641042,0.30815675,0.59448031,0.33801815,0.20924446,0.51798348,0.39247793,1.32733952,2.75187887,4.07921839,1.36211168,2.5625521,3.92466378,-11.34216536,-15.43065104,-10.8509632
41548748,gaba_low,GABA-A,0.0035,0.30222455,0.5234855,0.05361371,-0.01690727,0.26633363,0.31592679,0.19352515,0.15673991,0.14776072,0.28062317,0.56207951,0.87015957,-0.11135668,-0.16963475,0.17424486,0.30720144,0.24383505,0.27242257,0.04091765,0.03396227,0.19576852,0.37419491,0.34712568,0.26156336,1.52553728,0.89053509,2.41607238,2.13002767,1.0797098,3.20973747,-12.51310839,-12.47683399,-8.87432533
42449851,gaba_low,GABA-A,0.0035,0.40739453,0.38443679,-0.06314104,-0.20129881,-0.0957961,-0.00669394,0.64856154,0.62407511,0.00276785,-0.08187632,0.76361716,1.34840436,-0.33460266,0.09005173,0.72426822,1.06560542,0.56287105,0.7334278,0.06917287,0.27723862,-0.16846025,0.22709108,0.66238907,0.80532743,1.66340395,1.5156383,3.17904225,2.0670472,3.19874207,5.26578927,-21.2104937,-26.20727804,-14.558925
42823353,gaba_low,GABA-A,0.0035,0.41174371,0.35358294,0.66240858,0.45287833,0.22933058,0.15632356,0.58435757,0.81011042,0.42167225,0.24683763,1.04521982,0.58643247,-0.38542064,-0.30948213,-0.05731309,0.00515379,0.179196,0.03120531,0.21797174,-0.04131492,0.10083195,0.25186927,0.29933383,0.27194836,3.35473251,0.35459979,3.7093323,2.60616535,0.20937969,2.81554504,-14.04688243,-7.1305355,-7.78445679
43525440,gaba_low,GABA-A,0.0035,0.77384741,0.39623271,-0.25927619,-0.25693976,0.51777239,0.02676342,0.24846987,0.30302433,0.04437597,-0.07140064,0.3155571,-0.03672294,-0.3816374,-0.13545937,0.43357135,0.48252211,0.06893265,0.03744078,-0.03203082,0.18445805,0.21261826,0.1407856,0.17701183,0.13426116,1.64074656,0.47846586,2.11921242,0.36095712,0.84400835,1.20496547,0.71176752,1.12473334,-3.33150473
43720294,gaba_low,GABA-A,0.0035,0.28155684,0.40010432,0.20957749,0.08700688,0.16354635,0.13283701,0.04245324,0.14248677,0.55277349,0.55914497,0.12651154,0.40925314,0.18658553,0.14301241,0.8715954,0.7743385,0.47227474,0.41379598,0.36330455,0.35203571,0.06377723,-0.31319943,0.43478831,0.38987329,1.37641896,2.39232577,3.76874472,1.73083309,1.75985645,3.49068954,-13.72282234,-14.21521319,-9.65110539
43926786,gaba_low,GABA-A,0.0035,0.47537414,0.65789552,0.01220939,-0.11828699,0.44048071,0.43022214,-0.11184565,-0.16086249,0.13990974,0.13593658,0.12566385,0.52888392,0.15247123,0.26677642,0.05867213,0.34821384,0.1951454,0.19664319,0.41186218,0.4153206,0.13271467,-0.16716924,0.14533529,0.156874,1.08179218,1.09620089,2.17799307,1.47378868,1.21665882,2.6904475,-11.54621675,-14.11638648,-7.43858543
44576096,gaba_low,GABA-A,0.0035,0.28822663,0.56548093,0.30327588,0.1995875,0.41476553,0.38418694,0.20105403,0.25007633,0.24714304,0.39412584,0.46090032,0.87152217,-0.49172442,-0.52002608,0.45084337,0.29713098,0.13284431,0.25405587,0.0783887,0.26487328,-0.00310821,0.40960387,0.14751215,0.2628724,1.91536543,0.31475589,2.23012132,2.6649797,0.96851033,3.63349002,-13.11789224,-10.25872317,-10.04592209
45544719,gaba_low,GABA-A,0.0035,1.10347749,1.2629315,0.26788019,0.17299177,0.66799779,0.81781082,0.41925843,0.32480776,0.53976647,0.771852,0.47883303,0.54579356,-0.49314295,-0.30889596,0.82348718,0.92746148,0.75698084,0.89360425,0.57026963,0.73623699,0.08504851,0.19706225,0.50588365,0.5186392,3.47721339,2.24852686,5.72574026,3.89618741,2.96410822,6.86029563,-13.3855418,-12.00231844,-18.96743764
48028426,gaba_low,GABA-A,0.0035,0.5411497,0.76360011,0.03760145,0.01077858,0.26805173,0.47953412,0.29562471,0.29349552,-0.16538804,-0.3223419,0.73618348,0.95531594,0.13943974,0.42706549,0.35587581,0.2849529,0.51885091,0.49431972,0.00131261,0.40124049,-0.03647057,-0.08814812,0.63865145,0.43390869,1.71322302,1.61765994,3.33088295,2.18038237,1.95333916,4.13372153,-18.45725143,-21.89962513,-11.42896889
48054415,gaba_low,GABA-A,0.0035,0.4713176,0.44694993,0.00204404,-0.02331734,0.25917266,0.02263868,0.46948352,0.5050291,0.39874616,0.63026402,0.4116954,0.12624261,-0.50531931,-0.11167343,-0.26212146,-0.06493351,0.58124713,0.63649549,-0.11765361,-0.12297218,-0.07181804,-0.24831511,0.30627763,0.30633554,2.01245938,-0.06938766,1.94307172,1.707807,0.3949368,2.1027438,-1.06861196,2.62994614,-5.81369435
50395729,gaba_low,GABA-A,0.0035,0.15291737,0.47446429,-0.35470373,-0.36268657,0.28723845,0.42295379,0.23916536,0.46929675,-0.23996815,-0.11517862,0.43564907,0.54753336,-0.0425982,0.30142895,-0.12048478,0.07971166,-0.16345087,-0.1233759,-0.04246272,-0.18957494,-0.35727421,-0.26162075,-0.03676832,-0.03121235,0.52029837,-0.7630391,-0.24274073,1.436383,-0.22464333,1.21173967,-10.67421985,-11.09093531,-3.35023414
51076110,gaba_low,GABA-A,0.0035,0.78252517,0.4305876,0.05217948,0.0071503,0.75622278,0.47636319,0.46827803,0.41088118,-0.22171085,-0.08256557,1.12513764,0.96898345,0.65604698,0.44903697,0.36004501,0.49398131,0.83710794,0.77575034,0.02032886,0.19789721,0.27021491,0.21048735,0.77080298,0.68060289,2.96263225,2.91454669,5.87717894,2.21140016,2.80775607,5.01915623,-18.403297,-23.89707905,-13.87703065
51649816,gaba_low,GABA-A,0.0035,0.73415878,0.76999078,-0.1628757,-0.21619174,0.5486162,0.58456154,0.20216767,-0.07406574,-0.56787627,-0.42228514,-0.07187865,0.40902086,-0.3908519,-0.20993901,0.28501098,0.2416841,0.2523236,0.38334409,0.09373912,0.35355086,-0.0964312,0.02269107,0.41010369,0.39686255,0.68231204,0.55389427,1.23620631,1.05103056,1.18819367,2.23922423,-5.29312174,-6.67487989,-6.19103726
52071148,gaba_low,GABA-A,0.0035,0.10451026,0.08763044,0.24941956,0.18388606,0.18310895,0.14877578,-0.11375934,-0.08436454,0.25783697,0.29571363,0.4937523,0.74015219,-0.29761694,-0.17009398,-0.20345553,-0.54529063,0.03253349,0.11622782,0.24418764,0.46377506,0.02116232,0.18438105,0.03071681,0.20179107,1.1748687,-0.17247221,1.00239649,1.37179357,0.25079039,1.62258396,-8.36904859,-7.77589179,-4.48614196
52801880,gaba_low,GABA-A,0.0035,0.40295892,0.71815434,-0.11684875,-0.10002193,0.10620677,0.42010628,0.04245651,0.02158251,-0.25100916,-0.40364105,0.09630515,0.16190472,-0.00304769,-0.29439463,0.48376207,0.53513164,0.53312336,0.49956816,0.8009442,0.94345182,-0.09151033,-0.1478428,0.49791397,0.4276108,0.28006944,2.22118559,2.50125502,0.81808487,1.96352498,2.78160985,-2.84433971,-4.58375516,-7.69063233
53120454,gaba_low,GABA-A,0.0035,0.60044717,0.34011505,0.03015447,0.03121722,0.53730552,0.47474964,0.26091486,0.03703233,0.26056938,0.36555747,0.86124551,0.61903435,-0.04170001,0.22467357,0.12067399,0.09093275,0.1445299,0.21007904,0.22372337,0.15254214,-0.05513482,-3.092e-05,0.17409979,0.23056491,2.5506369,0.56619221,3.11682912,1.86770606,0.90876149,2.77646755,-13.30545432,-14.67436508,-7.67641482
54633971,gaba_low,GABA-A,0.0035,0.40635001,0.27954812,0.53545041,0.4442691,0.01447826,0.25493363,-0.13020479,-0.27382144,0.39268368,0.00087146,0.23585752,0.23298772,0.34316672,0.42393378,-0.2641959,-0.38263748,0.18506774,0.23025792,-0.07592592,-0.0200259,-0.29010789,-0.08768102,0.03345324,0.18418983,1.45461509,-0.068542,1.38607309,0.93878859,0.34803714,1.28682572,-9.19945613,-9.03710504,-3.55783306
54741718,gaba_low,GABA-A,0.0035,0.29987469,0.21405065,0.17110478,0.11371445,0.23826678,0.05545752,0.40863692,0.68502596,0.32059822,0.11543598,0.50725149,-0.03055563,0.21039348,-0.04325109,-0.18489796,-0.435036,-0.22220117,-0.48506847,-0.3413676,-0.49695077,0.21354369,-0.18605499,0.21339766,0.05922414,1.94573289,-0.1111319,1.83460099,1.15312893,-1.58713718,-0.43400825,-6.24792431,2.47168412,1.19995184
55417875,gaba_low,GABA-A,0.0035,0.47911217,0.52364005,0.03085097,0.12057044,0.27460135,0.35651865,-0.10368233,-0.14464873,-0.08258809,-0.02731637,0.49263544,0.87023493,0.20185797,0.00652314,0.60743415,0.73887673,0.19536433,0.25235894,0.20952965,0.12405769,0.45977668,-0.08350821,0.35652092,0.17252412,1.09092952,2.03048371,3.12141323,1.69899897,1.2108324,2.90983137,-17.66755638,-19.66050896,-8.04514092
55499880,gaba_low,GABA-A,0.0035,0.50777686,0.87564142,-0.00688563,0.07265273,0.23193639,0.39987582,0.28308583,0.41518049,0.10454482,0.25541686,1.14801054,1.48170376,-0.38407746,-0.15096372,0.61558498,0.24170374,0.38129369,0.14929655,0.22184203,0.26711161,0.01455387,0.11024292,0.13994479,-0.08057905,2.26846881,0.9891419,3.25761071,3.50047108,0.53681205,4.03728313,-21.32947321,-20.17539784,-11.16233471
55619168,gaba_low,GABA-A,0.0035,0.50956465,0.01246715,0.18558654,0.21356712,0.42243411,0.42744901,0.24917718,0.32100843,0.10614834,0.18465467,0.10794574,-0.29857127,-0.1815289,0.0077702,0.42318517,0.32894227,0.47820356,0.42649132,0.59892742,0.60140217,-0.1899825,-0.29210072,0.19237476,0.11483242,1.58085656,1.3211795,2.90203606,0.86057511,1.18733766,2.04791277,-0.46242014,-1.59346857,-5.66209677
55836894,gaba_low,GABA-A,0.0035,0.28380054,0.21716198,-0.00530935,0.02382997,0.21092117,0.07541691,0.30681092,0.2943684,0.31865713,0.44983056,0.64158903,0.96485962,-0.21167224,0.08444704,0.71141988,0.70719789,-0.15947052,-0.07138968,0.22765005,0.3864748,-0.00012639,-0.04677205,-0.05159622,-0.02694609,1.75646945,0.51620456,2.27267401,2.02546743,1.03301191,3.05847934,-18.66245743,-20.08070399,-8.45612481
56819618,gaba_low,GABA-A,0.0035,1.04585542,0.9394311,0.10004947,-0.04208711,0.94701186,0.92159915,0.75069817,0.71479655,0.27122985,0.11789106,1.01224618,1.02196816,-0.05914539,0.55671342,0.4098715,0.7526702,0.32023782,0.3401584,0.37873128,0.30878653,-0.42264064,-0.47318849,0.17470438,0.2888996,4.12709096,0.80175896,4.92884992,3.67359892,1.77403966,5.44763859,-27.39381079,-29.38629682,-15.06170444
57172435,gaba_low,GABA-A,0.0035,0.12000052,0.13713666,0.02297249,0.06399961,0.01281033,0.08835469,-0.03166369,-0.07261462,-0.0512332,0.21695747,0.0179186,0.55497688,-0.11343463,-0.5120093,0.21896817,-0.20814258,0.54638004,0.60601058,0.15984317,0.26260736,0.03009275,0.00013539,0.27272852,0.29856729,0.09080505,1.11457802,1.20538307,0.98881069,0.44716875,1.43597944,-1.62470809,-1.24627468,-3.97021528
57348284,gaba_low,GABA-A,0.0035,1.01953305,0.92413057,0.22886469,0.24178141,0.81678424,0.70279924,-0.17621795,-0.15233195,0.24155669,0.36463061,0.77047062,1.10329046,0.03171469,0.57327619,0.36482953,0.19917756,0.40588339,0.33105304,0.02231188,0.03610383,-0.06682485,-0.09878599,0.45184671,0.43023528,2.90099135,1.20976136,4.1107527,3.18430033,1.47105991,4.65536024,-26.97118455,-27.89222165,-12.8712026
57930100,gaba_low,GABA-A,0.0035,0.79100271,0.81313531,0.00356191,0.10061946,0.35927097,0.38596739,0.65777299,0.47654284,0.3043678,0.61078457,0.39758755,0.51418015,-0.25749088,0.15564524,-0.40781257,-0.31016079,-0.14305023,0.20245448,-0.01661541,0.13258847,-0.7576568,-0.70087814,-0.1987179,0.27255504,2.51356393,-1.78134379,0.73222014,2.90122972,-0.2477957,2.65343402,-15.07616375,-9.0783965,-7.33625006
57968987,gaba_low,GABA-A,0.0035,0.90662199,0.72071806,0.10642761,-0.01058421,0.64596362,0.40819327,0.09909364,0.04125765,0.16085231,0.17362456,0.3244911,-0.08343595,-0.59692225,-0.46678182,0.26176714,0.23696726,-0.02876191,0.0694798,-0.28285751,-0.26737562,0.16612639,-0.11494128,-0.11486804,0.04889888,2.24345025,-0.59551618,1.64793407,1.2497734,-0.49375279,0.75602061,-1.05669662,4.6101511,-2.09025594
59057693,gaba_low,GABA-A,0.0035,0.35285509,0.4747396,-0.06717489,0.03601752,-0.13003798,-0.17963659,0.27811413,0.37389034,0.03804356,-0.00965454,0.58367029,0.70471836,-0.005781,0.40401595,-0.01585703,0.01708743,0.18604195,0.12092039,-0.00426791,0.09835325,0.33234094,-0.12717623,0.29925422,0.4080477,1.0554702,0.79173118,1.84720138,1.40007469,0.9212485,2.32132318,-14.94968643,-13.95935198,-6.41802556
59343528,gaba_low,GABA-A,0.0035,0.46704234,0.60359639,-0.17687615,-0.08804638,0.33791876,0.32033275,0.93458681,0.75493198,0.12003385,0.05672291,0.95769818,1.43849968,0.43355089,0.69885567,1.2884399,1.14935508,1.19747372,0.91678053,-0.19503784,-0.37543347,-0.38221468,0.00183539,1.45771366,1.24015958,2.64040378,3.79992566,6.44032944,3.08603733,3.63155278,6.71759011,-33.48494489,-37.82153018,-18.57288349
60184938,gaba_low,GABA-A,0.0035,-0.23251999,-0.30043009,-0.1553981,-0.14738384,0.14186016,0.16739547,0.32191213,0.3654137,-0.28056169,-0.26060414,0.62356685,0.51647536,0.09732812,0.24126734,0.25143631,0.33284053,0.17649444,0.20994425,0.01468421,0.05755023,-0.24767609,-0.12055044,-0.03911763,-0.04967564,0.41885935,0.25314936,0.67200872,0.34086646,0.67137627,1.01224273,-6.79356683,-12.52581501,-2.7986623
60186708,gaba_low,GABA-A,0.0035,0.00473339,0.02776093,0.18098653,0.06570421,-0.26493107,-0.07615367,-0.15375384,-0.34404285,0.40119009,0.37616535,0.88354593,1.31279634,-0.38548296,-0.19343625,-0.06336536,-0.24235688,0.2683616,0.3437625,0.43278527,0.41459388,-0.22504932,0.15120284,0.32699672,0.54126647,1.05177103,0.35424594,1.40601697,1.36223031,1.01503254,2.37726285,-15.73949482,-17.55774589,-6.5726883
60281382,gaba_low,GABA-A,0.0035,0.85867537,0.98082339,0.1482652,0.15320964,0.18938899,0.05421419,0.13753553,0.09484985,0.62428442,0.50781547,0.20722022,0.56039554,-0.11021677,0.19186607,0.81985557,0.48484538,0.65992642,0.62151523,0.15147011,0.294322,0.04084984,0.10789664,0.64929506,0.46903142,2.16536973,2.21118024,4.37654997,2.35130808,2.16947674,4.52078482,-12.36237289,-11.39730003,-12.49912669
60334165,gaba_low,GABA-A,0.0035,0.68787374,0.75742165,0.41466063,0.40526656,0.74533134,0.90163617,0.43308503,0.43605209,0.24060345,0.16206852,0.78757126,1.17810074,0.27845677,0.26929568,0.82596305,0.65426372,0.54177968,0.67790595,-0.09105951,-6.135e-05,-0.03130577,-0.24447765,0.64834352,0.78199261,3.30912545,2.17217774,5.4813032,3.84054572,2.13891896,5.97946469,-31.81159323,-31.6895579,-16.53210439
60530234,gaba_low,GABA-A,0.0035,0.54922475,0.56227747,0.01219778,-0.03332169,0.04309016,-0.07233467,0.42795192,0.46911939,0.49711483,0.57096712,0.36835711,0.44090119,-0.12741622,-0.47063623,0.96463043,0.9399005,0.60240455,0.48932718,1.00705598,0.95644114,-0.03580882,0.20834642,0.25978656,0.19794636,1.89793654,2.67065248,4.56858902,1.93760882,2.32132538,4.2589342,-4.48423555,-4.33689412,-11.77515856
61581707,gaba_low,GABA-A,0.0035,0.61223608,0.58757702,0.20726284,0.06496848,0.47411011,0.4150832,-0.07940885,-0.04611552,0.39946791,0.28061699,0.63086736,0.25543735,0.08068979,0.39284801,0.09436868,-0.23790655,-0.51690677,-0.26265478,-0.00568458,0.23558444,-0.0678549,0.16599847,-0.36713537,-0.19999881,2.24453545,-0.78252315,1.4620123,1.55756752,0.09387078,1.65143831,-7.71892693,-7.14859617,-4.56591884
61756624,gaba_low,GABA-A,0.0035,1.08552646,1.22268983,0.32524087,0.44815304,0.43925571,0.28901674,0.34296329,0.51772025,0.243135,0.40981154,0.44987701,0.49794121,-0.39164878,-0.47041087,0.29538194,0.0605354,0.2791447,0.13245031,0.55430502,0.61540135,-0.09497846,-0.3446271,0.26820356,0.19588691,2.88599834,0.91040797,3.79640631,3.38533261,0.189236,3.57456861,-14.14080606,-4.13980315,-9.88301538
63213959,gaba_low,GABA-A,0.0035,0.23291389,-0.15624521,0.16043088,0.15852416,-0.00489836,-0.2815827,0.20713978,-0.25237002,0.21109771,0.17136176,0.15892389,-0.49946875,-0.20204861,0.06809932,0.37258198,0.19726136,0.30091428,0.2179432,0.16020105,0.11047891,-0.03481693,-0.14281062,0.45089306,0.3382904,0.96560779,1.04772482,2.01333261,-0.85978077,0.78926258,-0.07051819,3.55163417,3.86645387,0.19496965
63218063,gaba_low,GABA-A,0.0035,0.12201122,0.27034699,0.19767314,0.1571617,0.10876656,0.37636791,0.42257348,0.46893945,0.436893,0.35079626,0.6767871,1.12733407,-0.06346113,0.28026791,0.24323615,-0.08799202,0.67989111,0.6556174,0.50894156,0.51560348,0.22454337,0.13586581,0.79706769,0.74464361,1.96470449,2.39021875,4.35492325,2.75094638,2.24400619,4.99495257,-19.97089378,-22.35041373,-13.81011205
63989137,gaba_low,GABA-A,0.0035,0.36348592,0.2057577,0.10425434,0.15394388,0.37048731,0.47660723,0.0789442,0.10193618,0.21523662,0.31032793,0.57259539,0.71108406,-0.22268552,-0.12655355,0.50882262,0.69124557,-0.02657914,-0.06192519,0.17340913,0.06280279,-0.1055172,-0.30073913,-0.06200591,-0.14643379,1.70500377,0.26544399,1.97044776,1.959657,0.11839669,2.07805369,-17.19829895,-17.10742814,-5.74543079
64043761,gaba_low,GABA-A,0.0035,0.2221657,0.26443919,-0.1073023,-0.01085631,0.08782553,0.04328539,0.06528749,0.18582585,-0.03187912,-0.05672036,0.47358318,0.39846412,0.1301444,0.13755204,0.57959423,0.40826098,0.1860529,0.32737706,0.57052206,0.67663827,-0.09837848,0.62550475,-0.08912428,0.19200767,0.70968049,1.27881083,1.98849132,0.82443788,2.36734077,3.19177865,-3.54737664,-8.23888289,-8.82467254
64082948,gaba_low,GABA-A,0.0035,0.72128157,0.5804392,-0.16650328,-0.33359521,0.56236383,0.5135507,0.54198581,0.56613234,0.05543409,0.23128041,0.7095611,0.32784086,0.09470313,0.01251573,0.48457638,0.53960647,0.55549319,0.09130592,0.47096497,0.68851024,-0.12623026,-0.53506093,0.6568549,0.22981302,2.42412312,2.13636233,4.56048545,1.8856483,1.02669045,2.91233875,-10.52354156,-10.42673948,-8.05207335
64309040,gaba_low,GABA-A,0.0035,0.18845417,0.1322119,-0.02460186,-0.16952491,0.33821933,0.33731481,-0.12027858,-0.14362639,0.24277474,0.32503041,0.42791107,0.36413504,-0.40035399,-0.36282246,0.11850579,0.23370199,-0.30968985,-0.38697469,0.13964614,0.16519652,-0.22018956,-0.0646237,-0.38983179,-0.64401691,1.05247888,-1.06191326,-0.00943438,0.84554085,-1.05953924,-0.21399839,-2.25665656,-2.3459949,0.59166562
65620046,gaba_low,GABA-A,0.0035,0.27565825,0.22468262,-0.02127769,0.0799791,0.30289434,0.12002316,0.14364553,0.11552231,0.26213247,0.12268311,0.33739587,0.27954736,-0.45460194,-0.4329926,-0.09013562,0.23630096,0.35591921,0.1204229,-0.05311633,-0.07366042,-0.04517866,-0.49606409,0.45179921,0.32905697,1.30044877,0.16468587,1.46513464,0.94243766,-0.31693629,0.62550137,-8.40604301,-3.87939065,-1.7293946
66092324,gaba_low,GABA-A,0.0035,0.66195604,0.66993595,0.39434494,0.51848682,0.32822235,0.345001,0.46267979,0.31018983,0.3117857,0.3752737,0.34898688,0.51922479,-0.11485153,-0.28553826,0.590647,0.78750358,0.46218714,0.38718777,0.52224366,0.6131276,0.19829531,-0.37967817,0.40939318,0.33158005,2.5079757,2.06791475,4.57589046,2.7381121,1.45418256,4.19229467,-18.07295049,-14.17142361,-11.59091269
66847819,gaba_low,GABA-A,0.0035,0.84795159,0.77563953,0.65980489,0.68401986,0.3763599,0.38308311,0.93394448,0.50904338,0.14410774,0.20642943,0.78626413,0.55792796,-0.16361044,0.00699684,0.51512702,0.57540018,0.2454088,0.20788451,0.48041982,0.56787782,0.25353998,0.45513214,0.28215037,0.28778636,3.74843273,1.61303555,5.36146828,3.11614327,2.10107785,5.21722112,-18.61775783,-15.32250934,-14.42464313
67342911,gaba_low,GABA-A,0.0035,0.39842251,0.54947747,-0.0189497,-0.09253017,0.49208316,0.54749062,0.55930399,0.50146166,0.13879267,0.21248976,1.07834009,1.20355851,0.02099657,0.02515774,0.09540431,0.00450303,-0.43979668,-0.28206096,0.52766519,0.45180792,0.13611052,0.23462757,-0.56508487,-0.40274663,2.64799271,-0.22470496,2.42328775,2.92194784,0.03128867,2.95323652,-16.521897,-17.25238961,-8.16514804
67844279,gaba_low,GABA-A,0.0035,0.4698481,0.68681682,0.12408861,0.22005871,0.41609958,0.59819045,0.22369452,0.26013532,0.11450962,0.21195063,0.80695008,0.95798945,-0.45715831,-0.33043421,-0.17415662,-0.10427983,-0.28446306,-0.44472157,-0.00499937,0.20044651,0.05694367,0.22125814,-0.11234205,-0.43021818,2.1551905,-0.97617574,1.17901477,2.93514139,-0.88794916,2.04719223,-15.63125596,-11.22828934,-5.66010461
68000499,gaba_low,GABA-A,0.0035,0.34294028,0.19372413,0.07397045,0.07230456,-0.02009477,-0.20854381,0.01990676,-0.16025783,0.09913099,-0.09573525,0.65040476,0.3571676,0.32017832,0.35511072,-0.09285315,-0.10206461,0.36582257,0.0714476,0.30170944,0.14705832,-0.20047668,0.30264136,0.47872665,0.32413805,1.16625847,1.17310715,2.33936562,0.15865939,1.09833144,1.25699083,-6.36486688,-7.98230098,-3.47534516
69159223,gaba_low,GABA-A,0.0035,0.61414248,0.50359625,0.29493569,0.27451614,0.56907374,0.64375311,-0.05065548,-0.03630525,0.2862165,0.55574402,0.2556668,-0.0599582,-0.09285071,-0.28022281,1.13441092,1.09902431,0.31009224,0.24496083,0.34326696,0.3519154,-0.05547765,-0.21470751,0.35993457,0.3159971,1.96937973,1.99937633,3.96875606,1.88134607,1.51696732,3.39831339,-11.40395529,-9.26868464,-9.39570257
69366941,gaba_low,GABA-A,0.0035,0.30747824,0.4628938,-0.07276304,-0.04231577,0.27656042,0.38469986,0.38315771,0.47011687,-0.38755008,-0.34743025,0.3159457,0.56320175,0.33034367,0.36271084,0.23014784,0.40804094,0.16200984,0.35766756,0.38690401,0.25017206,-0.26571543,0.09844239,0.2704328,0.31800604,0.82282895,1.11412273,1.93695168,1.49116626,1.79503983,3.28620609,-12.00482977,-15.44123498,-9.08574681
69973472,gaba_low,GABA-A,0.0035,0.94496149,0.90174527,0.18295046,0.22575801,0.86249761,0.96300455,0.74054665,0.61524818,0.33067298,0.37806338,0.45943327,0.31921452,-0.07079499,0.27475921,-0.04333575,-0.0710894,0.3088987,0.38899585,0.25905797,0.39659727,-0.12000472,-0.01759604,0.18914358,0.25007356,3.52106247,0.5229648,4.04402727,3.40303391,1.22174046,4.62477437,-12.91153346,-10.78552285,-12.78663837
70910152,gaba_low,GABA-A,0.0035,0.32090882,0.37259331,0.08414941,0.11955713,0.57739077,0.59979515,-0.21774398,-0.23015694,0.36838958,0.33050705,0.25815844,-0.03720392,0.02343576,0.05316198,0.25481209,0.05394839,0.52507447,0.4622628,0.74839156,0.5069989,-0.38876981,-0.51382429,0.4950658,0.49102887,1.39125305,1.65800987,3.04926292,1.15509177,1.05357665,2.20866842,-6.62928548,-6.59199652,-6.10655615
72155879,gaba_low,GABA-A,0.0035,1.41153299,1.12286675,0.13885577,0.17827524,1.10625042,0.94597625,0.2166934,0.22357505,0.56395864,0.5954806,0.92650106,0.41772927,-0.2253292,-0.16049902,0.28069942,-0.00102617,-0.01280309,-0.02745189,0.48480921,0.38372676,0.01895925,-0.18747623,0.16474869,0.12530445,4.36379227,0.71108427,5.07487654,3.48390317,0.1325779,3.61648107,-15.09983922,-8.91818169,-9.99889551
72358748,gaba_low,GABA-A,0.0035,0.18371058,0.04558177,0.19943426,0.17863004,0.48724382,0.48611491,0.69702709,0.64617582,0.08685662,0.25787319,0.20442041,0.0334907,-0.17275818,0.17220159,-0.13247401,0.02361332,0.09181408,0.15516687,0.04700732,-0.24426266,0.02702796,0.00696763,0.3165949,0.44466006,1.85869279,0.17721208,2.03590487,1.64786642,0.55834681,2.20621323,-9.61334038,-6.98959782,-6.09976801
79630427,gaba_low,GABA-A,0.0035,1.14668485,1.16650576,0.45653277,0.37961084,0.82988018,0.90116343,0.97754927,1.01484078,0.38725005,0.55393922,0.86285709,1.32251395,-0.12609515,0.01456341,0.43803686,0.26888689,0.22503001,0.18516773,0.44663736,0.25607493,0.08659883,0.0870017,-0.11061875,-0.19343876,4.6607542,0.95958916,5.62034337,5.33857399,0.61825589,5.95682988,-26.25565743,-21.95481417,-16.46952338
80301458,gaba_low,GABA-A,0.0035,0.06157182,-0.05114779,-0.26005075,-0.28668848,-0.14511209,-0.28494074,0.04008332,0.08591407,-0.3122629,-0.49494826,0.58999148,0.49582413,-0.18892906,-0.18551604,0.4461027,0.54614129,0.60306055,0.18279405,0.25062909,0.54486056,-0.41429854,-0.1848587,0.61624949,0.33654766,-0.02577912,1.31281423,1.28703511,-0.53598707,1.23996882,0.70398175,-4.39487137,-8.19118778,-1.94637822
80461839,gaba_low,GABA-A,0.0035,0.86546579,0.49925919,0.30694958,0.28132268,0.73592614,0.53182705,0.4727426,0.23507016,0.02325548,-0.09250185,0.59656093,0.17302208,-0.17818961,0.0470815,-0.14091441,-0.10808419,0.62482299,0.41278732,-0.2812295,-0.46006885,-0.07955412,-0.32773195,0.23080365,0.13975699,3.00090052,0.175739,3.17663952,1.6279993,-0.29625917,1.33174013,-7.57627843,-4.51554196,-3.68201302
82149344,gaba_low,GABA-A,0.0035,0.80492016,0.80227011,0.07485244,0.08967439,0.50076415,0.55738463,0.03450575,0.10318896,0.19601772,0.0681862,0.90222077,1.23838326,-0.50658154,-0.46354444,0.22694488,0.21092566,0.45649858,0.4795261,0.60295891,0.64162825,0.25442738,0.37628305,0.3439167,0.35277998,2.513281,1.37816491,3.89144591,2.85908755,1.59759859,4.45668614,-15.42183645,-15.78065615,-12.3219058
83490451,gaba_low,GABA-A,0.0035,0.72982973,0.70264793,0.12206634,0.04925086,0.60447348,0.68003922,0.2731275,0.22692051,0.25402293,0.24326899,0.6014225,0.56719309,0.23614001,0.81112465,1.17040612,1.26265018,0.89537481,0.61830968,0.38507984,0.66318256,0.25094121,-0.01088809,0.86152961,0.5504692,2.58494248,3.7994716,6.38441408,2.4693206,3.89484819,6.36416879,-21.80220595,-28.97355681,-17.59573948
84037702,gaba_low,GABA-A,0.0035,-0.32360992,-0.28426638,0.1232738,0.17087394,-0.00755878,0.02460671,0.0469239,0.13402095,0.16777671,0.62353673,0.4012967,1.00590287,-0.28346521,0.01745172,0.17866488,0.3447087,-0.09681294,-0.05798186,-0.16094181,0.0354864,0.2668604,0.32428978,-0.00634441,0.03957234,0.4081024,-0.1020391,0.3060633,1.67467483,0.70352709,2.37820192,-17.01114682,-18.80615765,-6.57528465
84828767,gaba_low,GABA-A,0.0035,0.65337915,0.64446397,0.11320331,0.18414881,0.07501671,0.18610837,0.21543922,0.15198578,0.63301446,0.55893243,-0.13084943,-0.19643223,-0.33489415,-0.1850191,0.33183839,0.58010099,-0.29833334,-0.6711141,0.38063768,0.52982577,-0.2333987,0.03509997,-0.31379442,-0.57806781,1.55920343,-0.46794455,1.09125888,1.52920714,-0.28917427,1.24003286,-4.19289806,1.14952889,-3.42845954
90973178,gaba_low,GABA-A,0.0035,0.57139397,0.4625385,-0.42647469,-0.43276551,0.41518905,0.47637616,-0.35832118,-0.4710684,-0.24914488,-0.45098152,0.45553344,0.44286056,0.00377682,0.32931934,0.00834936,0.35391751,0.05165108,0.16062294,0.25511084,0.52326827,0.00932758,-0.10219182,0.03566609,0.2799705,0.40817572,0.36388176,0.77205748,0.02695977,1.54490674,1.57186651,-7.08875227,-14.25046921,-4.34591767
92159995,gaba_low,GABA-A,0.0035,0.30097897,0.10011188,-0.11919797,-0.1187748,0.20447937,0.11531688,-0.20058726,-0.32013352,0.41456314,0.41364783,0.2914622,0.12424602,-0.34890952,-0.48694478,-0.17428753,-0.71424221,0.26472981,0.15957325,0.77309755,0.79642481,-0.01350921,0.1522278,0.05618344,0.04196811,0.89169846,0.55730456,1.44900301,0.31441429,-0.05099302,0.26342127,7.56882603,8.03402534,-0.72831067
92432902,gaba_low,GABA-A,0.0035,0.64420444,0.26751535,-0.12121408,-0.18703955,0.26989478,0.28922206,0.76430275,0.5044641,0.3964283,0.16448283,0.68008265,0.31724483,-0.24447986,0.02131952,0.81230293,0.88002884,0.30902951,0.11427258,0.86568096,0.70804924,0.06634403,-0.28860734,0.53907413,0.25864037,2.63369885,2.34795169,4.98165055,1.35588963,1.69370321,3.04959283,-10.88312395,-12.72954213,-8.43155529
92523261,gaba_low,GABA-A,0.0035,0.80598685,0.5543226,-0.26387848,-0.20850674,0.70914604,0.92476805,0.05180502,0.22697255,-0.41479089,-0.34787793,0.5892471,0.18461501,0.3695731,0.52938756,0.48538652,0.61685168,0.31203311,0.33144688,0.54792933,0.23108487,-0.07791684,-0.21399739,0.34650404,0.31004001,1.47751565,1.98350925,3.4610249,1.33429354,1.8048136,3.13910714,-11.2804071,-16.50150892,-8.67904565
94345446,gaba_low,GABA-A,0.0035,0.30487961,0.42381416,0.50152147,0.45982117,0.35991113,0.29297049,0.49103269,0.40294799,-0.20310582,-0.17812144,0.18646354,-0.28306055,-0.02483218,0.15940796,-0.00638956,0.09602839,-0.31075772,-0.27124592,0.01893591,0.08039176,0.11475585,0.09006807,0.01891327,0.06473386,1.64070263,-0.18937443,1.45132819,1.11837181,0.21938411,1.33775593,-6.89029178,-1.94385175,-3.69864558
94998851,gaba_low,GABA-A,0.0035,0.56806836,0.66911594,0.4059275,0.58622706,0.38400613,0.47305785,0.47894995,0.48558085,0.25640399,0.32512061,0.20822505,0.30456435,-0.13115798,0.03783443,0.21536146,0.15328561,0.11674251,0.17667437,0.27238668,0.40860743,-0.03305834,-0.11711366,-0.16454173,-0.0710551,2.301581,0.27573261,2.5773136,2.84366665,0.58823308,3.43189974,-12.92423033,-8.69779307,-9.48856255
97970921,gaba_low,GABA-A,0.0035,0.35361318,0.76222943,-0.36878883,-0.26745745,0.52834714,0.95353936,-0.11557136,-0.19186835,-0.12141397,0.1301163,0.21295053,0.36794177,-0.23870673,-0.1278136,0.07421455,0.50231909,0.52953265,0.53176606,0.10422561,0.20852788,0.31192029,0.09875507,0.31675814,0.45036353,0.48913668,1.09794452,1.58708121,1.75450105,1.66391804,3.41841909,-7.49737548,-10.21874724,-9.45129108
110841481,gaba_low,GABA-A,0.0035,0.34187232,0.25833672,0.2002651,0.21695893,-0.03238124,0.08076189,-0.25894644,-0.20142867,0.20976921,0.51208557,0.49960115,0.77271946,-0.10306528,-0.12575708,0.01644412,-0.05158209,0.45883096,0.47383925,-0.29762642,-0.35984642,-0.17263929,-0.27039027,0.22403094,0.41852125,0.9601801,0.12597504,1.08615514,1.6394339,0.08478463,1.72421854,-13.63929581,-11.28546304,-4.76714261
110937433,gaba_low,GABA-A,0.0035,0.89122028,0.96008946,-0.16034372,-0.16542321,0.46295803,0.35887477,0.39218872,0.44408269,-0.2082778,-0.02085331,0.75018486,0.78292442,-0.09691622,-0.19549145,0.35131423,0.67517489,0.52496039,0.35951325,0.53997812,0.68653572,-0.31502167,-0.20617881,0.48092723,0.23545128,2.12793037,1.48524207,3.61317244,2.35969482,1.55500488,3.9146997,-12.90006871,-12.81288285,-10.8234144
111086310,gaba_low,GABA-A,0.0035,0.53858156,0.71928399,0.16002341,0.14311602,0.49296282,0.52451496,0.25317882,0.25636461,-0.13908109,-0.02931618,0.89763316,0.94181014,0.0432842,0.18777006,-0.03601751,-0.86920548,0.40422714,1.09028491,-0.04030247,0.15460655,0.87593882,0.74049837,0.06531491,0.64092676,2.20329868,1.31244509,3.51574377,2.55577354,1.94488119,4.50065472,-6.23944094,-8.63136688,-12.44347072
111096801,gaba_low,GABA-A,0.0035,1.17157056,1.37922076,0.56779657,0.45083909,0.79763838,0.83659809,0.1087589,0.16436788,0.67946858,0.94426243,0.60118551,0.79975285,0.41080445,0.33997612,0.5227165,0.81734052,0.26026652,0.14013638,0.11273433,0.28135931,0.43541691,0.084215,0.1142786,0.0366473,3.9264185,1.8562173,5.7826358,4.5750411,1.69967463,6.27471574,-26.67213987,-23.44285905,-17.34841847
111844771,gaba_low,GABA-A,0.0035,1.22730339,1.21911698,0.24283148,0.21617831,1.02517885,0.99679656,0.00295663,-0.08258427,0.22016788,0.24650029,0.77324897,0.67449382,-0.09023059,0.24671887,0.27506601,0.09627675,0.28161582,0.13298525,0.07028058,-0.06740324,-0.2208345,-0.30488849,0.30844689,0.24916826,3.49168719,0.62434421,4.1160314,3.27050168,0.35285741,3.62335908,-21.64348661,-18.22789357,-10.01791193
112091464,gaba_low,GABA-A,0.0035,0.4314573,0.52585078,0.41582513,0.1820413,0.35488054,0.41750887,0.20621989,0.21494897,0.3030645,0.27582119,0.65468739,1.21850667,0.50373241,0.25385645,0.79523246,0.62599379,0.89093118,0.84595329,0.5033772,0.62680146,-0.14522318,-0.12128973,0.86517944,0.86226719,2.36613476,3.41322952,5.77936428,2.83467778,3.09358245,5.92826023,-25.12582628,-28.91153138,-16.39053363
112517217,gaba_low,GABA-A,0.0035,1e-08,-0.14106715,-0.0,0.05737142,0.0,0.21087171,1e-08,-0.08051608,0.0,0.29295355,1e-08,0.16301964,-0.03419895,0.61575901,0.29942052,0.22006803,0.3263724,0.20449433,0.25581158,0.16022026,-0.14237303,0.0743845,0.30327688,0.25338865,3e-08,1.0083094,1.00830943,0.50263307,1.52831478,2.03094785,-8.33623846,-13.27250076,-5.61519194
112917188,gaba_low,GABA-A,0.0035,5e-08,0.23768643,6e-08,0.12213979,3e-08,0.13538247,3e-08,0.02617519,3e-08,0.07856773,1e-08,0.1847996,0.20954409,0.36775133,0.44781987,0.2327547,0.69699411,0.9099302,0.8733451,0.61855963,-0.09797037,-0.15533484,0.64232284,0.77286557,2e-07,2.77205564,2.77205585,0.78475121,2.74652659,3.5312778,-6.40245364,-10.63369619,-9.76332437
112957066,gaba_low,GABA-A,0.0035,0.17453795,0.07950477,0.04582241,-0.06260729,-0.07414273,-0.04726268,0.31036306,0.42814501,0.55132426,0.63935087,0.19211494,0.56121758,0.11888615,0.10170466,-0.01316926,0.22688895,0.2009416,0.44150138,0.41754947,0.51497039,0.25775502,0.07163572,0.16293115,0.42156464,1.2000199,1.14489413,2.34491403,1.59834826,1.77826574,3.376614,-8.63327611,-10.23958359,-9.3357078
113174215,gaba_low,GABA-A,0.0035,0.59585297,0.60452755,0.27417227,0.22208305,0.49614192,0.42488628,0.55676215,0.67148139,0.25503099,0.29252339,0.50796929,0.53433356,-0.00025304,0.38328475,-0.44674635,-0.49845693,0.09430044,0.11614307,0.05572026,0.29238728,0.37267471,0.03825179,-0.20394343,-0.13687855,2.6859296,-0.1282474,2.5576822,2.74983522,0.1947314,2.94456663,-10.26716399,-8.30657677,-8.14117742
113237194,gaba_low,GABA-A,0.0035,6e-08,0.15513394,3e-08,-0.10387334,2e-08,0.0490945,5e-08,0.0702513,7e-08,0.00179225,1e-08,0.21863474,0.03574226,0.25701327,0.48977992,0.69963905,0.30358237,0.43508773,0.41491728,0.59691339,-0.19694252,0.00887196,0.20688268,0.38226051,2.4e-07,1.25396199,1.25396223,0.39103338,2.37978592,2.7708193,-5.79371202,-10.99342523,-7.66079848
113387068,gaba_low,GABA-A,0.0035,0.28486019,-0.01991084,-0.26450067,-0.26940858,0.43141258,0.37337114,-0.37678894,-0.2395101,-0.74593266,-0.41368669,0.27551288,-0.17860163,-0.01859128,0.03431077,-0.32719889,-0.13862645,0.19977056,-0.18431241,0.88815891,1.06508715,-0.31923426,-0.16143205,0.07740799,-0.17119318,-0.39543661,0.50031303,0.10487641,-0.7477467,0.44383384,-0.30391286,5.24918721,0.28984099,0.84026236
114552708,gaba_low,GABA-A,0.0035,0.01038942,0.28036475,0.00536402,-0.03509943,-0.70078446,-0.47475839,0.24860741,0.08247176,0.08016764,0.13920121,0.28099496,0.68600347,-0.00776613,0.03603175,-0.73774806,-0.42605915,-0.01941117,0.01296608,-0.27949749,0.05932001,-0.08006189,-0.34632131,0.06911604,0.18877325,-0.07526102,-1.05536869,-1.13062971,0.67818336,-0.47528938,0.20289398,-8.16268631,-5.15184016,-0.560964
115212275,gaba_low,GABA-A,0.0035,0.657436,0.72913001,0.21918213,0.11784212,0.4896877,0.40237851,0.36962128,0.33740565,0.4864057,0.57752961,0.64622885,0.97355381,-0.14202013,-0.05363694,-0.28061193,-0.18669215,0.56765541,0.57643738,-0.16380482,-0.1086559,-0.20855034,0.03558426,0.35674312,0.48539676,2.86856166,0.1294113,2.99797296,3.1378397,0.74843342,3.88627312,-15.79088103,-12.71584785,-10.74482021
115364303,gaba_low,GABA-A,0.0035,1.60746764,1.33351616,1.75401045,1.63575912,2.00754571,1.87081419,1.62962406,1.52131249,2.11908337,2.03186869,2.04627152,1.96393111,0.65988167,0.43691322,0.51328245,0.48080304,0.93907039,0.90756436,1.23061276,1.01839612,0.47472036,-0.07156958,0.87463372,0.90456147,11.16400275,4.69220136,15.8562041,10.35720176,3.67666864,14.0338704,-61.57366582,-53.19937746,-38.80103364
117385823,gaba_low,GABA-A,0.0035,0.03870171,0.35058754,0.26172514,0.28476836,0.14436936,0.23681824,0.33532714,0.24038725,-0.00877073,0.2877327,0.13611779,0.63588261,-0.34069441,-0.31044653,0.1490964,0.06192355,-0.05329044,-0.05753761,0.51076503,0.59125613,0.49422648,0.14158817,0.07758399,0.0788894,0.90747041,0.83768705,1.74515746,2.0361767,0.50567311,2.54184981,-11.8649671,-8.98070236,-7.02774056
118382279,gaba_low,GABA-A,0.0035,0.50859891,0.50936904,0.1556393,0.02997387,0.46589624,0.4391021,0.36318466,0.44312764,-0.00274693,0.052163,0.60042818,0.89310156,-0.21307767,-0.10243201,-0.14629592,-0.07494052,-0.14892606,-0.29757362,-0.14939255,-0.00310483,0.17628058,-0.01709329,-0.12393575,-0.24347076,2.09100036,-0.60534738,1.48565299,2.36683721,-0.73861501,1.62822219,-14.89775795,-12.03498937,-4.50173062
121801833,gaba_low,GABA-A,0.0035,1.25521438,1.28329229,0.16216133,0.21692378,2.11336165,2.07270538,1.51666995,1.47671535,-0.04537293,-0.06734971,1.80075123,1.57090329,0.34869253,0.56889943,0.39192111,0.13211149,0.7297655,0.7058635,1.19251885,1.22725747,0.14800006,0.13413831,0.81878279,0.64397687,6.80278562,3.62968083,10.43246645,6.55319038,3.41224707,9.96543745,-36.46109362,-39.9520949,-27.55257549
122083369,gaba_low,GABA-A,0.0035,0.82050781,1.10610913,-0.08340441,-0.02172719,0.37600113,0.28979959,0.75446855,0.66303431,-0.0317131,0.04953741,0.30342017,0.57051211,-0.15709996,-0.12813299,-0.5995287,-0.54371783,-0.03069589,0.43688104,0.2632497,0.33616208,-0.05268341,0.08267784,0.30270414,0.69453693,2.13928015,-0.27405412,1.86522603,2.65726536,0.87840707,3.53567244,-8.6238312,-2.62393114,-9.77547471
122408481,gaba_low,GABA-A,0.0035,0.80014748,1.04567011,0.14060356,0.19268509,0.56573659,0.29073095,-0.02204699,0.21809767,-0.23587461,-0.162848,0.15017394,0.23322988,0.08633551,0.2588239,0.30787427,0.32371514,0.1958618,0.54807038,-0.13435325,-0.00162308,0.34852215,-0.01949757,0.06284283,0.55305857,1.39873997,0.86708332,2.26582329,1.81756571,1.66254733,3.48011304,-10.5234615,-8.41370844,-9.62186334
123660597,gaba_low,GABA-A,0.0035,0.37747603,0.55528053,0.03695086,0.15937682,0.19346093,0.17100178,0.03537655,0.10360721,0.21979966,0.27881901,0.40596985,0.71978724,0.31981905,1.04398868,-0.24010423,0.04397183,0.23645293,0.18633865,0.38362848,0.82508893,-0.0240414,-0.21387499,0.20631119,0.03082204,1.26903388,0.88206602,2.15109989,1.98787258,1.91633513,3.90420772,-17.79441027,-22.79564113,-10.79440601
123930959,gaba_low,GABA-A,0.0035,0.28663611,0.52666181,-0.17922215,-0.26350877,-0.01481141,0.19632145,0.2922198,0.35918181,-0.11607865,-0.27935906,-0.21107819,0.1489897,-0.19350021,0.18696493,0.12762212,0.67208436,-0.23776011,0.17626303,0.09343088,-0.06056174,-0.05467954,-0.08529569,-0.1701865,0.33573347,0.05766552,-0.43507335,-0.37740783,0.68828694,1.22518835,1.91347529,-6.83082066,-7.76900969,-5.29040222
124782577,gaba_low,GABA-A,0.0035,1.10521369,1.14928772,0.20442424,0.09115537,0.48217328,0.60900758,0.00678707,0.11394808,0.03339401,0.06234643,0.80633833,1.16395975,0.32855922,0.23983668,-0.44637638,-0.39703446,0.29182314,0.20329107,0.46560242,0.52881249,-0.20464171,-0.25783495,0.36256234,0.36097711,2.63833063,0.79752904,3.43585966,3.18970493,0.67804793,3.86775286,-21.70903436,-19.74129901,-10.69361513
125237313,gaba_low,GABA-A,0.0035,0.52666603,0.76203507,0.36390317,0.47301674,0.67214917,0.6878459,0.26136584,0.1379494,-0.18725084,-0.1801428,0.18322378,0.28073092,0.36952145,-0.22374695,0.29117848,0.4186386,-0.00231184,-0.17184256,0.16357945,0.23211165,0.09098993,-0.14569077,0.13714956,0.05150512,1.82005716,1.05010703,2.87016419,2.16143523,0.1609751,2.32241033,-15.52350914,-10.50321136,-6.42103131
125339679,gaba_low,GABA-A,0.0035,-0.12666011,-0.08319518,0.19441029,0.2845747,0.12796115,0.14117948,-0.02411398,-0.03060765,-0.05785206,0.17443205,0.60366324,0.66673429,-0.00687596,0.33063856,0.50245637,0.48391889,0.4177195,0.45700061,0.60585014,0.81488235,-0.33411175,-0.4579093,0.53868269,0.59701991,0.71740852,1.72372099,2.4411295,1.15311769,2.22555102,3.37866871,-18.76912445,-23.01181322,-9.34138869
125524260,gaba_low,GABA-A,0.0035,0.49015215,0.41046429,0.33519358,0.13876812,0.30419414,0.36481097,0.29445856,0.18590242,0.08796693,-0.00802139,0.9746501,0.93468797,-0.41217634,0.12561289,0.06058505,0.06563322,0.39111112,0.34102735,0.09239306,0.57404825,0.0379115,0.20058924,0.37370567,0.41718199,2.48661546,0.54353006,3.03014552,2.02661238,1.72409294,3.75070532,-15.90123603,-18.13933431,-10.37000051
130293488,gaba_low,GABA-A,0.0035,0.35584053,0.40834634,0.21440761,0.15561705,0.24151372,0.33894932,0.24603619,0.11323534,0.02677743,0.0647796,0.45847883,0.28805992,0.81333746,0.8304,-0.20360078,-0.02414904,0.27933506,0.30892583,0.32082416,0.4329461,0.3146277,0.13572377,0.72366448,0.71276519,1.5430543,2.24818808,3.79124239,1.36898756,2.39661186,3.76559942,-14.44570034,-17.33615801,-10.41117993
130597088,gaba_low,GABA-A,0.0035,0.53072397,0.75536829,0.34824837,0.45482401,0.35724306,0.42346244,0.3755,0.42953712,-0.07177428,0.123962,0.80273957,1.22917628,0.54396529,0.32708886,0.41158996,0.18541457,0.20079239,0.04875952,1.33960165,1.37473281,-0.21120884,-0.30027909,0.16550066,0.00764354,2.34268069,2.45024111,4.7929218,3.41633014,1.6433602,5.05969034,-26.32632689,-27.04605937,-13.98909991
134330542,gaba_low,GABA-A,0.0035,0.3740494,0.24442118,0.24483727,0.35564062,0.20830877,0.35061034,-0.37972859,-0.61548611,0.10708226,0.16152693,0.11845658,0.06043672,-0.2756494,-0.17626964,0.22620139,-0.02125458,0.15539165,0.09846618,0.05803984,0.27675066,-0.06810546,-0.21713949,0.17298692,0.04177731,0.67300569,0.26886495,0.94187064,0.55714968,0.00233045,0.55948012,-4.86518999,-3.72415803,-1.54685817
135517362,gaba_low,GABA-A,0.0035,0.15246875,0.17516432,0.06586376,0.11771116,0.19773745,0.17211475,0.23224263,0.23692826,-0.00159938,0.04616657,0.12976195,0.44777327,-0.160136,0.56884005,-1.14677655,-0.93657893,-0.35420431,-0.31307565,0.21405649,0.3773285,-0.1752864,-0.08582051,0.28862217,0.19229406,0.77647515,-1.33372459,-0.55724944,1.19585832,-0.19701248,0.99884584,-11.43875581,-10.03774895,-2.76162242
135672596,gaba_low,GABA-A,0.0035,0.01245736,0.2616082,0.15609568,0.17434391,-0.26690303,-0.13988474,0.2586508,0.26461424,0.2057733,0.09310147,0.6061812,0.73927698,0.05538067,0.59964507,0.63004998,0.84136359,0.39997978,0.65537509,0.55763019,0.54563931,-0.35367382,-0.20591021,0.18292156,0.22518083,0.9722553,1.47228835,2.44454365,1.39306006,2.66129367,4.05435373,-15.41623168,-21.55547784,-11.20953174
135736530,gaba_low,GABA-A,0.0035,-0.0759061,-0.31712964,-0.09868436,-0.24333112,0.09713471,0.15422701,-0.3288637,-0.09621689,0.54142878,0.48717297,0.01362384,-0.35242168,-0.26214072,-0.13879127,-0.1192469,-0.3476519,-0.17205249,-0.08926479,-0.11899254,-0.02431125,0.01420661,0.07592947,-0.13464987,0.04810373,0.14873317,-0.7928759,-0.64414273,-0.36769934,-0.475986,-0.84368534,7.54263632,7.86930759,2.33263259
136295480,gaba_low,GABA-A,0.0035,0.75242471,0.90321725,0.14269296,0.24047196,0.92582074,1.04411826,0.17055236,0.35259029,0.62475894,0.37873472,0.79032573,0.77176269,-0.09437286,0.31722095,0.65274275,0.51934831,0.58684506,0.60643245,0.61227663,0.84979734,0.2617796,-0.12894294,0.68144579,0.72262616,3.40657544,2.70071697,6.10729241,3.69089517,2.88648227,6.57737744,-24.17927648,-25.57913297,-18.18522161
136348275,gaba_low,GABA-A,0.0035,0.41114666,0.74071593,0.2227068,0.19775271,0.29316076,0.30860832,0.52612346,0.58755186,-0.0449137,-0.1268758,1.10723966,1.30674419,-0.07793907,-0.32841504,0.07976839,-0.15160065,-0.01911275,0.03201673,-0.1352691,0.06286456,0.31023951,0.05623905,-0.22555989,-0.23069085,2.51546363,-0.06787292,2.44759071,3.0144972,-0.5595862,2.45491099,-16.59049551,-12.89084367,-6.78737094
136981533,gaba_low,GABA-A,0.0035,-0.17294991,-0.06085275,0.16804897,0.30790652,-0.34861062,-0.27790077,0.07262505,-0.14001621,-0.63339707,-0.7031841,0.30491568,0.5502025,-0.32710859,-0.39985546,-0.64176166,-0.35804757,0.16069994,0.27192417,0.25489328,0.5267364,-0.25366096,-0.17532401,0.51914834,0.36546203,-0.6093679,-0.28778965,-0.89715755,-0.32384481,0.23089555,-0.09294927,-4.30064971,-3.82991118,0.25698738
137280633,gaba_low,GABA-A,0.0035,-0.0038317,0.15214135,0.1204658,0.09337876,0.03066535,0.18358815,-0.00072527,-0.02571106,0.43610239,0.4399713,-0.06171452,0.29734107,-0.69279205,-0.66193945,-0.39859978,-0.50711486,-0.11470758,0.16064153,0.57998874,0.74476732,-0.08905025,-0.08112859,-0.24470937,0.06311733,0.52096205,-0.9598703,-0.43890825,1.14070957,-0.28165672,0.85905284,1.05552923,4.3227839,-2.37512086
138390224,gaba_low,GABA-A,0.0035,0.90408951,1.34256295,0.31309295,0.23190856,1.0307175,0.9947806,0.95742445,0.89349071,0.45607272,0.30031522,0.65744035,0.9113002,0.50137188,0.11454065,0.39952964,0.21499009,0.23382069,0.59022638,0.41906206,0.35787523,0.33002829,0.42588404,0.18219866,0.56350244,4.31883747,2.06601123,6.3848487,4.67435824,2.26701884,6.94137708,-20.93589997,-17.95641582,-19.1916127
140267022,gaba_low,GABA-A,0.0035,0.58723733,0.54848599,0.49940362,0.52734307,0.61558145,0.59128283,0.12729114,0.14330873,0.42809979,0.56157032,1.00364763,0.89680805,-0.1268759,-0.14163934,1.22798673,0.60073951,0.45568366,-0.01609893,0.01865411,0.31850365,-0.1607484,-0.49432558,0.13747713,-0.24965272,3.26126095,1.55217732,4.81343828,3.26879898,0.01752658,3.28632556,-23.60807495,-20.50366033,-9.08607711
141253295,gaba_low,GABA-A,0.0035,0.66517051,0.97577894,0.23902007,0.22140796,0.31425701,0.3178401,0.00728241,-0.16091911,0.3160613,0.27510766,0.13966359,-0.08147659,-0.71708362,-0.8442638,0.76415363,0.77238069,0.29324101,0.09669063,0.12879755,0.49938261,0.11525287,-0.18395118,0.32387089,0.28184985,1.68145488,0.90823233,2.58968721,1.54773896,0.62208881,2.16982777,-4.86950339,2.51937389,-5.99916901
141542924,gaba_low,GABA-A,0.0035,0.30422058,0.59591884,0.19420381,0.13806277,-0.15688779,-0.08315442,0.2047169,0.16390304,0.12131805,0.2125863,-0.02313183,0.53298644,0.0444083,0.43356683,0.27786156,0.42510083,-0.06700443,-0.02176149,0.06486937,0.15874569,0.05105232,0.11396395,0.21233339,0.33925638,0.64443971,0.58352051,1.22796021,1.56030298,1.44887219,3.00917516,-16.16957434,-15.26130192,-8.31980797
141831212,gaba_low,GABA-A,0.0035,0.28357718,0.32958347,0.18684772,0.3401161,0.09886964,0.1327248,0.29432152,0.14073029,-0.08199289,0.01579109,0.77378326,0.56178978,-0.22245029,-0.16271902,0.49644893,0.67890797,-0.27398106,-0.63235782,0.49748872,0.75037834,-0.0245715,0.09579257,0.12127236,-0.42082356,1.55540641,0.59420716,2.14961357,1.52073554,0.30917848,1.82991402,-15.0765851,-13.51519218,-5.05937089
142392893,gaba_low,GABA-A,0.0035,0.20309629,0.45393941,-0.0030859,-0.07950277,0.09107641,0.18002805,0.20822201,0.28769836,0.0474037,-0.10088804,1.14254584,1.12224661,0.09916658,0.24607695,0.06143504,0.17913964,0.04097529,-0.03585598,-0.05155816,0.15412039,-0.00064413,0.43773796,-0.07445967,-0.19616846,1.68925835,0.07491495,1.7641733,1.86352163,0.7850505,2.64857213,-14.05553728,-17.33951505,-7.32280784
143669176,gaba_low,GABA-A,0.0035,0.38037695,0.52563061,0.01832002,0.06666004,0.08558976,0.07459029,0.25446118,0.22631035,0.16648867,0.02629944,0.73898212,0.99702723,0.22802087,-0.1663021,0.04809181,0.37498589,0.5972254,0.71536052,0.07584647,0.20308476,-0.37354088,0.01036489,0.48025383,0.8641751,1.64421871,1.0558975,2.70011621,1.91651795,2.00166907,3.91818702,-16.51819617,-16.38933762,-10.83305618
144855245,gaba_low,GABA-A,0.0035,0.41029392,0.42144286,-0.1812079,-0.46073873,0.39367345,0.30714501,0.19014844,0.14124142,-0.03035179,0.15326907,0.52561714,0.65682121,-0.53073387,-0.72245856,-0.23445629,-0.34780775,0.16815167,0.00388242,0.17323081,0.4417163,0.16693946,0.20752857,0.19423706,-0.11010647,1.30817325,-0.06263116,1.24554209,1.21918084,-0.5272455,0.69193534,2.04655303,3.23244412,-1.91307214
144964754,gaba_low,GABA-A,0.0035,0.17489543,0.16178241,-0.15547638,-0.28461198,-0.01183008,-0.19666583,0.38358103,0.2794651,-0.37412651,-0.34632616,0.62091388,0.93044707,0.0331672,-0.01892764,0.21023713,-0.18295663,0.40001169,0.59185384,-0.17807729,-0.10572945,0.09959094,-0.02757238,0.34844151,0.58200856,0.63795736,0.91337117,1.55132853,0.54409062,0.8386763,1.38276692,-7.12501712,-9.37149581,-3.82309258
146042158,gaba_low,GABA-A,0.0035,0.23861972,0.43320722,0.26258624,0.22521066,0.1514026,0.17321535,0.00278244,0.0305347,0.13199065,-0.00991964,0.58123336,0.64901349,-0.76338209,-0.58467147,0.03427986,-0.26519147,0.0656464,0.33723562,0.03528432,0.29399122,-0.59872941,-0.24938277,0.10603834,0.35045762,1.36861502,-1.12086258,0.24775244,1.50126179,-0.11756125,1.38370054,-8.19482324,-3.84750297,-3.82567386
146061521,gaba_low,GABA-A,0.0035,0.11076028,0.41771843,0.09676857,-0.02114002,0.0108983,-0.08046856,0.27415225,0.48979583,0.06163547,0.12626096,0.6469386,0.52583444,-0.63061453,0.04667311,-0.41694035,-0.21814746,0.33351567,0.5528187,0.74029591,0.73873041,-0.50198202,-0.19075114,0.19729368,0.52986797,1.20115348,-0.27843163,0.92272184,1.45800108,1.45919159,2.91719266,-6.3504022,-6.0108578,-8.06549351
146750740,gaba_low,GABA-A,0.0035,0.3036807,0.44593991,0.09402644,0.14110569,-0.03079693,-0.0507979,0.06139236,-0.00688786,-0.20715606,-0.22255009,0.71840413,1.13471286,0.35132852,0.34491211,0.05664179,0.1858456,-0.03894121,0.21389559,0.46538347,0.5934798,-0.04988917,0.06350753,-0.21295978,0.00034751,0.93955064,0.57156363,1.51111427,1.4415226,1.40198815,2.84351075,-16.0127796,-20.33039012,-7.86177678
146906985,gaba_low,GABA-A,0.0035,0.19829956,0.18810311,0.12056888,-0.14802054,0.19304707,0.22799165,0.26450849,0.43968068,-0.01058484,-0.05808085,0.05223822,0.14478991,-0.0468502,0.20491435,0.00930512,0.02731297,-0.07483719,0.24929989,-0.1710794,0.08404979,0.04796833,-0.04265298,0.02380101,0.22568538,0.81807739,-0.21169233,0.60638506,0.79446396,0.7486094,1.54307337,-3.19337277,-4.36250484,-4.26631
147701848,gaba_low,GABA-A,0.0035,1.35949306,1.60630161,-0.11667137,-0.02236447,0.59143204,0.62181897,0.67200321,0.67025196,-0.04065675,-0.15087149,0.60985199,0.48199265,0.23642096,-0.27042946,-0.31618863,0.17136247,-0.05455475,-0.03109103,0.02985522,0.17213143,-0.03841476,0.03421273,-0.05294939,0.00260041,3.07545219,-0.19583135,2.87962084,3.20712922,0.07878656,3.28591577,-10.60492533,-3.15209157,-9.08494413
148868119,gaba_low,GABA-A,0.0035,0.23956692,0.41542668,0.51831736,0.50586823,0.15435331,0.31326647,-0.01170569,-0.09656802,0.6258236,0.68767695,0.16103863,0.58214808,-0.73363395,-0.69103536,0.44210543,0.08882002,0.58367176,0.61444882,0.71127003,0.93634375,0.1668129,0.1460798,0.53507865,0.59918917,1.68739412,1.70530481,3.39269894,2.40781838,1.69384621,4.10166459,-10.13003419,-6.71416911,-11.34033744
148952494,gaba_low,GABA-A,0.0035,0.39052717,0.34249118,0.02660522,0.02714739,0.28218559,0.26099385,-0.0940403,-0.18116076,-0.09725922,-0.20223845,0.6818966,0.43913853,0.25176256,0.21618849,0.67967651,0.45942532,-0.1690689,0.18717945,-0.21163113,0.02172865,0.4271732,-0.0130209,-0.09906076,0.192927,1.18991507,0.87885147,2.06876655,0.68637173,1.064428,1.75079974,-10.48409017,-13.30085074,-4.84063467
149709982,gaba_low,GABA-A,0.0035,-0.04761995,0.14525382,0.09028452,0.08863179,-0.21762704,-0.08085288,0.27171833,0.20977267,0.00804811,0.0869879,0.76188223,0.97743437,-0.11326424,0.23451743,0.55313341,0.53104569,-0.22582194,0.0067066,0.25642055,0.27740086,-0.60571316,0.28232675,-0.44638246,-0.31340365,0.8666862,-0.58162784,0.28505836,1.42722767,1.01859368,2.44582135,-13.3891722,-17.54467431,-6.76223976
149839536,gaba_low,GABA-A,0.0035,0.65956607,0.83282384,-0.04114297,-0.03153097,0.28527331,0.21202301,-0.34444893,-0.38061771,-0.05434504,-0.18962464,0.52788178,0.84636021,-0.93401519,-0.48879441,0.1282181,0.01370856,0.28916302,0.64921356,-0.0206488,0.04244185,-0.16410338,0.22059422,0.390045,0.7821145,1.03278422,-0.31134125,0.72144297,1.28943375,1.21927829,2.50871204,-8.92880048,-7.57007457,-6.93612078
150038288,gaba_low,GABA-A,0.0035,0.33397387,0.47208507,0.24909232,0.09293544,0.24240916,0.2686803,0.02542475,0.1258709,0.10074182,0.24674057,0.07975648,0.16435959,-0.35575601,-0.2384738,-0.32310226,-0.28678001,0.30774543,0.30796791,-0.27167162,-0.35551057,-0.22543941,-0.17329923,0.40777327,0.37894647,1.03139839,-0.4604506,0.5709478,1.37067187,-0.36714924,1.00352263,-4.43095171,0.86679852,-2.77455288
150237087,gaba_low,GABA-A,0.0035,0.52215341,0.5530415,0.02981537,-0.09026492,0.47899249,0.47219074,0.47037429,0.33355498,0.24377111,0.34702991,0.26354914,0.81455928,0.17253635,0.49460093,0.23473221,0.50652169,0.15234112,0.4665371,0.742079,0.6247718,0.15746513,0.34755176,0.48429386,0.82127154,2.00865581,1.94344767,3.95210349,2.43011148,3.26125482,5.6913663,-19.36830298,-23.51752601,-15.7355661
150299361,gaba_low,GABA-A,0.0035,0.44352289,0.82504461,0.11244769,-0.03387188,0.57022713,0.66507747,0.27847894,0.08323113,0.01415128,-0.08380949,0.70165414,0.54480738,0.31254821,0.33217744,0.43190309,0.57555018,0.25007673,0.06001914,-0.06830689,-0.0197776,0.00357102,-0.20715293,0.03043213,0.04946847,2.12048207,0.96022429,3.08070635,2.00047921,0.7902847,2.79076391,-16.29230954,-17.24852736,-7.7159416
151408587,gaba_low,GABA-A,0.0035,0.19604451,0.30131566,0.05914343,0.07418925,0.33748805,0.45635832,0.06737451,-0.05136677,-0.20323175,-0.39213154,0.46482456,0.86428689,-0.20073586,0.05159653,0.02260844,-0.0825985,0.57255102,0.66120756,0.22387985,0.41510762,0.24946933,-0.05056016,0.35748559,0.42948881,0.9216433,1.22525836,2.14690167,1.25265179,1.42424186,2.67689366,-11.05903304,-15.482699,-7.40111159
152769231,gaba_low,GABA-A,0.0035,0.82849166,0.85948385,0.37342728,0.32014099,0.72522222,0.5269365,0.52844762,0.47504855,-0.10773281,-0.02585237,0.02798395,0.40156224,-0.19196137,0.17993894,-0.01446188,0.02810176,0.11777175,0.20497963,0.13026656,-0.0078119,-0.19533089,-0.49835819,-0.06610709,-0.01356849,2.37583992,-0.21982292,2.15601701,2.55731976,-0.10671824,2.45060152,-13.96467522,-9.79237323,-6.77545605
152958814,gaba_low,GABA-A,0.0035,0.90505641,1.00904442,0.0639738,0.07280361,0.58652244,0.73163186,0.06578904,0.04347853,0.58245402,0.4472779,0.24756199,0.6869294,0.28339101,0.32208798,0.4995951,0.82587845,0.55750193,0.73175438,-0.00839368,0.16128191,-0.08544592,0.2872006,0.36430143,0.31184382,2.45135771,1.61094987,4.06230758,2.99116573,2.64004714,5.63121287,-15.608694,-18.95150593,-15.56925309
153450897,gaba_low,GABA-A,0.0035,0.42711496,0.66182309,0.04982255,0.19091936,0.01961573,0.19890597,-0.0919982,-0.08053958,0.28778012,0.32776428,0.29242383,0.43017646,-0.64407083,-0.07675739,0.43144672,0.18177112,0.2732002,0.11371124,0.39379407,0.3505085,-0.10050791,-0.37579245,0.39582666,0.32938085,0.98475899,0.74968891,1.7344479,1.72904958,0.52282186,2.25187144,-13.26754719,-9.61292625,-6.22600446
154461990,gaba_low,GABA-A,0.0035,0.07469523,0.25905542,0.08547128,0.07604151,0.52414366,0.57222134,0.31976387,0.4459914,0.25071952,0.26161735,0.53139375,0.76298369,-0.20055527,-0.0354249,0.02299086,-0.21241058,0.44655452,0.39657778,-0.20520055,0.13898291,0.16309396,0.18629653,0.29805713,0.28133826,1.7861873,0.52494065,2.31112794,2.3779107,0.75536,3.1332707,-11.28465141,-11.52815652,-8.66290898
154704064,gaba_low,GABA-A,0.0035,0.48366928,0.83755004,-0.09147685,-0.03489025,0.26725543,0.27084161,0.30973936,0.21049969,0.1493458,0.27566005,0.44129495,0.97849946,0.16892504,0.47120222,1.12893728,1.34340374,0.17691006,0.13548159,0.55753947,0.51100427,-0.18157009,0.06912304,0.10363418,0.11860103,1.55982796,1.95437595,3.51420391,2.53816062,2.64881589,5.1869765,-23.48675713,-27.63773594,-14.3410224
155190506,gaba_low,GABA-A,0.0035,0.41226837,0.30371562,0.13013275,0.06325164,0.22092162,0.29827084,-0.08578184,0.0868204,0.06322863,0.05054238,0.68434152,0.20012933,0.03593325,0.35687401,-0.05000113,-0.07382338,-0.03541012,0.09292313,-0.12410399,0.14291072,-0.05812093,-0.11372989,0.02661316,0.00257171,1.42511106,-0.20508976,1.2200213,1.00273022,0.4077263,1.41045651,-6.39162927,-7.39598823,-3.89964914
155379621,gaba_low,GABA-A,0.0035,0.23890595,0.46362936,-0.15586227,-0.17410555,0.34501523,0.31274431,0.27811067,0.23621418,0.36075489,0.44375887,0.17089093,0.30043886,0.05215213,0.03126445,0.09407776,0.06856203,0.29350923,0.18760715,0.00572684,-0.02014969,-0.21938816,-0.13012112,0.20765973,0.04734097,1.2378154,0.43373754,1.67155293,1.58268003,0.18450378,1.76718382,-5.0855856,-4.05465845,-4.88593358
156021841,gaba_low,GABA-A,0.0035,0.29144207,0.21124768,-0.1076639,-0.29233512,0.09977955,0.21038061,-0.05151271,-0.22357395,-0.63561727,-0.52824923,0.39218591,0.63104289,-0.14976949,-0.08907742,-0.21882715,-0.26967233,0.16887074,0.19543009,0.05047024,0.25229332,-0.2295325,-0.0278089,0.09531446,0.3538186,-0.01138636,-0.28347369,-0.29486005,0.00851288,0.41498337,0.42349625,-4.48020002,-7.57339341,-1.17088813
157312444,gaba_low,GABA-A,0.0035,1.06294392,1.22430956,0.34272107,0.30059669,0.6421529,0.6687831,0.13134916,0.12376799,0.16481789,-0.02666739,-0.01169474,0.30239827,0.39131247,0.22390799,0.73898768,0.89015648,0.40192054,0.19260412,0.71831551,0.9421414,0.56681923,0.2571634,0.55753834,0.31725106,2.3322902,3.37489376,5.70718397,2.59318822,2.82322445,5.41641268,-15.95416863,-16.08523484,-14.97537062
157655614,gaba_low,GABA-A,0.0035,-0.28161843,-0.24261425,0.17234987,0.17127701,0.26304131,0.15269909,0.13651633,0.01469062,0.47329506,0.40954972,0.17462176,0.31931015,-0.3741898,-0.23949392,-0.33796604,-0.31824177,0.2861782,0.13120019,0.36512123,0.40553103,0.64617978,0.12019911,0.44356406,0.35289143,0.93820589,1.02888743,1.96709333,0.82491235,0.45208608,1.27699843,-4.97174054,-4.20350903,-3.53066243
157691935,gaba_low,GABA-A,0.0035,0.62377271,0.60132427,0.07479602,0.14449698,0.43979133,0.38557381,-0.01240442,-0.0877478,0.61421628,0.78890728,0.43682164,0.72220953,0.02051844,0.14235996,0.23054134,0.18640022,0.70107917,0.42301249,0.73374657,0.78719985,0.09578277,-0.2433664,0.52778125,0.22521925,2.17699356,2.30944953,4.48644309,2.55476407,1.52082537,4.07558944,-14.70232263,-15.63616489,-11.26824451
159066706,gaba_low,GABA-A,0.0035,0.64151444,0.91124459,0.12448266,0.19605996,0.68063407,0.71118385,0.52546759,0.4972695,0.3351199,0.45697946,0.2648952,0.61974988,0.12212707,0.27966118,0.71354198,1.20389382,-0.03329689,0.30762481,0.8035389,1.21099397,-0.85459313,-0.29149457,-0.09050041,0.19299794,2.57211385,0.66081751,3.23293136,3.39248724,2.90367716,6.2961644,-22.12284636,-24.11598836,-17.40772004
160259456,gaba_low,GABA-A,0.0035,0.20734989,0.25994666,0.10136416,0.09464778,-0.06352542,0.07026859,-0.02245643,-0.10408843,-0.21030909,-0.06746188,-0.14758966,-0.08817584,-0.19078251,-0.24109993,0.15771787,0.14643856,0.22669551,0.27451801,0.48140216,0.68471588,-0.48288184,-0.25147134,0.37582452,0.3262433,-0.13516655,0.56797571,0.43280916,0.16513688,0.93934448,1.10448136,-0.20036688,0.46129137,-3.05368491
161239003,gaba_low,GABA-A,0.0035,0.33634973,0.45340254,0.34318157,0.2947018,0.39411285,0.36613405,0.16594881,0.04700445,-0.09311991,-0.12876675,1.09702359,1.33332147,0.5752038,0.62895606,-0.63588282,-0.73253656,-0.01930835,0.02728268,-0.03332259,0.09761921,-0.4285499,-0.12987707,0.05735622,-0.03836322,2.24349662,-0.48450364,1.75899298,2.36579756,-0.14691889,2.21887867,-22.27176663,-23.72691526,-6.1347856
162353055,gaba_low,GABA-A,0.0035,0.19878434,0.30865222,0.20635581,0.151346,0.10321217,0.05058991,0.5188865,0.57231584,0.059866,-0.07473828,0.31785135,0.2903342,-0.38578264,0.08621488,0.56085667,0.63231334,0.55144639,0.21638986,0.02202532,0.10641782,-0.17108722,-0.10538646,0.59264397,0.28314153,1.40495617,1.1701025,2.57505867,1.29849991,1.21909097,2.51759087,-10.91265592,-9.95368919,-6.96066911
162354840,gaba_low,GABA-A,0.0035,0.51139619,0.28331411,-0.19903696,-0.19744453,0.01124588,-0.21656958,0.67861099,0.61538703,-0.16525532,-0.05438937,0.15333192,-0.00099765,-0.51403238,0.04337891,0.58471597,0.667197,0.15569982,-0.09305771,0.42524879,0.67643836,-0.0701022,-0.07242237,0.29853697,-0.03626565,0.9902927,0.88006696,1.87035967,0.42930002,1.18526854,1.61456855,-1.5290967,-1.96385518,-4.46398086
163186746,gaba_low,GABA-A,0.0035,0.33138381,0.23199066,0.18519296,0.16702042,0.06947618,0.05090753,0.38716675,0.46287942,0.14090316,0.14649226,0.2682327,0.8052954,-0.19164561,-0.35530568,-0.56607727,0.18382826,-0.14186724,0.40032828,-0.89025773,-0.68376524,-0.47008031,-0.21687517,0.11366436,0.34099056,1.38235555,-2.1462638,-0.76390825,1.86458568,-0.33079898,1.53378669,-13.53518062,-9.05569499,-4.24063408
164064591,gaba_low,GABA-A,0.0035,0.51695761,0.52826929,0.20839838,0.22817506,0.72095088,0.66927579,0.6606465,0.66291255,0.13902399,-0.1473269,0.0842476,0.4419582,-0.45142913,-0.12552336,-0.43581079,-0.44947503,-0.10264611,0.04129902,0.0128259,0.26218878,-0.04808992,-0.35759057,-0.37949725,-0.06692555,2.33022495,-1.4046473,0.92557766,2.383264,-0.69602671,1.68723728,-9.80744888,-5.48658617,-4.66489633
164824205,gaba_low,GABA-A,0.0035,0.54982348,0.79982331,0.2421639,0.2893413,0.42516707,0.59496234,0.02854534,-0.02105981,0.05757306,0.5028406,0.11208054,0.4114287,0.136327,0.09751044,-0.31464055,0.13695451,0.51296214,0.06412298,0.42268621,0.76447872,0.09523289,0.09080004,0.63128201,0.23402241,1.41535339,1.4838497,2.89920309,2.57733644,1.3878891,3.96522554,-14.20021727,-12.36772448,-10.9631089
164874291,gaba_low,GABA-A,0.0035,-0.1198839,0.03283848,-0.06067542,-0.19166793,0.0264677,0.20745072,0.09163729,-0.0244353,-0.10931431,-0.05370164,0.40218732,0.60606345,-0.27726646,-0.08469392,0.42154466,0.48472985,-0.22818244,0.08899627,0.67978321,0.70286146,-0.07001341,0.17279078,-0.17283163,0.08045072,0.23041868,0.35303394,0.58345263,0.57654778,1.44513515,2.02168293,-6.94544577,-12.13470823,-5.58957617
165288521,gaba_low,GABA-A,0.0035,0.5096194,0.50308976,0.08059647,0.15708242,0.37792497,0.42676856,-0.00068269,0.10042203,-0.07678235,-0.01044051,0.07818138,0.27000306,0.6869658,0.96908329,1.43003687,1.28297464,0.48908923,0.67682545,1.42555264,1.37859382,-0.01753675,0.10059778,0.50214015,0.59849513,0.96885718,4.51624794,5.48510512,1.44692533,5.00657012,6.45349545,-16.53403231,-26.91593171,-17.84271102
165369327,gaba_low,GABA-A,0.0035,0.32650384,0.21445432,0.00722715,0.05791118,0.34181174,0.24430032,-0.10263878,-0.19766494,0.82348777,0.8720882,-0.08517016,-0.57651033,0.84684851,0.81068278,1.54933676,1.72495119,1.59673366,1.41985286,1.36630312,1.37268097,0.09151183,0.33659386,1.79737524,1.70514369,1.31122156,7.24810912,8.55933067,0.61457875,7.36990535,7.9844841,-7.59664967,-17.9281071,-22.07560905
165959237,gaba_low,GABA-A,0.0035,0.01669283,-0.00706903,-0.01811935,-0.08397323,-0.33715995,-0.09256009,0.17595209,0.29095503,0.049847,0.06932056,0.39207261,-0.2127711,-0.21953904,0.23206835,-0.02771459,0.28730177,0.20899573,0.39046435,0.29814229,0.4398711,0.04009935,0.08692406,0.24090319,0.30903827,0.27928522,0.54088693,0.82017216,-0.03609786,1.7456679,1.70957004,2.60645366,-0.31557362,-4.72664224
166274725,gaba_low,GABA-A,0.0035,0.93783211,1.03132685,0.4693009,0.69121642,0.96266866,0.71364332,0.55378615,0.70350977,0.11509355,-0.06720699,0.74555085,1.07768158,-0.82156949,-0.67069849,0.38415776,0.53610632,-0.1540004,-0.3779218,0.24360603,0.15446827,-0.07411086,0.15694999,-0.10544674,-0.25739229,3.78423222,-0.5273637,3.25686852,4.15017096,-0.45848801,3.69168295,-25.392533,-16.13532709,-10.20681469
166338974,gaba_low,GABA-A,0.0035,0.46882138,0.66389853,0.13250833,0.10239296,0.47722885,0.60150745,0.79788369,0.90345595,-0.07658617,-0.15374147,0.58923406,0.34104149,0.59365385,0.73867935,1.42336043,1.04665318,1.27849772,1.67970001,0.94598832,0.96895917,0.28845753,0.12164167,1.36983145,1.67508522,2.38909013,5.89978931,8.28887944,2.45855491,6.2307186,8.68927351,-16.81983077,-24.42018306,-24.02422029
166386545,gaba_low,GABA-A,0.0035,0.07109553,0.08171067,0.03546598,0.05262385,0.20490555,-0.10118537,0.22792835,0.30187806,-0.60810266,-0.67687131,0.88533168,0.95655535,1.06552382,1.37634597,1.26673391,1.39350814,1.49295596,1.34870885,1.58153285,1.60351812,0.60889972,0.55916048,1.62683589,1.27293599,0.81662443,7.64248214,8.45910657,0.61471125,7.55417755,8.16888879,-20.75409958,-39.68821668,-22.58545361
166471280,gaba_low,GABA-A,0.0035,0.54187606,0.39120929,-0.09910756,-0.07149845,0.52853477,0.48781255,-0.17473285,-0.19635911,-0.02449375,-0.14079242,0.27130109,0.03222441,-0.34878862,0.1604908,0.26553911,0.18609195,-0.08013313,0.08031436,-0.32673429,-0.16479264,0.13619403,0.2181776,-0.01311993,0.00500732,1.04337777,-0.36704284,0.67633493,0.50259627,0.48528939,0.98788567,-2.2626248,-4.16484269,-2.73131958
166741227,gaba_low,GABA-A,0.0035,0.83759192,0.81792786,0.29782584,0.4018048,0.73659606,0.68989192,0.52942674,0.57706033,-0.13785676,-0.35653818,0.39176955,0.84321919,0.75387521,0.48627716,1.56167774,1.44045551,0.93761553,1.41320218,1.37086504,1.36335446,0.4401773,0.53238984,0.91502443,1.07800389,2.65535337,5.97923525,8.63458862,2.97336592,6.31368303,9.28704894,-21.62474421,-31.20237424,-25.67695784
166922849,gaba_low,GABA-A,0.0035,0.91517762,0.74530273,0.04914347,0.11976011,0.66587745,0.55950222,0.12151899,0.19436944,0.32568221,0.2158638,0.46731057,0.68637469,1.19712769,1.55170617,1.26817416,0.99745609,1.52031027,1.72800796,1.12423319,1.38371947,0.50825714,0.35666409,1.63947455,1.88533386,2.5447103,7.25757701,9.80228731,2.52117301,7.90288764,10.42406065,-25.35498245,-39.24056994,-28.82058308
168370463,gaba_low,GABA-A,0.0035,0.7030748,0.86607401,0.35073973,0.40102498,0.53125448,0.54819755,0.23098633,0.3178303,0.05655374,0.01216931,0.60808178,0.84608806,0.50372652,0.09413671,1.30159527,1.36993576,0.77021504,0.91558878,1.22405444,1.46231334,0.37282162,0.25379171,0.9271472,1.07410882,2.48069086,5.09956009,7.58025095,2.99138422,5.16987512,8.16125934,-24.38447102,-28.65480587,-22.56435959
168641000,gaba_low,GABA-A,0.0035,0.94149771,0.91957292,-0.14785195,-0.15386496,0.90146065,0.77694347,0.42462998,0.34781583,0.26950169,0.0592869,0.63476608,0.3167672,0.70933347,1.1805178,1.0747905,1.19221382,1.00543541,1.09172527,1.57389454,1.50688547,0.29197023,1.01644783,1.08792988,1.07858861,3.02400416,5.74335402,8.76735818,2.26652136,7.0663788,9.33290017,-13.36659265,-26.93058595,-25.80372791
169786920,gaba_low,GABA-A,0.0035,0.14977142,0.20954148,0.16522384,0.22281616,0.08089943,-0.00147753,0.08527823,0.09918612,0.38387906,0.38749894,0.39621884,0.59957607,0.78649321,0.97568064,1.59091897,1.57095216,1.21686028,1.24646332,1.08150415,1.14053414,0.0112013,0.41025208,1.37252393,1.44873188,1.26127081,6.05950184,7.32077265,1.51714124,6.79261422,8.30975546,-22.38104481,-33.77235149,-22.97492368
171526079,gaba_low,GABA-A,0.0035,0.08534897,0.15806948,-0.36530146,-0.41668319,0.1969892,0.23537223,0.26773309,0.14248293,-0.08138148,-0.05522096,0.29542796,0.54898485,0.66457494,1.05262571,1.51067892,1.39568083,1.53595466,1.46151176,1.22364958,1.31432551,0.55064784,0.6278785,1.63006448,1.54405594,0.39881629,7.11557043,7.51438671,0.61300533,7.39607825,8.00908358,-12.77728991,-30.2619907,-22.14362202
171674018,gaba_low,GABA-A,0.0035,0.55460425,0.44834935,0.12463708,0.1880508,0.54919615,0.60671401,-0.15998248,-0.06608592,0.04528277,-0.02811164,-0.05101382,-0.4574836,-0.01031982,-0.24395947,0.55934094,0.38104781,0.52887154,0.61600735,0.53583344,0.36462748,-0.383603,-0.10231323,0.5896799,0.62106227,1.06272394,1.819803,2.88252695,0.69143299,1.6364722,2.32790519,0.51237829,1.5773593,-6.43622358
171990823,gaba_low,GABA-A,0.0035,0.81553608,0.7887995,0.1327759,0.03816214,0.38214561,0.39229344,0.39198596,0.31877974,0.31397967,0.22944759,-0.40124598,0.0873047,0.90966373,1.12308946,1.14705027,1.3405077,1.22313342,0.70116142,1.22021045,1.31191235,0.44341035,0.51542992,1.30820369,0.90745194,1.63517724,6.25167191,7.88684915,1.85478712,5.89955278,7.7543399,-15.61394249,-24.62982367,-21.43930326
172283288,gaba_low,GABA-A,0.0035,1.16678599,1.26491263,-0.20112092,-0.20640695,0.65671424,0.65930729,0.23351549,0.0635205,-0.1222202,-0.02664396,0.23664124,0.57413368,1.09960783,0.95866998,0.92537513,1.02249934,1.10787254,1.28012253,0.52461231,0.75275719,-0.48316376,0.15245736,1.11178693,1.1584623,1.97031584,4.28609099,6.25640683,2.32882319,5.3249687,7.65379189,-17.26034273,-26.27953737,-21.16130676
172442389,gaba_low,GABA-A,0.0035,0.11567099,-0.15810369,0.08560277,0.07538946,0.0605652,0.05121279,0.25536139,0.11846595,0.30281474,0.36644253,0.35153436,0.24136329,0.12678844,0.27590887,0.9285067,0.73991083,0.60803691,0.86398119,0.43454889,0.56615606,0.5433987,0.52721375,0.48190441,0.524611,1.17154945,3.12318404,4.2947335,0.69477033,3.4977817,4.19255203,-3.64885651,-11.39037082,-11.59162425
174433203,gaba_low,GABA-A,0.0035,0.31577011,0.33038565,0.34243675,0.23716982,0.43260561,0.56884277,-0.08763793,0.05597159,-0.10440602,0.11750577,0.67743259,1.22709413,0.67573821,0.80905962,1.03897004,0.89528565,1.31733612,1.19940949,1.53301142,1.45018733,0.47251688,0.51682779,0.96631884,0.83038568,1.57620112,6.00389152,7.58009264,2.53696973,5.70115555,8.23812528,-22.9411462,-36.78076787,-22.77687958
174603925,gaba_low,GABA-A,0.0035,0.61381331,0.73073776,0.23087429,0.33430323,0.50998692,0.58628189,0.2467577,0.20382743,0.05039556,-0.08500424,0.53487961,0.79091863,0.72742808,0.87937378,1.45811946,1.05180635,1.27966699,1.32459547,1.63673851,1.63027724,0.14508905,0.09624641,1.2437935,1.18195967,2.18670738,6.49083558,8.67754297,2.56106469,6.16425892,8.72532361,-23.38386228,-34.02861084,-24.12389208
175029071,gaba_low,GABA-A,0.0035,0.92301875,0.82945869,0.40957357,0.27042197,0.52903757,0.75346814,-0.1263973,-0.18250243,-0.00418753,0.19822808,0.71837241,0.79266392,-0.07252769,-0.12137348,0.95594907,0.845633,0.74876639,0.76969239,1.21356077,1.29449454,-0.06841677,-0.2124952,0.74977627,0.63714736,2.44941747,3.52710805,5.97652551,2.66173839,3.21309861,5.874837,-19.07772588,-22.40532137,-16.24282836
175924853,gaba_low,GABA-A,0.0035,0.59053817,0.71753582,0.03783418,-0.08973714,0.55021198,0.5944719,0.0723141,0.02614241,0.31456187,0.36004944,0.26275311,0.46626409,0.56069104,0.68352244,0.72218789,0.69260337,1.25207757,1.22484094,1.49733321,1.64566958,0.25601129,0.51466504,1.14933484,0.90223517,1.82821341,5.43763584,7.26584925,2.07472652,5.66353654,7.73826306,-9.16725965,-20.45072251,-21.3948538
176214110,gaba_low,GABA-A,0.0035,0.45937501,0.71618504,0.03462744,-0.04288408,-0.04280061,0.28090168,0.30190963,0.18427716,-0.19256082,-0.05895166,0.17976604,0.54382419,-0.44595623,-0.04501542,-0.24576183,-0.06174953,0.21592853,0.31446717,-0.35864396,-0.46505156,0.11641726,0.15778346,0.01694626,0.11032726,0.7403167,-0.70106996,0.03924674,1.62335234,0.01076139,1.63411373,-6.30865013,-4.35398103,-4.51801962
176617846,gaba_low,GABA-A,0.0035,-0.16331507,0.07189798,0.21522706,0.09459434,-0.01451474,0.08332329,-0.08156403,-0.29666574,-0.06594458,-0.35040746,0.32777973,0.74659802,0.24143801,0.16047803,0.26640374,0.36398109,0.2379597,0.10004135,0.77397652,0.92581921,-0.01562578,0.02987727,0.42345262,0.17504618,0.21766837,1.92760482,2.1452732,0.34934043,1.75524314,2.10458357,-12.17217903,-18.17035458,-5.81878095
177344780,gaba_low,GABA-A,0.0035,0.60887055,0.54566463,0.21178953,0.19620092,0.58333759,0.67675272,0.54562267,0.3958158,-0.1125085,0.08986848,0.17506381,0.22421039,-0.15467314,0.05022017,0.72086121,0.76592985,0.66115132,0.62287306,0.70961441,0.78839568,-0.0503578,-0.317861,0.55511421,0.56436692,2.01217565,2.44171022,4.45388586,2.12851294,2.47392469,4.60243763,-13.1403016,-14.42077641,-12.72488146
177528314,gaba_low,GABA-A,0.0035,0.8426001,0.80011847,-0.06602453,-0.14618471,0.43826797,0.45250199,0.03578092,0.08066107,0.04694349,-0.0171867,-0.01667207,0.24679157,0.75545118,1.16672335,1.27240322,1.31935322,0.8313612,0.74296173,0.56733686,0.42535672,0.50135843,0.28457224,0.6019781,0.45045338,1.28089588,4.52988899,5.81078487,1.41670169,4.38942063,5.80612232,-13.32728176,-23.77146035,-16.05284509
177688664,gaba_low,GABA-A,0.0035,0.90044154,0.90348758,0.63680733,0.58460045,0.83164563,0.70982323,0.45093992,0.45101865,0.16136432,-0.09673868,0.72140277,0.91403811,0.33747101,0.37833343,0.49197296,0.5570466,0.69243952,0.3505734,0.34598406,0.41092685,-0.68531459,-0.36112276,0.71693666,0.45922343,3.70260151,1.89948962,5.60209113,3.46622933,1.79498095,5.26121028,-29.38580467,-27.87722997,-14.54626496
177896969,gaba_low,GABA-A,0.0035,0.36317541,0.66441404,0.01925159,-0.0173724,0.29986674,0.48266932,0.09957097,0.04060327,-0.06125344,-0.04566796,0.05119516,0.58572582,-0.1877502,0.27662211,0.14237406,0.17375501,0.35170639,0.31029584,-0.24511442,-0.21584914,-0.2117156,-0.24588722,0.28917308,0.07123811,0.77180642,0.1386733,0.91047973,1.71037209,0.37017471,2.08054679,-12.05329613,-12.92359826,-5.75232376
178045655,gaba_low,GABA-A,0.0035,0.66028771,0.78516905,0.2023366,0.20328875,0.68658463,0.74469425,0.38141522,0.37128176,-0.10462962,0.05745774,-0.12419391,0.1688657,-0.0663658,0.09408136,0.33897733,-0.00503285,-0.06379083,0.01373464,0.8750748,0.93268386,-0.29163728,-0.3406463,0.11480532,0.19893312,1.70180063,0.90706355,2.60886418,2.33075725,0.89375383,3.22451108,-11.72911181,-9.13383606,-8.91517161
178126699,gaba_low,GABA-A,0.0035,0.26060488,0.2874637,-0.03179194,0.03438504,0.24257194,0.16782488,0.21985627,0.15481812,-0.05019929,0.12797023,0.70420613,0.99023786,0.46993887,0.37221749,0.65078628,0.51849908,0.49072011,0.38826076,0.12729189,0.40782199,0.21756625,0.23661345,0.58233101,0.44838918,1.34524799,2.53863441,3.8838824,1.76269982,2.37180195,4.13450177,-18.20917927,-23.02511415,-11.43112612
178282579,gaba_low,GABA-A,0.0035,0.74243616,0.87450148,-0.0437187,-0.09798408,0.78479217,0.78631526,0.49577021,0.40902022,0.30194233,0.17945656,1.02269474,1.13740279,0.24409158,0.23209965,0.42867847,0.4632615,0.51428528,0.41550289,0.14938258,0.32394691,-0.53585402,0.06742237,0.56385419,0.58104687,3.30391691,1.36443807,4.66835498,3.28871223,2.0832802,5.37199243,-23.43550811,-25.15173848,-14.85255693
178684006,gaba_low,GABA-A,0.0035,1.03777088,1.11276448,0.08483686,0.19326921,0.68102249,0.74040103,0.50224683,0.57502809,0.06253721,0.03759332,0.63596873,1.01624469,0.29345137,0.4000028,-0.39879616,-0.50741752,0.09150351,0.47600269,-0.03662204,-0.11884215,0.6781447,0.18202367,0.12555853,0.44476326,3.004383,0.7532399,3.7576229,3.67530081,0.87653276,4.55183357,-19.35662842,-16.83502741,-12.58497067
178998455,gaba_low,GABA-A,0.0035,0.32501165,0.19458916,0.30282311,0.31861221,0.47388985,0.44173368,0.3381129,0.43944796,-0.150971,-0.01533685,0.40789126,0.38396454,0.06535331,0.26211032,0.51844111,0.62380698,0.29020156,0.59619341,-0.11557382,0.01301905,0.38835193,0.06465769,0.12171872,0.33164684,1.69675778,1.26849282,2.9652506,1.7630107,1.89143429,3.65444499,-12.77090395,-15.2665313,-10.10385866
181526703,gaba_low,GABA-A,0.0035,0.37366511,0.58373957,0.1171053,0.04879681,0.43776876,0.66809614,0.16025592,0.2197656,0.48785788,0.368099,0.04444249,0.13134582,0.08829455,0.07597914,0.36116794,0.16423213,0.78177092,0.80421338,0.80092363,0.99865829,0.53780063,-0.04216086,0.52711396,0.49190933,1.62109545,3.09707163,4.71816708,2.01984295,2.49283142,4.51267437,-4.183117,-6.76831406,-12.47670281
182136619,gaba_low,GABA-A,0.0035,0.66114626,0.62763167,0.34748095,0.2967236,0.64325583,0.52208755,0.18436693,0.26181761,-0.24645758,-0.3919878,1.10955738,0.75562812,0.05912377,0.01503956,0.12757338,0.15674375,0.37921289,0.22857845,-0.02869602,0.25989409,-0.0277826,0.11374862,0.16637502,0.11467048,2.69934977,0.67580645,3.37515622,2.07190075,0.88867495,2.9605757,-14.56838049,-14.63204634,-8.18543952
183176019,gaba_low,GABA-A,0.0035,0.64346561,0.49501169,-0.16026554,-0.09037852,0.58035637,0.68407105,0.28552278,0.27745999,-0.15384155,-0.10386,1.06328244,1.11541907,-0.11482681,0.03771297,-0.05200792,0.60869201,-0.16961146,-0.34358723,0.14514683,0.46121052,0.07631304,0.24681364,-0.19732016,-0.30081149,2.25852011,-0.31230648,1.94621363,2.37772328,0.71003042,3.0877537,-19.49176292,-22.57186302,-8.53706296
183475605,gaba_low,GABA-A,0.0035,0.5314512,0.44201575,-0.13034821,-0.37389637,0.16010059,0.22538253,0.24903799,0.05325879,0.198303,0.24581373,0.35863091,0.78042101,0.88250127,0.81993927,0.68959033,0.70979605,0.61547778,0.85378334,0.67049404,0.67387678,0.32720638,0.50783199,0.38674994,0.58961165,1.36717549,3.57201975,4.93919524,1.37299544,4.15483908,5.52783451,-10.84373257,-22.31170417,-15.28343122
183762098,gaba_low,GABA-A,0.0035,0.8884088,0.94403918,0.11560162,0.2826224,0.78003667,0.8485118,0.50014577,0.43553916,0.77886526,0.8335609,0.70689019,1.1746552,0.47953549,0.43443224,0.80756288,0.78878794,0.48147556,0.31435017,0.29172313,0.26079848,-0.24194207,-0.25735079,0.2476183,0.19807559,3.76994832,2.06597328,5.8359216,4.51892864,1.73909364,6.25802228,-31.31136394,-31.06714659,-17.30226418
184059377,gaba_low,GABA-A,0.0035,0.76445397,0.7605481,0.26182031,0.35631096,0.52135787,0.43256851,0.66119093,0.79873684,0.14616022,0.12170555,0.61109228,0.93982871,0.07963805,0.06667441,0.69697725,0.66809158,0.5530782,0.77882829,1.03900922,1.16286569,0.08625962,-0.37192635,0.89661815,0.92369816,2.96607557,3.35158048,6.31765605,3.40969867,3.22823178,6.63793045,-24.84115513,-24.42130571,-18.3526394
186213995,gaba_low,GABA-A,0.0035,0.36784258,0.53989833,-0.09141796,-0.06820099,-0.16974957,-0.0678042,0.31283765,0.22333671,0.15222454,0.20587625,-0.09457327,0.06105049,-0.01259956,0.015606,0.66029382,0.631699,0.14185959,0.07165086,0.14081008,0.43590335,0.10000083,0.11134582,0.27552582,0.26275964,0.47716397,1.30589059,1.78305456,0.89415659,1.52896467,2.42312125,-4.83000105,-3.89063217,-6.69947823
186940717,gaba_low,GABA-A,0.0035,0.05388126,0.08898127,0.06230639,0.22140068,0.05385144,0.11631738,0.22869317,0.23692133,-0.07576243,-0.09794889,-0.06729538,0.39648942,0.61427644,0.62065801,0.98367733,0.82817256,1.23462062,1.17540312,0.48474922,0.46637809,-0.42794081,-0.47659268,0.78862146,0.81266922,0.25567443,3.67800427,3.9336787,0.96216119,3.42668832,4.38884952,-13.8041401,-20.94464764,-12.13435017
187495574,gaba_low,GABA-A,0.0035,0.25543922,0.41489221,-0.12163145,-0.0874215,0.33098352,0.2397675,0.20255746,0.17138595,0.34071114,0.3475392,0.03546598,0.19110049,0.23182452,0.46727901,1.30260108,1.25044435,0.97769286,0.65982814,0.9401897,1.41529912,-0.1533665,-0.40299178,1.33281112,1.10384596,1.04352588,4.63175279,5.67527867,1.27726386,4.49370482,5.77096868,-16.49528217,-22.01761173,-15.95565182
188448101,gaba_low,GABA-A,0.0035,0.36804827,0.13090944,0.30270614,0.34561887,0.11007262,-0.02068984,-0.01238008,0.01485649,0.07903799,0.20166927,0.26109243,-0.21467146,-0.05078552,0.04759394,0.49207731,0.23208004,-0.02476283,-0.03297991,0.04205172,0.10321867,-0.0345879,0.07603605,-0.05945509,-0.21874893,1.10857737,0.36453769,1.47311506,0.45769276,0.20719987,0.66489263,-0.53357652,1.01921687,-1.83830409
188764715,gaba_low,GABA-A,0.0035,-0.20434104,-0.20337966,-0.01487028,-0.00192654,-0.02833419,0.0118724,0.12408079,0.13777832,0.03996695,0.19486656,0.274131,0.59455464,0.35871401,0.56585046,1.26846106,1.88273392,1.00845589,0.86337219,1.33744852,1.59157346,0.40756637,0.41833323,1.08225381,1.01544937,0.19063323,5.46289966,5.65353289,0.73376571,6.33731264,7.07107835,-17.63447286,-31.42033473,-19.55021254
190042837,gaba_low,GABA-A,0.0035,0.40493388,0.50407499,0.34980494,0.35767817,0.59423421,0.81713788,0.52481181,0.30401093,-0.26478987,-0.19777009,0.60128791,1.02225253,0.0163461,0.14116368,0.57888934,0.60727095,0.22161743,0.35769604,0.27256466,0.29555353,-0.35983931,-0.18734934,0.05875847,0.36628252,2.21028288,0.7883367,2.99861959,2.80738442,1.58061738,4.3880018,-25.52593979,-27.23039523,-12.13200639
191170875,gaba_low,GABA-A,0.0035,0.87591937,0.5435124,0.10191436,-0.10957242,0.58615496,0.17200092,0.76625009,0.82784007,0.72158737,0.52344753,0.77167109,0.56851536,0.27087081,0.19426798,0.52551158,0.16064738,0.62687955,0.54941107,0.52180218,0.66067134,0.01458222,-0.10776517,0.48461674,0.46688487,3.82349724,2.44426308,6.26776032,2.52574386,1.92411748,4.44986133,-10.36967199,-10.32262442,-12.30303646
191996808,gaba_low,GABA-A,0.0035,0.00646454,-0.06961934,0.13399723,0.15076793,0.3950795,0.48544553,0.55477174,0.54342042,-0.27923503,-0.3973605,0.87410982,0.90600438,0.1652063,0.0871336,0.131422,0.13996358,-0.08963033,-0.06865033,-0.04358495,0.09159305,-0.03158403,0.10112382,-0.06792397,0.11548052,1.6851878,0.06390502,1.74909282,1.61865842,0.46664424,2.08530265,-17.64048418,-19.52823498,-5.76547282
193109536,gaba_low,GABA-A,0.0035,0.82840932,0.91542974,0.55901038,0.27453396,0.69364239,0.92597536,0.07756438,-0.00201308,0.45277158,0.44662208,1.03320665,1.41849415,0.12682054,-0.02411716,1.52725201,1.41076603,0.91733929,1.0405246,1.39677875,1.70607283,-0.06859731,0.35398472,0.91051021,1.07043892,3.6446047,4.81010348,8.45470818,3.9790422,5.55766994,9.53671214,-30.36081105,-37.54112031,-26.36723001
195112416,gaba_low,GABA-A,0.0035,0.58852894,0.51954918,0.0253221,0.01699762,0.5717105,0.47757888,-0.18691308,-0.14685368,-0.40928903,-0.33328588,0.35507457,0.65786524,1.4e-07,0.27185828,8e-08,-0.11639454,9e-08,0.1994449,8e-08,0.02262958,-8e-08,-0.48631846,3.3e-07,0.22142039,0.94443399,6.4e-07,0.94443463,1.19185136,0.11264015,1.30449151,-14.02476494,-15.11274996,-3.60667567
195135326,gaba_low,GABA-A,0.0035,0.04322533,0.38187352,-0.01620017,-0.08991479,-0.2315929,-0.13106434,0.07037664,0.19620951,-0.13321878,-0.16016095,-0.03838298,0.31349679,1.9e-07,-0.31769129,3e-08,0.13893317,4e-08,0.09549633,2.4e-07,0.18932921,-1.6e-07,-0.04112292,5e-08,0.06858838,-0.30579285,4e-07,-0.30579246,0.51043975,0.13353288,0.64397262,-1.51653663,0.3463821,-1.78046417
195145348,gaba_low,GABA-A,0.0035,-0.20997113,-0.10960998,0.31747578,0.50154327,-0.33958509,-0.47717674,-0.08855841,0.05902229,0.1966283,0.23373748,0.15104632,0.48729547,-0.30194263,-0.10046059,0.26860075,0.19531518,0.03721384,0.20269223,0.1822185,0.03225144,-0.27209449,-0.05853868,-0.1398353,0.09963103,0.02703577,-0.22583934,-0.19880357,0.69481179,0.3708906,1.06570239,-9.24460276,-7.22420689,-2.94646831
195166026,gaba_low,GABA-A,0.0035,0.57070463,0.88781387,-0.11980325,-0.11626117,0.33421757,0.18153923,0.33470277,0.62881544,0.22395471,0.16986205,0.16058141,0.76443876,0.13796323,0.10376782,0.68635841,0.65122927,-0.03464326,0.0024827,0.06203694,0.0709112,0.01535181,0.08005578,0.10784395,0.10048324,1.50435784,0.97491107,2.4792689,2.51620818,1.00893,3.52513818,-15.89064314,-13.91129664,-9.74634947
195629783,gaba_low,GABA-A,0.0035,-0.11610605,-0.06829258,-0.11500227,-0.07411996,0.14989725,0.06763534,-0.13587406,-0.16800928,0.31633595,0.45004338,0.64775245,0.86936148,-0.21781645,-0.11607727,0.39068044,0.44278207,0.38941431,0.45513531,0.25200637,0.34818023,-0.07784225,0.06385864,0.16215724,0.02299285,0.74700328,0.89859965,1.64560293,1.07661839,1.21687182,2.29349021,-8.30439795,-13.52052973,-6.34107258
195966822,gaba_low,GABA-A,0.0035,0.6070589,0.82831505,-0.48796767,-0.72066238,0.22791722,0.32580766,0.14671058,0.18735832,0.06351139,-0.02794866,0.28054628,0.75660678,-3.1e-07,0.05975078,2e-08,0.04404626,1e-08,-0.03225151,1.5e-07,0.11257116,9e-08,-0.03739949,4e-08,0.04492715,0.8377767,-1e-08,0.8377767,1.34947677,0.19164435,1.54112113,-6.42172124,-7.85926394,-4.26091242
197382673,gaba_low,GABA-A,0.0035,0.39223487,0.74557764,0.10738671,0.02583446,0.12949629,0.34973921,0.30964391,0.10049727,0.30424433,0.31876309,0.74944924,1.17862425,-0.40675028,-0.04393422,0.21856345,0.3919092,-0.09826603,0.07485095,0.34639869,0.62075257,0.58214892,-0.06312438,0.34143001,0.48617663,1.99245534,0.98352476,2.9759801,2.71903591,1.46663075,4.18566665,-23.47341188,-22.60597877,-11.57258747
198118454,gaba_low,GABA-A,0.0035,0.00482478,0.03470996,0.3376875,0.29239987,-0.18834291,-0.25941447,0.32981435,0.31049334,0.05108345,0.13316335,1.24503124,1.18318245,9.8e-07,0.11039263,4.4e-07,0.0392816,0.0,0.2083103,4.8e-07,0.05909209,3.5e-07,0.05742612,-1.6e-07,0.18380864,1.78009841,2.1e-06,1.78010051,1.6945345,0.6583114,2.3528459,-18.0128724,-18.29704529,-6.50517999
198600924,gaba_low,GABA-A,0.0035,0.30069671,0.20889579,0.09709254,0.1422482,0.07725594,0.02110211,0.42416194,0.38099021,-0.09496499,0.05829311,0.41185462,0.42590256,0.06856494,0.10796051,0.82669708,0.99117444,0.83334114,0.83465558,0.92079089,1.13292175,0.26125557,0.26295924,1.02700443,1.01031869,1.21609675,3.93765406,5.15375081,1.23743197,4.33999022,5.57742219,-11.99819776,-16.90877601,-15.42053189
199436480,gaba_low,GABA-A,0.0035,0.24844067,0.33249168,-0.0488732,-0.03913176,0.03482161,0.03098481,0.47834426,0.42962116,0.22088451,0.0163715,0.38966813,0.74973747,1e-08,0.01718676,1e-08,0.38400113,3e-08,-0.02238945,3e-08,0.28768386,-0.0,-0.52190705,1.1e-07,0.07155534,1.32328598,1.8e-07,1.32328616,1.52007484,0.21613061,1.73620545,-15.25824545,-14.25485846,-4.80028418
112288,gaba,GABA-A,0.004,0.43749332,0.56885444,0.04000174,0.07577613,0.05882283,0.25856587,0.11912927,0.33982416,0.2306678,0.26976998,0.34547864,0.06001017,-0.08665035,0.01790777,0.36074333,0.37199675,-0.17347355,0.06671328,0.90405851,1.1704618,0.04872207,-0.17649248,-0.0309849,0.2400816,1.23159359,1.0224151,2.25400869,1.57280075,1.69066873,3.26346947,-7.11406897,-6.15839301,-9.0228843
458976,gaba,GABA-A,0.004,0.61671003,0.54149972,-0.13150287,-0.11950898,0.53354754,0.43378296,0.05694229,0.01536293,0.16050926,0.13333082,0.26802098,0.33449577,0.09905691,0.28828064,0.41156542,0.09449024,0.43761112,0.83595095,0.51836352,0.62648627,-0.05843463,-0.15714049,0.61661352,0.87476486,1.50422723,2.02477586,3.52900309,1.33896324,2.56283248,3.90179571,-8.11609266,-11.52826899,-10.78773727
829055,gaba,GABA-A,0.004,0.19331054,0.27279466,0.14907978,0.07704545,0.11306366,0.19073151,0.28452835,0.08186545,0.0248075,0.20166582,0.51298648,0.33882849,-0.28660717,0.03726625,0.08618594,0.27507528,0.67155981,0.68320125,0.48884166,0.48372967,-0.02987648,0.29114362,0.5886085,0.61108093,1.2777763,1.51871227,2.79648857,1.16293138,2.381497,3.54442838,-5.63477941,-8.32807148,-9.79968326
1647364,gaba,GABA-A,0.004,0.60415502,0.72435355,0.23204148,0.11990507,0.4231081,0.54868857,0.59182312,0.52706125,0.52053156,0.50135701,0.65302172,1.36370727,0.30911065,0.64560274,-0.02672914,-0.08099926,0.39571034,0.01216353,0.06519492,0.03015173,0.08998762,-0.07841409,0.37997561,0.14890482,3.024681,1.21325,4.237931,3.78507273,0.67740947,4.4624822,-28.66474556,-28.25561637,-12.3379308
2190836,gaba,GABA-A,0.004,0.18989262,-0.00931896,-0.16433725,-0.12838088,-0.05794436,-0.17175397,0.1121191,0.00133904,0.10265312,-0.15141321,0.60126177,0.27994922,-0.53559648,-0.78389945,0.85604693,0.49718335,0.11219137,0.61217593,0.21858177,0.28517454,-0.30784282,-0.40249841,0.02867029,0.45251192,0.783645,0.37205107,1.15569607,-0.17957876,0.66064788,0.48106912,0.89488015,1.16353722,-1.33006639
2270310,gaba,GABA-A,0.004,0.34853699,-0.09381611,-0.21798461,-0.21731735,0.25553859,-0.15055768,0.12015679,0.15426318,0.06827989,-0.16002457,0.44128129,0.29284137,0.39928514,-0.03152538,0.76141434,0.82346684,0.64682169,0.60140115,0.7811312,0.75541689,0.45908227,-0.09036796,0.51347873,0.49903149,1.01580893,3.56121338,4.57702231,-0.17461116,2.55742303,2.38281187,-2.93256061,-9.14925266,-6.58803031
2695459,gaba,GABA-A,0.004,0.308945,-0.0336179,0.4827575,0.44853145,0.21311909,-0.23211965,-0.1072454,0.0939627,0.22755661,0.1213306,0.4174342,0.27652017,-0.40960636,-0.13365968,0.48047472,0.02858064,0.40462329,0.36478701,0.51977525,0.5074026,-0.03285046,-0.04739816,0.39735964,0.39647854,1.54256699,1.35977607,2.90234306,0.67460737,1.11619096,1.79079833,-6.49864373,-5.17445063,-4.95122331
2904393,gaba,GABA-A,0.004,1.1307286,1.35102093,0.31628836,0.24613729,0.66546366,0.72380324,0.18686512,0.22838784,0.42435101,0.68438055,0.54795803,0.65318025,0.08079354,0.19599904,0.75500253,1.02507296,0.77264578,0.72052955,0.26887842,0.01692444,-0.21908829,0.02856997,0.73540002,0.73044254,3.27165478,2.39363199,5.66528677,3.8869101,2.7175385,6.6044486,-23.24958927,-20.78298647,-18.26006831
3287674,gaba,GABA-A,0.004,0.28075625,0.25500256,0.13148667,0.22293607,0.1810739,0.14650387,0.10359281,0.15095125,0.07824128,-0.03681231,1.05304137,1.47547995,-0.38071982,-0.20742587,0.40723489,0.52495565,-0.07097239,0.03858249,0.14884137,0.06293083,-0.0990668,-0.11860544,0.06205602,-0.00310166,1.82819228,0.06737326,1.89556554,2.21406139,0.297336,2.51139739,-24.01193129,-24.41375211,-6.9435453
4254555,gaba,GABA-A,0.004,0.50104524,0.29422309,0.19149658,0.0711794,0.30370722,0.24566238,0.42460712,0.55060363,0.48733579,0.64090809,0.37136311,0.03746791,-0.32471747,0.09792205,0.1321654,-0.41660536,-0.17639677,-0.48369246,0.25880626,0.34558141,0.00914952,0.07553774,-0.01841418,-0.24041487,2.27955506,-0.11940724,2.16014782,1.84004449,-0.62167149,1.218373,-4.58226406,0.40231909,-3.36857405
4631192,gaba,GABA-A,0.004,0.56151239,0.61223278,0.08958631,0.10391943,0.40449558,0.52477656,0.15379908,0.08779226,0.36842233,0.45321407,0.56313778,0.88493744,-0.0687595,-0.17610265,0.09605321,0.30790834,0.01271692,0.11678736,0.34440775,0.76687409,0.29929701,0.16725041,0.04649576,0.07633902,2.14095348,0.73021114,2.87116462,2.66687253,1.25905658,3.92592911,-15.07145759,-15.35408188,-10.85446161
4794212,gaba,GABA-A,0.004,0.77502684,0.45277017,0.32757035,0.27530269,0.59620333,0.64360368,0.21194258,0.18351186,0.16760943,0.01122618,1.17490579,0.94872423,-0.08138317,0.18087783,0.40191657,0.12111088,0.51170635,0.51292857,0.52563484,0.796398,-0.04911688,-0.10463848,0.30341333,0.3803161,3.25325831,1.61217104,4.86542935,2.51513881,1.8869929,4.40213171,-18.70330112,-21.77255992,-12.17107296
4885471,gaba,GABA-A,0.004,0.98225507,0.95877406,0.0768713,-0.03234908,0.73519471,0.69779525,0.69986066,0.66926826,0.147502,0.09838469,0.06911954,-0.17941744,-0.26092783,-0.1289356,0.6955642,0.81497372,0.80288633,0.53121713,0.75329535,0.47934989,0.55207999,0.4806509,0.63543303,0.32820064,2.71080329,3.17833106,5.88913435,2.21245575,2.50545669,4.71791244,-1.27122872,-0.71946835,-13.04414777
5182386,gaba,GABA-A,0.004,1.11810186,0.99423852,0.11614773,0.10645972,0.99958455,0.92569417,0.31305619,0.13180459,0.42822745,0.39274042,0.76780442,0.89326546,0.05609789,0.38054623,0.60636378,0.38684518,0.31150389,0.17307922,0.66515675,0.69606988,0.25923619,0.18484558,0.1371887,0.13399588,3.74292221,2.03554721,5.77846942,3.44420288,1.95538197,5.39958485,-21.00740765,-23.15828054,-14.92884482
5432841,gaba,GABA-A,0.004,0.37691129,0.22284002,0.3196698,0.15514608,0.1500995,0.00261697,0.11203405,0.26237421,0.3223852,-0.15502727,0.33473544,0.4250885,0.17519858,0.11960014,0.34211412,0.52935856,0.42456438,0.5450278,-0.05288236,-0.0057767,0.15932446,0.20205288,0.11511697,0.19181134,1.61583528,1.16343614,2.77927142,0.91303851,1.58207402,2.49511253,-6.54840383,-9.26230735,-6.89852068
5901115,gaba,GABA-A,0.004,0.10252685,0.02079769,0.09365631,0.04516698,0.17340313,0.17294728,0.39488066,0.20812356,0.01584373,0.05992116,0.84033026,1.263303,-0.18671842,-0.3060795,0.7255718,0.92188972,0.3249844,0.07321185,-0.11521218,-0.05972689,0.24516648,-0.11835547,-0.04736953,-0.24943096,1.62064094,0.94642256,2.5670635,1.77025966,0.26150874,2.0317684,-18.65022061,-21.18776063,-5.61746061
5978534,gaba,GABA-A,0.004,0.24767746,0.22329639,-0.00132407,0.04129505,0.10570898,0.05790806,0.41629071,0.66050089,-0.11356993,0.19203079,0.26741106,0.25969912,-0.37842162,0.10846751,-0.21452718,0.0955482,-0.23576927,-0.07303088,0.5320043,0.5734802,0.48144437,-0.07635953,-0.09149595,0.00369613,0.92219422,0.09323465,1.01542887,1.4347303,0.63180162,2.06653192,-6.93163403,-5.68183278,-5.71357524
6000160,gaba,GABA-A,0.004,0.11610372,0.36874015,0.22914676,0.19517819,0.13476699,0.01144342,0.05260445,0.15597498,-0.08200067,-0.24151935,0.12247381,-0.03744839,-0.23730497,0.26079839,0.06469462,0.43892499,-0.36416652,0.00371305,0.5060749,0.9105143,-0.35550476,-0.55250561,-0.14483466,-0.19010614,0.57309505,-0.53104139,0.04205366,0.452369,0.87133897,1.32370797,-5.13618975,-6.31773472,-3.65980561
6314205,gaba,GABA-A,0.004,0.63443596,0.79431482,0.1494799,0.02922832,0.30258227,0.47706465,0.13645586,0.25382084,0.15120172,0.16144479,-0.04713913,0.25493502,-0.02183993,0.02500582,0.56442063,0.510303,0.07732034,0.05842848,0.67766185,0.9967796,-0.17338239,-0.24656082,0.03839955,0.05172869,1.32701658,1.16258005,2.48959663,1.97080844,1.39568477,3.36649321,-9.85061334,-9.52015004,-9.30772572
6502630,gaba,GABA-A,0.004,0.54513415,0.64220628,0.02773205,0.08133457,0.48173975,0.75230487,0.29423648,0.17213904,0.2348677,0.17148374,1.05417613,1.42986866,-0.23237943,0.09091105,0.46809015,0.48153223,0.62620553,0.53019558,0.17267322,0.11090569,-0.18467876,-0.19173882,0.64005669,0.60984145,2.63788626,1.4899674,4.12785366,3.24933716,1.63164719,4.88098435,-28.25746443,-30.01997929,-13.49501117
7127936,gaba,GABA-A,0.004,0.29479682,0.00060233,-0.06335933,-0.17058812,0.24682032,0.19367563,0.55584399,0.22506242,0.12447825,-0.00030206,0.71960802,0.47865131,-0.04958384,-0.24233,0.20981169,0.27338636,0.12159053,0.1582295,0.20929137,0.2104454,-0.35662896,-0.08127117,0.17235404,0.26232159,1.87818806,0.30683484,2.1850229,0.72710151,0.58078168,1.30788319,-6.5648193,-7.65070651,-3.61605303
7478069,gaba,GABA-A,0.004,0.24970686,0.41046716,0.21327006,0.23584134,0.23361065,0.15959421,-0.0642278,-0.21444463,-0.07700221,0.23522127,0.36012695,0.72638275,0.11552968,-0.24028996,0.41849527,0.46978895,0.01254423,-0.10460505,0.0931747,0.13188324,-0.13282026,0.04173701,0.03264379,-0.08107048,0.91548451,0.5395674,1.45505192,1.55306209,0.21744371,1.7705058,-14.03849196,-12.57408677,-4.89511826
7764421,gaba,GABA-A,0.004,-0.11100611,-0.25372779,0.2246375,0.23898868,-0.29101984,-0.04273428,-0.04047593,0.05011636,0.09071235,-0.13277632,0.40050186,0.82785744,-0.28964431,-0.01660885,0.14006086,0.26663195,0.25502397,0.45662388,0.54135949,0.67851541,0.15309786,-0.13071891,0.19575736,0.30419611,0.27334983,0.99565523,1.26900506,0.68772409,1.5586396,2.24636369,-12.0221182,-16.65644431,-6.21077654
8043474,gaba,GABA-A,0.004,0.12960752,-0.10457705,0.3059454,0.15725884,0.12791328,-0.09372911,0.10958081,0.07113637,0.18432293,-0.04691661,0.32774954,-0.19682945,-0.1028873,0.30951674,0.11510267,-0.18646324,-0.14111155,0.057719,0.28939632,0.58154977,0.17743027,0.22399398,-0.24263465,-0.01221354,1.18511947,0.09529576,1.28041523,-0.21365702,0.9741027,0.76044569,2.99383075,0.54740847,-2.10249046
10058298,gaba,GABA-A,0.004,0.67653914,0.75963757,0.09588752,0.10072364,0.55477097,0.5117608,0.28323457,0.36228565,-0.32523829,-0.32029429,0.7571072,0.95688873,-0.59524942,-0.38993988,-0.09518048,0.31971201,0.23264593,0.36605027,0.01330375,0.06242741,0.17182451,-0.01942307,0.10200184,0.40188177,2.04230112,-0.17065388,1.87164724,2.37100211,0.74070851,3.11171061,-16.11245884,-13.83523062,-8.60329936
10121092,gaba,GABA-A,0.004,0.73233312,0.66253569,0.05333006,0.15240874,0.55997527,0.46296037,0.1325062,-0.04137748,0.19157004,0.30179565,0.07279815,0.54252033,-0.06485901,-0.05881845,0.04038975,0.09915906,-0.23384273,-0.38814438,-0.69048836,-0.81587563,0.07709744,-0.26681438,-0.26008179,-0.27745257,1.74251285,-1.1317847,0.61072815,2.08084332,-1.70794635,0.37289697,-15.45471064,-9.2869177,-1.03099055
11922061,gaba,GABA-A,0.004,0.54184724,0.12946968,-0.19440997,-0.29845007,0.42457627,0.23728173,0.105952,0.08726579,-0.11143948,-0.31239159,0.79079139,0.55757382,-0.7496117,-0.3619581,0.90142999,0.63107255,0.46982326,0.50774922,0.427118,0.4019678,0.38527302,-0.12303479,0.38269831,0.39472302,1.55731746,1.81673087,3.37404833,0.40074936,1.4505197,1.85126906,-4.93834088,-9.07112812,-5.1184136
12029891,gaba,GABA-A,0.004,0.75984145,0.82828501,0.16807397,0.28295961,0.53734852,0.43272525,0.26648792,0.38010548,0.23223514,0.08422042,0.96654416,1.11768996,0.37048051,0.00770505,1.02848207,0.64979736,0.9527046,0.86634126,0.61843711,0.39304163,-0.05174375,0.13576172,0.92586483,0.9281767,2.93053115,3.84422537,6.77475652,3.12598572,2.98082373,6.10680945,-23.3357927,-23.76754264,-16.8841889
13471924,gaba,GABA-A,0.004,0.21758453,0.15578933,0.00471315,-0.0762734,0.1427068,0.06267391,0.02669877,0.04586104,0.19324815,0.0564684,0.35991549,0.90019234,-0.19253144,-0.1833057,0.51433603,0.39865388,-0.02248194,-0.0017118,-0.07653209,-0.06890226,0.1008213,-0.13939196,-0.09778707,0.02276659,0.94486689,0.22582479,1.17069168,1.1447116,0.02810874,1.17282034,-13.3808667,-13.85296576,-3.24262945
14759699,gaba,GABA-A,0.004,0.29255882,0.18991122,0.35664195,0.31437154,0.29399574,0.17078676,-0.10210495,-0.15563358,-0.10544377,-0.32995955,0.86354527,0.4483508,0.27425974,0.37535392,0.67045664,0.56041418,0.18548878,-0.04120263,0.22710169,0.53022803,-0.05805831,0.07777754,0.13459224,-0.0566809,1.59919306,1.43384078,3.03303385,0.63782719,1.44589013,2.08371732,-13.01358197,-17.23025064,-5.76108968
14783858,gaba,GABA-A,0.004,0.41289119,0.47113634,-0.17427457,-0.1917038,0.37891313,0.48697156,-0.03715379,-0.12360572,0.10628011,0.06430812,0.66029159,0.44847877,0.40287051,-0.15992454,-0.49295764,-0.56567173,0.08174038,0.10241794,0.17927116,0.1971173,-0.0513379,-0.01430628,0.23996676,0.37437505,1.34694765,0.35955329,1.70650094,1.15558527,-0.06599225,1.08959302,-5.08598495,-3.62084732,-3.01252144
14850118,gaba,GABA-A,0.004,0.71648108,0.65725581,0.23967729,0.20579666,0.77309122,0.60225694,0.1740703,0.13942519,-0.00892095,0.01032401,0.73495638,0.23092863,-0.42700777,-0.10532707,0.37655487,0.68805953,0.08153505,0.34974731,-0.28840734,-0.06891583,-0.59295185,-0.29750442,0.06442532,0.35718856,2.62935532,-0.78585172,1.84350359,1.84598724,0.92324808,2.76923532,-12.98100032,-10.78961777,-7.65641906
14893890,gaba,GABA-A,0.004,0.35500551,0.39594729,-0.24149813,-0.23631198,-0.02212449,-0.09211384,0.15781374,0.20040389,-0.22118858,0.04984517,0.47386836,0.80990974,0.14318476,0.36232151,0.87095995,0.66778089,0.20666068,0.49743874,0.54845992,0.46840376,-0.10889737,0.0576665,0.30144595,0.62652184,0.5018764,1.96181389,2.46369029,1.12768026,2.68013325,3.80781351,-13.91196415,-18.83811593,-10.52789401
15059321,gaba,GABA-A,0.004,0.50169129,0.09974588,0.02786194,0.00273848,0.52559078,0.26210503,0.76216983,0.80034331,0.24188222,0.00407472,0.22077052,0.2123184,-0.26165174,-0.37094273,-0.4236821,-0.65408282,0.29145355,0.1735678,0.12671067,0.33576431,-0.03628525,-0.03257137,0.14179514,0.01149742,2.27996659,-0.16165973,2.11830685,1.38132583,-0.5367674,0.84455843,1.88721194,5.34339404,-2.33504651
16190159,gaba,GABA-A,0.004,0.21920339,0.11933088,-0.14821796,-0.15029928,0.04332178,-0.08487342,0.02107133,0.08616943,0.11655293,0.27508384,0.13071801,0.37677698,-0.28508689,-0.17966289,0.23417322,0.31432667,-0.21141868,-0.10253228,-0.37905014,-0.41745671,-0.11776742,-0.17695125,-0.16399328,-0.214341,0.38264949,-0.92314319,-0.54049369,0.62218844,-0.77661745,-0.15442902,-4.6205699,-3.0034566,0.42696743
16275727,gaba,GABA-A,0.004,0.61966665,0.57758824,0.29796208,0.32508181,0.71642354,0.71346762,0.41710806,0.43054215,0.15255246,0.46607989,0.7193332,0.75770648,-0.10565663,-0.1642402,0.01822602,0.1527936,0.02452314,0.20467452,0.46822856,0.56449321,-0.02271639,0.15953124,0.27984093,0.47694629,2.92304599,0.66244564,3.58549163,3.2704662,1.39419866,4.66466485,-19.18533901,-16.24052063,-12.89692813
16708319,gaba,GABA-A,0.004,0.28237666,0.07308987,0.19715986,0.19374733,0.12351391,0.00232843,0.32731974,0.22088314,0.83575374,0.52600656,0.21329761,0.19288156,-0.39229957,-0.17585179,0.26896708,-0.05002516,0.20880214,0.14636556,0.53629992,0.79823922,-0.04153637,-0.00218525,0.12370782,0.16689381,1.97942153,0.70394103,2.68336255,1.20893689,0.88343639,2.09237328,-3.73655642,-2.28043724,-5.7850218
17213220,gaba,GABA-A,0.004,-0.02522655,0.17108328,0.46254207,0.49456067,0.11947825,0.20757657,-0.04617542,-0.16144985,0.0771394,0.11538257,0.40196676,0.62279481,-0.17869331,-0.02613063,0.1189807,0.2144886,0.29435699,0.25909377,0.07856029,0.14603749,0.07542388,-0.20409416,0.17569832,0.23182176,0.98972451,0.56432687,1.55405138,1.44994806,0.62121683,2.07116488,-15.61414245,-14.90088778,-5.72638453
17696979,gaba,GABA-A,0.004,0.14120691,0.23948158,0.08033089,0.03394011,0.32180161,0.42895196,-0.24446356,-0.02645831,-0.11981896,-0.20185307,0.87001237,0.67364261,-0.07332762,-0.02050296,0.0953684,0.4273594,-0.02482315,-0.0906795,0.5289098,0.76681373,-0.20445675,-0.36556654,0.07206625,0.10163205,1.04906926,0.39373692,1.44280618,1.14770489,0.81905618,1.96676107,-15.36002325,-17.6548401,-5.43772745
18455372,gaba,GABA-A,0.004,0.61400638,0.4001576,0.09366014,0.17527912,0.39502575,0.4143304,0.39503868,0.39405896,-0.05999556,-0.03080168,0.05494574,-0.04718081,0.15374684,-0.4724539,0.05498102,0.09950194,0.00719058,-0.30720054,0.22793408,0.21435318,-0.02564364,-0.43097839,-0.09742851,-0.26489109,1.49268112,0.32078036,1.81346149,1.30584359,-1.1616688,0.14417479,-3.97981506,2.28187178,-0.39861639
18801650,gaba,GABA-A,0.004,0.19812413,-0.0983344,0.38554328,0.35424022,0.20314054,-0.02656433,0.10869347,0.08081615,-0.0066159,-0.18033129,-0.11105559,-0.22446913,-0.01955131,0.17135433,-0.05140943,0.04709945,0.0468173,-0.1062728,-0.09441241,-0.01176342,0.19601923,0.16569264,-0.04096007,-0.0980391,0.77782993,0.03650332,0.81433325,-0.09464278,0.1680711,0.07342832,-0.80253336,-0.30197926,-0.2030156
18904077,gaba,GABA-A,0.004,0.47950787,0.6570504,-0.11770285,-0.06907911,0.25745168,0.06635757,0.04041364,0.07132725,-0.34511695,-0.2726684,0.4369138,0.7634907,-0.56921996,-0.58742543,-0.09413521,0.13738589,-0.03631778,0.11713001,0.25403594,0.20064505,-0.08427289,0.11506934,0.14931301,0.27093136,0.75146719,-0.38059688,0.37087031,1.2164784,0.25373622,1.47021463,-7.72052927,-4.74642277,-4.06486917
18952353,gaba,GABA-A,0.004,0.41185272,0.35253088,-0.2425308,-0.24171621,0.4747968,0.48109065,0.42100933,0.29374866,-0.39040287,-0.41091739,0.1424144,0.2272176,-0.21188009,-0.02952687,0.89286269,0.72988173,0.71932046,0.69772733,0.65365576,0.99047472,0.0801246,-0.03775163,0.56122742,0.47552157,0.81713957,2.69531085,3.51245042,0.70195419,2.82632685,3.52828104,-2.97361818,-9.42829536,-9.75503889
19031295,gaba,GABA-A,0.004,0.38974699,0.4026008,-0.01433265,0.06094242,0.39855538,0.49612541,0.19560914,0.03139955,-0.40792425,-0.29118294,0.62469557,0.57059382,-0.67461522,-0.36624701,0.23919632,0.00054078,0.19271831,0.18020046,0.23599836,0.25314895,0.14314744,-0.05894254,0.02482489,0.04011438,1.18635017,0.1612701,1.34762027,1.27047905,0.04881503,1.31929407,-6.9284727,-6.59164051,-3.647602
19316057,gaba,GABA-A,0.004,0.65791271,0.61829038,-0.07458312,-0.15725239,0.30856261,0.2377313,-0.08074415,-0.17660522,0.5126183,0.34034048,0.63648975,1.17763909,-0.12766201,-0.02669996,0.15633723,-0.0056038,0.27511957,0.43089668,0.06843404,0.25905664,-0.09922772,0.10421694,0.21525506,0.43981796,1.9602561,0.48825616,2.44851226,2.04014364,1.20168447,3.2418281,-14.86837179,-16.54188566,-8.96304995
19432693,gaba,GABA-A,0.004,0.14153353,0.01607216,-0.02851029,0.02076538,-0.14796816,-0.0344624,0.03480843,0.08010234,0.32413643,0.27200822,0.01576175,-0.28729208,-0.22695621,0.119848,-0.21263948,-0.30671638,0.49340398,0.29159589,0.12734309,0.14852757,0.02894192,0.0944568,0.43826335,0.48542898,0.3397617,0.64835665,0.98811836,0.06719362,0.83314085,0.90033447,2.94350282,3.93072336,-2.48925685
20051604,gaba,GABA-A,0.004,0.53179556,0.61288653,0.04328435,0.23560489,-0.0068799,0.03471124,0.17988464,0.25692029,0.09619601,0.17846522,0.37460455,0.88462617,-0.4578199,-0.49683973,0.13953504,-0.23004153,0.18832216,0.37542115,-0.04480857,-0.04259349,0.14278135,0.11548947,0.2292844,0.46059688,1.21888521,0.19729448,1.41617969,2.20321435,0.18203274,2.38524709,-11.57338349,-5.85507809,-6.59476325
20830744,gaba,GABA-A,0.004,0.16960137,0.12317987,-0.19623274,-0.4903546,-0.00176724,0.14341024,0.08581566,-0.02519614,0.06725372,-0.0043872,0.70803356,0.41352242,-0.25520912,-0.32553074,-0.185276,0.1841084,-0.12172873,-0.20753544,0.12993046,-0.06112166,-0.01254635,-0.00445606,-0.33912752,-0.51655548,0.83270432,-0.78395726,0.04874707,0.16017459,-0.93109099,-0.77091639,2.27413631,0.33651666,2.13144001
20843854,gaba,GABA-A,0.004,0.66839965,0.77162945,0.01737638,0.00992303,0.13575999,-0.01082128,-0.06970406,-0.11447925,0.07835973,0.2802017,0.59683694,0.92096051,0.49906256,0.64797839,0.86442894,0.79457348,0.4281619,0.24337664,0.66635649,0.63623621,-0.24113342,0.2974022,0.60947255,0.31318084,1.42702864,2.82634902,4.25337766,1.85741416,2.93274776,4.79016192,-19.24843252,-24.25182122,-13.2439041
21053574,gaba,GABA-A,0.004,0.03885772,0.09081597,-0.14332741,-0.27086773,0.10533337,0.11466131,0.25182701,0.2731647,-0.19129424,-0.13619415,0.98579195,0.87514119,-0.50585872,-0.2021607,0.23927504,0.61759284,0.09182387,0.23872975,0.80501523,0.89961287,-0.57655822,-0.07214957,0.02186548,-0.09773587,1.04718841,0.07556268,1.12275108,0.94672129,1.38388932,2.33061061,-7.49210854,-13.33048415,-6.44370356
21313420,gaba,GABA-A,0.004,0.49127931,0.38758325,0.11562776,0.1153203,0.46391081,0.43555951,-0.02283487,0.17161893,-0.03194683,0.14380383,0.33585122,0.38861951,-0.02090344,-0.06716445,0.20648826,-0.00472052,0.03999432,0.20951446,0.43655186,0.3904629,0.03861382,-0.16635025,0.11936736,0.19613991,1.35188741,0.82011219,2.1719996,1.64250533,0.55788205,2.20038739,-8.86129832,-7.90297104,-6.08366064
22084493,gaba,GABA-A,0.004,0.40675241,0.33535036,0.24231262,0.19391656,-0.04584851,-0.23915126,0.17562706,0.13821608,0.2462885,0.24596155,0.53871299,0.57652716,-0.15675107,-0.06498392,0.33063225,0.42657816,-0.04044773,-0.38062388,0.1808132,0.26546623,0.26325744,0.1618942,0.0545883,-0.0826476,1.56384507,0.63209241,2.19593748,1.25082045,0.3256832,1.57650365,-12.72447823,-9.91844291,-4.35873848
23343892,gaba,GABA-A,0.004,0.01111634,0.25258744,-0.20359711,-0.2410992,0.23677137,0.21563193,0.41621141,0.34336828,0.10603623,0.14391797,0.97887722,1.52250249,-0.2866577,0.06858991,0.2452515,0.35644011,0.03239772,0.00433739,0.95056616,0.82805873,-0.003231,-0.13539844,-0.1508637,-0.18231279,1.54541545,0.78746299,2.33287844,2.23690892,0.9397149,3.17662381,-19.46785031,-24.60287919,-8.78277225
24115048,gaba,GABA-A,0.004,0.90182868,0.61607448,0.09752381,-0.04013699,0.75676923,0.39879928,0.58720985,0.45430573,0.48979495,0.37968637,0.18395295,-0.36953133,0.34904174,0.77070974,0.41940112,0.33782296,0.25553601,0.18168252,0.80330761,0.94325137,-0.23954643,0.13818139,0.29909028,0.16202562,3.01707947,1.88683033,4.9039098,1.43919755,2.5336736,3.97287114,-2.66911557,-5.56687921,-10.98424758
24495953,gaba,GABA-A,0.004,0.89204795,1.07637071,0.21448744,0.31937229,0.10742344,0.16883317,0.57448226,0.41880125,0.12418404,0.33313254,0.43547398,0.78744946,0.1781793,0.38223708,0.34353388,0.1503999,0.06938264,0.19454239,0.47797191,0.44877883,-0.01204795,-0.23053457,0.05031139,0.2044958,2.3480991,1.10733116,3.45543027,3.10395942,1.14991943,4.25387885,-20.0900561,-16.62695895,-11.76118147
25000478,gaba,GABA-A,0.004,0.62846924,0.78238463,0.33253795,0.44830235,0.2039732,0.27347173,0.59092139,0.5599169,-0.04988483,-0.09083931,0.70713688,0.49741944,-0.30566031,0.05864326,0.1841657,0.2947285,-0.20485624,-0.02989091,0.40851125,0.21996611,0.13328715,0.09130228,-0.14851952,-0.02493255,2.41315383,0.06692803,2.48008186,2.47065574,0.6098167,3.08047244,-14.8977986,-10.73203765,-8.51693163
25067315,gaba,GABA-A,0.004,0.31979565,0.28160496,-0.12455387,-0.05374654,0.33517469,0.41745748,0.15866918,0.12599053,-0.25861455,-0.26020991,0.03392372,0.29692106,-0.79328595,-0.64114021,0.5499763,0.81018497,-0.28541922,-0.31378941,-0.26344627,-0.165026,0.65017941,-0.17401442,0.0288414,-0.18015444,0.46439482,-0.11315433,0.35124049,0.80801759,-0.66393952,0.14407807,-7.82279462,-4.98258669,-0.39834898
25356336,gaba,GABA-A,0.004,0.36120847,0.270325,-0.1607778,-0.17676567,0.18622503,0.34193819,-0.12792369,-0.16387916,0.1475354,0.12480926,0.62814176,0.93766153,0.19067624,0.18350178,0.12402634,0.61325373,0.14774203,0.37850875,-0.16548716,-0.20842082,0.1074494,0.20314725,0.03557956,0.27070468,1.03440918,0.43998641,1.47439559,1.33408915,1.44069537,2.77478452,-14.60461693,-19.76270105,-7.67176156
25517914,gaba,GABA-A,0.004,0.27731924,0.45462258,0.11715736,0.09726306,0.26340377,0.24252175,-0.05756637,-0.09916647,0.42672691,0.42497136,0.2929979,0.32828394,-0.0788511,-0.409677,0.16455141,0.52911231,0.73259905,0.5574705,0.63150238,0.60367902,-0.02848176,-0.0413505,0.7347899,0.51246683,1.32003881,2.15610988,3.47614869,1.44849623,1.75170115,3.20019738,-6.68268687,-6.11967901,-8.84794876
25821028,gaba,GABA-A,0.004,0.24718159,0.27780061,-0.34094413,-0.50643986,0.0489134,0.04415638,-0.22874871,-0.32048625,-0.03157707,0.10061785,0.07034133,0.3565905,-0.31266646,-0.19844523,-0.35807863,-0.17154667,-0.00319527,0.3447914,0.0952952,0.09650919,-0.33342757,0.13167509,-0.00486779,0.19827506,-0.23483358,-0.91694052,-1.1517741,-0.04776077,0.40125885,0.35349808,4.27959443,1.50781174,-0.97735624
26901488,gaba,GABA-A,0.004,-0.12138632,-0.12041896,-0.19335279,0.00484869,-0.08517855,-0.0982479,0.36558799,0.42792285,-0.10192987,-0.23598732,-0.22267148,-0.33759631,-0.25388924,0.21972649,0.24696916,0.54977476,0.50144987,0.60188385,-0.11524214,-0.00759531,-0.25653094,0.05967237,0.21482548,0.36871233,-0.35893102,0.3375822,-0.02134881,-0.35947895,1.79217449,1.43269554,3.37313479,0.15344234,-3.96113591
27363295,gaba,GABA-A,0.004,0.10905005,0.19461682,0.02333768,-0.04583618,0.29070129,0.2281498,0.17430912,0.15227325,0.68447422,0.77238566,-0.11415432,0.03723666,-0.25530454,-0.82105717,0.39054899,-0.1676841,0.07813934,-0.10953007,-0.08544084,0.11983339,0.36488695,0.45943504,0.3063281,0.23241253,1.16771804,0.79915799,1.96687604,1.33882603,-0.28659039,1.05223564,1.85957952,8.41612641,-2.90923524
27578624,gaba,GABA-A,0.004,0.86910371,0.71835067,0.15279615,0.14029468,0.69145411,0.62816421,0.18443529,0.15543397,0.31416971,0.12337143,0.28863396,0.65278372,0.52583665,0.59219875,0.25053507,0.29082842,0.38951674,0.52231658,0.76280065,0.92654374,-0.11408859,0.14717723,0.44610514,0.51068287,2.50059293,2.26070566,4.76129859,2.41839868,2.98974758,5.40814626,-16.79646773,-21.50784994,-14.95251552
28113492,gaba,GABA-A,0.004,0.93928397,0.60667541,-0.10156993,-0.13472116,0.65944769,0.46124178,0.52056616,0.40616143,-0.19390201,-0.03149718,0.58306538,0.22024391,-0.10013266,0.2709609,0.59323459,0.48794833,0.45293127,0.25812717,0.26771402,0.52444637,-0.23350739,-0.3082082,0.56691188,0.43340946,2.40689126,1.54715171,3.95404297,1.52810418,1.66668402,3.1947882,-10.89415549,-11.88770997,-8.83299338
28264513,gaba,GABA-A,0.004,0.81633182,0.97061664,-0.05443689,-0.17243813,0.53849563,0.64450436,0.44090921,0.3947353,0.2853607,0.26321056,0.35764051,0.64538636,-0.44279261,-0.52256597,-0.17945282,-0.19543204,-0.02958206,0.31989839,0.33270569,0.62185653,-0.0954493,-0.24125647,-0.06003562,0.05762545,2.38430098,-0.47460671,1.90969426,2.74601509,0.04012589,2.78614098,-5.78522698,-2.17861935,-7.70316005
29658673,gaba,GABA-A,0.004,0.70750177,0.6883543,-0.27128565,-0.30066577,0.43319363,0.52222192,0.22084941,0.05676847,-0.09412199,-0.04415502,0.37396383,0.40980045,0.11440504,0.40296443,0.43079414,0.54135602,0.71649412,0.84501376,0.55204986,0.62805137,-0.25869854,-0.25882214,0.75362933,0.88200164,1.370101,2.30867395,3.67877495,1.33232435,3.04056509,4.37288943,-10.84050743,-16.29289533,-12.09022352
29751086,gaba,GABA-A,0.004,0.37575914,0.62958349,0.17811863,0.25236392,0.23650546,0.51743051,0.48102461,0.33263087,-0.37587948,-0.33591734,0.66923154,0.95629026,-0.25417837,-0.21562444,-0.4542615,-0.49213951,0.51726181,0.65278988,0.20805586,0.24082999,-0.11324837,0.02164153,0.68467266,0.83519389,1.5647599,0.5883021,2.15306201,2.35238171,1.04269134,3.39507305,-15.22274993,-12.78341605,-9.38674363
29871328,gaba,GABA-A,0.004,1.0903642,1.01072804,0.09970556,0.08817247,0.8548525,0.72106079,0.132902,0.05065038,0.15259913,0.33298437,0.36620522,0.75016996,0.45618244,0.27796332,0.57725457,0.63209925,0.80457757,0.65615416,-0.09011145,-0.15259813,-0.17319896,0.0731614,0.56319006,0.49619192,2.69662862,2.13789424,4.83452286,2.95376601,1.98297192,4.93673793,-18.74331141,-19.61624155,-13.64915943
30151696,gaba,GABA-A,0.004,0.82100279,0.68086737,0.1486733,-0.00825526,0.73338292,0.53741162,0.44435473,0.66129797,0.57315869,0.63879692,0.82477463,0.68542256,0.21632089,0.58831326,0.62699533,0.67778592,0.73873398,0.65436127,0.84436926,1.08199265,-0.19471351,-0.11005571,1.0390545,0.97798375,3.54534705,3.27076045,6.81610751,3.19554118,3.87038114,7.06592232,-22.48673961,-25.4540642,-19.53595706
30276332,gaba,GABA-A,0.004,0.17123387,0.00858884,0.25098685,0.21494358,0.03275594,-0.04738196,0.14669896,0.05137341,0.08849348,-0.39793312,0.50807468,0.18910188,0.25150026,0.11060432,0.40077733,0.41596953,0.14629538,-0.07269549,0.01347829,0.04002085,0.11134897,-0.05125233,0.30137963,0.15364999,1.19824378,1.22477987,2.42302365,0.01869262,0.59629686,0.61498948,-8.58694171,-9.05161162,-1.70033119
30649663,gaba,GABA-A,0.004,0.26984301,0.23601692,0.03270314,-0.09841925,0.4479289,0.26699126,0.21990551,0.08664709,0.0371214,-0.21171477,-0.24546336,-0.22315728,0.36204213,0.54385708,-0.10649188,-0.18946348,0.27913818,0.2882661,0.31469081,0.07610155,0.02686271,0.01782138,0.26733424,0.14800378,0.76203861,1.14357618,1.90561479,0.05636397,0.88458642,0.94095039,1.97449916,-1.18738696,-2.60155229
30779144,gaba,GABA-A,0.004,0.50169926,0.49830295,0.24533317,0.32210512,0.58453575,0.67719741,0.54855226,0.60416322,0.03597068,-0.09013104,0.25619767,0.63827592,0.21305225,0.26974245,0.74390169,0.83187369,0.34724888,0.47979554,0.14880987,0.10270578,-0.47103412,-0.28719325,0.47917645,0.59793741,2.1722888,1.46115501,3.63344381,2.64991358,1.99486163,4.6447752,-23.49923597,-23.79556541,-12.84193695
31070544,gaba,GABA-A,0.004,-0.09686215,-0.17923467,-0.21591329,-0.20660006,0.20967641,0.2706457,0.52594561,0.5752187,-0.21275258,-0.23953291,0.32046698,0.13940942,-0.1649105,0.17504872,0.27895149,0.30045863,0.12943148,-0.04333344,0.71508092,0.7709133,0.34253186,0.16081762,0.2910667,0.06112368,0.53056098,1.59215195,2.12271293,0.35990617,1.42502851,1.78493468,-2.75835546,-7.53123712,-4.9350114
31171219,gaba,GABA-A,0.004,0.08416007,-0.09744668,-0.39223686,-0.34102268,0.21204589,0.08965629,-0.03326099,0.25210358,-0.01533716,-0.179496,-0.00658703,-0.64334821,0.1685473,0.28880959,0.38807275,0.09135483,0.55068233,0.53412461,0.93483825,0.96507258,0.18400261,0.1875316,0.36104345,0.51002183,-0.15121608,2.58718669,2.43597062,-0.91955369,2.57691504,1.65736135,11.86448909,5.6366818,-4.58229495
31825112,gaba,GABA-A,0.004,-0.12095705,-0.03799547,0.01488337,0.11869355,-0.48296906,-0.39363125,0.01083861,0.09547321,-0.2160324,-0.28695833,0.29700845,0.41261313,-0.06887382,0.23300829,-0.07621068,0.01838977,0.41224373,0.16716259,0.84294873,0.79871761,-0.03664406,-0.13178246,0.10394963,0.05349485,-0.49722807,1.17741354,0.68018546,-0.09180517,1.13899065,1.04718548,-4.31842838,-7.75757713,-2.89527251
31851798,gaba,GABA-A,0.004,0.44883331,0.0893673,-0.05923182,-0.13219362,0.04437772,0.11108999,-0.12520182,-0.13749698,-0.14774894,-0.27833035,0.1966391,0.02643495,0.20536794,0.14070879,0.09361445,0.15028755,0.14847096,0.18300636,0.36293216,0.32137764,0.26954236,0.45946466,0.00774494,0.04164385,0.35766755,1.08767281,1.44534036,-0.32112871,1.29648886,0.97536015,3.27891892,-1.62946327,-2.69668886
32581973,gaba,GABA-A,0.004,0.29903811,-0.13853208,0.1415042,0.0904193,0.23350755,-0.09789925,0.19197711,0.17779494,0.08924263,0.09860104,1.26280188,0.59645953,0.25834561,0.45701182,0.19776992,0.15119356,0.20212124,0.15431758,-0.38012578,-0.27271113,-0.20201614,-0.3020337,0.01698507,-0.08234935,2.21807149,0.09307993,2.31115142,0.72684347,0.10542877,0.83227225,-11.41038698,-14.04730726,-2.3010775
32804781,gaba,GABA-A,0.004,0.16872745,0.41044071,0.23215049,0.36630184,0.32958221,0.44001846,-0.05217402,-0.19656593,0.07814554,0.15093499,0.33877323,0.42009778,0.00204166,0.07235062,0.29205942,-0.10023207,0.62584382,0.55452283,0.96333027,0.91370164,0.09858501,0.76887659,0.80268633,0.64826604,1.0952049,2.78454651,3.87975141,1.59122783,2.85748565,4.44871348,-7.65585909,-10.49478532,-12.29986288
34458922,gaba,GABA-A,0.004,0.67786838,0.92731939,0.24989151,0.24725828,0.6382211,0.86561066,0.18091448,0.20685306,0.18069036,0.06614547,0.12321532,0.3927036,-0.60033618,-0.42092324,-0.10901694,-0.22172357,-0.11827215,0.04784486,0.1385751,0.23218469,0.09183396,-0.04263126,0.12002327,0.27351747,2.05080114,-0.47719292,1.57360822,2.70589045,-0.13173105,2.5741594,-11.44643012,-4.91331519,-7.11707053
35704260,gaba,GABA-A,0.004,0.09712964,0.32286001,0.06583893,-0.04868248,-0.01906743,0.0503761,0.49022601,0.38464859,0.13063482,0.40287345,0.45070981,0.92835246,-0.10514876,-0.38739643,0.67451796,0.47041772,0.16244096,-0.02322829,0.29819414,0.29552888,0.40696789,0.16011575,0.23008681,0.16708331,1.21547177,1.66705901,2.88253078,2.04042812,0.68252094,2.72294906,-14.03980925,-12.13624882,-7.5284462
36383037,gaba,GABA-A,0.004,0.3930438,0.40542442,0.1755588,0.23841377,0.29708226,0.29166189,0.25515892,0.41586834,0.10626788,0.14137048,0.50471406,0.82173381,0.1541593,0.25357463,0.14213648,-0.17320057,-0.0462046,0.09997615,-0.07968183,-0.10111659,0.23277243,-0.12822773,0.2403453,0.35897417,1.73182572,0.64352708,2.37535279,2.31447272,0.30998004,2.62445276,-19.18453819,-16.57000032,-7.25612229
37280746,gaba,GABA-A,0.004,0.29076258,0.00520202,-0.04131176,-0.13286594,0.20207181,0.03090362,0.2857873,0.37497499,-0.14247959,0.05889208,0.30084407,0.13297829,-0.10729611,-0.18524591,-0.44748061,-0.4575795,0.06207545,0.21637968,0.04006159,0.13594122,-0.11941822,-0.32690964,0.11795026,0.20015381,0.89567441,-0.45410764,0.44156677,0.47008506,-0.41726034,0.05282472,1.08802855,3.07606538,-0.14605049
37805580,gaba,GABA-A,0.004,0.63561699,0.62093035,0.09772701,-0.05053321,0.28372866,0.32644073,0.77575795,0.69948296,0.51008603,0.51297306,0.00406759,0.05856089,-0.30292719,0.01213692,-0.32177172,-0.01673252,-0.5908394,-0.19935425,0.17282803,0.09357719,0.13906623,0.1806626,-0.43366042,-0.05093425,2.30698424,-1.33730446,0.96967978,2.16785478,0.01935568,2.18721046,-4.69968783,0.33505665,-6.0472289
38072766,gaba,GABA-A,0.004,0.57980772,0.58170192,0.1117274,0.1403667,0.39555081,0.40323094,0.33123387,0.15718271,0.27838642,0.17337313,0.28457599,0.18990731,-0.27771557,-0.05083714,0.25959834,0.47882556,0.3298473,0.21128261,0.21813311,0.49359413,0.20165957,-0.03896598,0.13335569,0.04889377,1.98128221,0.86487843,2.84616064,1.64576272,1.14279295,2.78855566,-7.12847361,-6.74369027,-7.7098362
38521433,gaba,GABA-A,0.004,0.33222775,0.39760653,0.11748146,0.17943737,0.36941963,0.32576744,0.27963183,0.44536844,0.09606983,-0.14166283,0.93571039,1.16419172,0.14606024,0.01448466,0.14169233,-0.0768322,0.28105406,0.1852509,0.31573117,0.4538748,0.32168669,-0.06199458,0.1171393,0.130218,2.13054088,1.3233638,3.45390468,2.37070866,0.64500159,3.01571025,-18.12839841,-18.53067788,-8.33787627
38666520,gaba,GABA-A,0.004,0.39222243,-0.28830333,-0.16529156,-0.22922326,0.32738457,-0.02973301,0.32847215,0.24863978,-0.23603225,-0.14153159,0.05727876,-0.3706443,-0.24675877,0.07160653,-0.05584169,-0.17283106,0.34931264,0.25708499,0.25035162,0.32786757,0.24697457,0.24826148,0.26136887,0.22049351,0.70403411,0.80540724,1.50944135,-0.8107957,0.95248303,0.14168733,9.93957839,6.69323667,-0.39173903
39453204,gaba,GABA-A,0.004,-0.04923714,-0.12383388,0.25010417,0.19865131,-0.0184255,0.00559512,0.11764128,0.20462139,0.02614912,0.14269,0.58304001,0.17718338,-0.13112064,-0.14176351,0.06923605,-0.09942207,0.19794534,0.50932203,-0.21290606,-0.42901646,-0.00509895,0.05879079,0.39793262,0.54295794,0.90927194,0.31598836,1.2252603,0.60490732,0.44086872,1.04577604,-3.76615556,-1.90410358,-2.89137567
39583981,gaba,GABA-A,0.004,-0.01867558,-0.07324251,0.04936605,0.12752455,0.31385587,0.52361188,0.80935439,1.04600494,1.03421755,1.00540342,0.26834294,0.52960756,-0.22653677,-0.20615907,0.9206113,0.88031929,0.10406249,0.02120348,0.55399393,0.71390241,-0.26603058,0.14579299,0.3106362,0.24359729,2.45646121,1.39673658,3.8531978,3.15890984,1.7986564,4.95756624,-17.1665061,-16.03477895,-13.70674583
39776858,gaba,GABA-A,0.004,0.92352476,0.96713271,0.06684763,0.05398185,0.81356579,0.87105936,0.27794148,0.34082796,-0.18560676,-0.50133496,0.98104819,1.09707014,0.00740642,0.36665087,0.47422816,0.50633202,0.30638547,0.30319766,0.19148899,0.16199001,0.09304703,-0.06700403,0.55962987,0.38635155,2.87732108,1.63218594,4.50950703,2.82873706,1.65751808,4.48625514,-24.75545739,-27.09414771,-12.40365855
40201562,gaba,GABA-A,0.004,0.74309528,0.23382766,-0.02075339,-0.05834982,0.82400957,0.44458904,0.0271801,-0.01671096,0.21639225,0.2162103,0.47397711,-0.34212113,0.05053073,-0.00172645,0.64536922,0.56095673,0.85714505,0.84855648,0.38397379,0.29425372,0.16494673,0.00410922,0.95734563,0.8012691,2.26390091,3.05931116,5.32321207,0.47744509,2.50741881,2.9848639,0.69691348,-1.89719459,-8.25259185
41213271,gaba,GABA-A,0.004,0.19887928,-0.03037634,-0.3381486,-0.21145261,0.05342714,-0.25805213,0.51843165,0.58674059,-0.16755596,-0.23331193,0.40086292,0.29733727,-0.38332048,-0.24052378,-0.05427376,-0.05116277,-0.23405681,-0.26228155,0.42992466,0.66459981,0.04154421,0.08434977,-0.01493351,-0.0736459,0.66589643,-0.21511569,0.45078074,0.15088486,0.12133559,0.27222045,0.29576505,0.73450549,-0.75263876
41383458,gaba,GABA-A,0.004,0.17150736,0.04538975,0.19173946,0.21258091,0.05031212,-0.24374275,0.41882319,0.38547861,0.44849952,0.43034259,0.94318392,0.80720831,0.0781054,0.37274219,-0.00035656,-0.09156782,0.08382898,-0.03708825,-0.12970983,-0.34535627,0.4969404,-0.07717829,0.14470573,0.05385395,2.22406558,0.67351412,2.89757969,1.63725742,-0.12459449,1.51266293,-16.06895999,-14.23168932,-4.18223081
41429086,gaba,GABA-A,0.004,0.22428935,0.44731347,0.48471556,0.34246226,0.29576904,0.39455455,0.40949088,0.33579757,-0.02411059,-0.15193079,0.62968674,0.68641608,0.44268719,0.63520336,0.49964986,0.18332545,0.23335282,0.13578997,0.22411636,0.51043992,0.26698399,0.1382103,0.36031553,0.23480998,2.01984098,2.02710575,4.04694673,2.05461314,1.83777898,3.89239211,-18.96776776,-21.60128918,-10.76173807
41548748,gaba,GABA-A,0.004,0.3111986,0.53245956,0.04350896,-0.02701202,0.20790214,0.2574953,0.20783833,0.1710531,0.23457896,0.36744141,0.47694506,0.78502511,-0.06824626,-0.12652433,0.20332486,0.33628144,0.11690862,0.14549614,0.10534897,0.0983936,0.21182607,0.39025245,0.25022892,0.16466659,1.48197206,0.81939118,2.30136325,2.08646245,1.00856589,3.09502834,-11.76311935,-11.39992807,-8.55717599
42449851,gaba,GABA-A,0.004,0.37631356,0.35335582,-0.08518543,-0.2233432,-0.14830677,-0.05920461,0.49358657,0.46910014,-0.03060714,-0.1152513,0.68273854,1.26752574,-0.20399205,0.22066234,0.77855832,1.11989552,0.46451248,0.63506924,0.32752085,0.53558659,-0.08802387,0.30752746,0.62143452,0.76437288,1.28853933,1.90001025,3.18854959,1.69218258,3.58311402,5.27529661,-20.26311688,-26.96114667,-14.58521102
42823353,gaba,GABA-A,0.004,0.42654783,0.36838706,0.65167327,0.44214302,0.24331162,0.1703046,0.51628493,0.74203779,0.40510907,0.23027445,0.82670324,0.36791589,-0.30291335,-0.22697484,-0.24969298,-0.1872261,-0.31582729,-0.46381797,0.11393566,-0.145351,0.04796116,0.19899848,-0.14277385,-0.17015932,3.06962997,-0.84931065,2.22031932,2.32106281,-0.99453075,1.32653206,-11.60243112,-3.09776643,-3.66761368
43525440,gaba,GABA-A,0.004,0.69070044,0.31308574,-0.26832613,-0.2659897,0.42392048,-0.0670885,0.16306521,0.21761967,0.01654241,-0.0992342,0.33991978,-0.01236026,-0.4749662,-0.22878816,0.55369927,0.60265004,0.11031729,0.07882543,0.03233368,0.24882255,0.14528818,0.07345552,0.2063272,0.16357653,1.36582219,0.57299942,1.93882161,0.08603275,0.93854191,1.02457466,1.01194772,0.92885931,-2.83275779
43720294,gaba,GABA-A,0.004,0.39955757,0.51810505,0.19204605,0.06947543,0.18578281,0.15507348,-0.05264036,0.04739317,0.57084428,0.57721575,0.13205289,0.41479449,0.19404191,0.15046879,0.72452873,0.62727183,0.49765626,0.4391775,0.57200959,0.56074074,0.08937137,-0.28760528,0.47628624,0.43137122,1.42764323,2.55389411,3.98153734,1.78205737,1.92142479,3.70348216,-12.85692194,-13.45715736,-10.23943729
43926786,gaba,GABA-A,0.004,0.48122551,0.66374689,0.02264407,-0.10785231,0.52371074,0.51345217,-0.09821935,-0.14723619,0.14545806,0.1414849,0.0906996,0.49391966,0.16910866,0.28341386,-0.29097666,-0.00143494,0.1415954,0.14309318,0.218135,0.22159343,0.23589687,-0.06398704,0.12309375,0.13463246,1.16551863,0.59685302,1.76237165,1.55751513,0.71731095,2.27482608,-10.05448288,-11.51543735,-6.28946973
44576096,gaba,GABA-A,0.004,0.27057351,0.5478278,0.30668708,0.2029987,0.38375203,0.35317344,0.13264039,0.18166269,0.25148996,0.39847276,0.36656165,0.77718349,-0.40901202,-0.43731369,0.50018677,0.34647438,0.15455992,0.27577149,0.06549303,0.25197762,-0.04700321,0.36570887,0.1602398,0.27560006,1.71170462,0.4244643,2.13616891,2.46131888,1.07821873,3.53953762,-12.52690426,-10.14323506,-9.78616122
45544719,gaba,GABA-A,0.004,1.10729299,1.26674699,0.25759284,0.16270442,0.62790603,0.77771906,0.4940296,0.39957894,0.5587305,0.79081604,0.40805883,0.47501936,-0.47657285,-0.29232586,0.83276708,0.93674138,0.67042842,0.80705183,0.48727408,0.65324144,0.04438485,0.1563986,0.44062299,0.45337854,3.45361079,1.99890458,5.45251537,3.87258481,2.71448593,6.58707074,-12.94783819,-10.75298253,-18.21202179
48028426,gaba,GABA-A,0.004,0.58750845,0.80995887,-0.00593541,-0.03275828,0.26771598,0.47919837,0.38184455,0.37971536,-0.18774649,-0.34470034,0.69019404,0.9093265,0.13052319,0.41814894,0.30874749,0.23782457,0.53752926,0.51299807,0.01515396,0.41508185,0.0270752,-0.02460235,0.48288329,0.27814053,1.73358113,1.50191239,3.23549352,2.20074048,1.83759161,4.0383321,-15.4512028,-19.17955819,-11.1652349
48054415,gaba,GABA-A,0.004,0.46624101,0.44187334,-0.02995548,-0.05531686,0.26232033,0.02578635,0.32867692,0.36422251,0.38339378,0.61491164,0.48266193,0.19720914,-0.43407437,-0.04042849,-0.26475042,-0.06756248,0.41926814,0.4745165,-0.12808099,-0.13339955,0.01410703,-0.16239004,0.23594145,0.23599936,1.89333849,-0.15758915,1.73574933,1.58868611,0.30673531,1.89542142,-2.32898414,0.7135474,-5.24048663
50395729,gaba,GABA-A,0.004,0.09416325,0.41571018,-0.33684861,-0.34483146,0.28112181,0.41683715,0.31235708,0.54248847,-0.04970108,0.07508845,0.40575672,0.51764101,-0.03622942,0.30779773,-0.13156931,0.06862713,-0.22873089,-0.18865592,-0.03772541,-0.18483764,-0.35655021,-0.26089674,-0.06596222,-0.06040625,0.70684917,-0.85676746,-0.14991829,1.62293379,-0.31837168,1.30456211,-11.11524437,-10.85558221,-3.60687088
51076110,gaba,GABA-A,0.004,0.76181699,0.40987942,0.11380539,0.06877622,0.8000961,0.52023651,0.40263625,0.3452394,-0.17955734,-0.04041206,1.13492879,0.97877459,0.617726,0.410716,0.26361851,0.39755481,0.70179444,0.64043684,0.00988303,0.18745137,0.17343438,0.11370681,0.61048137,0.52028128,3.03372618,2.37693773,5.41066391,2.28249409,2.27014711,4.5526412,-18.93203522,-23.60662089,-12.58720363
51649816,gaba,GABA-A,0.004,0.56640096,0.60223296,-0.15629916,-0.2096152,0.5155375,0.55148283,0.16203422,-0.11419919,-0.40768827,-0.26209714,0.01512116,0.49602068,-0.23891502,-0.05800213,0.23954006,0.19621318,0.07889713,0.20991762,0.17827714,0.43808889,-0.02476571,0.09435657,0.18043564,0.16719451,0.69510641,0.41346924,1.10857565,1.06382493,1.04776864,2.11159357,-6.18164345,-9.01438078,-5.8381623
52071148,gaba,GABA-A,0.004,0.1364304,0.11955058,0.27485518,0.20932169,0.1287212,0.09438803,-0.18299207,-0.15359726,-0.01000756,0.0278691,0.18290237,0.42930226,-0.27150386,-0.14398089,-0.03315735,-0.37499245,0.13201071,0.21570504,0.16823242,0.38781984,0.03338621,0.19660494,0.08714537,0.25821962,0.52990953,0.1161135,0.64602303,0.7268344,0.5393761,1.2662105,-4.41208323,-4.28355063,-3.50083581
52801880,gaba,GABA-A,0.004,0.40297492,0.71817033,-0.14144973,-0.12462291,0.0521083,0.36600781,0.01590653,-0.00496747,-0.14290735,-0.29553924,0.4155049,0.48110447,-0.04236825,-0.3337152,0.41877045,0.47014002,0.45646425,0.42290904,0.6491095,0.79161713,-0.04891461,-0.10524708,0.40072913,0.33042596,0.60213757,1.83379047,2.43592804,1.140153,1.57612987,2.71628287,-5.95264106,-7.43045306,-7.51001541
53120454,gaba,GABA-A,0.004,0.9909045,0.73057238,0.39937114,0.40043389,0.88269628,0.8201404,0.25044012,0.02655759,0.13421125,0.23919934,0.51224883,0.27003768,0.21826902,0.48464261,0.50889962,0.47915838,-0.09269909,-0.02714995,-0.01494197,-0.08612319,-0.1385192,-0.0834153,-0.1989611,-0.14249599,3.16987212,0.28204729,3.4519194,2.48694127,0.62461656,3.11155783,-17.31955222,-16.68462205,-8.60287694
54633971,gaba,GABA-A,0.004,0.48101518,0.35421329,0.50020767,0.40902636,0.08210879,0.32256416,0.03906187,-0.10455478,0.42558435,0.03377213,0.40318435,0.40031455,0.37546738,0.45623444,-0.37102156,-0.48946314,0.12739189,0.17258207,-0.08418727,-0.02828725,-0.31912174,-0.11669487,-0.01522756,0.13550903,1.9311622,-0.28669887,1.64446334,1.4153357,0.12988027,1.54521597,-11.58979141,-10.86972749,-4.27223391
54741718,gaba,GABA-A,0.004,0.4622188,0.37639476,0.19206979,0.13467946,0.35965591,0.17684665,0.37487344,0.65126248,0.31576589,0.11060365,0.51860135,-0.01920578,0.16881235,-0.08483222,-0.3659112,-0.61604925,0.17521359,-0.0876537,-0.0107793,-0.16636248,0.32892638,-0.07067229,0.28201136,0.12783785,2.22318518,0.57827318,2.80145836,1.43058122,-0.89773209,0.53284913,-2.30425105,4.77727781,-1.47322843
55417875,gaba,GABA-A,0.004,0.574547,0.61907488,0.15304723,0.24276669,0.38383525,0.46575255,-0.14431818,-0.18528458,0.0543509,0.10962262,0.71634571,1.0939452,0.21752914,0.0221943,0.58704176,0.71848434,0.35672851,0.41372312,0.27090769,0.18543573,0.48065539,-0.06262951,0.42675185,0.24275505,1.7378079,2.33961433,4.07742224,2.34587735,1.51996302,3.86584038,-21.61341427,-23.78361072,-10.68832748
55499880,gaba,GABA-A,0.004,0.42846722,0.79633177,0.00023113,0.07976949,0.25871396,0.42665339,0.33126114,0.46335581,0.03397423,0.18484627,1.05047309,1.38416631,-0.32366571,-0.09055198,0.69674499,0.32286375,0.19367924,-0.0383179,0.19504257,0.24031215,-0.03637241,0.05931665,-0.01240198,-0.23292583,2.10312076,0.7130267,2.81614746,3.33512303,0.26069685,3.59581988,-21.4758869,-20.38124546,-9.94177116
55619168,gaba,GABA-A,0.004,0.3786423,-0.11845519,0.22204345,0.25002403,0.24976109,0.25477599,0.18865929,0.26049053,0.17471964,0.25322596,-0.11111692,-0.51763393,-0.12250731,0.0667918,0.29872954,0.20448664,0.40781799,0.35610576,0.56796731,0.57044206,-0.10987485,-0.21199306,0.13850078,0.06095843,1.10270884,1.18063347,2.28334231,0.38242739,1.04679162,1.42921901,3.3483948,2.50885052,-3.95152396
55836894,gaba,GABA-A,0.004,0.32711559,0.26047703,-0.01890755,0.01023177,0.25404052,0.11853627,0.27215827,0.25971575,0.32841421,0.45958763,0.50492883,0.82819941,-0.03374886,0.26237042,0.72184979,0.7176278,-0.13021215,-0.04213131,0.33022978,0.48905453,0.03128526,-0.0153604,-0.02280426,0.00184587,1.66774988,0.89659956,2.56434944,1.93674786,1.41340691,3.35015477,-17.7571817,-20.22805716,-9.26255296
56819618,gaba,GABA-A,0.004,1.01155876,0.90513444,0.133027,-0.00910958,1.03909623,1.01368352,0.65007047,0.61416886,0.35407261,0.20073383,0.79569134,0.80541332,-0.04749196,0.56836686,0.3113791,0.6541778,0.26411508,0.28403565,0.41248949,0.34254475,-0.49117166,-0.54171951,0.11316955,0.22736476,3.98351643,0.5624896,4.54600603,3.53002439,1.53477031,5.06479469,-25.15917346,-26.73669116,-14.0032125
57172435,gaba,GABA-A,0.004,0.05879267,0.07592881,-0.11252563,-0.07149851,0.0098607,0.08540506,-0.06368783,-0.10463876,-0.06647038,0.20172029,0.09073355,0.62779183,-0.2381872,-0.63676187,0.21684835,-0.2102624,0.38084716,0.4404777,0.18073307,0.28349727,0.10950448,0.07954712,0.23555859,0.26139736,-0.08329692,0.88530445,0.80200753,0.81470872,0.21789518,1.0326039,-1.09232701,-0.80173711,-2.85495716
57348284,gaba,GABA-A,0.004,0.85626519,0.7608627,0.1578648,0.17078152,0.74038355,0.62639855,-0.00839076,0.01549524,0.43025086,0.55332478,0.68272647,1.0155463,0.01648088,0.55804238,0.51343828,0.3477863,0.55685,0.48201964,-0.02083399,-0.00704204,-0.02958881,-0.06154994,0.58419633,0.5625849,2.85910011,1.62054269,4.4796428,3.14240909,1.88184124,5.02425033,-25.42207601,-26.84070992,-13.89111489
57930100,gaba,GABA-A,0.004,0.88599174,0.90812434,0.13186307,0.22892062,0.42041135,0.44710777,0.52793998,0.34670984,0.33641531,0.64283208,0.50883097,0.62542357,-0.36692748,0.04620864,-0.31995596,-0.22230419,-0.34543953,6.518e-05,-0.04884787,0.10035601,-0.64923291,-0.59245425,-0.40832387,0.06294907,2.81145243,-2.13872763,0.6727248,3.19911822,-0.60517955,2.59393867,-17.48529943,-10.44374958,-7.17175652
57968987,gaba,GABA-A,0.004,0.9332291,0.74732518,0.12489013,0.00787831,0.72069641,0.48292607,0.16467163,0.10683564,0.23571296,0.24848522,0.34582709,-0.06209995,-0.31144671,-0.18130629,-0.06291359,-0.08771347,-0.02536336,0.07287835,-0.26187919,-0.2463973,0.17783952,-0.10322815,-0.13281577,0.03095115,2.52502732,-0.6165791,1.90844821,1.53135046,-0.51481571,1.01653475,-1.8933755,3.2490924,-2.81052894
59057693,gaba,GABA-A,0.004,0.43225384,0.55413835,0.04207374,0.14526615,0.05285494,0.00325633,0.29860456,0.39438077,-0.06383014,-0.11152824,0.29352413,0.41457221,0.23393183,0.64372878,-0.14282671,-0.10988226,0.34555369,0.28043213,0.1225137,0.22513486,0.15295487,-0.3065623,0.2499534,0.35874688,1.05548107,0.96208077,2.01756184,1.40008556,1.09159808,2.49168365,-12.63526063,-12.48094742,-6.88904047
59343528,gaba,GABA-A,0.004,0.54043528,0.67698933,-0.02911871,0.05971106,0.4177042,0.40011819,0.85528004,0.67562522,0.43350432,0.37019338,0.70186486,1.18266635,0.47486363,0.74016842,1.2943422,1.15525738,0.99053059,0.7098374,-0.0913683,-0.27176393,-0.30420485,0.07984522,0.87172318,0.6541691,2.91966999,3.23588646,6.15555645,3.36530354,3.06751358,6.43281712,-29.21565561,-33.073996,-17.78553929
60184938,gaba,GABA-A,0.004,-0.21342748,-0.28133758,-0.21968132,-0.21166706,0.16593584,0.19147115,0.31568619,0.35918776,-0.38619379,-0.36623623,0.52116103,0.41406954,-0.01692486,0.12701435,0.2137708,0.29517502,0.18175657,0.21520638,0.01666487,0.05953088,-0.10481704,0.02230861,-0.00364116,-0.01419917,0.18348047,0.28680918,0.47028965,0.10548758,0.70503608,0.81052366,-3.51304403,-9.15128227,-2.24094672
60186708,gaba,GABA-A,0.004,0.0196659,0.04269343,0.1728659,0.05758359,-0.20671849,-0.01794109,-0.15610331,-0.34639233,0.39276099,0.36773625,0.84706322,1.27631363,-0.38238066,-0.19033396,-0.0729854,-0.25197692,0.09056114,0.16596204,0.36852472,0.35033333,-0.16601357,0.21023859,0.17748133,0.39175107,1.06953421,0.01518755,1.08472176,1.37999349,0.67597415,2.05596764,-15.54121226,-16.94096872,-5.68436697
60281382,gaba,GABA-A,0.004,0.63040283,0.75255085,0.2293306,0.23427504,0.19411964,0.05894483,0.31531363,0.27262795,0.7276739,0.61120495,0.53624848,0.8894238,-0.02032199,0.28176085,0.96003163,0.62502144,0.70247843,0.66406724,0.1472448,0.29009669,0.12156323,0.18861003,0.67374695,0.49348331,2.63308908,2.58474306,5.21783213,2.81902743,2.54303956,5.36206699,-18.28984651,-18.8909489,-14.82511492
60334165,gaba,GABA-A,0.004,0.79914455,0.86869245,0.38667801,0.37728393,0.76415826,0.92046309,0.45632202,0.45928907,0.20056462,0.12202969,0.75350134,1.14403083,0.20172213,0.19256104,0.74101849,0.56931916,0.49923503,0.63536129,0.09777758,0.18877574,0.01497521,-0.19819667,0.45572672,0.58937582,3.3603688,2.01045516,5.37082396,3.89178907,1.97719638,5.86898545,-28.70251146,-28.54073013,-16.22664992
60530234,gaba,GABA-A,0.004,0.45880323,0.47185595,0.15084177,0.1053223,-0.06017414,-0.17559897,0.35148669,0.39265416,0.40894622,0.48279851,0.17952322,0.25206731,-0.2399111,-0.58313111,1.05024604,1.02551612,0.6908551,0.57777774,0.81808778,0.76747294,0.08709916,0.3312544,0.54172606,0.47988585,1.48942699,2.94810304,4.43753003,1.52909927,2.59877594,4.12787521,-3.66841502,-2.18234614,-11.41280491
61581707,gaba,GABA-A,0.004,0.52846062,0.50380157,0.15980411,0.01750974,0.34173056,0.28270365,-0.0166581,0.01663524,0.3381305,0.21927958,0.68335985,0.30792984,0.13782461,0.44998283,0.09560687,-0.23666837,-0.27748257,-0.02323058,0.59324562,0.83451464,-0.13195664,0.10189673,-0.30309096,-0.13595439,2.03482754,0.11414693,2.14897447,1.34785961,0.99054086,2.33840048,-5.48653785,-7.88428208,-6.46524109
61756624,gaba,GABA-A,0.004,1.11823838,1.25540175,0.19854678,0.32145896,0.49062681,0.34038783,0.37905721,0.55381417,0.31814265,0.48481919,0.46246282,0.51052702,-0.1802787,-0.25904078,0.41819649,0.18334994,0.49678138,0.350087,0.70709967,0.768196,-0.0138187,-0.26346735,0.33832234,0.26600569,2.96707465,1.76630249,4.73337713,3.46640893,1.04513051,4.51153943,-13.37960743,-6.36888571,-12.47356491
63213959,gaba,GABA-A,0.004,0.29961799,-0.08954111,0.13565823,0.13375151,0.08796016,-0.18872418,0.10893276,-0.35057705,0.07637157,0.03663561,0.26605739,-0.39233526,-0.18385887,0.08628906,0.48122171,0.30590109,0.28586041,0.20288934,0.24574416,0.19602202,0.05402562,-0.05396807,0.43161467,0.31901202,0.9745981,1.31460771,2.2892058,-0.85079047,1.05614547,0.205355,2.1740975,1.0914469,-0.56776826
63218063,gaba,GABA-A,0.004,0.19839928,0.34673505,0.27434163,0.2338302,0.15431525,0.42191661,0.31016427,0.35653024,0.49878028,0.41268354,0.51245583,0.9630028,-0.13079045,0.21293859,0.36379389,0.03256573,0.04923624,0.02496252,0.54825616,0.55491808,0.12443758,0.03576002,0.16754242,0.11511834,1.94845655,1.12247585,3.0709324,2.73469844,0.97626328,3.71096172,-19.75486374,-19.97957641,-10.26011689
63989137,gaba,GABA-A,0.004,0.40078969,0.24306148,-0.0033907,0.04629884,0.35152576,0.45764569,0.10345625,0.12644824,0.14859451,0.24368583,0.12459522,0.26308389,-0.12007084,-0.02393887,0.63480893,0.81723188,0.21550952,0.18016346,0.18069673,0.07009039,-0.03309406,-0.22831599,0.16862501,0.08419713,1.12557073,1.0464753,2.17204604,1.38022397,0.899428,2.27965197,-10.82084114,-11.76173535,-6.30281243
64043761,gaba,GABA-A,0.004,0.20032854,0.24260203,0.00187719,0.09832318,0.06368346,0.01914331,0.1408306,0.26136897,-0.07485769,-0.09969893,0.17905906,0.10394001,0.07368787,0.08109552,0.51218401,0.34085075,0.31508246,0.45640661,-0.09804772,0.00806849,-0.81718335,-0.09330011,0.00575658,0.28688853,0.51092117,-0.00852015,0.50240102,0.62567856,1.08000979,1.70568835,-3.78902283,-4.19116479,-4.71591008
64082948,gaba,GABA-A,0.004,0.73009321,0.58925084,-0.15252326,-0.31961519,0.52683179,0.47801866,0.45629239,0.48043892,0.08832764,0.26417395,0.62606968,0.24434944,0.0817972,-0.0003902,0.51604504,0.57107512,0.51665282,0.05246555,0.28036523,0.4979105,-0.09080654,-0.49963722,0.52450335,0.09746146,2.27509144,1.82855709,4.10364854,1.73661662,0.71888521,2.45550184,-8.74205605,-8.30002732,-6.78900451
64309040,gaba,GABA-A,0.004,0.08658813,0.03034586,-0.06730927,-0.21223233,0.18746729,0.18656277,-0.16714833,-0.19049614,0.18969995,0.27195562,0.45438291,0.39060688,-0.33624545,-0.29871391,0.18390167,0.29909787,-0.22132721,-0.29861205,0.12509618,0.15064656,-0.19699722,-0.04143136,-0.19713753,-0.45132265,0.68368067,-0.64270956,0.04097111,0.47674265,-0.64033554,-0.16359289,-2.64711654,-3.76220669,0.45230383
65620046,gaba,GABA-A,0.004,0.3281259,0.27715027,0.02960691,0.1308637,0.37226996,0.18939878,0.16118261,0.1330594,0.2387002,0.09925083,0.54584773,0.48799922,-0.18444892,-0.16283958,-0.22490334,0.10153324,0.35584565,0.12034933,-0.12629624,-0.14684033,0.16698187,-0.28390356,0.47417632,0.35143408,1.67573331,0.46135533,2.13708864,1.3177222,-0.02026683,1.29745537,-12.1878652,-8.9375277,-3.58722206
66092324,gaba,GABA-A,0.004,0.6927023,0.70068221,0.17608257,0.30022446,0.37502369,0.39180234,0.42858837,0.27609842,0.08554291,0.14903091,0.22746349,0.3977014,-0.23335081,-0.40403754,0.30950501,0.50636159,0.4293926,0.35439323,0.44450202,0.53538596,0.2141423,-0.36383118,0.37600229,0.29818915,1.98540334,1.5401934,3.52559674,2.21553973,0.92646121,3.14200095,-12.0507454,-8.11483304,-8.68704648
66847819,gaba,GABA-A,0.004,1.02113567,0.94882362,0.51811202,0.542327,0.55072817,0.55745138,0.9345646,0.5096635,0.0511068,0.11342849,0.98955955,0.76122337,-0.02309933,0.14750795,0.48620676,0.54647991,0.22865759,0.1911333,0.49753611,0.58499411,0.16889892,0.37049108,0.2269712,0.23260719,4.06520681,1.58517125,5.65037806,3.43291735,2.07321354,5.5061309,-21.35957282,-19.3899565,-15.22342477
67342911,gaba,GABA-A,0.004,0.58730418,0.73835914,-0.04371048,-0.11729095,0.49095616,0.54636362,0.39658878,0.33874645,0.19118461,0.2648817,0.466994,0.59221241,0.132007,0.13616817,-0.05969556,-0.15059684,-0.48602237,-0.32828666,0.16064662,0.08478935,0.03299716,0.13151421,-0.584982,-0.42264376,2.08931724,-0.80504916,1.28426808,2.36327237,-0.54905553,1.81421684,-9.46263254,-7.68426565,-5.01597113
67844279,gaba,GABA-A,0.004,0.48656855,0.70353727,-0.01055125,0.08541885,0.46765969,0.64975057,0.12678692,0.16322773,0.31758367,0.41502469,0.89304277,1.04408214,-0.37222449,-0.24550039,-0.27795259,-0.20807581,-0.26114576,-0.42140428,-0.01442481,0.19102107,0.07906851,0.24338298,-0.00708683,-0.32496296,2.28109035,-0.85376597,1.42732438,3.06104124,-0.76553939,2.29550185,-16.46420678,-12.76302519,-6.34663438
68000499,gaba,GABA-A,0.004,0.26135933,0.11214318,-0.07578037,-0.07744627,-0.07410612,-0.26255515,0.0086429,-0.17152169,0.19991337,0.00504712,0.72739671,0.43415955,0.30223902,0.33717142,-0.21112159,-0.22033306,0.3498895,0.05551453,0.07784871,-0.07680241,-0.29381097,0.20930707,0.4641477,0.3095591,1.04742582,0.68919237,1.73661819,0.03982674,0.61441666,0.6542434,-5.69335755,-7.16847038,-1.80886095
69159223,gaba,GABA-A,0.004,0.44464315,0.33409692,0.45201228,0.43159272,0.60121444,0.67589381,0.0530302,0.06738043,0.31429534,0.58382286,0.1572623,-0.1583627,-0.30622269,-0.49359479,1.03594972,1.00056311,0.3156673,0.25053589,0.38928251,0.39793095,-0.10292063,-0.26215049,0.33334381,0.28940634,2.02245771,1.66510002,3.68755773,1.93442404,1.18269101,3.11711505,-10.04312228,-6.32343509,-8.61824163
69366941,gaba,GABA-A,0.004,0.31645025,0.47186582,0.00170604,0.03215331,0.23570924,0.34384869,0.38612379,0.47308295,-0.43437107,-0.39425125,0.35546878,0.60272482,0.27389198,0.30625915,0.37152464,0.54941774,0.24114168,0.43679941,0.14541907,0.00868711,-0.326383,0.03777481,0.37296809,0.42054133,0.86108703,1.07856246,1.93964949,1.52942434,1.75947956,3.2889039,-14.12061019,-16.62777341,-9.09320573
69973472,gaba,GABA-A,0.004,1.11169491,1.06847868,0.24264143,0.28544897,0.96534349,1.06585043,0.70269566,0.57739719,0.36495212,0.41234253,0.60758004,0.46736128,-0.29012504,0.05542916,-0.05329824,-0.08105189,0.1441058,0.22420296,0.17967177,0.31721107,0.00050746,0.10291614,0.08640906,0.14733904,3.99490765,0.06727082,4.06217847,3.87687909,0.76604648,4.64292557,-14.97443457,-10.73434601,-12.83682307
70910152,gaba,GABA-A,0.004,0.28908552,0.34077001,0.07045552,0.10586324,0.47327564,0.49568002,-0.18996622,-0.20237918,0.28245169,0.24456916,0.58925625,0.29389388,0.11354711,0.14327333,0.4500519,0.2491882,0.65274966,0.58993798,0.91249002,0.67109736,-0.13940755,-0.26446202,0.54865648,0.54461955,1.51455841,2.53808763,4.05264604,1.27839713,1.9336544,3.21205153,-9.60319391,-12.49093208,-8.88072328
72155879,gaba,GABA-A,0.004,1.34049658,1.05183034,0.25613771,0.29555719,1.11529236,0.95501819,0.0782542,0.08513585,0.2867919,0.31831386,0.99945527,0.49068349,-0.30698853,-0.24215834,0.41460829,0.1328827,0.26855003,0.25390123,0.30652264,0.20544019,0.22113284,0.01469736,0.13011122,0.09066698,4.07642803,1.0339365,5.11036452,3.19653892,0.45543013,3.65196905,-13.19493242,-9.1566688,-10.09701315
72358748,gaba,GABA-A,0.004,0.24126727,0.10313846,0.20150386,0.18069963,0.37476499,0.37363608,0.6296564,0.57880512,-0.06222706,0.1087895,0.29479308,0.12386336,-0.11392324,0.23103653,-0.1316342,0.02445312,0.03030438,0.09365716,0.48534728,0.1940773,-0.08880688,-0.10886721,0.26077202,0.38883718,1.67975853,0.44205935,2.12181788,1.46893216,0.82319408,2.29212624,-10.41163487,-8.93513583,-6.33730145
79630427,gaba,GABA-A,0.004,1.10885515,1.12867606,0.40630183,0.3293799,0.8798512,0.95113445,0.92059688,0.95788839,0.3965747,0.56326388,0.92688223,1.3865391,-0.0355424,0.10511616,0.33305747,0.1639075,0.36217026,0.32230798,0.26747625,0.07691381,-0.01261863,-0.01221577,0.02042699,-0.06239302,4.63906199,0.93496994,5.57403193,5.31688178,0.59363667,5.91051845,-27.27184676,-23.59574304,-16.34148091
80301458,gaba,GABA-A,0.004,0.05462303,-0.05809657,-0.18317611,-0.20981384,-0.19557058,-0.33539923,0.03057536,0.07640611,-0.3033774,-0.48606277,0.61002765,0.51586031,-0.30529721,-0.30188419,0.44994553,0.54998412,0.46143917,0.04117266,0.16873689,0.46296836,-0.4192303,-0.18979046,0.49388306,0.21418123,0.01310196,0.84947713,0.86257908,-0.49710599,0.77663172,0.27952572,-4.89555172,-7.20547271,-0.77283648
80461839,gaba,GABA-A,0.004,0.93618675,0.56998016,0.30467857,0.27905167,0.8121522,0.60805311,0.40109104,0.1634186,0.07153588,-0.04422146,0.63984595,0.21630709,-0.20281703,0.02245408,-0.1842223,-0.15139208,0.49839726,0.2863616,-0.13737673,-0.31621608,-0.1097593,-0.35793713,0.089801,-0.00124566,3.16549038,-0.0459771,3.11951328,1.79258916,-0.51797527,1.27461389,-8.08661179,-4.89007509,-3.52406964
82149344,gaba,GABA-A,0.004,0.84120997,0.83855993,0.08224254,0.09706449,0.55531783,0.6119383,-0.03659293,0.03209028,0.27993851,0.15210699,0.79143766,1.12760014,-0.39958483,-0.35654773,-0.00756925,-0.02358847,0.26958658,0.29261411,0.42898214,0.46765149,0.22986927,0.35172493,0.22211291,0.23097619,2.51355359,0.74339682,3.2569504,2.85936013,0.96283051,3.82219064,-14.8282538,-13.95109146,-10.56764409
83236777,gaba,GABA-A,0.004,0.47426905,0.42654042,-0.11411715,-0.08600068,0.41925355,0.3359037,0.99382976,1.17283391,-0.4917186,-0.63145247,1.84127213,1.95179239,-0.2755727,-0.21396004,-0.01459252,-0.04764939,0.22909005,0.24106912,0.51003384,0.46600815,0.18985917,0.18267389,0.22373842,0.09136315,3.12278875,0.86255626,3.98534501,3.16961726,0.71950487,3.88912214,-22.64178031,-24.4768777,-10.75269719
83490451,gaba,GABA-A,0.004,0.89398247,0.86680067,0.22932639,0.15651091,0.70302386,0.7785896,0.25987498,0.21366799,0.2071952,0.19644126,0.66307603,0.62884662,-0.11751269,0.45747194,0.43854495,0.530789,0.59656954,0.31950441,0.03695862,0.31506135,0.14930822,-0.11252108,0.48909905,0.17803864,2.95647893,1.59296768,4.54944662,2.84085705,1.68834427,4.52920133,-19.01475434,-20.67477254,-12.52239675
84037702,gaba,GABA-A,0.004,0.10941821,0.14876176,0.18393307,0.23153321,-0.03345152,-0.00128603,-0.27255767,-0.18546062,0.37004545,0.82580547,0.25352859,0.85813477,-0.41330692,-0.11238999,0.09337967,0.2594235,-0.19443787,-0.15560678,-0.30213318,-0.10570496,0.08508531,0.14251469,-0.12118039,-0.07526364,0.61091614,-0.85259338,-0.24167724,1.87748857,-0.04702719,1.83046137,-15.79520979,-13.78235646,-5.06088422
84828767,gaba,GABA-A,0.004,0.52578583,0.51687065,0.11997192,0.19091741,0.03110457,0.14219623,0.23005837,0.16660494,0.57673998,0.50265795,-0.1240703,-0.1896531,-0.3557864,-0.20591134,-0.14401474,0.10424786,-0.27768155,-0.6504623,0.4896453,0.63883339,-0.18233912,0.08615955,-0.15575261,-0.420026,1.35959037,-0.62592912,0.73366125,1.32959408,-0.44715885,0.88243523,-2.27141799,3.56522134,-2.4397688
90973178,gaba,GABA-A,0.004,0.5983594,0.48950392,-0.36809845,-0.37438928,0.38061741,0.44180451,-0.50267363,-0.61542085,-0.23539603,-0.43723267,0.4230179,0.41034501,-0.07448726,0.25105526,0.10050998,0.44607813,-0.06960757,0.03936429,0.29746419,0.56562163,0.09800891,-0.01351049,-0.0395172,0.20478721,0.29582659,0.31237105,0.60819764,-0.08538936,1.49339603,1.40800667,-6.96766302,-13.6944976,-3.89287579
92159995,gaba,GABA-A,0.004,0.36110059,0.1602335,0.02567101,0.02609418,0.29385309,0.2046906,-0.13939415,-0.25894041,0.39015928,0.38924397,0.24818275,0.08096656,-0.5742601,-0.71229537,-0.34159966,-0.88155434,0.45018702,0.34503046,0.45234761,0.47567486,-0.21562387,-0.04988686,0.32200164,0.3077863,1.17957257,0.09305263,1.27262519,0.6022884,-0.51524495,0.08704345,6.32046099,10.322109,-0.24065891
92432902,gaba,GABA-A,0.004,0.60429017,0.22760107,-0.25799465,-0.32382011,0.21838478,0.23771206,0.71442976,0.45459111,0.37910672,0.14716125,0.67988303,0.31704521,-0.17172029,0.09407909,0.72374403,0.79146994,0.15715462,-0.03760231,0.86571929,0.70808757,0.06382338,-0.29112799,0.36474074,0.08430698,2.3380998,2.00346177,4.34156157,1.06029058,1.34921328,2.40950386,-8.96715561,-11.68528536,-6.66182868
92523261,gaba,GABA-A,0.004,0.8043733,0.55270905,-0.29683,-0.24145827,0.82473486,1.04035687,0.05349122,0.22865874,-0.41442363,-0.34751067,0.66514714,0.26051505,0.36460545,0.52441992,0.70827614,0.8397413,0.4994516,0.51886537,0.49866116,0.1818167,0.05230905,-0.08377149,0.45462397,0.41815994,1.63649289,2.57792738,4.21442026,1.49327077,2.39923174,3.89250251,-12.24568034,-19.13034753,-10.7620433
94345446,gaba,GABA-A,0.004,0.26879163,0.38772617,0.45755239,0.41585209,0.22856392,0.16162328,0.58937629,0.50129158,-0.21899998,-0.19401561,0.13634643,-0.33317766,-0.10033549,0.08390465,-0.00814079,0.09427716,-0.50622943,-0.46671763,0.25815836,0.31961421,0.02780672,0.00311895,-0.19765909,-0.1518385,1.46163067,-0.52639972,0.93523095,0.93929986,-0.11764117,0.82165869,-4.79996216,0.62031571,-2.27173298
94998851,gaba,GABA-A,0.004,0.61888479,0.71993237,0.33503616,0.51533572,0.33192114,0.42097286,0.50591964,0.51255054,0.28820009,0.3569167,0.29505567,0.39139498,-0.00138865,0.16760376,0.58284363,0.52076778,0.13137274,0.19130461,0.66414536,0.80036611,0.06012427,-0.02393105,0.04705719,0.14054382,2.3750175,1.48415455,3.85917205,2.91710316,1.79665502,4.71375818,-16.56214784,-14.36720556,-13.03266202
97970921,gaba,GABA-A,0.004,0.03567362,0.44428987,-0.26709128,-0.1657599,0.19764267,0.62283489,0.03520278,-0.04109422,-0.14755991,0.10397037,-0.01705175,0.13793949,-0.1764112,-0.06551807,0.23347892,0.66158345,0.54622136,0.54845477,0.07540584,0.1797081,0.3341463,0.12098108,0.30195525,0.43556065,-0.16318387,1.31479647,1.1516126,1.1021805,1.88076998,2.98295048,-4.57151518,-7.64888291,-8.24730162
110841481,gaba,GABA-A,0.004,0.38902892,0.30549333,0.19709294,0.21378676,0.03544377,0.1485869,-0.13048597,-0.0729682,0.11115399,0.41347035,0.49402668,0.76714499,-0.1223365,-0.1450283,0.10259678,0.03457057,0.55859673,0.57360502,-0.16595463,-0.22817463,-0.1282322,-0.22598319,0.31200105,0.50649136,1.09626032,0.55667123,1.65293155,1.77551412,0.51548083,2.29099495,-13.69889185,-11.82440586,-6.33417366
110937433,gaba,GABA-A,0.004,0.79309605,0.86196522,-0.14832591,-0.15340539,0.4889121,0.38482884,0.53213264,0.58402661,-0.24524815,-0.05782366,0.67448465,0.70722421,0.04366978,-0.05490545,0.40184197,0.72570263,0.46961342,0.30416628,0.49491053,0.64146813,-0.30106537,-0.1922225,0.51572681,0.27025086,2.09505137,1.62469714,3.71974851,2.32681583,1.69445995,4.02127577,-13.98261388,-14.26042463,-11.11807735
111086310,gaba,GABA-A,0.004,0.55074139,0.73144383,0.22622254,0.20931515,0.50674608,0.53829822,0.20621166,0.20939744,-0.13243821,-0.02267331,0.81627004,0.86044702,-0.29578422,-0.15129836,0.0575586,-0.77562937,0.58499331,1.27105108,-0.19494331,-3.428e-05,0.64636178,0.51092133,0.61623054,1.1918424,2.17375349,1.4144167,3.58817019,2.52622835,2.0468528,4.57308114,-8.74111845,-7.70167136,-12.64371625
111096801,gaba,GABA-A,0.004,1.12474711,1.33239731,0.52647011,0.40951263,0.79646093,0.83542065,0.12390465,0.17951364,0.69601452,0.96080837,0.58696638,0.78553371,0.50102832,0.4302,0.5208973,0.81552133,0.23876187,0.11863173,0.07588698,0.24451196,0.41854777,0.06734587,0.12012549,0.04249419,3.8545637,1.87524773,5.72981144,4.5031863,1.71870507,6.22189137,-26.92317129,-24.20741691,-17.20236895
111844771,gaba,GABA-A,0.004,1.12693142,1.11874501,0.27310585,0.24645268,0.96229802,0.93391572,0.12669888,0.04115798,0.21371713,0.24004955,0.90055448,0.80179933,0.08318632,0.42013579,0.28811367,0.10932441,0.2682285,0.11959793,0.14518012,0.0074963,-0.18714797,-0.27120196,0.5423142,0.48303556,3.60330578,1.13987484,4.74318061,3.38212026,0.86838804,4.2505083,-26.26733861,-23.36838078,-11.75186252
112091464,gaba,GABA-A,0.004,0.45102449,0.54541798,0.40772166,0.17393783,0.40779185,0.47042018,0.04715949,0.05588857,0.28504187,0.25779856,0.59280081,1.15662009,0.48914958,0.23927362,0.79523297,0.6259943,0.97136291,0.92638501,0.47543652,0.59886078,-0.15788999,-0.13395654,0.96766571,0.96475346,2.19154019,3.5409577,5.73249789,2.66008321,3.22131064,5.88139384,-24.44133801,-28.55298692,-16.26095681
112517217,gaba,GABA-A,0.004,0.02166534,-0.11940182,0.18514571,0.24251712,-0.22085166,-0.00997995,0.18415311,0.10363702,-0.01824401,0.27470954,0.10962983,0.27264945,-0.04615945,0.60379851,0.32591421,0.24656171,0.07060884,-0.05126923,0.43683866,0.34124734,-0.19632545,0.02043208,0.16416065,0.11427241,0.26149832,0.75503745,1.01653576,0.76413136,1.27504283,2.03917419,-12.03001493,-14.81670658,-5.63793623
112917188,gaba,GABA-A,0.004,0.54779813,0.78548451,0.3212844,0.44342413,0.80083802,0.93622046,0.48596673,0.51214189,0.02628827,0.10485596,0.71346327,0.89826286,0.06913146,0.2273387,0.49118699,0.27612182,0.75958679,0.97252288,0.8996232,0.64483773,-0.04160461,-0.09896907,0.67851821,0.80906093,2.89563882,2.85644204,5.75208086,3.68038983,2.83091299,6.51130282,-22.82742832,-24.06848308,-18.00253762
112957066,gaba,GABA-A,0.004,0.15104843,0.05601525,0.08165678,-0.02677292,0.09875381,0.12563386,0.16885335,0.2866353,0.35828878,0.44631539,0.23007181,0.59917444,-0.27904892,-0.29623041,-0.16480202,0.07525619,0.07436311,0.31492289,0.40744499,0.5048659,0.12609582,-0.06002348,0.08294946,0.34158295,1.08867296,0.24700243,1.33567539,1.48700132,0.88037404,2.36737536,-7.78700117,-7.52214561,-6.54535123
113174215,gaba,GABA-A,0.004,0.53400487,0.54267945,0.3193914,0.26730218,0.44378607,0.37253043,0.54067024,0.65538947,0.23583339,0.27332579,0.50664894,0.53301321,0.04777971,0.4313175,-0.26521971,-0.31693029,0.08905382,0.11089645,-0.0967338,0.13993322,0.52122979,0.18680687,-0.10034775,-0.03328288,2.58033491,0.19576206,2.77609697,2.64424053,0.51874087,3.1629814,-11.94082201,-10.26997627,-8.74505352
113237194,gaba,GABA-A,0.004,0.59649665,0.75163053,0.06360282,-0.04027055,0.72037694,0.76947142,0.12049396,0.19074521,0.0659163,0.06770848,0.1102076,0.32884233,-0.03012145,0.19114956,0.42244148,0.63230061,0.26973856,0.40124392,0.26920192,0.45119803,-0.12249706,0.08331742,0.1831958,0.35857363,1.67709426,0.99195925,2.66905351,2.06812741,2.11778318,4.18591059,-11.41510724,-13.83485074,-11.57326189
113387068,gaba,GABA-A,0.004,0.25689093,-0.0478801,-0.34250836,-0.34741627,0.38327948,0.32523803,-0.33325842,-0.19597958,-0.61162057,-0.2793746,0.18748427,-0.26663024,-0.14270282,-0.08980078,-0.46612119,-0.27754874,0.36228677,-0.02179619,0.98592399,1.16285222,-0.26336815,-0.10556593,0.33524845,0.08664728,-0.45973267,0.81126705,0.35153438,-0.81204275,0.75478786,-0.05725489,8.14710141,3.82816414,0.15829908
114552708,gaba,GABA-A,0.004,-0.07784433,0.192131,0.15500561,0.11454216,-0.60802626,-0.38200019,0.08958116,-0.0765545,0.06083537,0.11986894,0.28827343,0.69328194,0.06553352,0.1093314,-0.63854875,-0.32685984,0.07697035,0.10934759,-0.22040779,0.11840971,-0.04343452,-0.30969394,0.08657832,0.20623553,-0.09217502,-0.67330886,-0.76548388,0.66126935,-0.09322955,0.5680398,-9.82504534,-8.33424702,-1.57052408
115212275,gaba,GABA-A,0.004,0.4997606,0.5714546,0.31882067,0.21748065,0.33768837,0.25037918,0.26976327,0.23754764,0.47008681,0.56121072,0.52654389,0.85386885,-0.070289,0.0180942,-0.00999742,0.08392237,0.25391816,0.26270013,-0.06505021,-0.00990128,-0.13057788,0.11355672,0.28049327,0.40914691,2.4226636,0.25849692,2.68116052,2.69194164,0.87751904,3.56946068,-17.61598458,-14.64807844,-9.86889291
115364303,gaba,GABA-A,0.004,1.41585973,1.14190825,1.71875626,1.60050493,1.67212023,1.53538871,1.62450589,1.51619432,1.89624956,1.80903489,1.6073219,1.52498149,0.67422284,0.45125438,0.94214477,0.90966536,1.32398162,1.29247558,1.21583394,1.0036173,0.65107952,0.10478958,1.28517289,1.31510065,9.93481358,6.09243557,16.02724915,9.12801259,5.07690286,14.20491544,-54.78801398,-48.51341507,-39.27394128
117385823,gaba,GABA-A,0.004,-0.02557115,0.28631468,0.59232332,0.61536653,0.23785708,0.33030597,0.20544345,0.11050356,0.10221115,0.39871458,0.30282175,0.80258657,-0.57992016,-0.54967228,0.61046298,0.52329013,0.05536769,0.05112052,-0.00107242,0.07941868,0.6027355,0.25009719,0.11951926,0.12082466,1.4150856,0.80709285,2.22217845,2.54379189,0.47507891,3.0188708,-18.1931298,-13.73393802,-8.3466146
118382279,gaba,GABA-A,0.004,0.3513057,0.35207584,0.15231126,0.02664582,0.38438967,0.35759553,0.26247009,0.34241307,-0.02139513,0.03351479,0.54283564,0.83550902,-0.18504957,-0.0744039,0.27532378,0.34667918,0.10730695,-0.04134061,-0.137029,0.00925872,0.19396946,0.00059559,0.08706873,-0.03246627,1.67191722,0.34159035,2.01350758,1.94775407,0.20832271,2.15607678,-15.03370055,-14.65283395,-5.96115009
121801833,gaba,GABA-A,0.004,1.15777462,1.18585253,0.22150641,0.27626886,1.94975288,1.90909661,1.62007679,1.58012219,-0.01536022,-0.037337,1.61059592,1.38074798,0.28043235,0.50063925,0.84706967,0.58726004,0.9525232,0.9286212,1.21746211,1.25220073,0.27365806,0.25979631,0.91025997,0.73545405,6.5443464,4.48140536,11.02575176,6.29475116,4.26397159,10.55872276,-33.93429964,-38.32955316,-29.1928987
122083369,gaba,GABA-A,0.004,0.70091911,0.98652043,-0.10028627,-0.03860905,0.27303838,0.18683685,0.63742053,0.5459863,-0.00137283,0.07987767,0.34624862,0.61334056,-0.11715503,-0.08818807,-0.61661944,-0.56080857,-0.07494933,0.39262759,0.29672432,0.36963669,-0.01368888,0.12167238,0.17668674,0.56851954,1.85596755,-0.34900163,1.50696592,2.37395276,0.80345956,3.17741232,-7.54288037,-2.79045857,-8.78495233
122408481,gaba,GABA-A,0.004,0.87309591,1.11861854,0.15814807,0.21022961,0.4777734,0.20276776,-0.04368796,0.1964567,-0.24741814,-0.17439152,0.18008294,0.26313887,0.14194848,0.31443687,0.33544719,0.35128806,0.12330434,0.47551291,-0.04565794,0.08707224,0.34006985,-0.02794987,0.00528711,0.49550285,1.39799422,0.90039904,2.29839326,1.81681996,1.69586305,3.51268301,-11.26006585,-9.05907491,-9.71191322
123660597,gaba,GABA-A,0.004,0.35736256,0.53516707,0.06575239,0.18817835,0.08802627,0.06556711,0.0261889,0.09441955,0.2416432,0.30066255,0.5946884,0.9085058,-0.04242267,0.68174696,-0.24308533,0.04099072,0.30453496,0.25442068,0.33047942,0.77193986,0.05248422,-0.13734937,0.23868481,0.06319567,1.37366172,0.64067541,2.01433713,2.09250043,1.67494452,3.76744495,-17.36198997,-20.89697601,-10.41628248
123930959,gaba,GABA-A,0.004,0.28667022,0.52669592,-0.18002274,-0.26430936,0.05535329,0.26648615,0.27805903,0.34502103,0.07070815,-0.09257226,-0.13040589,0.229662,-0.44198927,-0.06152413,-0.0375685,0.50689373,-0.19155861,0.22246452,-0.15292926,-0.30692188,-0.16493495,-0.1955511,-0.0846603,0.42125967,0.38036205,-1.0736409,-0.69327884,1.01098347,0.58662081,1.59760428,-7.41067702,-5.8508841,-4.4170778
124782577,gaba,GABA-A,0.004,1.24825764,1.29233166,0.27038906,0.15712019,0.49249162,0.61932592,0.10129497,0.20845598,0.01677514,0.04572756,0.73812314,1.09574457,0.17824015,0.08951761,-0.22747328,-0.17813136,0.20623798,0.11770591,0.54593152,0.60914159,-0.12017094,-0.17336419,0.30555381,0.30396858,2.86733157,0.88831924,3.75565082,3.41870588,0.76883813,4.18754401,-21.81020352,-18.37545427,-11.57777802
125237313,gaba,GABA-A,0.004,0.46883273,0.70420177,0.3419437,0.45105726,0.6186773,0.63437403,0.31423869,0.19082225,-0.2183702,-0.21126216,0.11963967,0.2171468,0.40255634,-0.19071206,0.26953392,0.39699404,0.12217612,-0.0473546,0.55267502,0.62120722,0.05903156,-0.17764914,0.22863395,0.14298951,1.64496188,1.63460691,3.27956879,1.98633995,0.74547497,2.73181493,-13.59976898,-9.98247556,-7.55295866
125339679,gaba,GABA-A,0.004,0.03127206,0.074737,0.33008427,0.42024869,0.202176,0.21539433,-0.03051837,-0.03701204,-0.10476095,0.12752316,0.59764211,0.66071316,0.11691644,0.45443096,0.45348661,0.43494912,0.37900509,0.4182862,0.52363057,0.73266279,-0.26653256,-0.39033011,0.48748158,0.5458188,1.02589512,1.69398773,2.71988285,1.46160429,2.19581776,3.65742206,-20.67258131,-24.19596531,-10.1120897
125524260,gaba,GABA-A,0.004,0.67395839,0.59427053,0.36184764,0.16542218,0.55890274,0.61951958,0.29622242,0.18766628,0.01325605,-0.08273227,0.79168434,0.7517222,-0.60296486,-0.06517563,-0.04081985,-0.03577168,0.68871154,0.63862777,0.30154525,0.78320044,0.00373696,0.1664147,0.48153098,0.52500731,2.69587158,0.83174003,3.5276116,2.23586849,2.01230291,4.2481714,-11.6449235,-13.57260322,-11.74540143
130293488,gaba,GABA-A,0.004,0.30175182,0.35425764,0.18159096,0.1228004,0.22980342,0.32723903,0.22301135,0.0902105,-0.06076907,-0.0227669,0.40251488,0.23209596,0.82538518,0.84244772,-0.09870606,0.08074568,0.15305954,0.1826503,0.36029387,0.47241581,0.33853039,0.15962646,0.49665279,0.4857535,1.27790336,2.0752157,3.35311906,1.10383662,2.22363948,3.3274761,-12.69092091,-16.57602594,-9.19985067
130597088,gaba,GABA-A,0.004,0.53265178,0.7572961,0.35096295,0.45753859,0.37744748,0.44366686,0.29434614,0.34838326,-0.15337428,0.042362,0.80427399,1.23071069,0.50668893,0.2898125,0.4512669,0.22509152,0.23325534,0.08122246,1.32197,1.35710116,0.00136547,-0.08770478,0.18547555,0.02761843,2.20630806,2.70002219,4.90633025,3.27995751,1.89314128,5.17309879,-25.13652237,-26.65740228,-14.30265313
134330542,gaba,GABA-A,0.004,0.1804809,0.05085268,0.31796337,0.42876672,0.12291323,0.2652148,-0.46859205,-0.70434958,0.20257719,0.25702186,0.08548657,0.0274667,-0.02818742,0.07119234,0.40944117,0.1619852,0.50045831,0.44353283,0.24213207,0.46084289,0.01038643,-0.1386476,0.51685158,0.38564197,0.44082919,1.65108214,2.09191134,0.32497318,1.38454764,1.70952082,-6.20531867,-8.29903236,-4.72650615
135517362,gaba,GABA-A,0.004,0.11973611,0.14243168,0.02058415,0.07243156,0.20511398,0.17949128,0.10804919,0.11273482,-0.00983654,0.0379294,0.28926909,0.60728041,-0.26033919,0.46863686,-1.16685367,-0.95665606,-0.61250654,-0.57137787,-0.10297011,0.0603019,-0.0628752,0.02659069,0.16095191,0.0646238,0.73291598,-2.0445928,-1.31167682,1.15229914,-0.90788069,0.24441846,-13.2905247,-10.97733696,-0.67577144
135672596,gaba,GABA-A,0.004,0.06530115,0.31445199,0.08220418,0.10045241,-0.13662559,-0.0096073,0.33372909,0.33969253,0.1957242,0.08305237,0.67041612,0.8035119,0.08156945,0.62583385,0.55368835,0.76500196,0.347148,0.6025433,0.66299866,0.65100778,-0.36562123,-0.21785762,0.17011864,0.21237791,1.21074914,1.44990186,2.660651,1.6315539,2.63890718,4.27046108,-16.30669278,-22.70974985,-11.80702825
135736530,gaba,GABA-A,0.004,0.06540481,-0.17581873,-0.06113901,-0.20578577,0.08190555,0.13899785,-0.16974494,0.06290188,0.2504246,0.19616878,0.14079841,-0.22524711,-0.39196217,-0.26861272,0.04368717,-0.18471783,-0.3218926,-0.2391049,-0.08464842,0.01003287,0.03583581,0.09755867,-0.22209576,-0.03934216,0.30764942,-0.94107597,-0.63342654,-0.20878309,-0.62418607,-0.83296916,5.23418968,6.66537919,2.30300434
136295480,gaba,GABA-A,0.004,0.91408671,1.06487924,-0.01088896,0.08689005,0.94125352,1.05955104,0.07112922,0.25316715,0.4228326,0.17680838,0.72712223,0.70855919,-0.07389464,0.33769917,0.68297081,0.54957637,0.52450621,0.5440936,0.77179064,1.00931134,0.1983137,-0.19240883,0.59116538,0.63234575,3.06553532,2.6948521,5.76038742,3.34985505,2.88061739,6.23047245,-21.7110988,-24.08966442,-17.22609402
136348275,gaba,GABA-A,0.004,0.36480738,0.69437664,0.09106204,0.06610796,0.20193513,0.2173827,0.57404516,0.63547356,-0.01926366,-0.10122576,0.98165658,1.18116111,-0.14456162,-0.39503759,0.2241868,-0.00718224,-0.31324591,-0.26211644,-0.37454117,-0.17640751,0.39915442,0.14515397,-0.28446003,-0.28959099,2.19424264,-0.49346752,1.70077512,2.6932762,-0.9851808,1.7080954,-15.58262605,-10.51717397,-4.72256514
136981533,gaba,GABA-A,0.004,-0.13811526,-0.0260181,0.03181297,0.17167053,-0.31721491,-0.24650505,0.10330318,-0.10933808,-0.54785566,-0.6176427,0.28384693,0.52913375,-0.40420826,-0.47695513,-0.4361477,-0.15243362,0.1934914,0.30471562,0.50065736,0.77250049,-0.15983258,-0.08149563,0.49362459,0.33993828,-0.58422275,0.18758481,-0.39663794,-0.29869966,0.70627001,0.40757034,-2.35499197,-3.19138916,-1.12685597
137280633,gaba,GABA-A,0.004,0.01173568,0.16770872,0.13527203,0.10818499,0.07038946,0.22331227,0.0008599,-0.0241259,0.39134921,0.39521812,0.08733051,0.44638611,-0.27147694,-0.24062434,-0.11599047,-0.22450555,0.26155329,0.5369024,0.86807442,1.032853,-0.05900182,-0.05108016,0.03876751,0.34659421,0.69693679,0.721926,1.41886279,1.31668431,1.40013958,2.71682389,-3.51478194,-4.92627601,-7.51151122
138390224,gaba,GABA-A,0.004,0.8304548,1.26892824,0.25747753,0.17629314,1.00193465,0.96599776,0.9127518,0.84881806,0.52248588,0.36672837,0.46764728,0.72150712,0.45813884,0.07130761,0.41309047,0.22855093,0.15119331,0.507599,0.26376852,0.20258169,0.41077986,0.5066356,0.03946334,0.42076712,3.99275193,1.73643434,5.72918627,4.3482727,1.93744195,6.28571465,-16.90615314,-13.75451629,-17.3788284
140267022,gaba,GABA-A,0.004,0.72012593,0.68137458,0.45835446,0.48629391,0.62274259,0.59844397,0.04940835,0.06542594,0.21457595,0.34804648,0.70614838,0.59930881,-0.14107376,-0.1558372,0.88493952,0.2576923,-0.15457164,-0.62635423,0.05328317,0.35313271,-0.14907603,-0.48265321,-0.42514114,-0.81227099,2.77135565,0.06836012,2.83971577,2.77889368,-1.46629063,1.31260305,-17.81787946,-12.49217018,-3.62910257
141253295,gaba,GABA-A,0.004,0.70729486,1.0179033,0.15585282,0.1382407,0.3595373,0.3631204,-0.00783758,-0.1760391,0.22057979,0.17962614,0.23491487,0.0137747,-0.35518613,-0.48236631,0.80428419,0.81251125,0.28802603,0.09147565,0.46189957,0.83248463,0.16447809,-0.13472595,0.39071978,0.34869874,1.67034206,1.75422153,3.42456359,1.53662614,1.46807802,3.00470416,-7.57873947,-3.45246528,-8.30744647
141542924,gaba,GABA-A,0.004,0.33288415,0.62458242,0.05318613,-0.0029549,-0.10966809,-0.03593471,0.12788206,0.0870682,0.24104244,0.33231069,-0.07096611,0.48515216,-0.0419196,0.34723893,0.31683926,0.46407853,0.09156677,0.13680971,0.21801436,0.31189068,0.16795587,0.23086749,0.24621276,0.37313574,0.57436058,0.9986694,1.57302998,1.49022385,1.86402108,3.35424493,-12.34387644,-12.86164263,-9.2738615
141831212,gaba,GABA-A,0.004,0.16984809,0.21585438,0.12497366,0.27824204,0.12982178,0.16367694,0.28670095,0.13310973,-0.144367,-0.04658301,0.9117214,0.69972792,-0.06696394,-0.00723267,0.32318965,0.5056487,-0.21953531,-0.57791207,-0.19221317,0.06067646,-0.05608591,0.06427815,-0.01404223,-0.55613816,1.47869887,-0.2256509,1.25304797,1.44402799,-0.51067958,0.93334841,-15.48822022,-14.52811884,-2.58053424
142392893,gaba,GABA-A,0.004,0.16304533,0.41388845,-0.09063416,-0.16705103,0.11691324,0.20586488,0.04619493,0.12567128,0.07895635,-0.06933538,0.99577519,0.97547596,-0.00609307,0.1408173,-0.03094029,0.08676431,0.14757105,0.07073979,0.06380028,0.26947883,-0.04333504,0.39504704,0.14422734,0.02251855,1.31025088,0.27523027,1.58548115,1.48451415,0.98536582,2.46987997,-11.10810241,-14.51919209,-6.82875737
143669176,gaba,GABA-A,0.004,0.48411629,0.62936995,-0.03885972,0.00948031,0.08986811,0.07886863,0.20542974,0.1772789,0.17820913,0.0380199,0.42457054,0.68261565,0.10813688,-0.28618609,-0.15455737,0.17233671,0.47483171,0.59296683,0.16538306,0.29262135,-0.36289135,0.02101443,0.26112979,0.64505106,1.34333409,0.49203272,1.83536681,1.61563334,1.43780428,3.05343762,-9.34479791,-7.85295209,-8.44218541
144855245,gaba,GABA-A,0.004,0.31981944,0.33096838,-0.02115997,-0.3006908,0.3059776,0.21944917,0.20655513,0.15764812,0.03637401,0.21999487,0.54660068,0.67780476,-0.40158935,-0.59331404,-0.25174903,-0.36510048,0.162453,-0.00181625,0.15772835,0.42621384,0.13328773,0.17387684,0.117592,-0.18675154,1.3941669,-0.0822773,1.3118896,1.30517449,-0.54689164,0.75828285,0.29805668,1.45401056,-2.09651063
144964754,gaba,GABA-A,0.004,0.29508403,0.28197102,-0.20201585,-0.33115146,0.16279662,-0.02203913,0.30319854,0.19908261,-0.41651248,-0.38871213,0.51696565,0.82649885,0.00479609,-0.04729875,0.26842388,-0.12476987,0.27088982,0.46273197,-0.02098925,0.0513586,0.12307196,-0.00409136,0.22668401,0.46025106,0.65951651,0.87287651,1.53239302,0.56564976,0.79818165,1.36383141,-6.0143908,-8.50583316,-3.77073943
146042158,gaba,GABA-A,0.004,0.20917806,0.40376556,0.27039442,0.23301884,0.18302237,0.20483511,0.03879084,0.0665431,0.02272388,-0.11918641,0.77420653,0.84198666,-0.90286118,-0.72415056,-0.02335554,-0.32282687,-0.00490706,0.26668216,-0.15543584,0.10327106,-0.5375978,-0.18825116,0.00203587,0.24645515,1.49831609,-1.62212154,-0.12380545,1.63096286,-0.61882021,1.01214265,-9.35434365,-4.44672715,-2.79838562
146061521,gaba,GABA-A,0.004,0.12767812,0.43463627,0.01931082,-0.09859777,0.10372911,0.01236224,0.13454175,0.35018533,0.03408516,0.09871065,0.86673823,0.74563407,-0.62042062,0.05686702,-0.15436389,0.04442899,0.23410887,0.4534119,0.78398053,0.78241503,-0.53254081,-0.22130994,-0.02651343,0.30606086,1.28608319,-0.31574936,0.97033384,1.54293079,1.42187386,2.96480465,-9.04395278,-10.7738348,-8.19713178
146750740,gaba,GABA-A,0.004,0.30637623,0.44863544,0.06268625,0.1097655,-0.01326972,-0.03327068,0.05157574,-0.01670448,-0.21367392,-0.22906795,0.72952388,1.14583261,0.28626638,0.27984997,0.02172457,0.15092838,-0.0845591,0.1682777,0.55780486,0.68590119,-0.00275343,0.11064327,-0.23294547,-0.01963818,0.92321847,0.5455378,1.46875627,1.42519043,1.37596233,2.80115276,-15.26903364,-19.58290205,-7.74466483
146906985,gaba,GABA-A,0.004,0.19691743,0.18672098,0.07824555,-0.19034387,0.20940442,0.244349,0.17987502,0.35504722,0.05996947,0.01247345,-0.06510698,0.02744472,-0.0809447,0.17081985,0.06614788,0.08415572,-0.07738245,0.24675463,-0.09543223,0.15969696,0.08675892,-0.00386238,0.16736569,0.36925007,0.65930492,0.06651311,0.72581803,0.6356915,1.02681484,1.66250634,-2.40252434,-3.47924017,-4.59651988
147701848,gaba,GABA-A,0.004,1.27583364,1.52264219,-0.02674516,0.06756173,0.55425498,0.58464191,0.63301132,0.63126006,-0.05712515,-0.16733989,0.52378935,0.39593001,0.21358961,-0.2932608,-0.11621743,0.37133366,0.07924378,0.1027075,0.38527723,0.52755344,0.00545483,0.07808232,-0.10036035,-0.04481056,2.90301898,0.46698766,3.37000664,3.03469601,0.74160556,3.77630157,-8.67450255,-3.10106756,-10.44076937
148868119,gaba,GABA-A,0.004,0.24250057,0.41836033,0.53066403,0.5182149,0.17954275,0.3384559,-0.14282194,-0.22768427,0.62613394,0.6879873,-0.08858854,0.33252091,-0.26718563,-0.22458704,0.3090755,-0.04420991,0.39970528,0.43048234,0.27133443,0.49640816,0.28799363,0.26726053,0.37160239,0.43571291,1.34743082,1.3725256,2.71995641,2.06785508,1.36106699,3.42892207,-9.19627397,-6.50585162,-9.48032985
148952494,gaba,GABA-A,0.004,0.31422581,0.26618981,-0.04234059,-0.04179842,0.13891439,0.11772265,-0.12471173,-0.21183219,-0.09985776,-0.20483699,0.76610389,0.52334582,0.16486365,0.12928958,0.70198687,0.48173567,-0.25287594,0.10337241,-0.24801248,-0.01465269,0.52343881,0.08324471,-0.21612032,0.07586744,0.95233401,0.67328059,1.62561459,0.44879067,0.85885712,1.30764779,-9.04689964,-12.19043154,-3.61540219
149709982,gaba,GABA-A,0.004,0.06517444,0.25804821,-0.05902697,-0.0606797,-0.00390097,0.13287318,0.21341104,0.15146538,-0.03800677,0.04093302,0.43561305,0.65116519,-0.24116884,0.10661283,0.3844971,0.36240937,-0.3695334,-0.13700486,0.21243394,0.23341424,-0.57036795,0.31767196,-0.45920741,-0.3262286,0.61326382,-1.04334657,-0.43008275,1.17380528,0.55687495,1.73068023,-8.1118751,-10.87696599,-4.78500798
149839536,gaba,GABA-A,0.004,0.6215495,0.79480727,-0.06092544,-0.05131344,0.35508081,0.28183052,-0.29834818,-0.33451696,-0.19128434,-0.32656394,0.03330745,0.35178588,-0.76387272,-0.31865194,0.08902993,-0.02547961,0.25224475,0.61229528,0.09773162,0.16082228,-0.24529552,0.13940208,0.15913608,0.55120557,0.45937981,-0.41102587,0.04835394,0.71602933,1.11959367,1.835623,-1.75075005,-1.43715883,-5.07515517
150038288,gaba,GABA-A,0.004,0.18516698,0.32327819,0.21778868,0.06163181,0.18831789,0.21458903,0.03161423,0.13206038,0.01054729,0.15654604,0.07038615,0.15498926,-0.28672786,-0.16944565,-0.16241835,-0.1260961,0.26828289,0.26850537,-0.21561247,-0.29945142,-0.2877671,-0.23562693,0.40792102,0.37909422,0.70382122,-0.27632187,0.42749936,1.0430947,-0.18302051,0.8600742,-5.15740103,-1.2362674,-2.37794471
150237087,gaba,GABA-A,0.004,0.44138699,0.47227508,0.09673042,-0.02334987,0.43554853,0.42874677,0.36379104,0.22697173,0.18304285,0.28630165,0.19948989,0.75050002,-0.00775701,0.31430757,0.09083382,0.3626233,0.13365618,0.44785216,0.42497353,0.30766633,0.03868599,0.22877262,0.40945711,0.74643479,1.71998973,1.08984963,2.80983936,2.1414454,2.40765677,4.54910217,-17.39368689,-19.73765248,-12.57741887
150299361,gaba,GABA-A,0.004,0.47273512,0.85425683,0.10749927,-0.0388203,0.63836612,0.73321646,0.31216269,0.11691488,0.01126661,-0.08669416,0.66957686,0.5127301,0.2122819,0.23191114,0.50503525,0.64868234,0.25399079,0.0639332,0.14788447,0.19641376,0.01393153,-0.19679242,0.05198611,0.07102246,2.21160667,1.18511005,3.39671672,2.09160381,1.01517047,3.10677428,-15.84266752,-16.81792318,-8.58965132
151408587,gaba,GABA-A,0.004,0.23532848,0.34059963,-0.01572988,-0.00068406,0.34779119,0.46666146,0.04103651,-0.07770478,-0.22987572,-0.41877551,0.39943007,0.7988924,-0.11227351,0.14005888,-0.05260452,-0.15781146,0.65510065,0.74375719,0.26972452,0.46095229,0.37193169,0.0719022,0.50900663,0.58100985,0.77798064,1.64088546,2.4188661,1.10898914,1.83986895,2.94885809,-9.54240223,-14.79209382,-8.15304251
152769231,gaba,GABA-A,0.004,0.66115357,0.69214575,0.27267114,0.21938485,0.64293584,0.44465011,0.20900018,0.15560111,-0.10990329,-0.02802284,-0.14454944,0.22902885,-0.34653736,0.02536295,0.20671982,0.24928347,0.00805353,0.09526141,0.37985131,0.24177285,-0.34341901,-0.64644631,-0.11401467,-0.06147607,1.53130799,-0.20934638,1.32196162,1.71278783,-0.0962417,1.61654613,-10.86214811,-7.94885181,-4.46944849
152958814,gaba,GABA-A,0.004,0.97933765,1.08332567,0.11071538,0.11954519,0.59943171,0.74454112,0.05107383,0.02876333,0.5753901,0.44021397,0.31761638,0.75698378,0.27286932,0.3115663,0.35367186,0.67995521,0.50611578,0.68036823,-0.09492359,0.074752,-0.05835159,0.31429493,0.42397628,0.37151867,2.63356506,1.40335806,4.03692312,3.17337307,2.43245534,5.60582841,-17.28683183,-19.35145895,-15.4990698
153450897,gaba,GABA-A,0.004,0.4225446,0.65725273,0.09606628,0.23716309,0.01795653,0.19724677,-0.06519536,-0.05373675,0.2324536,0.27243776,0.35967052,0.49742315,-0.72698083,-0.15966739,0.50476033,0.25508473,0.15585322,-0.00363574,0.33356458,0.29027901,-0.11088932,-0.38617386,0.30937279,0.24292698,1.06349617,0.46568078,1.52917695,1.80778676,0.23881373,2.04660049,-14.8464624,-10.40762779,-5.65846855
154461990,gaba,GABA-A,0.004,0.03143813,0.21579832,-0.01945826,-0.02888803,0.46641609,0.51449377,0.29229845,0.41852599,0.22264231,0.23354014,0.39812308,0.62971302,-0.54883047,-0.38370011,0.06024789,-0.17515355,0.26600182,0.21602508,-0.29445913,0.04972433,0.0701384,0.09334098,0.33567531,0.31895644,1.3914598,-0.11122619,1.28023362,1.98318321,0.11919317,2.10237638,-8.74602818,-6.46574799,-5.81267848
154704064,gaba,GABA-A,0.004,0.49627387,0.85015464,-0.00070222,0.05588437,0.41474271,0.4183289,0.30482997,0.20559031,0.18860118,0.31491543,0.46645571,1.00366022,0.01203113,0.3143083,1.06642527,1.28089173,0.25131976,0.20989129,0.5007175,0.4541823,-0.17998393,0.07070919,0.24416882,0.25913567,1.87020121,1.89467855,3.76487976,2.84853387,2.58911849,5.43765235,-24.90041199,-27.70669416,-15.03409436
155190506,gaba,GABA-A,0.004,0.18616433,0.07761158,0.1607506,0.09386948,0.12949432,0.20684353,-0.10114149,0.07146076,0.43504802,0.42236177,0.50683553,0.02262333,0.01722365,0.3381644,0.13014167,0.10631941,0.01920349,0.14753674,-0.16210632,0.1049084,-0.13610219,-0.19171115,0.11335082,0.08930938,1.3171513,-0.01828888,1.29886241,0.89477046,0.59452718,1.48929763,-5.79414203,-6.51659449,-4.11763013
155379621,gaba,GABA-A,0.004,0.2137118,0.43843521,-0.22658453,-0.24482781,0.29020251,0.2579316,0.2400373,0.19814081,0.44375324,0.52675722,0.2112054,0.34075332,-0.08377314,-0.10466081,0.10636893,0.08085319,0.36045429,0.25455221,0.20882491,0.18294838,-0.15528531,-0.06601828,0.19869159,0.03837283,1.17232572,0.63528127,1.80760699,1.51719035,0.38604752,1.90323787,-2.78563033,-2.42931835,-5.26209767
156021841,gaba,GABA-A,0.004,0.20950286,0.12930847,-0.14048998,-0.3251612,0.09747652,0.20807758,-0.13283138,-0.30489262,-0.50411223,-0.39674418,0.42176575,0.66062274,-0.16999781,-0.10930574,-0.1721805,-0.22302568,0.0352877,0.06184705,-0.06833274,0.13349034,-0.12000387,0.08171974,-0.05838147,0.20012267,-0.04868847,-0.55360869,-0.60229716,-0.02878922,0.14484837,0.11605915,-4.19685205,-7.56046891,-0.3208819
157312444,gaba,GABA-A,0.004,0.85955764,1.02092328,0.24378787,0.20166349,0.48531026,0.51194045,-0.02233386,-0.02991504,-0.0846222,-0.27610748,0.13209271,0.44618571,0.28000799,0.11260352,0.72605696,0.87722576,0.35144483,0.14212841,0.71008799,0.93391389,0.56255586,0.25290004,0.50150407,0.26121679,1.6137924,3.13165771,4.74545011,1.87469042,2.5799884,4.45467882,-14.50597913,-16.26087682,-12.31635592
157655614,gaba,GABA-A,0.004,-0.11136961,-0.07236542,0.04392789,0.04285503,0.04092266,-0.06941955,0.18316929,0.06134358,0.45320231,0.38945697,0.17872266,0.32341105,-0.21057464,-0.07587875,-0.17328547,-0.1535612,0.28098996,0.12601195,0.29438558,0.33479538,0.73231868,0.20633801,0.37858261,0.28790997,0.7885752,1.30241672,2.09099192,0.67528166,0.72561536,1.40089702,-3.83037348,-3.75269188,-3.87321893
157691935,gaba,GABA-A,0.004,0.65751974,0.63507131,-0.00925938,0.06044158,0.46286571,0.40864818,-0.05916519,-0.13450857,0.60460941,0.7793004,0.64057185,0.92595974,0.10770144,0.22954296,0.19299214,0.14885102,0.68248987,0.4044232,0.81989505,0.87334834,0.0304646,-0.30868458,0.56400905,0.26144706,2.29714214,2.39755216,4.6946943,2.67491265,1.608928,4.28384065,-17.5459905,-19.50978411,-11.84402026
159066706,gaba,GABA-A,0.004,0.60721198,0.87694213,0.15186329,0.22344059,0.50722643,0.53777621,0.42721386,0.39901577,0.29913413,0.42099369,0.22369008,0.57854477,-0.04202622,0.11550789,-0.00235852,0.48799331,0.21422438,0.55514608,0.60633956,1.01379464,-0.89998837,-0.3368898,0.16054799,0.44404634,2.21633977,0.03673882,2.25307859,3.03671316,2.27959847,5.31631163,-16.77690594,-16.3706024,-14.69860991
160259456,gaba,GABA-A,0.004,0.13736394,0.18996072,0.10530633,0.09858995,-0.10507619,0.02871782,0.00050052,-0.08113149,-0.18353261,-0.0406854,-0.09367991,-0.03426609,-0.05144813,-0.10176555,0.16623245,0.15495314,0.27451868,0.32234118,0.48629922,0.68961293,-0.46474433,-0.23333382,0.2589344,0.20935318,-0.13911793,0.66979229,0.53067437,0.1611855,1.04116106,1.20234656,-0.06268204,-0.922053,-3.32426394
161239003,gaba,GABA-A,0.004,0.44396018,0.56101299,0.23742604,0.18894627,0.49329007,0.46531127,0.08243388,-0.03651048,-0.15704805,-0.19269488,1.24410502,1.48040291,-0.03753309,0.01621918,-0.34608064,-0.44273438,0.04845001,0.09504104,-0.04761668,0.08332512,-0.36559222,-0.06691939,0.02519309,-0.07052635,2.34416714,-0.72317953,1.62098762,2.46646808,-0.38559478,2.0808733,-20.24949341,-20.56934275,-5.7532265
162353055,gaba,GABA-A,0.004,0.27096343,0.38083131,0.21437858,0.15936877,0.11783742,0.06521516,0.62361607,0.67704542,0.05748861,-0.07711567,0.45060388,0.42308672,-0.06512795,0.40686956,0.40359327,0.47504994,0.49304252,0.15798599,-0.05856599,0.0258265,-0.21055858,-0.14485782,0.29780233,-0.0117001,1.73488798,0.8601856,2.59507358,1.62843171,0.90917407,2.53760578,-12.33062265,-12.53780511,-7.01600659
162354840,gaba,GABA-A,0.004,0.54413629,0.31605421,-0.09114743,-0.089555,0.04521218,-0.18260328,0.57818687,0.51496291,0.00854198,0.11940793,0.52583602,0.37150646,-0.34829269,0.2091186,0.44227594,0.52475697,0.07489178,-0.17386575,0.44139418,0.69258375,-0.02382854,-0.0261487,0.11995537,-0.21484726,1.61076591,0.70639605,2.31716196,1.04977322,1.01159762,2.06137084,-7.06355858,-8.2436504,-5.69930583
163186746,gaba,GABA-A,0.004,0.35393389,0.25454074,0.17329722,0.15512468,0.1186161,0.10004744,0.39383466,0.46954733,0.17976089,0.18534999,0.32512618,0.86218888,-0.30077982,-0.4644399,-0.37681136,0.37309418,-0.06161911,0.48057642,-0.74568249,-0.53919,-0.46290386,-0.20969871,0.18361542,0.41094162,1.54456894,-1.76418121,-0.21961227,2.02679906,0.05128361,2.07808267,-14.46590448,-10.41631746,-5.74551092
164064591,gaba,GABA-A,0.004,0.43374352,0.44505519,0.20393322,0.2237099,0.69028396,0.63860887,0.80390158,0.80616764,0.10131079,-0.18504009,-0.01945856,0.33825204,-0.33429601,-0.00839024,-0.29610912,-0.30977336,-0.01807822,0.1258669,-0.10090844,0.14845444,-0.09317131,-0.40267195,-0.32473041,-0.01215872,2.21371451,-1.16729351,1.046421,2.26675355,-0.45867293,1.80808062,-9.68996537,-5.9709729,-4.99900563
164824205,gaba,GABA-A,0.004,0.5159553,0.76595513,0.28389651,0.33107391,0.44764989,0.61744516,0.08538695,0.0357818,0.05441615,0.49968368,0.36141006,0.66075822,0.26123608,0.22241951,-0.22688299,0.22471207,0.6335339,0.18469474,0.24856013,0.59035265,0.03705329,0.03262044,0.64157222,0.24431262,1.74871486,1.59507264,3.3437875,2.91069792,1.49911204,4.40980995,-18.61694765,-17.86765669,-12.19230187
164874291,gaba,GABA-A,0.004,-0.2319478,-0.07922542,-0.08639014,-0.21738265,-0.01740927,0.16357375,0.00698809,-0.1090845,-0.28963992,-0.23402725,0.47559005,0.67946618,-0.17498424,0.0175883,0.40694965,0.47013484,-0.40493986,-0.08776116,0.69090224,0.71398048,-0.07874852,0.16405566,-0.41751432,-0.16423198,-0.14280899,0.02166494,-0.12114406,0.20332011,1.11376614,1.31708625,-6.89154159,-13.71319403,-3.64149778
165288521,gaba,GABA-A,0.004,0.26823239,0.26170275,0.09669016,0.17317611,0.17843678,0.22728037,-0.06059931,0.04050541,0.00830249,0.07464433,0.26145757,0.45327925,-0.196842,0.08527549,0.65829924,0.51123701,0.08551404,0.27325026,0.23508868,0.18812987,0.32349971,0.44163424,0.29398649,0.39034147,0.75252008,1.39954616,2.15206624,1.23058823,1.88986834,3.12045656,-10.84598741,-12.7784769,-8.62748028
165369327,gaba,GABA-A,0.004,0.3146469,0.20259738,0.15970608,0.21039011,0.36821314,0.27070173,-0.17019027,-0.26521644,0.85047754,0.89907797,-0.36598528,-0.85732545,0.27444856,0.23828283,0.32922827,0.5048427,0.21725331,0.0403725,-0.11521432,-0.10883647,0.0519481,0.29703014,0.36099536,0.2687638,1.1568681,1.11865927,2.27552737,0.4602253,1.24045551,1.7006808,1.65413083,3.75357346,-4.70206516
165959237,gaba,GABA-A,0.004,0.11208822,0.08832635,0.00373935,-0.06211453,-0.19761387,0.04698599,0.14762969,0.26263263,-0.04377266,-0.0242991,0.24900642,-0.3558373,-0.0018864,0.449721,-0.26662977,0.04838659,0.1580665,0.33953512,0.28626285,0.42799166,0.02281305,0.06963777,0.37182185,0.43995692,0.27107714,0.57044808,0.84152522,-0.04430594,1.77522905,1.73092311,1.95040987,-0.61439816,-4.78567949
166274725,gaba,GABA-A,0.004,0.85149985,0.94499459,0.48694325,0.70885877,1.09785695,0.84883161,0.56097827,0.7107019,-0.00097002,-0.18327056,0.78258517,1.1147159,-0.7029364,-0.55206541,0.45575116,0.60769972,0.07666019,-0.14726121,-0.01445187,-0.10358963,-0.00668147,0.22437938,0.16401861,0.01207306,3.77889348,-0.02763977,3.75125371,4.14483222,0.04123592,4.18606815,-27.64740296,-19.80982987,-11.57369752
166338974,gaba,GABA-A,0.004,0.46953528,0.66461244,0.0839507,0.05383534,0.48508077,0.60935936,0.78252007,0.88809233,-0.05126639,-0.1284217,0.61350857,0.36531601,-0.09950875,0.04551675,0.30730485,-0.0694024,0.20742784,0.60863012,-0.16996168,-0.14699083,0.1842449,0.01742904,0.058392,0.36364577,2.383329,0.48789916,2.87122816,2.45279378,0.81882846,3.27162223,-7.46645661,-5.37019895,-9.04542516
166386545,gaba,GABA-A,0.004,-0.08168046,-0.07106531,0.01549427,0.03265214,0.04290448,-0.26318645,-0.15136267,-0.07741296,-0.42958545,-0.4983541,0.85049406,0.92171773,-0.40166781,-0.09084566,-0.11860867,0.00816555,0.14025103,-0.00399608,0.03235827,0.05434354,-0.26527637,-0.31501561,0.31235448,-0.04154542,0.24626423,-0.30058908,-0.05432485,0.04435105,-0.38889367,-0.34454262,-10.56626829,-12.254365,0.95259607
166471280,gaba,GABA-A,0.004,0.51511809,0.36445133,-0.09632745,-0.06871834,0.31800513,0.27728291,-0.20608239,-0.22770866,0.01715858,-0.09914009,0.44859613,0.20951944,-0.19645508,0.31282435,0.12401959,0.04457243,0.01647512,0.17692261,-0.38236633,-0.22042468,0.06594822,0.14793178,0.08588296,0.10401022,0.9964681,-0.28649552,0.70997258,0.4556866,0.56583671,1.02152332,-4.16762541,-6.47879809,-2.82432141
166741227,gaba,GABA-A,0.004,0.61446437,0.59480031,0.29356132,0.39754028,0.61839998,0.57169584,0.42802461,0.4756582,-0.10038811,-0.31906954,0.35874067,0.8101903,0.0333979,-0.23420015,0.75908394,0.63786171,0.00651247,0.48209912,0.44116708,0.43365649,-0.05030268,0.04190986,0.02457406,0.18755351,2.21280285,1.21443277,3.42723561,2.5308154,1.54888054,4.07969594,-16.30547908,-16.49072861,-11.2795982
166922849,gaba,GABA-A,0.004,0.8151375,0.64526262,0.05193614,0.12255278,0.6909407,0.58456548,0.06293052,0.13578098,0.26210586,0.15228746,0.47842252,0.69748665,0.74788336,1.10246184,0.79438265,0.52366458,0.652235,0.85993269,0.66486328,0.92434956,0.2177503,0.06615725,0.72497574,0.97083504,2.36147324,3.80209033,6.16356357,2.33793595,4.44740096,6.78533691,-22.2695091,-30.52401689,-18.76019076
168370463,gaba,GABA-A,0.004,0.69903823,0.86203744,0.2733128,0.32359805,0.56096374,0.57790681,0.3264525,0.41329647,0.05147924,0.00709481,0.48417206,0.72217835,0.03175426,-0.37783555,0.04148505,0.10982554,0.41295943,0.55833317,0.71209339,0.95035229,0.05751946,-0.06151045,0.14108425,0.28804587,2.39541858,1.39689584,3.79231442,2.90611194,1.46721087,4.37332281,-11.89854164,-9.8772997,-12.09142173
168641000,gaba,GABA-A,0.004,0.91523901,0.89331422,-0.06441841,-0.07043143,0.95777917,0.833262,0.42928581,0.35247166,0.20590307,-0.00431172,0.52581601,0.20781713,-0.88206522,-0.41088088,0.03258851,0.15001184,-0.17435479,-0.08806492,0.07325366,0.00624458,-0.37671514,0.34776247,0.10471688,0.09537561,2.96960466,-1.22257609,1.74702857,2.21212187,0.10044869,2.31257055,-5.73673318,-1.2094323,-6.39382617
169786920,gaba,GABA-A,0.004,0.20304506,0.26281512,0.18912409,0.24671641,0.11475571,0.03237874,0.07976606,0.09367394,0.34969826,0.35331814,0.28369633,0.48705357,-0.289595,-0.10040756,0.49914145,0.47917464,0.38099475,0.41059779,0.00659069,0.06562069,-0.12023405,0.27881674,0.59603543,0.67224337,1.22008551,1.07293328,2.29301879,1.47595593,1.80604567,3.2820016,-12.56218483,-11.35670958,-9.07412217
171526079,gaba,GABA-A,0.004,0.12440914,0.19712965,-0.32335712,-0.37473885,0.29064081,0.32902383,0.25239051,0.12714035,0.03994156,0.06610207,0.40973789,0.66329478,-0.29299196,0.09505881,0.30068356,0.18568546,0.37872337,0.30428047,0.72898524,0.81966118,-0.02625694,0.05097372,0.11965951,0.03365097,0.7937628,1.20880279,2.00256559,1.00795185,1.48931061,2.49726246,-4.64113009,-11.07807709,-6.90446484
171674018,gaba,GABA-A,0.004,0.45996848,0.35371358,0.25464731,0.31806103,0.48742884,0.5449467,-0.08735111,0.00654544,-0.12116138,-0.19455579,0.20978844,-0.19668134,-0.00828938,-0.24192904,0.51678671,0.33849358,0.40245908,0.48959489,0.50774498,0.33653901,-0.3551274,-0.07383763,0.45513891,0.48652128,1.20332057,1.5187129,2.72203347,0.83202962,1.33538209,2.16741171,-3.2754528,-2.21018159,-5.99248905
171990823,gaba,GABA-A,0.004,0.86570296,0.83896638,0.16064738,0.06603362,0.47392664,0.48407447,0.33656977,0.26336355,0.3503432,0.26581113,-0.38443792,0.10411276,-0.29551234,-0.08208661,-0.15025129,0.04320614,-0.05258105,-0.57455305,-0.07782248,0.01387942,-0.04588426,0.02613531,0.14727418,-0.25347757,1.80275202,-0.47477725,1.32797477,2.0223619,-0.82689637,1.19546553,-8.64283244,-2.03467103,-3.30523917
172283288,gaba,GABA-A,0.004,1.05767235,1.15579899,-0.18579409,-0.19108012,0.60691541,0.60950845,0.19868534,0.02869036,-0.01369297,0.08188327,0.33442306,0.6719155,0.20077362,0.05983576,-0.16179014,-0.06466593,-0.36993551,-0.19768552,0.15446374,0.38260862,-0.27487053,0.36075059,-0.0919694,-0.04529403,1.9982091,-0.54332822,1.45488088,2.35671645,0.49554949,2.85226594,-10.45497414,-9.13302118,-7.88598323
172442389,gaba,GABA-A,0.004,-0.1120217,-0.38579638,0.14598511,0.1357718,0.04152522,0.03217282,0.31450403,0.1776086,0.24789722,0.31152502,0.6674227,0.55725162,-0.43950244,-0.29038201,0.11404934,-0.07454653,0.22392322,0.4798675,0.23661492,0.36822209,0.03434412,0.01815917,0.22021094,0.26291753,1.30531259,0.3896401,1.69495269,0.82853347,0.76423776,1.59277123,-4.52477748,-6.39304138,-4.40371531
174433203,gaba,GABA-A,0.004,0.25763295,0.27224848,0.16717815,0.06191122,0.26441558,0.40065274,-0.1878233,-0.04421379,-0.19696167,0.02495012,0.38878361,0.93844515,-0.02290856,0.11041285,-0.03459716,-0.17828156,0.21559996,0.09767333,0.25408256,0.17125846,0.00071257,0.04502348,0.1462081,0.01027494,0.69322532,0.55909747,1.25232278,1.65399393,0.2563615,1.91035543,-13.54753796,-15.5451844,-5.28177638
174603925,gaba,GABA-A,0.004,0.60078437,0.71770881,0.20391388,0.30734282,0.42809656,0.50439153,0.26458665,0.22165638,0.07659838,-0.05880142,0.35725034,0.61328936,0.0955487,0.2474944,0.17556226,-0.23075084,-0.32001108,-0.2750826,0.01692804,0.01046677,-0.2286578,-0.27750044,-0.17805704,-0.23989087,1.93123018,-0.43868692,1.49254326,2.30558748,-0.76526358,1.54032391,-16.38231485,-12.68734131,-4.25870825
175029071,gaba,GABA-A,0.004,0.91818154,0.82462148,0.43027382,0.29112222,0.46951833,0.69394891,-0.24304307,-0.29914819,-0.07837285,0.12404276,0.50755032,0.58184184,-0.11291875,-0.16176454,0.92311877,0.8128027,0.59809366,0.61901966,1.14794687,1.22888063,-0.08568227,-0.22976069,0.64299738,0.53036847,2.0041081,3.11355566,5.11766376,2.21642902,2.79954623,5.01597525,-16.18715457,-18.55997116,-13.86823583
175924853,gaba,GABA-A,0.004,0.48867827,0.61567592,-0.01757546,-0.14514678,0.47315323,0.51741315,-0.01462431,-0.060796,0.40652347,0.45201104,0.59408563,0.79759661,-0.40512389,-0.28229249,-0.13626819,-0.16585271,-0.07718367,-0.10442029,0.34634938,0.49468575,-0.09669676,0.16195699,0.02896868,-0.21813099,1.93024082,-0.33995444,1.59028638,2.17675393,-0.11405374,2.06270019,-8.07034718,-7.40413062,-5.70298124
176214110,gaba,GABA-A,0.004,0.36093787,0.61774791,-0.01490539,-0.09241691,-0.07143291,0.25226938,0.24749084,0.12985837,-0.09558223,0.03802693,0.22079186,0.58485001,-0.56084737,-0.15990657,-0.06492659,0.11908572,0.11203765,0.2105763,-0.17308094,-0.27948854,0.11495416,0.15632037,0.01346948,0.10685048,0.64730005,-0.5583936,0.08890645,1.53033569,0.15343775,1.68377345,-7.11036743,-5.57075209,-4.65531947
176617846,gaba,GABA-A,0.004,0.07793545,0.3131485,0.17155716,0.05092444,0.15965036,0.2574884,-0.01542079,-0.23052251,-0.13265266,-0.41711554,0.31196955,0.73078785,0.28137009,0.20041011,0.27935233,0.37692968,0.23305964,0.09514129,1.08945696,1.24129965,-0.05293778,-0.00743474,0.32883679,0.08043035,0.57303907,2.15913803,2.7321771,0.70471113,1.98677634,2.69148747,-11.89164678,-18.38611931,-7.44146077
177344780,gaba,GABA-A,0.004,0.59858803,0.53538212,0.37444631,0.3588577,0.47716211,0.57057724,0.41465139,0.26484453,-0.05726696,0.14511002,0.21538642,0.26453301,-0.11012584,0.09476747,0.71942975,0.76449839,0.70661319,0.66833493,0.95100428,1.02978555,-0.00077104,-0.26827424,0.58259631,0.59184903,2.02296731,2.84874666,4.87171398,2.13930461,2.88096113,5.02026574,-14.31263607,-16.01755685,-13.88009825
177528314,gaba,GABA-A,0.004,0.81372747,0.77124584,-0.02727753,-0.10743771,0.42316322,0.43739723,0.10113107,0.14601122,0.02197213,-0.04215807,-0.24174328,0.02172037,-0.16145604,0.24981612,0.1453053,0.1922553,-0.04437286,-0.13277234,-0.25706417,-0.39904431,0.18865407,-0.02813212,0.01079636,-0.14072836,1.09097308,-0.11813735,0.97283573,1.22677889,-0.2586057,0.96817318,-5.17906841,-3.06305041,-2.67681824
177688664,gaba,GABA-A,0.004,0.88263625,0.88568228,0.49134658,0.4391397,0.8063829,0.68456049,0.41088565,0.41096438,0.26030757,0.00220457,0.66816934,0.86080468,0.18224327,0.22310569,0.57058315,0.63565679,0.6503146,0.30844848,0.43572406,0.50066685,-0.4400791,-0.11588728,0.56556064,0.30784742,3.51972828,1.96434662,5.48407491,3.28335611,1.85983795,5.14319406,-24.56535204,-23.95360958,-14.21997213
177896969,gaba,GABA-A,0.004,0.24556347,0.5468021,-0.10622414,-0.14284812,0.2030624,0.38586498,0.10095077,0.04198307,-0.06424596,-0.04866049,0.04103053,0.57556119,-0.1881639,0.27620841,0.17907102,0.21045197,0.35919419,0.31778365,-0.18187227,-0.15260699,-0.19851715,-0.23268877,0.30418223,0.08624725,0.42013706,0.27389413,0.69403119,1.35870272,0.50539553,1.86409825,-10.15623389,-12.22776514,-5.15388393
178045655,gaba,GABA-A,0.004,0.80860931,0.93349066,0.17148037,0.17243253,0.81628054,0.87439015,0.22426984,0.21413638,-0.09252225,0.0695651,0.06331464,0.35637425,-0.09356316,0.066884,0.43066397,0.08665379,0.02258253,0.100108,0.82017129,0.87778035,-0.2824795,-0.33148852,0.18649262,0.27062042,1.99143245,1.08386776,3.07530021,2.62038908,1.07055803,3.69094711,-14.60949852,-12.58651126,-10.20478022
178126699,gaba,GABA-A,0.004,0.22719479,0.25405361,-0.05980814,0.00636884,0.19063876,0.1158917,0.27915192,0.21411377,-0.0293093,0.14886023,0.67517874,0.96121046,0.45845231,0.36073092,0.61263104,0.48034383,0.55234494,0.44988559,0.15458753,0.43511763,0.25473758,0.27378479,0.65081926,0.51687743,1.28304677,2.68357265,3.96661942,1.7004986,2.51674019,4.21723879,-16.96091953,-21.82481882,-11.65987854
178282579,gaba,GABA-A,0.004,0.75714111,0.88920642,0.0296165,-0.02464887,0.7060524,0.70757548,0.47386005,0.38711006,0.29203875,0.16955298,0.88864594,1.00335399,0.21616883,0.20417691,0.32732663,0.36190966,0.47575185,0.37696947,0.16619595,0.34076028,-0.45836454,0.14491185,0.44401127,0.46120396,3.14735475,1.17108999,4.31844474,3.13215007,1.88993212,5.02208219,-20.34012317,-21.35625006,-13.88512039
178684006,gaba,GABA-A,0.004,1.00849837,1.08349197,0.1654138,0.27384615,0.56495183,0.62433037,0.38589632,0.45867758,0.06278071,0.03783682,0.55035045,0.93062641,0.20842976,0.3149812,-0.34944226,-0.45806362,0.14037101,0.52487019,0.00588233,-0.07633777,0.61673233,0.12061129,0.13081092,0.45001566,2.73789149,0.75278409,3.49067558,3.40880929,0.87607695,4.28488624,-17.9408096,-14.99118499,-11.84691111
178998455,gaba,GABA-A,0.004,0.16715715,0.03673465,0.12490732,0.14069641,0.42263654,0.39048037,0.29670655,0.39804162,-0.22055598,-0.08492184,0.31513099,0.29120428,0.31684718,0.51360418,0.60064061,0.70600648,0.14682089,0.45281274,-0.0583399,0.07025297,0.46712118,0.14342694,-0.07702996,0.13289817,1.10598257,1.39606,2.50204257,1.17223549,2.01900148,3.19123697,-10.14164923,-15.82406012,-8.82317489
181526703,gaba,GABA-A,0.004,0.24776438,0.45783885,0.04976531,-0.01854317,0.45553367,0.68586105,-0.04591711,0.01359257,0.45351563,0.33375675,0.32799104,0.41489438,0.06741846,0.05510305,0.27132899,0.07439319,0.60271101,0.62515348,0.76848221,0.96621687,0.48773177,-0.09222972,0.4193283,0.38412367,1.48865293,2.61700074,4.10565367,1.88740043,2.01276054,3.90016097,-7.18017487,-10.80865856,-10.78321751
182136619,gaba,GABA-A,0.004,0.47286161,0.43934702,0.25568489,0.20492755,0.45637457,0.33520628,0.2057974,0.28324808,-0.02336915,-0.16889937,0.84375392,0.48982466,0.06680132,0.02271711,0.19057048,0.21974085,0.25721973,0.10658529,-0.07697253,0.21161758,0.00815526,0.14968648,-0.02010305,-0.07180759,2.21110324,0.42567122,2.63677446,1.58365422,0.63853972,2.22219394,-9.26853156,-9.39761619,-6.1439517
183176019,gaba,GABA-A,0.004,0.64697579,0.49852186,-0.11939168,-0.04950465,0.62450783,0.72822252,0.27450978,0.26644699,-0.1669241,-0.11694256,1.15267314,1.20480977,-0.08295142,0.06958836,0.01875856,0.67945849,-0.0471315,-0.22110727,0.18292013,0.49898383,0.18596617,0.35646677,-0.09228316,-0.19577449,2.41235075,0.16527879,2.57762955,2.53155393,1.18761569,3.71916962,-21.02747622,-25.09126395,-10.28281018
183475605,gaba,GABA-A,0.004,0.48056593,0.39113048,-0.15227948,-0.39582764,0.09824562,0.16352755,0.04231545,-0.15346376,0.18115096,0.2286617,0.23813396,0.65992406,0.06679959,0.00423759,-0.14015085,-0.11994513,0.26865284,0.5069584,-0.46239446,-0.45901172,-0.25879747,-0.07817186,0.02016034,0.22302204,0.88813243,-0.50573001,0.38240243,0.89395239,0.07708932,0.9710417,-3.70296622,-5.48417422,-2.68474917
183762098,gaba,GABA-A,0.004,0.81306142,0.86869179,0.13525445,0.30227523,0.64381657,0.71229169,0.56329659,0.49868998,0.64691305,0.70160869,0.74915115,1.21691615,0.3212271,0.27612386,0.74580464,0.72702971,0.38130811,0.21418273,0.25947937,0.22855471,-0.28228305,-0.29769177,0.1524309,0.10288819,3.55149323,1.57796707,5.1294603,4.30047355,1.25108744,5.55156098,-30.27926141,-28.9414122,-15.34903048
184059377,gaba,GABA-A,0.004,0.73951637,0.7356105,0.31186164,0.40635229,0.50056839,0.41177903,0.55034149,0.68788741,0.10420629,0.07975162,0.51366435,0.84240078,0.01462014,0.0016565,0.71427457,0.6853889,0.50651937,0.73226947,0.96917475,1.09303122,0.09916062,-0.35902534,0.72226785,0.74934786,2.72015853,3.02601731,5.74617584,3.16378163,2.90266861,6.06645024,-22.40822819,-21.88540441,-16.77260321
186213995,gaba,GABA-A,0.004,0.28007342,0.45212917,0.16107189,0.18428886,0.09290842,0.19485379,0.32739313,0.23789219,0.05035717,0.10400887,0.00404484,0.15966861,-0.11645415,-0.08824859,0.65783186,0.62923704,-0.10669206,-0.1769008,0.05223051,0.34732378,0.0870353,0.09838028,0.0463263,0.03356012,0.91584888,0.62027776,1.53612664,1.33284149,0.84335183,2.17619333,-9.45055252,-7.21593297,-6.01676858
186940717,gaba,GABA-A,0.004,-0.01654707,0.01855295,0.01859639,0.17769068,-0.03979248,0.02267346,0.10071966,0.10894783,-0.03668399,-0.05887044,-0.07145624,0.39232856,0.14478261,0.15116417,0.38951937,0.2340146,0.46268578,0.40346828,0.21959217,0.20122104,-0.07687365,-0.12552552,0.40795381,0.43200157,-0.04516372,1.5476601,1.50249637,0.66132304,1.29634415,1.95766719,-9.48472666,-11.23081038,-5.41258457
187495574,gaba,GABA-A,0.004,0.23086068,0.39031367,-0.0543116,-0.02010165,0.23134638,0.14013036,0.13661415,0.10544264,0.31595563,0.32278369,0.14474432,0.30037883,-0.40061427,-0.16515978,0.67166276,0.61950603,0.56207578,0.24421106,0.26304572,0.73815514,0.04036321,-0.20926207,0.38092347,0.15195831,1.00520957,1.51745667,2.52266623,1.23894754,1.3794087,2.61835624,-6.79832184,-7.43307314,-7.23926655
188448101,gaba,GABA-A,0.004,0.40613511,0.16899628,0.32835399,0.37126671,0.12934021,-0.00142225,-0.19553228,-0.16829571,0.11694641,0.23957769,0.23861916,-0.23714473,0.01494159,0.11332105,0.39082299,0.13082573,0.06010005,0.05188297,0.04722783,0.10839478,0.00370832,0.11433227,0.01282501,-0.14646883,1.02386259,0.5296258,1.55348839,0.37297798,0.37228798,0.74526596,-0.0347209,0.99536962,-2.06052134
188764715,gaba,GABA-A,0.004,-0.25307065,-0.25210927,-0.04162643,-0.02868269,-0.11784747,-0.07764088,0.12996635,0.14366387,-0.00816679,0.14673282,0.15648724,0.47691088,-0.10487423,0.10226222,0.11270918,0.72698203,-0.03246011,-0.17754381,0.03637916,0.29050411,0.12172627,0.13249314,-0.09347028,-0.16027472,-0.13425776,0.04001,-0.09424776,0.40887473,0.91442297,1.3232977,-9.09511127,-12.97199086,-3.65867129
190042837,gaba,GABA-A,0.004,0.42069267,0.51983379,0.37717565,0.38504888,0.51974914,0.74265281,0.39962304,0.17882216,-0.22527389,-0.15825411,0.57172531,0.99268993,0.06235809,0.18717566,0.56912112,0.59750273,0.22986345,0.36594206,0.24077323,0.2637621,-0.34181132,-0.16932136,0.07402603,0.38155008,2.06369193,0.83433061,2.89802254,2.66079346,1.62661129,4.28740475,-25.23590918,-26.97531151,-11.85387431
191170875,gaba,GABA-A,0.004,0.93540676,0.60299979,0.03354581,-0.17794096,0.6886699,0.27451585,0.74640549,0.80799547,0.64206649,0.44392665,0.87236041,0.66920468,0.16947087,0.09286804,0.51665526,0.15179105,0.75311227,0.6756438,0.49076512,0.62963429,0.0495116,-0.07283578,0.50726879,0.48953692,3.91845486,2.48678392,6.40523878,2.62070147,1.96663831,4.58733978,-9.68037911,-10.27636797,-12.68313874
191996808,gaba,GABA-A,0.004,0.09592326,0.01983938,0.00425005,0.02102075,0.34423171,0.43459775,0.65831822,0.6469669,-0.31083642,-0.4289619,0.91992173,0.95181629,0.02879307,-0.04927963,-0.00749576,0.00104582,0.03914565,0.06012565,-0.07960818,0.05556983,-0.04695762,0.08575023,0.11145347,0.29485796,1.71180854,0.04533064,1.75713918,1.64527916,0.44806986,2.09334902,-15.8973899,-16.79879842,-5.78771951
193109536,gaba,GABA-A,0.004,0.69404277,0.78106319,0.53878312,0.2543067,0.61738541,0.84971838,0.0739373,-0.00564016,0.54434225,0.53819275,0.82466525,1.20995275,-0.1727592,-0.32369689,0.61988506,0.50339908,0.21897099,0.34215631,1.04995396,1.35924804,-0.40846519,0.01411684,0.30772444,0.46765314,3.2931561,1.61531006,4.90846617,3.6275936,2.36287653,5.99047013,-24.00115736,-24.73084656,-16.56253239
195112416,gaba,GABA-A,0.004,0.57098516,0.50200539,-0.0496089,-0.05793338,0.52483314,0.43070152,-0.14826907,-0.10820966,-0.32896042,-0.25295727,0.30695929,0.60974996,-0.22906246,0.04279569,0.15251304,0.03611842,-0.07532403,0.12412078,0.33082668,0.35345619,0.13139433,-0.35492405,0.00629533,0.22771538,0.87593919,0.31664289,1.19258208,1.12335656,0.42928239,1.55263896,-11.76898252,-12.72970072,-4.29275707
195135326,gaba,GABA-A,0.004,0.00085232,0.33950051,-0.14125204,-0.21496666,-0.29985158,-0.19932302,-0.04719806,0.0786348,-0.07923075,-0.10617292,-0.01230484,0.33957492,-0.50886101,-0.8265525,0.29677341,0.43570655,0.28297833,0.37847462,0.4860377,0.67536667,0.08542429,0.04430153,0.39159917,0.4601875,-0.57898497,1.03395189,0.45496692,0.23724763,1.16748437,1.404732,1.42857037,2.71114125,-3.88382194
195145348,gaba,GABA-A,0.004,0.048429,0.14879015,0.38714128,0.57120876,-0.16007936,-0.29767101,-0.10959883,0.03798188,0.14514993,0.18225911,0.1498651,0.48611425,-0.10911371,0.09236833,0.22564372,0.15235814,0.11945447,0.28493286,-0.0106632,-0.16063027,-0.15949061,0.05406521,-0.07012749,0.16933884,0.46090711,-0.00429682,0.4566103,1.12868313,0.59243312,1.72111625,-11.42187758,-9.19859703,-4.75856537
195166026,gaba,GABA-A,0.004,0.45320119,0.77031042,-0.06053541,-0.05699333,0.35804642,0.20536808,0.32757543,0.6216881,0.16664514,0.11255248,0.13344077,0.73729812,-0.18549367,-0.21968908,0.60740737,0.57227823,0.17565117,0.21277713,0.05383005,0.06270431,-0.05523353,0.00947044,0.21411088,0.20675018,1.37837354,0.81027226,2.1886458,2.39022388,0.8442912,3.23451508,-13.13369889,-10.29598014,-8.94283081
195629783,gaba,GABA-A,0.004,-0.047293,0.00052048,-0.07652243,-0.03564012,0.19496493,0.11270301,-0.13194281,-0.16407803,0.26105768,0.39476511,0.77693527,0.9985443,-0.34682505,-0.24508587,0.4762766,0.52837823,0.19231019,0.25803119,0.06685938,0.16303324,-0.08362021,0.05808068,0.14278804,0.00362366,0.97719964,0.44778895,1.42498859,1.30681475,0.76606112,2.07287587,-12.09569932,-15.42069996,-5.73111509
195966822,gaba,GABA-A,0.004,0.3482337,0.56948986,-0.25452439,-0.4872191,0.09700163,0.19489207,0.1201322,0.16077994,-0.27551789,-0.36697793,-0.02928775,0.44677275,0.1706881,0.23043919,-0.02443103,0.0196152,-0.4581986,-0.49045012,0.63608593,0.74865694,-0.08322487,-0.12062445,-0.5588195,-0.51389238,0.00603752,-0.31789997,-0.31186246,0.51773759,-0.12625562,0.39148197,-2.99636931,-6.05782361,-1.08237462
197382673,gaba,GABA-A,0.004,0.2505444,0.60388717,0.06869022,-0.01286203,0.08263922,0.30288214,0.25925437,0.05010773,0.14782707,0.16234583,0.67915279,1.10832779,-0.32647061,0.03634545,-0.13289409,0.04045167,-0.26407526,-0.09095828,0.42109099,0.69544486,0.56569758,-0.07957571,0.17233392,0.31708054,1.48810807,0.43568254,1.9237906,2.21468863,0.91878853,3.13347716,-20.19434665,-19.93604846,-8.66347979
198118454,gaba,GABA-A,0.004,0.02411096,0.05399614,0.23413518,0.18884755,-0.13247274,-0.2035443,-0.04291609,-0.06223709,-0.09017805,-0.00809815,0.99541812,0.93356933,-0.34483373,-0.23444208,-0.01332369,0.02595747,0.459365,0.66767531,0.10479358,0.16388519,-0.16012444,-0.10269867,0.20658121,0.39039,0.98809738,0.25245792,1.2405553,0.90253347,0.91076722,1.81330069,-9.51015416,-10.92963116,-5.01343814
198600924,gaba,GABA-A,0.004,0.33284873,0.24104782,0.12197316,0.16712883,0.07518685,0.01903301,0.39888088,0.35570915,-0.20660147,-0.05334337,0.35468129,0.36872923,0.08621984,0.1256154,0.61276973,0.77724709,0.60269678,0.60401122,0.90377256,1.11590342,0.25999311,0.26169677,0.70995099,0.69326525,1.07696944,3.175403,4.25237245,1.09830467,3.57773916,4.67604383,-9.7320845,-13.98592944,-12.92838887
199436480,gaba,GABA-A,0.004,0.34357192,0.42762293,-0.0496734,-0.03993197,-0.03156166,-0.03539846,0.4367254,0.38800229,0.15844194,-0.04607107,0.31446813,0.67453747,0.19770811,0.21489486,-0.27674224,0.10725888,-0.10453711,-0.12692658,-0.34880128,-0.06111744,0.17342473,-0.34848231,-0.19564497,-0.12408974,1.17197233,-0.55459276,0.61737957,1.36876119,-0.33846233,1.03029885,-12.57390499,-11.13599701,-2.84858413
112288,gaba_high,GABA-A,0.0045,0.4841328,0.61549392,-0.01840235,0.01737205,0.10114109,0.30088412,0.22694831,0.4476432,0.29484158,0.33394377,0.23633744,-0.04913103,-0.13555686,-0.03099874,0.42911489,0.44036831,-0.11877157,0.12141526,0.88194375,1.14834704,0.13125704,-0.0939575,-0.21894157,0.05212493,1.32499887,0.96904568,2.29404455,1.66620603,1.63729931,3.30350533,-3.21562786,-2.59593244,-9.13357598
458976,gaba_high,GABA-A,0.0045,0.61622326,0.54101295,0.27967668,0.29167058,0.56614272,0.46637814,0.26197959,0.22040023,0.42554577,0.39836733,0.41578673,0.48226152,-0.04030607,0.14891766,0.41712784,0.10005266,0.2945174,0.69285724,0.57346873,0.68159149,0.09867449,-3.137e-05,0.36434707,0.62249841,2.56535475,1.70782947,4.27318422,2.40009076,2.24588609,4.64597684,-12.68531124,-13.14979454,-12.84525927
829055,gaba_high,GABA-A,0.0045,0.09982435,0.17930847,0.24751258,0.17547825,-0.00575519,0.07191266,0.24137893,0.03871603,0.31249779,0.48935611,0.53087295,0.35671496,-0.21511355,0.10875987,0.10432,0.29320934,0.66959002,0.68123147,0.40007562,0.39496363,-0.12908498,0.19193512,0.70012729,0.72259971,1.42633141,1.52991441,2.95624581,1.31148648,2.39269914,3.70418562,-8.70250523,-10.33662799,-10.24138223
1647364,gaba_high,GABA-A,0.0045,0.1259977,0.24619624,0.27841013,0.16627372,0.17598247,0.30156294,0.58157339,0.51681152,0.40285785,0.38368331,0.59004633,1.30073188,0.31183518,0.64832727,-0.08679981,-0.14106993,0.20472186,-0.17882496,0.10011015,0.06506696,0.1737736,0.0053719,0.19976754,-0.03130325,2.15486788,0.90340852,3.05827639,2.91525961,0.36756798,3.28282759,-25.84887594,-26.88342438,-9.07640588
2190836,gaba_high,GABA-A,0.0045,0.25484342,0.05563184,-0.03029095,0.00566542,-0.28809531,-0.40190491,-0.13360703,-0.24438709,0.21382792,-0.04023842,0.37984941,0.05853685,-0.41562248,-0.66392544,0.96689046,0.60802688,-0.02033207,0.47965249,0.55777771,0.62437047,-0.30611429,-0.40076988,0.0535675,0.47740913,0.39652746,0.83616683,1.23269429,-0.5666963,1.12476365,0.55806735,1.29428004,1.923466,-1.54295211
2270310,gaba_high,GABA-A,0.0045,0.23322286,-0.20913023,-0.26319898,-0.26253172,0.1867692,-0.21932708,0.19534926,0.22945565,0.02213082,-0.20617365,0.5702005,0.42176059,0.77036911,0.33955859,0.56686069,0.6289132,0.73881044,0.6933899,0.45717052,0.4314562,0.48251763,-0.0669326,0.62004881,0.60560156,0.94447366,3.6357772,4.58025085,-0.24594644,2.63198685,2.38604041,-5.23489475,-13.04436933,-6.59695663
2695459,gaba_high,GABA-A,0.0045,-0.01567851,-0.35824141,0.31714105,0.282915,-0.11779295,-0.56303169,-0.03020296,0.17100514,0.19793343,0.09170742,-0.06600035,-0.20691438,-0.15817594,0.11777074,0.36114894,-0.09074514,0.25778417,0.21794789,0.17885079,0.16647815,-0.05213198,-0.06667968,0.20095942,0.20007832,0.2853997,0.78843539,1.07383509,-0.58255992,0.54485028,-0.03770964,2.36230221,2.97325992,0.10426013
2904393,gaba_high,GABA-A,0.0045,1.14052797,1.36082029,0.207471,0.13731994,0.59753763,0.65587721,0.19143287,0.23295559,0.28058836,0.5406179,0.79376595,0.89898817,-0.10062003,0.01458547,0.71229144,0.98236187,0.76198654,0.70987031,0.34575356,0.09379957,-0.05721636,0.1904419,0.61936921,0.61441173,3.21132378,2.28156435,5.49288813,3.8265791,2.60547086,6.43204996,-21.8082918,-20.23035458,-17.78341824
3287674,gaba_high,GABA-A,0.0045,0.07017192,0.04441823,-0.03211314,0.05933625,0.16028119,0.12571117,0.0931113,0.14046974,0.13431523,0.01926164,0.93667158,1.35911016,-0.21382451,-0.04053056,0.34653313,0.46425389,-0.20600176,-0.09644688,0.47694767,0.39103713,-0.12332264,-0.14286128,-0.00954765,-0.07470533,1.36243808,0.27078425,1.63322233,1.74830719,0.50074699,2.24905418,-21.5452862,-24.37636666,-6.21821525
4254555,gaba_high,GABA-A,0.0045,0.57194677,0.36512461,0.28318541,0.16286823,0.33750246,0.27945762,0.51708431,0.64308082,0.45310569,0.60667798,0.52457699,0.19068179,-0.2970426,0.12559692,0.16624821,-0.38252256,-0.11210167,-0.41939736,0.33151899,0.41829414,-0.03593429,0.03045392,0.1207094,-0.10129129,2.68740163,0.17339803,2.86079966,2.24789106,-0.32886623,1.91902483,-8.85669509,-3.45206674,-5.30574567
4631192,gaba_high,GABA-A,0.0045,0.54943298,0.60015337,0.1531176,0.16745072,0.41117914,0.53146011,0.21267641,0.14666959,0.44356867,0.5283604,0.6513693,0.97316895,-0.06400707,-0.17135022,0.20749215,0.41934728,0.22210553,0.32617597,0.56614673,0.98861308,0.32789362,0.19584703,0.20504135,0.23488462,2.42134409,1.46467232,3.88601641,2.94726314,1.99351776,4.9407809,-16.75282989,-18.02094714,-13.6603375
4794212,gaba_high,GABA-A,0.0045,0.30989074,-0.01236594,0.08872642,0.03645876,0.28758994,0.33499029,0.1272944,0.09886368,0.06123435,-0.0951489,0.35934589,0.13316433,-0.09509274,0.16716825,0.06519121,-0.21561448,0.38851508,0.38973731,0.31707216,0.58783531,0.07245797,0.01693637,0.26875089,0.34565366,1.23408174,1.01689457,2.2509763,0.49596224,1.29171643,1.78767866,-2.1799628,-5.51795534,-4.94259801
4885471,gaba_high,GABA-A,0.0045,0.77262983,0.74914882,-0.02368972,-0.1329101,0.54360187,0.50620241,0.50027504,0.46968264,0.24696749,0.19785019,0.12732673,-0.12121024,-0.24261231,-0.11062007,0.78594421,0.90535373,0.67781661,0.40614741,0.74400155,0.47005609,0.5255577,0.45412861,0.56131443,0.25408204,2.16711126,3.05202218,5.21913344,1.66876372,2.37914781,4.04791153,-0.96144574,-1.76446689,-11.19172024
5182386,gaba_high,GABA-A,0.0045,1.11286398,0.98900063,0.03710467,0.02741666,0.98191617,0.9080258,0.41402887,0.23277726,0.27358217,0.23809514,0.59493743,0.72039847,-0.38514474,-0.0606964,0.7868118,0.56729321,0.45556656,0.31714189,0.64617507,0.67708819,0.23993209,0.16554148,0.30882664,0.30563381,3.41443329,2.05216742,5.46660071,3.11571397,1.97200217,5.08771614,-16.37639853,-16.93133741,-14.06658602
5432841,gaba_high,GABA-A,0.0045,0.62504626,0.47097499,0.22840677,0.06388305,0.26365179,0.11616926,0.21727972,0.36761987,0.52469158,0.04727912,0.612458,0.70281106,0.05041152,-0.00518692,0.0330273,0.22027174,0.4000977,0.52056111,0.00624648,0.05335215,-0.09353541,-0.05080698,0.12528177,0.20197615,2.47153412,0.52152936,2.99306348,1.76873735,0.94016724,2.70890459,-9.70757643,-9.92653795,-7.48961584
5901115,gaba_high,GABA-A,0.0045,0.1227229,0.04099374,0.22917802,0.18068869,0.10419589,0.10374004,0.46509661,0.27833951,-0.06879561,-0.02471818,0.82227888,1.24525161,-0.21364405,-0.33300513,0.85729619,1.0536141,0.51503866,0.26326611,-0.35981344,-0.30432815,0.22553249,-0.13798947,0.18031714,-0.0217443,1.67467668,1.20472698,2.87940366,1.8242954,0.51981316,2.34410857,-20.55427719,-21.93880153,-6.4810229
5978534,gaba_high,GABA-A,0.0045,0.25398957,0.2296085,-0.09845957,-0.05584045,-0.05651871,-0.10431963,0.42200081,0.66621099,-0.00587768,0.29972304,0.16121077,0.15349882,-0.7708149,-0.28392576,0.14846311,0.45853848,-0.40956309,-0.24682471,0.55303738,0.59451329,0.46312243,-0.09468148,-0.150871,-0.05567892,0.67634519,-0.16662606,0.50971913,1.18888127,0.3719409,1.56082217,-4.66651299,-1.29445987,-4.31538213
6000160,gaba_high,GABA-A,0.0045,0.12890267,0.3815391,0.19530187,0.16133331,0.20715544,0.08383187,0.01045844,0.11382897,-0.17777018,-0.33728886,-0.29381006,-0.45373226,-0.1605206,0.33758276,0.17559079,0.54982116,-0.36789205,-1.248e-05,0.67094657,1.07538596,-0.43126206,-0.62826291,-0.18711604,-0.23238752,0.07023819,-0.30025339,-0.2300152,-0.05048787,1.10212697,1.05163911,-0.30645064,-2.25154423,-2.90758595
6314205,gaba_high,GABA-A,0.0045,0.75242893,0.91230779,0.10145634,-0.01879525,0.36752031,0.54200269,0.2547819,0.37214688,0.24491662,0.25515969,-0.01604564,0.2860285,0.11534508,0.16219083,0.39416857,0.34005094,-0.03453828,-0.05343014,0.64389473,0.96301248,-0.12585616,-0.1990346,-0.06427735,-0.05094821,1.70505846,0.92873658,2.63379504,2.34885032,1.16184131,3.51069162,-10.41852185,-9.55030731,-9.70640742
6502630,gaba_high,GABA-A,0.0045,0.66559369,0.76266582,0.09207315,0.14567566,0.60481104,0.87537616,0.16662427,0.04452683,0.2317574,0.16837345,0.96380188,1.3394944,-0.21327649,0.11001399,0.45240335,0.46584544,0.56025431,0.46424436,0.04853913,-0.0132284,-0.19460327,-0.20166332,0.5788853,0.54867006,2.72466142,1.23220233,3.95686375,3.33611232,1.37388212,4.70999444,-28.57680527,-29.49450201,-13.02225599
7127936,gaba_high,GABA-A,0.0045,0.13290457,-0.16128992,0.08159011,-0.02563867,0.22447571,0.17133102,0.37873967,0.0479581,0.12413452,-0.00064579,0.21010289,-0.03085382,-0.28973654,-0.4824827,0.32907611,0.39265077,0.20992933,0.24656831,0.25200491,0.25315894,-0.37426689,-0.09890911,0.19172171,0.28168926,1.15194747,0.31872863,1.4706761,0.00086092,0.59267547,0.59353639,0.47237851,0.31795534,-1.64101739
7478069,gaba_high,GABA-A,0.0045,0.23668801,0.39744831,0.0202277,0.04279898,0.31123119,0.23721475,-0.02504306,-0.17525989,-0.09846085,0.21376263,0.68746706,1.05372286,0.13288526,-0.22293438,0.16565792,0.21695161,-0.216828,-0.33397728,-0.11484762,-0.07613908,-0.05178305,0.12277423,-0.19202581,-0.30574007,1.13211005,-0.27694129,0.85516876,1.76968763,-0.59906498,1.17062265,-15.55075083,-14.51657351,-3.23655324
7764421,gaba_high,GABA-A,0.0045,-0.14072799,-0.28344968,0.07237458,0.08672577,-0.34998953,-0.10170398,-0.02660048,0.06399181,0.15006661,-0.07342206,0.80354276,1.23089834,-0.25136001,0.02167545,-0.05528611,0.07128498,0.29748882,0.49908873,0.6471421,0.78429803,0.23125628,-0.05256048,0.27583968,0.38427843,0.50866595,1.14508076,1.65374671,0.9230402,1.70806514,2.63110534,-14.6103165,-20.73826031,-7.27451544
8043474,gaba_high,GABA-A,0.0045,0.05508831,-0.17909626,0.40452261,0.25583604,0.10801396,-0.11362843,-0.00727729,-0.04572173,0.17140249,-0.05983705,0.12669939,-0.39787959,-0.0034122,0.40899183,0.08401656,-0.21754935,-0.12347103,0.07535952,0.37435102,0.66650447,0.15465906,0.20122277,-0.19966394,0.03075718,0.85844947,0.28647946,1.14492893,-0.54032702,1.1652864,0.62495939,4.32548114,1.50927307,-1.72789612
10058298,gaba_high,GABA-A,0.0045,0.6959404,0.77903883,-0.04477305,-0.03993693,0.56745265,0.52444248,0.36250245,0.44155353,-0.15322214,-0.14827813,1.00178544,1.20156697,-0.60082488,-0.39551534,-0.01712744,0.39776505,0.29196171,0.42536605,0.17290464,0.2220283,0.10223797,-0.08900961,0.04286114,0.34274107,2.42968577,-0.00798686,2.42169891,2.75838676,0.90337552,3.66176228,-17.79186205,-16.80090983,-10.12408962
10121092,gaba_high,GABA-A,0.0045,0.72220135,0.65240392,0.06317005,0.16224873,0.59262737,0.49561247,0.13012548,-0.0437582,0.27188748,0.3821131,0.21602772,0.68574989,-0.14669942,-0.14065886,0.09210153,0.15087083,-0.12421471,-0.27851637,-0.65209137,-0.77747863,0.05780385,-0.28610797,-0.19717727,-0.21454805,1.99603945,-0.9702774,1.02576205,2.33436992,-1.54643905,0.78793087,-17.08481585,-11.15529653,-2.17848187
11922061,gaba_high,GABA-A,0.0045,0.33840924,-0.07396832,-0.18003996,-0.28408007,0.33921934,0.15192479,0.2756719,0.25698569,0.21059756,0.00964545,0.62003442,0.38681684,-0.73301378,-0.34536018,1.03403347,0.76367604,0.39047124,0.42839721,0.10637859,0.08122839,0.63277915,0.12447134,0.58942128,0.601446,1.6038925,2.02006996,3.62396246,0.4473244,1.65385879,2.10118319,-5.51002186,-8.07050972,-5.80937954
12029891,gaba_high,GABA-A,0.0045,0.71487029,0.78331385,0.23122063,0.34610626,0.53603947,0.4314162,0.1964341,0.31005167,0.17465027,0.02663555,0.99500918,1.14615498,0.48752505,0.1247496,0.99151876,0.61283406,0.79739727,0.71103394,0.59368862,0.36829314,0.00626338,0.19376885,0.81227686,0.81458873,2.84822394,3.68866995,6.5368939,3.04367851,2.82526831,5.86894682,-24.76441296,-25.60861266,-16.22654312
13471924,gaba_high,GABA-A,0.0045,0.41477594,0.35298073,-0.02380386,-0.10479041,0.21100033,0.13096745,0.01522558,0.03438784,0.26931797,0.13253822,0.4958838,1.03616064,0.05907366,0.0682994,0.53886905,0.4231869,0.130797,0.15156715,0.10361344,0.11124326,0.09559653,-0.14461672,-0.01188616,0.1086675,1.38239976,0.91606353,2.29846329,1.58224447,0.71834748,2.30059195,-16.25413881,-18.39804836,-6.36070756
14759699,gaba_high,GABA-A,0.0045,0.42785975,0.32521215,0.39149703,0.34922662,0.25513353,0.13192456,-0.04802086,-0.10154949,-0.02965193,-0.25416771,0.76403974,0.34884528,0.28339319,0.38448737,0.69065607,0.5806136,0.27049722,0.0438058,0.32487448,0.62800082,-0.08075936,0.05507649,0.23313185,0.04185871,1.76085727,1.72179345,3.48265073,0.7994914,1.7338428,2.5333342,-12.48078305,-15.76219724,-7.00419648
14783858,gaba_high,GABA-A,0.0045,0.39824274,0.45648789,-0.22856418,-0.24599341,0.42689675,0.53495519,-0.24759449,-0.33404642,-0.05907977,-0.10105176,0.63249931,0.4206865,0.42998635,-0.1328087,-0.56098877,-0.63370286,0.28142509,0.30210265,0.43427062,0.45211676,-0.12636604,-0.08933442,0.3486257,0.483034,0.92240037,0.80695296,1.72935333,0.73103799,0.38140742,1.11244541,-2.81514259,-3.71306831,-3.07570403
14850118,gaba_high,GABA-A,0.0045,0.36826202,0.30903675,0.15803248,0.12415186,0.34219603,0.17136175,-0.11573672,-0.15038183,-0.04229016,-0.02304521,0.98297998,0.47895222,-0.52772125,-0.20604055,0.61912467,0.93062933,-0.16915062,0.09906164,-0.00835806,0.21113344,-0.24283341,0.05261402,-0.17611115,0.11665208,1.69344362,-0.50504982,1.1883938,0.91007555,1.20404998,2.11412552,-11.40858352,-12.62320731,-5.84516269
14893890,gaba_high,GABA-A,0.0045,0.11924263,0.16018441,0.10440391,0.10959006,-0.10266863,-0.17265798,-0.03521583,0.00737431,-0.18214393,0.08888983,0.57273346,0.90877485,0.16275024,0.38188699,0.65746997,0.45429091,0.32828593,0.61906399,0.68407691,0.60402075,0.08687404,0.2534379,0.53471672,0.85979261,0.47635162,2.4541738,2.93052542,1.10215548,3.17249315,4.27464864,-16.81897022,-21.93906815,-11.81860604
15059321,gaba_high,GABA-A,0.0045,0.28620227,-0.11574315,0.08759316,0.06246971,0.31607133,0.05258558,0.62724503,0.66541851,0.26798085,0.03017335,0.22947141,0.22101929,-0.27995626,-0.38924726,-0.21192915,-0.44232987,0.46496594,0.3470802,0.02219677,0.23125041,0.0565972,0.06031108,0.29466757,0.16436984,1.81456405,0.34654206,2.16110611,0.91592329,-0.0285656,0.88735769,2.12137494,4.25225436,-2.45337847
16190159,gaba_high,GABA-A,0.0045,0.40640809,0.30653558,-0.08977146,-0.09185277,0.23268853,0.10449333,0.00503094,0.07012904,0.03448032,0.19301123,0.38821522,0.63427419,-0.10335931,0.0020647,0.2285562,0.30870965,-0.22325418,-0.11436778,-0.48446642,-0.52287299,-0.16302116,-0.22220499,-0.18588997,-0.2362377,0.97705164,-0.93143485,0.0456168,1.21659059,-0.78490911,0.43168147,-10.74551452,-9.53873645,-1.19351875
16275727,gaba_high,GABA-A,0.0045,0.83856036,0.79648195,0.36924974,0.39636948,0.79028431,0.78732839,0.49528106,0.50871515,0.20677312,0.52030055,0.87569302,0.91406629,-0.03431077,-0.09289434,0.08871786,0.22328544,0.05124748,0.23139886,0.17543843,0.27170308,0.0364317,0.21867933,0.29710377,0.49420912,3.5758416,0.61462847,4.19047007,3.92326181,1.34638149,5.2696433,-23.47932348,-19.26812617,-14.56958068
16708319,gaba_high,GABA-A,0.0045,0.23596144,0.02667465,0.11856134,0.1151488,0.08345257,-0.03773291,0.21371445,0.10727785,0.71228274,0.40253556,0.37934732,0.35893126,-0.43621451,-0.21976674,0.14804552,-0.17094672,-0.05187458,-0.11431116,0.25690102,0.51884033,0.12650171,0.16585283,0.01128423,0.05447022,1.74331986,0.05464339,1.79796325,0.97283522,0.23413876,1.20697398,-4.5827547,-2.80167015,-3.3370579
17213220,gaba_high,GABA-A,0.0045,-0.01655745,0.17975238,0.42228744,0.45430604,-0.06953877,0.01855954,0.00175486,-0.11351957,0.05767271,0.09591589,0.62094574,0.84177379,-0.19206369,-0.03950101,0.05409807,0.14960597,0.14603981,0.11077659,0.18064878,0.24812598,0.33288381,0.05336577,0.13702463,0.19314808,1.01656453,0.65863142,1.67519595,1.47678808,0.71552137,2.19230945,-16.51557779,-15.91088879,-6.06132666
17696979,gaba_high,GABA-A,0.0045,0.03852685,0.13680153,0.03757286,-0.00881791,0.31119551,0.41834586,-0.30552988,-0.08752463,-0.220789,-0.30282311,1.05861971,0.86224994,-0.02549038,0.02733428,-0.02809826,0.30389274,-0.20089849,-0.26675484,0.08341165,0.32131558,-0.34424689,-0.50535668,-0.0454103,-0.01584449,0.91959605,-0.56073267,0.35886338,1.01823167,-0.13541341,0.88281827,-18.35052804,-20.1282045,-2.44082781
18455372,gaba_high,GABA-A,0.0045,0.43838954,0.22454077,-0.08197202,-0.00035304,0.38736451,0.40666916,0.29060092,0.2896212,-0.09355934,-0.06436546,0.01977403,-0.08235253,0.3582344,-0.26796634,0.0167805,0.06130142,0.11723246,-0.19715866,0.45201736,0.43843646,0.04311779,-0.36221696,0.18503799,0.01757541,0.96059764,1.17242049,2.13301813,0.7737601,-0.31002868,0.46373143,-3.13029885,-0.13534237,-1.28213088
18801650,gaba_high,GABA-A,0.0045,0.16699652,-0.129462,0.34900137,0.31769831,0.25824247,0.0285376,-0.01592445,-0.04380177,-0.02022073,-0.19393612,0.43429359,0.32088005,-0.22460487,-0.03369922,-0.03411414,0.06439474,-0.00659656,-0.15968666,-0.09657679,-0.01392781,0.23144288,0.20111628,-0.13315421,-0.19023324,1.17238877,-0.26360368,0.90878509,0.29991606,-0.13203591,0.16788016,-5.99865559,-6.32626534,-0.46415732
18904077,gaba_high,GABA-A,0.0045,0.42353606,0.60107859,-0.06009814,-0.0114744,0.21644441,0.0253503,-0.0030591,0.02785451,-0.32921293,-0.25676439,0.49150235,0.81807925,-0.38747832,-0.40568379,-0.09165794,0.13986315,-0.1172211,0.0362267,0.30486758,0.25147669,-0.0963659,0.10297633,0.1579416,0.27955995,0.73911265,-0.22991408,0.50919857,1.20412386,0.40441903,1.60854289,-10.57206978,-8.28116383,-4.44732101
18952353,gaba_high,GABA-A,0.0045,0.33611739,0.27679556,0.11741581,0.1182304,0.41585488,0.42214874,0.0636671,-0.06359357,-0.58277298,-0.6032875,0.21612909,0.30093229,-0.68419694,-0.50184373,0.53772107,0.37474011,0.57490257,0.55330944,0.13808072,0.47489968,0.14512298,0.02724675,0.58817098,0.50246513,0.5664113,1.29980137,1.86621267,0.45122592,1.43081737,1.88204329,-3.85201529,-5.37328351,-5.2034986
19031295,gaba_high,GABA-A,0.0045,0.40559156,0.41844536,-0.06895965,0.00631542,0.3387824,0.43635242,0.03059397,-0.13361562,-0.57644681,-0.45970549,0.54045795,0.4863562,-0.85795578,-0.54958757,0.17399844,-0.0646571,-0.03814207,-0.05065991,0.37435756,0.39150816,0.33242672,0.13033674,-0.10158336,-0.08629388,0.67001942,-0.11689849,0.55312093,0.75414829,-0.22935356,0.52479473,-3.09917622,-2.44607732,-1.45095953
19316057,gaba_high,GABA-A,0.0045,0.58583879,0.54621646,-0.10917784,-0.19184711,0.23596578,0.16513447,-0.20907014,-0.3049312,0.35179103,0.17951321,0.69134361,1.23249295,0.09767878,0.19864083,0.29534005,0.13339902,-0.40249999,-0.24672287,-0.28805814,-0.09743554,-0.18112122,0.02232344,-0.26141412,-0.03685121,1.54669123,-0.74007463,0.8066166,1.62657877,-0.02664632,1.59993244,-19.09361824,-20.43034546,-4.42351474
19432693,gaba_high,GABA-A,0.0045,0.2814984,0.15603703,0.06637554,0.1156512,-0.08404379,0.02946197,-0.02012313,0.02517078,0.30940586,0.25727764,0.12053134,-0.18252249,-0.17065274,0.17615147,-0.4154476,-0.5095245,0.55924391,0.35743582,0.02337482,0.04455929,-0.0311591,0.03435577,0.53897027,0.58613591,0.67364422,0.50432956,1.17797378,0.40107613,0.68911376,1.09018989,0.25214187,2.34503315,-3.01417167
20051604,gaba_high,GABA-A,0.0045,0.52762529,0.60871626,-0.06341519,0.12890536,-0.06649978,-0.02490864,0.21724521,0.29428086,0.18320781,0.26547702,0.33009782,0.84011944,-0.29235447,-0.33137429,0.15111049,-0.21846609,0.30384762,0.4909466,-0.07046539,-0.06825031,0.03278019,0.00548831,0.46371155,0.69502403,1.12826116,0.58863,1.71689115,2.1125903,0.57336826,2.68595856,-12.3354761,-7.12223683,-7.42617435
20830744,gaba_high,GABA-A,0.0045,0.23298779,0.18656629,-0.19574305,-0.4898649,-0.06766177,0.07751571,0.10438974,-0.00662206,-0.31784996,-0.38949087,0.53309176,0.23858063,-0.16181746,-0.23213909,-0.27831606,0.09106834,-0.01600857,-0.10181528,0.17333813,-0.01771399,0.04968073,0.05777102,-0.25360825,-0.43103621,0.28921453,-0.48673148,-0.19751695,-0.3833152,-0.63386521,-1.01718041,5.92126992,3.18417374,2.81231407
20843854,gaba_high,GABA-A,0.0045,0.61050339,0.71373319,0.19397735,0.186524,0.16552257,0.01894129,-0.08802971,-0.1328049,-0.05308448,0.14875749,-0.0052731,0.31885046,0.54063692,0.68955275,0.83106872,0.76121326,0.42069975,0.23591449,0.72456384,0.69444356,-0.27657231,0.26196331,0.67619787,0.37990616,0.82361602,2.91659479,3.7402108,1.25400154,3.02299353,4.27699506,-13.83613623,-17.55379707,-11.82509348
21053574,gaba_high,GABA-A,0.0045,0.10232923,0.15428748,-0.17485409,-0.30239442,-0.01449274,-0.0051648,0.43219052,0.45352821,-0.3058478,-0.25074771,1.1454507,1.03479995,-0.19482411,0.10887391,-0.69766063,-0.31934283,-0.49010751,-0.34320163,0.92775642,1.02235407,-1.00057982,-0.49617118,-0.72176807,-0.84136942,1.18477583,-2.17718372,-0.99240789,1.08430871,-0.86885707,0.21545164,-6.59233565,-10.50110086,-0.59568359
21313420,gaba_high,GABA-A,0.0045,0.56431356,0.4606175,-0.02068753,-0.02099499,0.19741241,0.16906111,-0.14322518,0.05122862,-0.21327051,-0.03751985,-0.01359653,0.03917175,0.0712186,0.02495759,0.38243385,0.17122507,-0.04514804,0.12437209,0.90238572,0.85629676,-0.03684128,-0.24180535,0.0543782,0.13115076,0.37094622,1.32842704,1.69937326,0.66156414,1.0661969,1.72776104,-2.67963958,-3.22112984,-4.77693698
22084493,gaba_high,GABA-A,0.0045,0.33865445,0.2672524,0.26550331,0.21710725,0.00392041,-0.18938234,0.15526165,0.11785067,0.23932258,0.23899563,0.48419981,0.52201398,-0.13965262,-0.04788547,0.17779437,0.27374028,-0.21226222,-0.55243838,0.00350267,0.08815569,0.19349255,0.09212931,-0.26273737,-0.39997328,1.48686222,-0.23986263,1.24699959,1.17383759,-0.54627184,0.62756575,-11.06574269,-7.80799462,-1.73510223
23343892,gaba_high,GABA-A,0.0045,-0.15293577,0.08853534,-0.21076576,-0.24826785,0.3629947,0.34185526,0.40789852,0.33505539,0.02174163,0.05962338,0.84473071,1.38835598,-0.41653167,-0.06128406,0.26731824,0.37850684,0.05081724,0.02275691,0.95824901,0.83574158,-0.01570519,-0.14787263,-0.16935805,-0.20080714,1.27366403,0.67478959,1.94845362,1.96515749,0.8270415,2.79219899,-16.97432443,-22.61067871,-7.71990933
24115048,gaba_high,GABA-A,0.0045,0.98546006,0.69970586,0.16173171,0.02407091,0.8149422,0.45697225,0.70041839,0.56751427,0.45445901,0.34435043,0.06552549,-0.48795879,0.35609335,0.77776135,0.61224331,0.53066515,0.23897064,0.16511715,0.77407529,0.91401904,-0.24490161,0.13282621,0.22313204,0.08606737,3.18253686,1.95961302,5.14214987,1.60465493,2.60645628,4.21111122,-2.77085578,-5.12397783,-11.64293693
24495953,gaba_high,GABA-A,0.0045,0.72354154,0.9078643,0.17160215,0.27648701,0.08503567,0.14644539,0.51339932,0.35771831,0.24278955,0.45173805,0.35829413,0.71026961,0.24796288,0.45202067,0.30634987,0.11321589,0.10780064,0.2329604,0.59499216,0.56579908,0.03247022,-0.1860164,0.06005189,0.2142363,2.09466236,1.34962766,3.44429002,2.85052267,1.39221593,4.2427386,-18.10153084,-16.15958472,-11.73038076
25000478,gaba_high,GABA-A,0.0045,0.65398791,0.8079033,0.17582201,0.29158642,0.16756278,0.23706131,0.42415593,0.39315144,0.12583299,0.08487851,0.43513121,0.22541377,-0.46781984,-0.10351627,0.26182453,0.37238734,-0.18542366,-0.01045833,0.1726326,-0.01591253,0.16223857,0.12025369,-0.12143515,0.00215182,1.98249284,-0.17798294,1.80450989,2.03999475,0.36490572,2.40490048,-9.40701204,-4.28905949,-6.64910118
25067315,gaba_high,GABA-A,0.0045,0.54066472,0.50247404,-0.21412733,-0.14332,0.25951029,0.34179308,0.10940893,0.07673028,-0.27688098,-0.27847634,-0.04362348,0.21937386,-0.91027981,-0.75813408,0.58766242,0.84787109,-0.54082829,-0.56919849,-0.49214033,-0.39372007,1.10975708,0.28556325,-0.14434665,-0.35334249,0.37495215,-0.39017559,-0.01522344,0.71857492,-0.94096079,-0.22238587,-4.2210144,0.10213417,0.61485544
25356336,gaba_high,GABA-A,0.0045,0.17938908,0.0885056,0.00718479,-0.00880308,0.01593546,0.17164862,0.07080974,0.03485426,0.37055923,0.34783309,0.46999999,0.77951977,0.13814584,0.13097138,-0.01693633,0.47229105,0.36876897,0.59953569,0.20050534,0.15757167,-0.14833913,-0.05264128,0.54022963,0.77535476,1.11387829,1.08237432,2.19625261,1.41355826,2.08308327,3.49664154,-15.99074668,-19.00391799,-9.66756155
25517914,gaba_high,GABA-A,0.0045,0.4370634,0.61436674,0.34756725,0.32767295,0.26336285,0.24248083,0.1998879,0.15828781,0.26951996,0.26776442,0.50153211,0.53681815,-0.00439782,-0.33522372,0.12884365,0.49340455,0.77159438,0.59646582,0.61769196,0.5898686,-0.11776301,-0.13063175,0.71337283,0.49104977,2.01893348,2.109342,4.12827547,2.1473909,1.70493326,3.85232416,-12.1009201,-10.01357002,-10.65095766
25821028,gaba_high,GABA-A,0.0045,0.29933876,0.32995778,-0.49358371,-0.65907945,0.10213418,0.09737715,-0.31170336,-0.4034409,0.0911364,0.22333133,-0.06425513,0.22199404,-0.41658356,-0.30236232,-0.15732603,0.02920593,-0.01918688,0.32879979,0.02763852,0.02885251,-0.36667287,0.0984298,-0.01305529,0.19008756,-0.37693286,-0.94518611,-1.32211897,-0.18986005,0.37301326,0.18315321,6.45920343,3.75262656,-0.50638446
26901488,gaba_high,GABA-A,0.0045,0.05386294,0.0548303,-0.32580514,-0.12760366,-0.0876308,-0.10070014,0.21240098,0.27473584,-0.1545175,-0.28857496,0.01922968,-0.09569515,-0.4305289,0.04308683,0.08866058,0.39146618,0.42533331,0.52576728,0.23222284,0.33986967,-0.078359,0.2378443,0.15661908,0.31050593,-0.28245984,0.39394789,0.11148806,-0.28300777,1.84854018,1.56553241,4.49640247,0.68582023,-4.32840507
27363295,gaba_high,GABA-A,0.0045,0.14074673,0.22631351,0.16271129,0.09353744,0.32425537,0.26170388,0.37119747,0.34916161,0.62952842,0.71743986,-0.09282824,0.05856274,-0.34691983,-0.91267246,0.39303615,-0.16519694,0.46670271,0.27903331,-0.03268133,0.1725929,0.03334856,0.12789664,0.74276728,0.66885171,1.53561104,1.25625354,2.79186458,1.70671903,0.17050515,1.87722418,-1.37159528,6.74011991,-5.19017467
27578624,gaba_high,GABA-A,0.0045,0.90029904,0.74954601,0.04628523,0.03378375,0.80963667,0.74634678,0.25595781,0.22695649,0.37353398,0.18273569,0.33989025,0.70404001,0.54485169,0.61121379,0.00386093,0.04415428,-0.04394022,0.08885961,0.62803601,0.7917791,-0.35300748,-0.09174166,0.0045818,0.06915954,2.72560298,0.78438273,3.50998572,2.64340873,1.51342466,4.15683339,-17.40710841,-20.43772826,-11.49286886
28113492,gaba_high,GABA-A,0.0045,0.82627894,0.49367038,-0.08216906,-0.11532029,0.51360271,0.3153968,0.69090954,0.57650481,-0.29288787,-0.13048304,0.76746429,0.40464282,-0.15735112,0.21374243,0.42807151,0.32278525,0.42453388,0.22972978,0.03990996,0.2966423,-0.21924071,-0.29394152,0.53930095,0.40579853,2.42319856,1.05522447,3.47842303,1.54441148,1.17475677,2.71916825,-11.80358994,-11.83509651,-7.51799297
28264513,gaba_high,GABA-A,0.0045,0.83241583,0.98670065,-0.13868355,-0.25668479,0.58922462,0.69523334,0.54583009,0.49965618,0.1725707,0.15042056,0.34579719,0.63354304,-0.36264835,-0.44242172,-0.37581729,-0.39179652,-0.19703417,0.15244628,0.53199328,0.82114412,-0.0440333,-0.18984047,-0.25109138,-0.13343031,2.34715487,-0.69863121,1.64852367,2.70886899,-0.1838986,2.52497038,-3.84020041,-0.91799845,-6.98107207
29658673,gaba_high,GABA-A,0.0045,0.69467973,0.67553226,-0.16505641,-0.19443653,0.53238035,0.62140864,0.22208464,0.0580037,-0.08215173,-0.03218476,0.34308524,0.37892186,0.0336506,0.32221,0.18765958,0.29822146,0.02097004,0.14948968,0.087144,0.1631455,-0.11373782,-0.11386142,0.19303391,0.32140622,1.54502181,0.40872031,1.95374212,1.50724516,1.14061145,2.64785661,-11.65825939,-13.33832308,-7.32082956
29751086,gaba_high,GABA-A,0.0045,0.21437585,0.4682002,0.0640963,0.13834158,0.09035422,0.37127927,0.32489063,0.17649689,-0.1156364,-0.07567426,0.69146217,0.97852088,-0.29100968,-0.25245576,-0.60172567,-0.63960369,0.07328331,0.20881137,0.23152253,0.26429666,-0.18778513,-0.05289524,0.24031064,0.39083188,1.26954278,-0.53540401,0.73413877,2.05716458,-0.08101477,1.97614981,-13.30846325,-10.39389533,-5.46368557
29871328,gaba_high,GABA-A,0.0045,0.91975772,0.84012156,0.14496823,0.13343514,0.83460692,0.70081521,0.19645092,0.1141993,0.19968964,0.38007487,0.42986258,0.81382731,0.34893877,0.17071966,0.58025911,0.63510379,0.74911059,0.60068719,-0.14424451,-0.20673118,-0.23299804,0.01336231,0.58791268,0.52091454,2.725336,1.88897861,4.61431461,2.98247339,1.73405629,4.71652968,-20.3499968,-20.47631465,-13.0403247
30151696,gaba_high,GABA-A,0.0045,0.93573759,0.79560217,0.123713,-0.03321556,0.70954243,0.51357113,0.45235433,0.66929757,0.49915197,0.56479021,0.76317074,0.62381867,-0.12010358,0.25188879,0.34705395,0.39784453,0.48413594,0.39976323,0.58092393,0.81854732,-0.18737822,-0.10272042,0.70085106,0.63978031,3.48367006,1.80548308,5.28915313,3.13386419,2.40510376,5.53896795,-17.71281245,-17.15111296,-15.31421308
30276332,gaba_high,GABA-A,0.0045,0.51772769,0.35508265,0.08704103,0.05099776,0.05532597,-0.02481192,0.16590132,0.07057576,0.12565089,-0.36077571,0.18912554,-0.12984726,0.3402786,0.19938266,0.41364535,0.42883755,0.10108007,-0.11791081,-0.19670997,-0.17016741,0.09787806,-0.06472325,0.25044452,0.10271489,1.14077244,1.00661663,2.14738907,-0.03877872,0.37813362,0.3393549,-4.22875719,-3.11823316,-0.93825299
30649663,gaba_high,GABA-A,0.0045,0.28139422,0.24756813,0.1005984,-0.03052399,0.43770254,0.2567649,0.22782126,0.09456284,0.05343268,-0.19540349,0.26659295,0.28889903,0.44272051,0.62453547,0.36347873,0.28050713,0.26539202,0.27451995,0.00211389,-0.23647536,-0.18265585,-0.19169719,0.30158128,0.18225082,1.36754205,1.19263059,2.56017264,0.66186741,0.93364082,1.59550824,-9.87263226,-13.48450724,-4.41128263
30779144,gaba_high,GABA-A,0.0045,0.31642001,0.3130237,0.09059001,0.16736196,0.44120747,0.53386913,0.68260573,0.73821668,0.08318973,-0.04291199,0.32504061,0.70711886,0.344603,0.4012932,0.79275688,0.88072889,0.36935186,0.50189853,0.01998702,-0.02611706,-0.53519164,-0.35135077,0.47403309,0.59279405,1.93905356,1.46554022,3.40459378,2.41667834,1.99924684,4.41592517,-23.38249418,-25.10729657,-12.20920931
31070544,gaba_high,GABA-A,0.0045,-0.08698582,-0.16935834,-0.18949831,-0.18018509,0.2654684,0.32643769,0.50570308,0.55497616,-0.22903518,-0.25581551,0.37391671,0.19285914,-0.0312594,0.30869981,0.31600989,0.33751703,0.18997067,0.01720575,0.75388004,0.80971243,0.22564791,0.04393367,0.38284181,0.15289878,0.63956887,1.83709092,2.47665979,0.46891406,1.66996748,2.13888154,-5.60763818,-11.10255904,-5.91360844
31171219,gaba_high,GABA-A,0.0045,0.50536461,0.32375786,-0.35311932,-0.30190514,0.36193796,0.23954836,-0.11213238,0.17323219,0.03732494,-0.1268339,0.19174289,-0.44501829,-0.35396843,-0.23370614,0.42246391,0.12574599,-0.14190653,-0.15846425,0.89010724,0.92034157,0.08447076,0.08799975,0.14574854,0.29472691,0.6311187,1.04691548,1.67803418,-0.13721892,1.03664383,0.89942491,5.65645281,6.33546883,-2.4867421
31825112,gaba_high,GABA-A,0.0045,0.01039043,0.09335201,0.13249111,0.23630129,-0.27791727,-0.18857946,0.04510742,0.12974202,-0.23856148,-0.30948741,0.09149424,0.20709891,-0.16257644,0.13930567,0.07697357,0.17157402,0.2386157,-0.00646545,1.05865687,1.01442575,-0.01695889,-0.11209728,-0.10376521,-0.15421999,-0.23699556,1.09094559,0.85395004,0.16842735,1.05252271,1.22095006,-3.59578415,-5.99804576,-3.37569914
31851798,gaba_high,GABA-A,0.0045,0.43443534,0.07496932,-0.3270421,-0.4000039,0.37965667,0.44636894,-0.35197311,-0.36426827,-0.04021003,-0.17079143,0.26841604,0.0982119,0.12442914,0.05976999,0.00363559,0.06030868,0.16283446,0.19736986,0.3680087,0.32645418,0.13962267,0.32954498,0.05342435,0.08732327,0.36328282,0.85195492,1.21523774,-0.31551344,1.06077097,0.74525752,3.67808451,-2.78727151,-2.06049803
32581973,gaba_high,GABA-A,0.0045,0.16105,-0.27652019,0.04121876,-0.00986615,0.20222371,-0.12918308,0.22583594,0.21165376,0.11321317,0.12257157,1.28216675,0.6158244,0.34313844,0.54180465,0.24946566,0.2028893,0.10029617,0.05249251,-0.33961892,-0.23220428,-0.22333829,-0.32335586,-0.00893379,-0.10826821,2.02570832,0.12100926,2.14671759,0.53448031,0.1333581,0.66783841,-11.89218811,-15.65170354,-1.84644863
32804781,gaba_high,GABA-A,0.0045,0.11375679,0.35547005,0.29851584,0.43266719,0.44418076,0.554617,-0.14055687,-0.28494878,-0.15970424,-0.08691479,-0.00296365,0.0783609,0.10410661,0.17441557,0.67079176,0.27850027,0.43690024,0.36557925,1.25578852,1.20615989,0.08376207,0.75405365,0.69743506,0.54301477,0.55322863,3.24878426,3.8020129,1.04925157,3.3217234,4.37097497,-6.75388818,-11.21563653,-12.0849304
34458922,gaba_high,GABA-A,0.0045,0.71024465,0.95969566,0.19102463,0.1883914,0.59604973,0.82343929,0.2227071,0.24864568,0.1731976,0.05865272,0.1670009,0.43648918,-0.38510736,-0.20569443,-0.02095854,-0.13366517,0.03665444,0.20277145,-0.06664363,0.02696596,0.03191905,-0.10254617,0.21559072,0.36908492,2.06022461,-0.18854531,1.8716793,2.71531393,0.15691656,2.87223048,-12.90414493,-7.50438874,-7.94118147
35704260,gaba_high,GABA-A,0.0045,0.15848323,0.38421361,0.11415946,-0.00036195,0.07522529,0.14466881,0.43002751,0.32445009,0.04271472,0.31495335,0.75018772,1.22783038,0.08268656,-0.19956112,0.52868228,0.32458203,0.3894577,0.20378846,0.33982931,0.33716405,0.44653062,0.19967848,0.39665079,0.33364728,1.57079793,2.18383725,3.75463518,2.39575429,1.19929918,3.59505347,-18.21734483,-18.25626841,-9.9396522
36383037,gaba_high,GABA-A,0.0045,0.39268305,0.40506367,0.08540268,0.14825765,0.39066208,0.38524171,0.21878305,0.37949247,-0.00120172,0.03390088,0.80502524,1.12204499,0.01109996,0.11051529,0.3459315,0.03059445,-0.24604392,-0.09986317,-0.02257706,-0.04401183,0.18569031,-0.17530985,-0.01487668,0.10375219,1.89135438,0.25922411,2.15057848,2.47400138,-0.07432293,2.39967845,-22.28975125,-20.64353277,-6.63466325
37280746,gaba_high,GABA-A,0.0045,0.25085758,-0.03470299,-0.21134383,-0.30289801,0.15354165,-0.01762655,0.20330299,0.29249068,-0.21388367,-0.01251199,0.14556991,-0.02229588,-0.19658649,-0.27453629,-0.30315461,-0.31325349,-0.0579733,0.09633092,0.0038428,0.09972243,-0.08936564,-0.29685706,-0.00388685,0.0783167,0.32804462,-0.64712409,-0.31907947,-0.09754473,-0.61027679,-0.70782152,5.20604894,6.5746966,1.95699446
37805580,gaba_high,GABA-A,0.0045,-0.06198451,-0.07667115,0.05112427,-0.09713595,-0.02072352,0.02198855,0.77196833,0.69569334,0.23708251,0.23996954,0.15262679,0.20712009,-0.40926037,-0.09419626,-0.39709167,-0.09205248,-0.3861309,0.00535424,0.12635029,0.04709945,0.26475289,0.30634927,-0.24939986,0.1333263,1.13009387,-1.05077963,0.07931424,0.9909644,0.30588052,1.29684492,-1.6795719,-0.27149333,-3.58553429
38072766,gaba_high,GABA-A,0.0045,0.87048314,0.87237733,0.0120057,0.04064501,0.6665876,0.67426773,0.16428801,-0.00976314,-0.12815874,-0.23317204,0.42341917,0.3287505,-0.28111229,-0.05423385,0.36384811,0.58307533,-0.02849751,-0.1470622,0.18785304,0.46331406,0.2140178,-0.02660775,-0.10686709,-0.19132901,2.00862489,0.34924206,2.35786694,1.67310539,0.62715658,2.30026197,-10.18298282,-10.09895474,-6.35979523
38521433,gaba_high,GABA-A,0.0045,0.42381208,0.48919086,0.0974207,0.15937661,0.29349236,0.24984017,-0.09133847,0.07439814,0.09541285,-0.14231981,0.65345813,0.88193945,0.27728519,0.14570961,0.12903122,-0.08949331,0.29379288,0.19798971,0.31442794,0.45257157,0.29646023,-0.08722104,0.16560466,0.17868336,1.47225764,1.47660212,2.94885976,1.71242542,0.79823991,2.51066533,-14.64954903,-15.59852742,-6.94152126
38666520,gaba_high,GABA-A,0.0045,0.33105174,-0.34947401,-0.20904438,-0.27297609,0.3616603,0.00454271,0.31223809,0.23240572,-0.41536924,-0.32086858,0.14607893,-0.28184413,-0.3348257,-0.0164604,-0.52388491,-0.64087428,-0.00904304,-0.10127069,0.30753217,0.38504811,0.11394821,0.11523512,-0.16251296,-0.20338831,0.52661543,-0.60878624,-0.08217081,-0.98821438,-0.46171045,-1.44992483,12.16796743,9.82972765,4.00877166
39453204,gaba_high,GABA-A,0.0045,0.04696646,-0.02763028,0.1856088,0.13415594,0.02355692,0.04757755,0.04263843,0.12961853,-0.10326545,0.01327542,0.84089563,0.43503901,-0.11973239,-0.13037525,-0.00928567,-0.1779438,0.10717502,0.41855171,-0.16548344,-0.38159384,0.06529415,0.12918389,0.30693459,0.45195991,1.03640079,0.18490225,1.22130304,0.73203618,0.30978261,1.04181879,-5.77345209,-4.76438953,-2.88043461
39583981,gaba_high,GABA-A,0.0045,0.16472152,0.1101546,0.11427038,0.19242888,0.23906889,0.44882491,0.65505878,0.89170934,0.9429667,0.91415257,0.52050975,0.78177437,-0.45325548,-0.43287778,0.7877198,0.74742778,0.18343645,0.10057743,0.73414824,0.89405672,-0.49085802,-0.07903445,0.32946912,0.26243021,2.63659604,1.0906601,3.72725614,3.33904467,1.49257992,4.83162459,-18.92944334,-16.44616203,-13.35854064
39776858,gaba_high,GABA-A,0.0045,1.05573865,1.0993466,0.06085447,0.0479887,0.94613429,1.00362786,0.3072304,0.37011688,-0.36885529,-0.68458348,0.89791113,1.01393308,-0.05075582,0.30848862,0.60186803,0.63397188,0.23877005,0.23558225,0.32814985,0.29865086,0.00813732,-0.15191374,0.55155204,0.37827373,2.89901366,1.67772147,4.57673513,2.85042964,1.7030536,4.55348324,-25.13824213,-27.11518593,-12.58953172
40201562,gaba_high,GABA-A,0.0045,0.35701666,-0.15225096,-0.19002927,-0.2276257,0.57266246,0.19324193,-0.02380979,-0.06770085,0.18790962,0.18772767,-0.37515227,-1.19125051,-0.00130029,-0.05355747,0.56539894,0.48098645,0.88789676,0.87930818,0.40660303,0.31688296,0.15165225,-0.00918526,1.08424497,0.92816845,0.52859741,3.09449566,3.62309307,-1.25785841,2.54260331,1.2847449,15.0248046,12.19090121,-3.55207999
41213271,gaba_high,GABA-A,0.0045,0.31031749,0.08106186,-0.24625184,-0.11955585,0.09417511,-0.21730415,0.52727124,0.59558018,-0.23636867,-0.30212464,0.45555588,0.35203023,-0.64156879,-0.49877209,-0.02401565,-0.02090466,-0.41018721,-0.43841195,0.46252693,0.69720209,-0.14397761,-0.10117205,-0.19741647,-0.25612886,0.90469921,-0.9546388,-0.0499396,0.38968763,-0.61818752,-0.22849989,-1.05109004,1.90257707,0.63175957
41383458,gaba_high,GABA-A,0.0045,-0.10840016,-0.23451777,0.07386254,0.09470398,-0.1726962,-0.46675106,0.73400475,0.70066017,0.37878967,0.36063273,0.98982201,0.8538464,0.1369746,0.43161139,-0.05747725,-0.14868851,-0.00415007,-0.12506729,0.3241205,0.10847406,0.50852824,-0.06559045,0.04372297,-0.0471288,1.89538261,0.951719,2.8471016,1.30857445,0.15361039,1.46218484,-13.76301621,-13.91334509,-4.04266831
41429086,gaba_high,GABA-A,0.0045,0.34506143,0.56808555,0.29006462,0.14781132,0.44236811,0.54115362,0.33260548,0.25891216,0.04667271,-0.08114748,0.41441082,0.47114016,0.14145256,0.33396874,0.37371392,0.05738951,0.00252159,-0.09504125,0.36068708,0.64701063,0.15038377,0.02161008,-0.02653479,-0.15204034,1.87118317,1.00222414,2.87340731,1.90595533,0.81289737,2.7188527,-11.83417975,-13.13075855,-7.51712052
41548748,gaba_high,GABA-A,0.0045,0.29870563,0.51996658,0.10591559,0.03539461,0.18631883,0.23591199,0.24964212,0.21285688,0.04856431,0.18142676,0.2408117,0.54889175,-0.18102282,-0.2393009,0.26182166,0.39477823,-0.01321689,0.01537063,0.23685045,0.22989508,0.11094409,0.28937047,0.21785291,0.13229058,1.12995817,0.63322939,1.76318756,1.73444856,0.8224041,2.55685266,-9.7618439,-8.1152047,-7.06922062
42449851,gaba_high,GABA-A,0.0045,0.90228008,0.87932234,-0.06353268,-0.20169045,0.18755872,0.27666088,0.43572313,0.4112367,0.07295492,-0.01168924,0.68461816,1.26940536,-0.24433542,0.18031897,0.50809244,0.84942964,0.15891286,0.32946962,0.31392159,0.52198733,-0.32092461,0.07462672,0.39618448,0.53912284,2.21960233,0.81185134,3.03145367,2.62324558,2.49495511,5.11820069,-23.12614668,-25.77311431,-14.15087011
42823353,gaba_high,GABA-A,0.0045,0.51464764,0.45648687,0.66236334,0.45283309,0.31855266,0.24554564,0.53519361,0.76094647,0.45451962,0.27968499,0.70111323,0.24232588,-0.19417714,-0.11823863,-0.0921556,-0.02968872,-0.1397408,-0.28773149,-0.26909607,-0.52838273,0.10782705,0.25886437,-0.13646307,-0.16384854,3.1863901,-0.72380564,2.46258446,2.43782294,-0.86902574,1.5687972,-10.70208748,-2.38618614,-4.33743159
43525440,gaba_high,GABA-A,0.0045,0.75753243,0.37991774,-0.20949266,-0.20715623,0.37570486,-0.11530412,0.12384974,0.1784042,0.01320643,-0.10257018,0.30801664,-0.04426341,-0.39193108,-0.14575305,0.35562471,0.40457548,-0.1780905,-0.20958236,0.18654276,0.40303163,0.08806498,0.01623232,0.02323094,-0.01951972,1.36881744,0.0834418,1.45225924,0.089028,0.44898429,0.53801229,0.43661967,1.55809905,-1.48750361
43720294,gaba_high,GABA-A,0.0045,0.47335511,0.59190259,0.18445135,0.06188074,0.20947396,0.17876463,-0.18281595,-0.08278242,0.58433879,0.59071026,0.20767225,0.49041385,0.05363539,0.01006226,0.74631707,0.64906017,0.65405075,0.59557198,0.3647626,0.35349375,0.24845667,-0.12851999,0.50737946,0.46246443,1.4764755,2.57460193,4.05107744,1.83088964,1.94213261,3.77302226,-11.51988466,-12.15206672,-10.43170268
43926786,gaba_high,GABA-A,0.0045,0.5968537,0.77937509,0.07859447,-0.0519019,0.6950787,0.68482013,0.01416071,-0.03485613,0.21178458,0.20781142,0.08338709,0.48660716,0.25104924,0.36535444,-0.01974058,0.26980114,0.0946708,0.09616858,0.23986193,0.24332036,0.28278627,-0.01709765,0.05087686,0.06241558,1.67985926,0.89950452,2.57936378,2.07185576,1.01996245,3.09181821,-13.07588882,-14.68182114,-8.54830057
44576096,gaba_high,GABA-A,0.0045,0.23727023,0.51452453,0.24061156,0.13692317,0.39427126,0.36369268,0.1280174,0.17703969,0.20777852,0.35476132,0.51206263,0.92268447,-0.39723688,-0.42553855,0.33528363,0.18157124,0.1554942,0.27670576,-0.16118461,0.02529998,-0.08794864,0.32476343,0.1113017,0.22666196,1.7200116,-0.04429061,1.67572099,2.46962586,0.60946383,3.07908969,-12.95975976,-10.65758086,-8.51310859
45544719,gaba_high,GABA-A,0.0045,1.10847115,1.26792516,0.3200234,0.22513498,0.65829722,0.80811025,0.44206398,0.34761332,0.52598003,0.75806557,0.47853541,0.54549594,-0.51221156,-0.32796456,0.86133969,0.96531399,0.76379669,0.9004201,0.60317227,0.76913962,-0.04189862,0.07011512,0.4819827,0.49473825,3.53337119,2.15618117,5.68955235,3.95234521,2.87176252,6.82410773,-14.22588223,-12.41279261,-18.86738484
48028426,gaba_high,GABA-A,0.0045,0.69803432,0.92048473,0.01997895,-0.00684392,0.29034673,0.50182912,0.26950838,0.2673792,-0.31705255,-0.4740064,0.45931446,0.67844691,0.20600894,0.49363469,0.38466192,0.31373901,0.57772345,0.55319226,0.23496204,0.63488992,0.00117628,-0.05050127,0.68675272,0.48200996,1.42013027,2.09128534,3.51141561,1.88728963,2.42696456,4.31425419,-14.61490093,-18.53671925,-11.92810802
48054415,gaba_high,GABA-A,0.0045,0.23239731,0.20802964,-0.01765517,-0.04301655,0.19962377,-0.03691021,0.32625135,0.36179693,0.7949512,1.02646906,-0.13932169,-0.42477448,-0.42969955,-0.03605367,-0.12555667,0.07163128,0.29381876,0.34906712,0.12165554,0.11633697,0.04071786,-0.13577921,0.16569383,0.16575174,1.39624677,0.06662977,1.46287653,1.09159439,0.53095423,1.62254862,4.63767228,8.14784688,-4.48604424
50395729,gaba_high,GABA-A,0.0045,0.05632425,0.37787117,-0.38743749,-0.39542034,0.28197632,0.41769166,0.3447672,0.57489859,-0.05101578,0.07377375,0.28117805,0.39306234,-0.014145,0.32988215,-0.00918259,0.19101385,-0.29389986,-0.25382488,-0.25487653,-0.40198875,-0.35615754,-0.26050407,-0.14475317,-0.13919719,0.52579255,-1.07301468,-0.54722213,1.44187717,-0.5346189,0.90725827,-9.8708048,-9.48059992,-2.50839987
51076110,gaba_high,GABA-A,0.0045,0.75384802,0.40191046,0.08738106,0.04235189,0.8170083,0.53714871,0.320735,0.26333815,-0.16235462,-0.02320934,0.97447924,0.81832504,0.53551605,0.32850604,0.1246616,0.2585979,0.24217369,0.18081609,0.25853934,0.43610769,0.04331794,-0.01640962,0.19017009,0.09997,2.791097,1.39437872,4.18547572,2.03986491,1.2875881,3.32745301,-16.23549438,-19.65666774,-9.19978683
51649816,gaba_high,GABA-A,0.0045,0.63276093,0.66859293,-0.03703328,-0.09034933,0.51039697,0.5463423,0.03347645,-0.24275696,-0.17212295,-0.02653182,0.02522696,0.50612647,-0.23932793,-0.05841503,0.26566682,0.22233994,-0.23647743,-0.10545694,0.24066538,0.50047713,-0.03162158,0.08750069,-0.12976626,-0.1430074,0.99270508,-0.13086101,0.86184407,1.3614236,0.50343839,1.86486198,-8.09539191,-9.49134995,-5.1559955
52071148,gaba_high,GABA-A,0.0045,0.21662968,0.19974985,0.2417815,0.17624801,0.01961163,-0.01472154,-0.35006821,-0.32067341,0.07001412,0.10789078,0.31158686,0.55798675,-0.26351136,-0.13598839,-0.02250889,-0.36434399,0.09197168,0.17566601,-0.22534514,-0.00575772,-0.11165078,0.05156795,0.05238545,0.2234597,0.50955558,-0.47865904,0.03089655,0.70648046,-0.05539644,0.65108402,-6.56008386,-5.26329597,-1.80012585
52801880,gaba_high,GABA-A,0.0045,0.35152577,0.66672118,-0.06762076,-0.05079394,0.04828585,0.36218536,0.07978773,0.05891373,-0.02875332,-0.18138521,0.57809239,0.64369197,-0.09513551,-0.38648246,0.14098653,0.19235611,0.17431483,0.14075962,0.58395096,0.72645858,-0.0584846,-0.11481708,0.10499724,0.03469407,0.96131766,0.85062944,1.8119471,1.49933309,0.59296884,2.09230192,-7.48042122,-7.20335483,-5.7848245
53120454,gaba_high,GABA-A,0.0045,0.622341,0.36200888,0.23270592,0.23376867,0.44676829,0.38421241,0.14687088,-0.07701166,0.22356904,0.32855713,0.66679384,0.42458269,0.03013704,0.29651062,0.1593208,0.12957956,-0.03478687,0.03076227,0.47236735,0.40118613,-0.16704016,-0.11193626,0.03053521,0.08700033,2.33904897,0.49053338,2.82958235,1.65611812,0.83310266,2.48922078,-13.42090003,-13.95418921,-6.88223109
54633971,gaba_high,GABA-A,0.0045,0.65042544,0.52362355,0.40532685,0.31414554,0.29883823,0.53929359,0.13582417,-0.00779249,0.34748189,-0.04433033,0.73516151,0.73229171,0.2050645,0.28583156,-0.33451113,-0.45295271,-0.00873027,0.03645991,-0.03444199,0.02145803,-0.33352393,-0.13109706,-0.25751935,-0.10678276,2.57305808,-0.76366217,1.80939592,2.05723158,-0.34708303,1.71014855,-14.47682987,-13.66306049,-4.72824172
54741718,gaba_high,GABA-A,0.0045,0.5652363,0.47941226,0.19899171,0.14160137,0.38004701,0.19723775,0.36802475,0.64441379,0.31954421,0.11438197,0.58358309,0.04577597,0.08053385,-0.17311072,-0.26543853,-0.51557657,0.17532546,-0.08754183,-0.09157918,-0.24716235,0.47200448,0.0724058,0.13030538,-0.02386814,2.41542707,0.50115147,2.91657854,1.62282311,-0.97485381,0.6479693,-1.56875141,5.55376631,-1.79151423
55417875,gaba_high,GABA-A,0.0045,0.37430668,0.41883456,0.19211866,0.28183812,0.15014069,0.23205799,-0.21308472,-0.25405111,0.47245918,0.5277309,0.66069513,1.03829462,0.33454818,0.13921334,0.64169064,0.77313321,0.33789826,0.39489287,0.14792836,0.0624564,0.52961008,-0.01367482,0.32880361,0.14480681,1.63663562,2.32047912,3.95711474,2.24470507,1.50082781,3.74553288,-20.83311519,-23.22871439,-10.35569969
55499880,gaba_high,GABA-A,0.0045,0.08593059,0.45379515,0.12969988,0.20923824,-0.06942721,0.09851222,0.48223983,0.6143345,-0.3916444,-0.24077237,0.30144034,0.63513356,-0.32250767,-0.08939394,0.66245491,0.28857367,-0.20073933,-0.43273647,0.24486857,0.29013815,-0.0020954,0.09359365,-0.24806802,-0.46859186,0.53823903,0.13391306,0.67215209,1.7702413,-0.31841679,1.45182451,-11.68911874,-9.04835707,-4.01402393
55619168,gaba_high,GABA-A,0.0045,0.42345591,-0.07364158,0.40786399,0.43584457,0.42076266,0.42577756,0.1802186,0.25204985,0.26854253,0.34704886,0.1275746,-0.27894241,0.06076291,0.25006202,0.20741562,0.11317272,0.18802847,0.13631623,0.46839339,0.47086814,-0.11031177,-0.21242998,0.09836339,0.02082104,1.8284183,0.91265201,2.74107031,1.10813685,0.77881016,1.88694701,-4.98746832,-4.83294515,-5.21705647
55836894,gaba_high,GABA-A,0.0045,0.4300018,0.36336324,-0.01568515,0.01345417,0.26551702,0.13001277,0.26578576,0.25334323,0.3766718,0.50784523,0.64600503,0.96927561,0.04768083,0.34380011,0.31824315,0.31402116,-0.15283155,-0.06475071,0.13312881,0.29195357,0.08813455,0.04148889,-0.07785973,-0.0532096,1.96829626,0.35649605,2.32479231,2.23729424,0.8733034,3.11059764,-18.07516353,-19.52042247,-8.60022219
56819618,gaba_high,GABA-A,0.0045,0.98303561,0.87661128,0.185885,0.04374841,0.9552318,0.92981909,0.61632805,0.58042643,0.30739304,0.15405425,0.9458595,0.95558148,-0.02960678,0.58625204,0.20142448,0.54422318,0.18726455,0.20718513,0.39348618,0.32354143,-0.48138919,-0.53193704,0.17878811,0.29298332,3.99373299,0.44996735,4.44370035,3.54024095,1.42224806,4.96248901,-27.88857613,-28.93377773,-13.72035636
57172435,gaba_high,GABA-A,0.0045,-0.0087738,0.00836233,-0.10632659,-0.06529947,-0.14153442,-0.06599006,-0.17469536,-0.21564629,0.23723829,0.50542897,0.03896834,0.57602662,-0.57944448,-0.97801915,-0.02170353,-0.44881427,0.41773364,0.47736418,0.15967319,0.26243739,0.03882002,0.00886267,0.37525156,0.40109032,-0.15512354,0.3903304,0.23520686,0.7428821,-0.27707887,0.46580323,1.78159716,5.082794,-1.28785903
57348284,gaba_high,GABA-A,0.0045,0.8052102,0.70980771,0.07584589,0.08876261,0.69074208,0.57675708,-0.18466125,-0.16077525,0.44910463,0.57217855,0.4950409,0.82786073,0.09003142,0.63159292,0.79718201,0.63153003,0.52150803,0.44667767,0.24774518,0.26153714,-0.01164185,-0.04360298,0.36251723,0.3409058,2.33128245,2.00734203,4.33862448,2.61459143,2.26864058,4.88323201,-21.49514169,-25.6512019,-13.50122556
57930100,gaba_high,GABA-A,0.0045,0.56540797,0.58754057,0.04173523,0.13879278,0.35283516,0.37953158,0.48571229,0.30448215,0.20343872,0.50985548,0.77790897,0.89450157,-0.4885332,-0.07539708,-0.23073229,-0.13308051,-0.25861417,0.08689054,-0.17178114,-0.02257726,-0.78766357,-0.73088491,-0.49662394,-0.025351,2.42703834,-2.4339483,-0.00690997,2.81470413,-0.90040022,1.9143039,-18.06710825,-13.31858255,-5.29269318
57968987,gaba_high,GABA-A,0.0045,1.01360384,0.82769992,0.20055653,0.08354471,0.76499469,0.52722434,0.23870521,0.18086922,0.19214862,0.20492088,0.48734287,0.07941583,-0.29098226,-0.16084184,-0.42992447,-0.45472435,-0.08720038,0.01104133,-0.15711458,-0.14163269,0.23969568,-0.04137199,-0.22017111,-0.05640418,2.89735177,-0.94569712,1.95165465,1.90367491,-0.84393372,1.05974119,-2.53574957,3.43393388,-2.92998669
59057693,gaba_high,GABA-A,0.0045,0.3876026,0.50948711,0.15921724,0.26240965,-0.07282394,-0.12242255,0.22656131,0.32233752,0.03352464,-0.01417347,0.25820893,0.37925701,0.13271569,0.54251263,-0.05383314,-0.02088868,0.51605223,0.45093067,0.02989166,0.13251282,0.13449677,-0.3250204,0.52966375,0.63845723,0.99229078,1.28898695,2.28127774,1.33689527,1.41850427,2.75539954,-13.74345426,-12.36972117,-7.61816571
59343528,gaba_high,GABA-A,0.0045,0.66208083,0.79863488,0.07137624,0.16020601,0.53054325,0.51295723,0.91254002,0.7328852,0.19061426,0.12730333,0.78777714,1.26857863,0.35647676,0.62178155,0.77146368,0.63237885,1.08298142,0.80228822,-0.05787795,-0.23827358,-0.45132161,-0.06727154,1.18879627,0.97124219,3.15493174,2.89051857,6.04545031,3.60056529,2.72214569,6.32271098,-30.93448665,-32.1059765,-17.48111635
60184938,gaba_high,GABA-A,0.0045,-0.26873679,-0.33664689,-0.13820559,-0.13019133,0.13787045,0.16340576,0.17646096,0.21996252,-0.33648376,-0.3165262,-0.19480311,-0.3018946,-0.19594886,-0.05200965,0.00993634,0.09134056,0.02086559,0.0543154,0.6436047,0.68647072,-0.15545682,-0.02833117,-0.2026155,-0.2131735,-0.62389784,0.12038545,-0.50351239,-0.70189074,0.53861236,-0.16327838,8.03589573,3.67027315,0.45143427
60186708,gaba_high,GABA-A,0.0045,0.07411164,0.09713917,0.09787908,-0.01740323,-0.08658222,0.10219518,-0.08316504,-0.27345406,0.22425163,0.19922689,1.02902509,1.4582755,-0.25128104,-0.05923433,0.03171653,-0.14727499,0.07620239,0.15160329,0.3042889,0.28609751,-0.24401708,0.13223508,0.18372333,0.39799307,1.25552017,0.10063304,1.35615321,1.56597945,0.76141964,2.32739909,-19.41830223,-22.07461271,-6.43482432
60281382,gaba_high,GABA-A,0.0045,0.38827087,0.51041889,0.38369844,0.38864289,0.14951984,0.01434504,0.3384295,0.29574382,0.95489881,0.83842986,0.43627414,0.78944946,-0.02152384,0.280559,0.89797755,0.56296737,0.48940588,0.45099469,0.21610952,0.35896141,0.1575749,0.2246217,0.46978728,0.28952363,2.6510916,2.2093313,4.8604229,2.83702995,2.1676278,5.00465775,-18.11718664,-17.97234174,-13.83694506
60334165,gaba_high,GABA-A,0.0045,0.72552331,0.79507122,0.39026138,0.38086731,0.64468277,0.8009876,0.27171714,0.27468419,0.25187925,0.17334432,0.46260895,0.85313843,0.14040753,0.13124644,0.88486631,0.71316698,0.02456366,0.16068992,0.12017172,0.21116989,0.13119222,-0.08197966,-0.14728768,-0.01363858,2.7466728,1.15391376,3.90058657,3.27809307,1.12065498,4.39874806,-23.06539997,-22.64414954,-12.1617178
60530234,gaba_high,GABA-A,0.0045,0.25421354,0.26726627,-0.22393538,-0.26945486,-0.01889895,-0.13432377,0.19071416,0.23188163,0.36179259,0.43564489,0.52783364,0.60037773,-0.14567882,-0.48889882,1.01963346,0.99490354,0.29388054,0.18080318,0.56110523,0.51049039,-0.08198395,0.16217129,0.14462367,0.08278346,1.09171961,1.79158013,2.88329974,1.13139189,1.44225303,2.57364492,-5.65483786,-6.8047102,-7.11564809
61581707,gaba_high,GABA-A,0.0045,0.44074898,0.41608993,0.24963372,0.10733936,0.34723192,0.288205,-0.03782385,-0.00453052,0.2899948,0.17114389,0.67007121,0.2946412,-0.07996075,0.23219747,0.07275766,-0.25951758,-0.09575297,0.15849902,0.6134012,0.85467022,0.01621622,0.25006958,-0.31818799,-0.15105143,1.95985679,0.20847336,2.16833015,1.27288886,1.08486729,2.35775615,-2.23409714,-4.87606749,-6.51875592
61756624,gaba_high,GABA-A,0.0045,0.98320971,1.12037309,0.30055255,0.42346473,0.35560879,0.20536982,0.39575571,0.57051267,0.31794232,0.48461887,0.54246131,0.59052551,0.14086561,0.06210352,0.12678877,-0.10805777,0.07435016,-0.07234422,0.47948294,0.54057927,-0.24479015,-0.4944388,-0.01667356,-0.08899021,2.89553039,0.56002377,3.45555416,3.39486467,-0.16114821,3.23371646,-17.15781228,-9.10579431,-8.94062277
63213959,gaba_high,GABA-A,0.0045,0.44172738,0.05256827,-0.05797607,-0.05988278,0.15565075,-0.12103359,-0.02429787,-0.48380768,-0.11106462,-0.15080057,0.21127951,-0.44711314,-0.1218313,0.14831664,0.27160034,0.09627973,0.19811276,0.11514169,-0.08059503,-0.13031718,0.07556375,-0.03242994,0.38668647,0.27408381,0.61531907,0.72953699,1.34485607,-1.21006949,0.47107475,-0.73899474,4.86326837,3.87089296,2.0431826
63218063,gaba_high,GABA-A,0.0045,0.34486852,0.49320429,0.18227695,0.14176551,0.16938428,0.43698564,0.34157374,0.38793971,0.57935106,0.49325432,0.78453284,1.23507981,-0.25858683,0.08514221,0.21892974,-0.11229843,0.10701022,0.0827365,0.5262039,0.53286582,0.25633798,0.16766042,0.09770717,0.04528309,2.40198738,0.94760218,3.34958957,3.18822927,0.80138962,3.98961889,-19.65665577,-19.67080148,-11.03055197
63989137,gaba_high,GABA-A,0.0045,0.50052443,0.34279621,-0.02999042,0.01969912,0.50925668,0.61537661,0.20337748,0.22636947,-0.06115008,0.03394124,0.4404923,0.57898098,0.05747104,0.15360301,0.29868581,0.48110875,0.08436722,0.04902116,-0.07489415,-0.18550049,0.01400622,-0.18121571,0.17289589,0.08846801,1.56251039,0.55253203,2.11504243,1.81716362,0.40548473,2.22264836,-15.91240219,-16.57008759,-6.14520807
64043761,gaba_high,GABA-A,0.0045,0.27130158,0.31357507,-0.22220862,-0.12576263,0.12743389,0.08289374,-0.2882845,-0.16774613,0.07231804,0.04747679,0.40084575,0.32572669,0.67954856,0.6869562,0.42209536,0.2507621,0.35282428,0.49414843,0.21004,0.31615622,-0.89582389,-0.17194066,-0.34559021,-0.06445826,0.36140613,0.42309409,0.78450023,0.47616353,1.51162403,1.98778755,-4.15164295,-11.23897886,-5.49586177
64082948,gaba_high,GABA-A,0.0045,0.80801204,0.66716967,-0.10856748,-0.2756594,0.5626053,0.51379217,0.46193853,0.48608505,0.04548796,0.22133428,0.59850336,0.21678313,-0.2827788,-0.3649662,0.24984909,0.30487917,0.44674542,-0.01744185,0.31935272,0.53689799,-0.09537322,-0.50420389,0.18257131,-0.24447057,2.36797971,0.82036652,3.18834623,1.82950489,-0.28930536,1.54019953,-3.31513577,-0.7604628,-4.25836437
64309040,gaba_high,GABA-A,0.0045,0.13397167,0.07772939,-0.09369219,-0.23861525,-0.09954942,-0.10045395,-0.35354443,-0.37689224,0.15037334,0.23262901,0.74996406,0.68618803,-0.36522033,-0.32768879,0.26493064,0.38012683,-0.09355035,-0.17083518,0.18721348,0.21276386,-0.17599943,-0.02043357,-0.10612664,-0.36031175,0.48752302,-0.28875263,0.19877039,0.28058499,-0.28637861,-0.00579362,-4.33537949,-6.51677018,0.01601827
65620046,gaba_high,GABA-A,0.0045,0.40219122,0.3512156,0.16066737,0.26192416,0.44670887,0.26383769,0.15160446,0.12348124,0.27638652,0.13693715,0.25795896,0.20011046,-0.01496485,0.00664449,0.07420987,0.40064645,0.38598711,0.15049079,-0.27640061,-0.2969447,0.36162637,-0.08925906,0.53006491,0.40732267,1.6955174,1.06052279,2.75604019,1.33750629,0.57890064,1.91640693,-12.20213898,-9.04257307,-5.29850765
66092324,gaba_high,GABA-A,0.0045,0.82900126,0.83698117,0.06379968,0.18794157,0.58716053,0.60393918,0.38556851,0.23307855,0.06801409,0.13150209,0.04158321,0.21182112,-0.2931061,-0.46379283,0.03140688,0.22826346,0.44937965,0.37438029,0.33142007,0.42230401,0.18683082,-0.39114267,0.432805,0.35499187,1.97512729,1.13873632,3.11386361,2.20526369,0.52500413,2.73026782,-8.41817197,-3.34330731,-7.54868118
66847819,gaba_high,GABA-A,0.0045,1.03044524,0.95813318,0.47593072,0.5001457,0.43545674,0.44217995,0.9985771,0.573676,0.10123887,0.16356056,1.05153341,0.82319723,0.10817953,0.2787868,0.53922406,0.59949721,0.06668099,0.0291567,0.76546121,0.85291921,0.07821558,0.27980775,0.06011534,0.06575133,4.09318207,1.61787671,5.71105878,3.46089262,2.105919,5.56681162,-22.5016722,-21.24053319,-15.39119565
67342911,gaba_high,GABA-A,0.0045,0.73880796,0.88986292,-0.02816293,-0.1017434,0.68296241,0.73836986,0.42996426,0.37212193,0.25002382,0.32372091,0.52232305,0.64754146,0.14280536,0.14696653,-0.07772919,-0.16863047,0.14082057,0.29855628,0.38449987,0.30864261,-0.06662254,0.03189451,-0.02597377,0.13636447,2.59591856,0.49780029,3.09371885,2.86987369,0.75379392,3.62366761,-10.89447864,-10.30040271,-10.01876495
67844279,gaba_high,GABA-A,0.0045,0.68099453,0.89796325,-0.06902598,0.02694411,0.64002801,0.82211888,0.15148638,0.18792718,0.24337523,0.34081625,0.64971283,0.8007522,0.16789298,0.29461708,0.06732456,0.13720134,-0.11087877,-0.27113728,0.1027636,0.30820948,0.17732102,0.34163548,0.15393294,-0.16394319,2.29657099,0.55835633,2.85492732,3.07652187,0.64658291,3.72310478,-17.84217579,-17.63111943,-10.29369017
68000499,gaba_high,GABA-A,0.0045,0.18910639,0.03989024,-0.1500929,-0.1517588,-0.0184319,-0.20688093,0.20647818,0.02631358,0.18525917,-0.00960707,0.60007852,0.30684136,0.21991497,0.25484737,-0.1778148,-0.18702626,0.33624369,0.04186872,0.16736578,0.01271466,-0.53583759,-0.03271955,0.40515231,0.25056371,1.01239746,0.41502436,1.42742181,0.00479838,0.34024864,0.34504703,-3.98287024,-4.98666043,-0.95399066
69159223,gaba_high,GABA-A,0.0045,0.41576919,0.30522296,0.38636029,0.36594073,0.78927013,0.8639495,0.1574024,0.17175264,0.47009015,0.73961766,0.25737633,-0.05824867,-0.4655582,-0.6529303,1.07228732,1.03690071,0.31955877,0.25442737,0.63398506,0.6426335,-0.11354968,-0.27277954,0.30561436,0.2616769,2.47626848,1.75233764,4.22860612,2.38823482,1.26992863,3.65816345,-10.68131399,-7.25774585,-10.11413951
69366941,gaba_high,GABA-A,0.0045,0.23353333,0.3889489,0.20799353,0.2384408,0.1496035,0.25774295,0.31586153,0.40282068,-0.31157316,-0.27145334,0.4926507,0.73990674,0.11425612,0.14662329,0.3476604,0.5255535,0.17777944,0.37343716,0.11539669,-0.02133526,-0.34022316,0.02393465,0.4047596,0.45233284,1.08806943,0.81962909,1.90769851,1.75640674,1.50054618,3.25695292,-17.55255987,-18.13480282,-9.00486725
69973472,gaba_high,GABA-A,0.0045,1.1292434,1.08602717,0.15786776,0.20067531,0.86079704,0.96130398,0.77667214,0.65137367,0.36435527,0.41174567,0.67989385,0.53967509,-0.13489698,0.21065722,0.04777312,0.02001947,-0.07212797,0.00796918,0.31912879,0.45666809,0.13730189,0.23971057,0.01583015,0.07676013,3.96882946,0.313009,4.28183846,3.8508009,1.01178466,4.86258555,-16.5959372,-13.20382756,-13.44414195
70910152,gaba_high,GABA-A,0.0045,0.13407643,0.18576091,-0.01116862,0.0242391,0.50029239,0.52269677,-0.26674707,-0.27916003,0.20959314,0.17171061,0.51763089,0.22226853,-0.11341166,-0.08368544,0.03008331,-0.17078039,0.55370582,0.49089415,0.60781478,0.36642211,-0.43106576,-0.55612023,0.56650064,0.56246371,1.08367716,1.21362713,2.2973043,0.84751589,0.60919391,1.45670979,-6.93963495,-7.36246203,-4.02753083
72155879,gaba_high,GABA-A,0.0045,1.41667194,1.12800571,0.09551832,0.13493779,1.08357624,0.92330207,0.08850371,0.09538535,0.52578306,0.55730503,0.76571407,0.25694229,-0.38507418,-0.32024399,0.20640252,-0.07532307,-0.15168782,-0.16633661,0.20746215,0.1063797,0.23977189,0.03333641,-0.10903769,-0.14848193,3.97576734,0.00783688,3.98360422,3.09587824,-0.57066949,2.52520875,-9.19577036,-2.27400603,-6.98173112
72358748,gaba_high,GABA-A,0.0045,0.27406025,0.13593143,0.11848642,0.0976822,0.09484408,0.09371517,0.21820931,0.16735804,-0.063287,0.10772956,0.02795549,-0.14297423,0.02294056,0.36790032,0.04786646,0.20395378,-0.25475532,-0.19140253,-0.04010432,-0.3313743,0.11129868,0.09123834,0.00057054,0.1286357,0.67026854,-0.11218341,0.55808514,0.45944217,0.26895132,0.7283935,-6.02168084,-4.54060411,-2.01387214
79630427,gaba_high,GABA-A,0.0045,1.19654859,1.2163695,0.45073478,0.37381286,0.93876315,1.0100464,0.60458226,0.64187377,0.53986935,0.70655853,0.75646769,1.21612455,-0.117544,0.02311456,-0.11557409,-0.28472406,0.38778679,0.3479245,0.36389166,0.17332923,-0.13770622,-0.13730335,0.30784621,0.22502621,4.48696582,0.68870035,5.17566617,5.1647856,0.34736708,5.51215269,-25.77390615,-19.79891117,-15.24007389
80301458,gaba_high,GABA-A,0.0045,0.07270729,-0.04001232,-0.14986454,-0.17650227,-0.09751582,-0.23734447,0.1124128,0.15824354,-0.23326124,-0.41594661,0.62884768,0.53468033,-0.36167133,-0.35825831,0.51799793,0.61803652,0.27750222,-0.14276428,0.03218845,0.32641992,-0.30131313,-0.07187329,0.29712313,0.0174213,0.33332616,0.46182726,0.79515342,-0.17688179,0.38898185,0.21210006,-5.78495065,-7.15721555,-0.58641711
80461839,gaba_high,GABA-A,0.0045,1.07857019,0.7123636,0.16472995,0.13910305,0.82779033,0.62369124,0.2833354,0.04566296,0.04026108,-0.07549625,0.48324979,0.05971093,-0.24620265,-0.02093153,-0.38941002,-0.35657979,0.69569946,0.4836638,0.40662575,0.2277864,0.00318906,-0.24498877,0.48205111,0.39100445,2.87793674,0.95195272,3.82988947,1.50503553,0.47995455,1.98499008,-3.84016955,-1.53535905,-5.48812727
82149344,gaba_high,GABA-A,0.0045,0.6741511,0.67150106,0.04799019,0.06281213,0.41491894,0.47153942,-0.01901002,0.04967319,0.28501297,0.15718145,0.5041995,0.84036199,-0.46653755,-0.42350045,-0.03820407,-0.05422329,-0.08774181,-0.06471428,-0.12765571,-0.08898637,0.16015463,0.28201029,-0.10120652,-0.09234324,1.90726269,-0.66119104,1.24607165,2.25306924,-0.44175735,1.81131189,-10.81353035,-7.40385568,-5.00793947
83490451,gaba_high,GABA-A,0.0045,0.90165492,0.87447311,0.29233946,0.21952398,0.81254569,0.88811143,0.27523673,0.22902975,0.19483309,0.18407915,0.6033008,0.56907139,-0.0829841,0.49200054,0.91973966,1.01198372,0.61928097,0.34221584,0.10943935,0.38754208,-0.44844448,-0.71027378,-0.10018199,-0.41124239,3.0799107,1.01684942,4.09676011,2.96428881,1.11222601,4.07651482,-19.33030998,-22.57412907,-11.27080301
84037702,gaba_high,GABA-A,0.0045,0.19858766,0.2379312,0.23127369,0.27887383,-0.24404727,-0.21188178,-0.14415343,-0.05705637,0.3498654,0.80562542,0.15311366,0.75771984,-0.39444268,-0.09352575,0.02546324,0.19150706,-0.18596897,-0.14713788,-0.1647337,0.03169451,-0.04873936,0.00869003,-0.07976365,-0.0338469,0.54463971,-0.84818512,-0.30354541,1.81121214,-0.04261893,1.76859321,-14.72385889,-11.14935486,-4.88983029
84828767,gaba_high,GABA-A,0.0045,0.78401331,0.77509813,0.24518988,0.31613537,0.34156082,0.45265248,0.04377116,-0.01968227,0.52504897,0.45096693,-0.0678741,-0.1334569,0.03582335,0.18569841,-0.62277404,-0.37451144,-0.13932141,-0.51210217,0.41684464,0.56603273,-0.09852052,0.16997815,-0.0750436,-0.339317,1.87171003,-0.48299159,1.38871844,1.84171374,-0.30422132,1.53749242,-4.73903482,0.22849182,-4.25087973
90973178,gaba_high,GABA-A,0.0045,0.53782335,0.42896788,-0.37373699,-0.38002781,0.23833264,0.29951974,-0.5267918,-0.63953902,-0.15668931,-0.35852595,0.46014599,0.4474731,-0.12166939,0.20387313,-0.09985306,0.24571509,0.03782876,0.14680062,0.86028016,1.1284376,0.03385264,-0.07766676,-0.05224373,0.19206068,0.17908389,0.65819537,0.83727926,-0.20213206,1.83922036,1.6370883,-4.0755496,-11.9394266,-4.52624374
92159995,gaba_high,GABA-A,0.0045,-0.29499166,-0.49585876,0.15675625,0.15717942,-0.13076117,-0.21992366,0.00490053,-0.11464573,0.04741712,0.04650182,0.19375615,0.02653997,-0.38367658,-0.52171184,0.01424521,-0.52570947,0.33677736,0.2316208,0.07347589,0.09680314,-0.36829859,-0.20256158,0.47329747,0.45908214,-0.02292279,0.14582077,0.12289799,-0.60020695,-0.46247681,-1.06268376,2.59468154,5.2772711,2.93812234
92432902,gaba_high,GABA-A,0.0045,0.58269592,0.20600683,-0.19496473,-0.26079019,0.15872907,0.17805635,0.54498921,0.28515056,0.40140755,0.16946208,0.68950164,0.32666382,-0.24132016,0.02447922,0.68273573,0.75046164,0.13147085,-0.06328608,0.9175537,0.75992199,0.04485452,-0.31009685,0.41175807,0.13132431,2.18235866,1.9470527,4.12941136,0.90454944,1.29280421,2.19735365,-9.31896729,-11.55527014,-6.07527293
92523261,gaba_high,GABA-A,0.0045,0.78536974,0.53370549,-0.38832134,-0.33294961,0.79239971,1.00802172,0.07518314,0.25035066,-0.32374742,-0.25683446,0.60709842,0.20246633,0.23751548,0.39732994,0.66789264,0.7993578,0.471968,0.49138177,0.48758691,0.17074245,0.21975741,0.08367687,0.40307829,0.36661426,1.54798225,2.48779872,4.03578097,1.40476014,2.30910308,3.71386321,-8.71615484,-15.35062101,-10.26813897
94345446,gaba_high,GABA-A,0.0045,0.27244833,0.39138287,0.28975598,0.24805569,0.22154917,0.15460853,0.57334085,0.48525615,-0.29676192,-0.27177755,-0.31512313,-0.78464722,-0.11074102,0.07349912,-0.04116819,0.06124976,-0.49422692,-0.45471512,0.33138052,0.39283637,-0.06517865,-0.08986643,-0.2751517,-0.22933111,0.74520928,-0.65508595,0.09012333,0.22287847,-0.24632741,-0.02344894,3.61717927,8.70517807,0.06483193
94998851,gaba_high,GABA-A,0.0045,0.38880781,0.48985539,0.04624328,0.22654284,0.37206059,0.4611123,0.19207503,0.19870592,0.28087292,0.34958954,0.5520399,0.6483792,-0.10594663,0.06304578,0.5547061,0.49263025,-0.24313809,-0.18320622,0.48318083,0.61940158,0.1263212,0.04226588,-0.1642576,-0.07077098,1.83209953,0.65086582,2.48296535,2.37418519,0.96336629,3.33755148,-17.19091388,-16.77692855,-9.22770723
97970921,gaba_high,GABA-A,0.0045,0.10794054,0.51655679,-0.54399818,-0.44266681,0.23231837,0.65751059,-0.08951853,-0.16581553,-0.00032967,0.25120061,0.0047203,0.15971154,-0.19225664,-0.08136351,0.21820859,0.64631312,0.49053032,0.49276373,0.18089375,0.28519601,0.28553997,0.07237476,0.22244834,0.35605374,-0.28886718,1.20536433,0.91649715,0.97649719,1.77133784,2.74783504,-2.1402117,-6.3565157,-7.59725128
110841481,gaba_high,GABA-A,0.0045,0.41954396,0.33600837,0.05185105,0.06854487,0.51931101,0.63245413,-0.21337519,-0.15585742,0.07806109,0.38037746,-0.0481652,0.22495311,0.11408786,0.09139606,0.08161107,0.01358486,0.94777856,0.96278685,-0.04739249,-0.1096125,0.21251991,0.11476893,0.75009563,0.94458593,0.80722672,2.05870054,2.86592725,1.48648052,2.01751013,3.50399065,-7.11425092,-8.7319751,-9.68788049
110937433,gaba_high,GABA-A,0.0045,0.82806334,0.89693251,-0.16666582,-0.1717453,0.59118274,0.48709948,0.64212328,0.69401725,-0.28808962,-0.10066513,0.6691512,0.70189077,-0.03050298,-0.12907821,0.33593962,0.65980028,0.37716147,0.21171434,0.35484656,0.50140416,-0.18254993,-0.07370707,0.38384192,0.13836597,2.27576512,1.23873665,3.51450177,2.50752957,1.30849946,3.81602903,-12.88425307,-12.39926472,-10.5506084
111086310,gaba_high,GABA-A,0.0045,0.6307016,0.81140404,0.25240981,0.23550243,0.60255285,0.63410499,0.2828746,0.28606039,-0.09263048,0.01713443,1.10903706,1.15321404,-0.36665521,-0.22216936,0.35050349,-0.48268448,-0.31336689,0.37269089,-0.34935085,-0.15444182,0.35693254,0.22149209,-0.06282106,0.5127908,2.78494546,-0.38475797,2.4001875,3.13742032,0.24767813,3.38509845,-18.26623393,-14.06786633,-9.35916572
111096801,gaba_high,GABA-A,0.0045,1.21460147,1.42225167,0.50405737,0.3870999,0.85581088,0.89477059,0.10230377,0.15791276,0.78019206,1.04498591,0.51673845,0.71530578,0.4953068,0.42447848,0.51390028,0.8085243,0.0955514,-0.02457874,-0.14241545,0.02620953,0.10238972,-0.24881219,-0.03859214,-0.11622344,3.97370401,1.02614061,4.99984462,4.62232661,0.86959794,5.49192455,-27.84409064,-23.23353825,-15.18414688
111844771,gaba_high,GABA-A,0.0045,1.3197166,1.31153019,0.49241923,0.46576606,1.19787445,1.16949216,-0.04405042,-0.12959132,0.12985017,0.15618259,1.05185693,0.95310178,0.02821728,0.36516674,0.36146855,0.18267929,0.0090306,-0.13959997,-0.05745881,-0.19514262,-0.26046903,-0.34452301,0.27701698,0.21773835,4.14766697,0.35780558,4.50547255,3.92648145,0.08631878,4.01280023,-32.08520068,-27.32509042,-11.09464406
112091464,gaba_high,GABA-A,0.0045,0.39190282,0.4862963,0.4374102,0.20362636,0.3071872,0.36981553,0.09796656,0.10669564,0.26254489,0.23530157,0.65650062,1.22031989,0.45904974,0.20917378,0.61227092,0.44303225,0.93072213,0.88574424,0.64891998,0.77234424,-0.08737393,-0.06344048,0.96893438,0.96602213,2.15351227,3.53252323,5.6860355,2.62205529,3.21287616,5.83493146,-23.83767262,-27.76504578,-16.13249697
112517217,gaba_high,GABA-A,0.0045,1e-08,-0.14106716,1e-08,0.05737142,-1e-08,0.2108717,0.0,-0.08051609,-0.0,0.29295354,-0.0,0.16301962,-0.04434673,0.60561124,0.3787293,0.2993768,0.05881049,-0.06306757,0.19367802,0.0980867,-0.22980486,-0.01304733,0.18054013,0.1306519,-0.0,0.53760635,0.53760635,0.50263304,1.05761173,1.56024478,-10.47936588,-14.27627042,-4.31378574
112917188,gaba_high,GABA-A,0.0045,-0.0,0.23768638,-1e-08,0.12213973,-0.0,0.13538244,3e-08,0.0261752,-1e-08,0.07856768,0.0,0.18479959,-0.04199849,0.11620875,0.49665729,0.28159212,0.62757809,0.84051418,0.95442595,0.69964048,0.17524822,0.11788376,0.58404412,0.71458684,1e-08,2.79595518,2.79595519,0.78475102,2.77042613,3.55517715,-3.99168209,-7.67749037,-9.82940161
112957066,gaba_high,GABA-A,0.0045,-0.05304853,-0.14808171,0.09137203,-0.01705767,0.19629234,0.22317239,0.10307498,0.22085693,0.06652773,0.15455433,0.08685273,0.45595537,-0.04370145,-0.06088294,-0.01854828,0.22150993,0.13247512,0.3730349,0.29657946,0.39400038,0.19008372,0.00396442,0.01862398,0.27725747,0.49107127,0.57551254,1.06658382,0.88939963,1.20888415,2.09828378,-6.45159187,-9.56934641,-5.80136323
113174215,gaba_high,GABA-A,0.0045,0.58026258,0.58893716,0.26027736,0.20818813,0.38133678,0.31008115,0.40996149,0.52468072,0.21707763,0.25457003,0.67654804,0.70291231,-0.05808912,0.32544867,-0.24536768,-0.29707827,-0.09063824,-0.06879561,-0.0339626,0.20270442,0.47076534,0.13634242,-0.1524334,-0.08536853,2.52546388,-0.1097257,2.41573819,2.58936951,0.21325311,2.80262262,-13.92142868,-11.75939937,-7.74872871
113237194,gaba_high,GABA-A,0.0045,1e-08,0.15513389,-3e-08,-0.10387341,4e-08,0.04909452,-1e-08,0.07025124,0.0,0.00179218,1e-08,0.21863474,-0.05357034,0.16770067,0.37494643,0.58480556,0.14120078,0.27270615,0.22963093,0.41162705,-0.20756775,-0.00175327,0.12152576,0.29690359,3e-08,0.60616582,0.60616585,0.39103318,1.73198975,2.12302293,-5.71500656,-9.24299297,-5.86976235
113387068,gaba_high,GABA-A,0.0045,0.14674331,-0.15802771,-0.34222847,-0.34713638,0.27033524,0.21229379,-0.32925378,-0.19197494,-0.45439279,-0.12214682,0.04612207,-0.40799244,-0.15415095,-0.10124891,-0.45624751,-0.26767507,0.28733016,-0.0967528,1.00438027,1.1813085,-0.30397863,-0.14617641,0.19979599,-0.04880517,-0.66267442,0.57712933,-0.08554509,-1.0149845,0.52065014,-0.49433436,10.68503703,6.69579512,1.36674229
114552708,gaba_high,GABA-A,0.0045,-0.11421362,0.15576171,0.29189054,0.25142709,-0.50731884,-0.28129276,0.0696797,-0.09645595,0.06312885,0.12216243,0.26844108,0.67344959,0.00694356,0.05074143,-0.5666687,-0.25497979,0.10081564,0.13319288,-0.27937609,0.05944141,0.00704263,-0.25921679,-7.067e-05,0.11958654,0.07160772,-0.73131362,-0.6597059,0.82505209,-0.15123431,0.67381779,-10.26883513,-8.65490945,-1.86298048
115212275,gaba_high,GABA-A,0.0045,0.47444141,0.54613541,0.1700404,0.06870039,0.3198175,0.2325083,0.19576213,0.1635465,0.3901592,0.48128312,0.34917218,0.67649714,-0.04156835,0.04681485,0.06912612,0.1630459,0.11059667,0.11937864,-0.18295738,-0.12780845,-0.061319,0.1828156,0.13604324,0.26469687,1.89939282,0.02992129,1.92931411,2.16867086,0.64894341,2.81761427,-13.86877423,-11.65482905,-7.79017783
115364303,gaba_high,GABA-A,0.0045,1.00899617,0.73504469,1.52178676,1.40353543,1.50306605,1.36633453,1.03679397,0.9284824,1.47346746,1.38625278,1.22536739,1.14302698,-0.07554388,-0.29851234,0.91800409,0.88552468,1.1861497,1.15464366,0.3302352,0.11801856,0.81918564,0.2728957,1.11725838,1.14718614,7.7694778,4.29528912,12.06476692,6.96267681,3.2797564,10.24243321,-40.75901123,-33.0644471,-28.31841711
117385823,gaba_high,GABA-A,0.0045,0.08422041,0.39610623,0.4470679,0.47011112,0.25864663,0.35109551,0.2913397,0.19639981,0.16329496,0.45979839,0.29897486,0.79873967,-0.0641054,-0.03385753,0.58892816,0.50175532,0.05941216,0.05516499,0.06383015,0.14432125,0.46969431,0.117056,-0.07641016,-0.07510475,1.54354445,1.04134921,2.58489366,2.67225074,0.70933527,3.38158601,-18.75521085,-17.13556867,-9.34945449
118382279,gaba_high,GABA-A,0.0045,0.40891471,0.40968485,0.17888164,0.0532162,0.40158711,0.37479297,0.17525813,0.25520111,0.00565904,0.06056897,0.47989751,0.77257089,-0.25797473,-0.14732906,0.44714624,0.51850165,-0.32505074,-0.47369829,-0.1996631,-0.05337538,0.14939054,-0.04398333,-0.37373288,-0.49326788,1.65019813,-0.55988465,1.09031347,1.92603497,-0.69315229,1.23288268,-15.19881721,-13.530522,-3.40869062
121801833,gaba_high,GABA-A,0.0045,1.17891891,1.20699682,0.348806,0.40356844,1.81947597,1.7788197,1.5295277,1.4895731,-0.0754085,-0.09738528,1.45507569,1.22522776,0.3922424,0.61244929,0.9913541,0.73154448,0.98621897,0.96231697,1.18432119,1.21905981,0.17261908,0.15875733,0.85116525,0.67635933,6.25639577,4.57792099,10.83431675,6.00680053,4.36048722,10.36728774,-33.4428104,-37.87960781,-28.6636166
122083369,gaba_high,GABA-A,0.0045,0.66997288,0.9555742,-0.17787988,-0.11620266,0.30495632,0.21875479,0.61075911,0.51932487,0.02418493,0.10543544,0.30450262,0.57159456,-0.01178518,0.01718179,-0.40432692,-0.34851605,-0.22317369,0.24440323,0.26100152,0.3339139,-0.08815881,0.04720245,0.00927305,0.40110585,1.73649598,-0.45717002,1.27932596,2.25448119,0.69529117,2.94977236,-8.24727354,-4.50051378,-8.15557031
122408481,gaba_high,GABA-A,0.0045,0.71894134,0.96446397,0.15001358,0.20209512,0.44681011,0.17180447,-0.00814948,0.23199517,-0.19542582,-0.1223992,-0.03244583,0.0506101,0.06322504,0.23571342,0.30974543,0.3255863,0.2230656,0.57527417,-0.04445105,0.08827912,0.23694229,-0.13107744,0.02600404,0.51621978,1.07974389,0.81453134,1.89427523,1.49856963,1.60999535,3.10856498,-7.41094306,-5.07984037,-8.59460227
123660597,gaba_high,GABA-A,0.0045,0.62226082,0.80006532,0.0674956,0.18992157,0.22065111,0.19819195,-0.02001055,0.0482201,0.26155026,0.32056961,0.59222858,0.90604598,0.00207444,0.72624407,-0.21387532,0.07020074,0.04289337,-0.00722091,0.04831759,0.48977803,0.02021098,-0.16962261,0.08207261,-0.09341654,1.74417582,-0.01830633,1.72586949,2.46301453,1.01596278,3.47897731,-20.13128441,-21.50218994,-9.61872327
123930959,gaba_high,GABA-A,0.0045,0.39054885,0.63057455,-0.22715162,-0.31143824,0.15409506,0.36522793,0.34231439,0.40927639,0.14583944,-0.01744097,-0.06192654,0.29814135,-0.21681282,0.16365232,0.15128646,0.69574869,-0.28843234,0.1255908,-0.49350379,-0.64749641,-0.22511408,-0.25573023,-0.25355949,0.25236047,0.74371958,-1.32613607,-0.58241649,1.374341,0.33412563,1.70846663,-10.92507872,-9.66323415,-4.72359152
124782577,gaba_high,GABA-A,0.0045,1.16297264,1.20704667,0.29458256,0.18131368,0.62545853,0.75229283,-0.06172431,0.04543671,0.07416378,0.1031162,0.43081,0.78843143,0.01181429,-0.07690826,-0.28569352,-0.2363516,0.05495463,-0.03357744,0.52417806,0.58738813,-0.01226525,-0.0654585,0.1916904,0.19010517,2.52626321,0.48467861,3.01094182,3.07763752,0.36519749,3.44283501,-17.16251545,-12.85532563,-9.51879656
125237313,gaba_high,GABA-A,0.0045,0.52871998,0.76408903,0.42220405,0.53131761,0.69197598,0.70767271,0.34028439,0.21686794,-0.23093569,-0.22382766,0.23970127,0.3372084,0.50892673,-0.08434167,0.30502228,0.43248241,0.05684198,-0.11268874,0.13406807,0.20260027,0.24324616,0.00656547,0.15391174,0.06826729,1.99194997,1.40201696,3.39396693,2.33332804,0.51288502,2.84621307,-16.78333942,-12.68570035,-7.86924817
125339679,gaba_high,GABA-A,0.0045,0.07145259,0.11491752,0.56645903,0.65662344,0.0280689,0.04128723,0.13868703,0.13219337,0.12619147,0.35847558,0.0183508,0.08142185,0.11808014,0.45559467,0.44581907,0.42728159,0.33129044,0.37057155,0.40503903,0.61407125,-0.24767128,-0.37146883,0.4338942,0.49223142,0.94920982,1.48645161,2.43566143,1.38491899,1.98828165,3.37320064,-15.42126881,-15.03686276,-9.3262705
125524260,gaba_high,GABA-A,0.0045,0.67105858,0.59137072,0.39355457,0.19712911,0.51917399,0.57979083,0.31171911,0.20316298,0.12872974,0.03274141,0.85626562,0.81630349,-0.6992298,-0.16144057,0.26052052,0.26556869,0.93585068,0.88576691,-0.51943108,-0.03777589,-0.06020109,0.10247665,0.77458939,0.81806572,2.88050161,0.69209861,3.57260023,2.42049853,1.87266149,4.29316003,-15.34568829,-15.26617748,-11.86978658
130293488,gaba_high,GABA-A,0.0045,0.46109457,0.51360039,0.19025093,0.13146037,0.24603387,0.34346947,0.1094006,-0.02340025,-0.0673361,-0.02933394,0.23411356,0.06369465,0.82685318,0.84391572,-0.13734132,0.04211043,0.22336574,0.25295651,0.44573797,0.55785991,0.29528291,0.11637898,0.50479124,0.49389195,1.17355744,2.15868972,3.33224716,0.9994907,2.3071135,3.30660419,-10.0550245,-13.57712183,-9.14214375
130597088,gaba_high,GABA-A,0.0045,0.65157376,0.87621808,0.30985918,0.41643482,0.56353998,0.62975936,0.1919177,0.24595482,-0.25873252,-0.06299623,0.54261215,0.96904886,0.47926443,0.262388,0.49226201,0.26608662,0.2766587,0.12462582,1.38687616,1.42200732,0.08430885,-0.00476141,0.26956054,0.11170342,2.00077025,2.98893069,4.98970094,3.07441971,2.18204978,5.25646949,-21.92251999,-23.70861464,-14.53315754
134330542,gaba_high,GABA-A,0.0045,-0.08609945,-0.21572767,0.07634545,0.1871488,0.07168136,0.21398293,-0.3452374,-0.58099493,0.10958129,0.16402596,0.57388501,0.51586514,-0.05245153,0.04692824,0.21215469,-0.03530128,0.36637075,0.30944528,0.01392793,0.23263875,-0.01732349,-0.16635752,0.25464269,0.12343308,0.40015626,0.77732104,1.1774773,0.28430024,0.51078653,0.79508678,-7.77585175,-11.85442628,-2.19826662
135517362,gaba_high,GABA-A,0.0045,0.09572074,0.11841631,0.28510283,0.33695023,0.21623818,0.19061548,0.20459322,0.20927885,0.01639991,0.06416586,0.27804171,0.59605303,-0.46826893,0.26070712,-0.95845579,-0.74825817,-0.80174695,-0.76061828,-0.20517532,-0.04190332,0.04141354,0.13087943,-0.23667362,-0.33300173,1.09609659,-2.62890707,-1.53281049,1.51547976,-1.49219496,0.0232848,-13.80290841,-9.60594776,-0.06437812
135672596,gaba_high,GABA-A,0.0045,-0.04166775,0.20748309,0.11225867,0.1305069,-0.21084043,-0.08382214,0.35681967,0.36278311,0.20035887,0.08768704,0.69177697,0.82487275,0.07616833,0.62043273,0.56302163,0.77433525,0.40555496,0.66095027,0.88805139,0.87606051,-0.41967673,-0.27191312,0.17601057,0.21826985,1.10870599,1.68913016,2.79783614,1.52951074,2.87813548,4.40764623,-15.97744386,-23.23746203,-12.18631957
135736530,gaba_high,GABA-A,0.0045,-0.11221584,-0.35343938,0.04511408,-0.09953268,-0.19235488,-0.13526258,-0.17552579,0.05712103,0.2718316,0.21757579,0.24431572,-0.1217298,-0.46728381,-0.34393436,0.03331724,-0.19508776,-0.25947549,-0.17668778,0.06857994,0.16326123,0.0250473,0.08677016,-0.25989775,-0.07714415,0.0811649,-0.85971256,-0.77854767,-0.43526762,-0.54282266,-0.97809028,5.7513742,6.86322557,2.70423717
136295480,gaba_high,GABA-A,0.0045,1.01888932,1.16968185,0.05321869,0.15099769,1.13150428,1.2498018,0.0004713,0.18250923,0.58389594,0.33787172,0.43700485,0.41844181,-0.37645473,0.03513908,0.86335989,0.72996545,0.25267076,0.27225815,0.66920843,0.90672913,0.17309607,-0.21762647,0.29774636,0.33892673,3.22498438,1.87962678,5.10461116,3.50930411,2.06539207,5.57469618,-19.12167209,-18.5092334,-15.41299499
136348275,gaba_high,GABA-A,0.0045,0.32977808,0.65934734,0.12709227,0.10213818,0.22365446,0.23910202,0.63204151,0.6934699,-0.04665752,-0.12861962,0.96799785,1.16750238,-0.2653142,-0.51579017,0.36168325,0.1303142,-0.19265236,-0.14152288,-0.41670256,-0.2185689,0.41723603,0.16323558,-0.24342561,-0.24855657,2.23390665,-0.33917545,1.8947312,2.73294021,-0.83088873,1.90205148,-15.08081661,-9.98799801,-5.25881751
136981533,gaba_high,GABA-A,0.0045,-0.17679646,-0.0646993,0.22917312,0.36903067,-0.33665309,-0.26594324,0.07899421,-0.13364705,-0.47051606,-0.5403031,-0.03890797,0.20637886,-0.51663417,-0.58938104,-0.78040294,-0.49668885,0.17697933,0.28820355,0.29774816,0.56959129,-0.07923605,-0.0008991,0.42612275,0.27243644,-0.71470626,-0.47542291,-1.19012916,-0.42918317,0.04326229,-0.38592088,2.72964019,4.82715942,1.06699924
137280633,gaba_high,GABA-A,0.0045,-0.0279416,0.12803144,0.20139366,0.17430662,0.04961691,0.20253972,-0.02090869,-0.04589449,0.53233679,0.53620569,0.1405052,0.4995608,-0.27974422,-0.24889162,-0.42748825,-0.53600333,0.0529596,0.32830871,0.43219175,0.59697033,-0.12652936,-0.11860769,-0.43241828,-0.12459158,0.87500227,-0.78102875,0.09397352,1.49474979,-0.10281517,1.39193461,-2.05759801,-1.63744938,-3.84843954
138390224,gaba_high,GABA-A,0.0045,0.92860734,1.36708078,0.31713436,0.23594998,1.05272134,1.01678445,0.94520638,0.88127264,0.66616315,0.51040565,0.68077358,0.93463343,0.22099132,-0.16583992,0.11458212,-0.06995742,0.24907454,0.60548023,0.1794523,0.11826547,0.32096655,0.4168223,0.23573805,0.61704183,4.59060617,1.32080488,5.91141105,4.94612693,1.52181249,6.46793942,-19.43842097,-13.35672031,-17.88264592
140267022,gaba_high,GABA-A,0.0045,0.30216006,0.26340871,0.47391256,0.50185201,0.41750016,0.39320154,-0.01442862,0.00158897,0.16893961,0.30241014,0.69094869,0.58410912,0.06424393,0.04948049,1.41084412,0.7835969,-0.00208064,-0.47386323,0.30318482,0.60303436,0.19070469,-0.14287249,-0.34251136,-0.72964121,2.03903245,1.62438555,3.663418,2.04657048,0.0897348,2.13630529,-17.41314324,-17.69419454,-5.90648559
141253295,gaba_high,GABA-A,0.0045,0.61381372,0.92442216,0.0711392,0.05352709,0.27723406,0.28081716,0.20616779,0.03796627,-0.34480443,-0.38575808,0.13006834,-0.09107183,-0.4169381,-0.54411828,0.16896542,0.17719248,0.01270465,-0.18384572,0.30471029,0.67529535,0.27025794,-0.0289461,0.25084078,0.20881975,0.95361869,0.59054098,1.54415967,0.81990277,0.30439747,1.12430024,-1.61621352,4.07603809,-3.10848041
141542924,gaba_high,GABA-A,0.0045,0.22166408,0.51336234,0.012786,-0.04335503,-0.16064234,-0.08690896,0.05365077,0.01283691,0.2047356,0.29600385,-0.06786276,0.48825551,0.07846929,0.46762782,0.43099486,0.57823413,0.07067663,0.11591958,0.26762007,0.36149638,0.16270366,0.22561529,0.26456478,0.39148777,0.26433135,1.27502929,1.53936063,1.18019462,2.14038097,3.32057559,-12.99837927,-15.198611,-9.18077204
141831212,gaba_high,GABA-A,0.0045,0.06268846,0.10869475,0.10342251,0.2566909,0.16375101,0.19760617,0.16770164,0.01411042,-0.21244094,-0.11465695,0.97424081,0.76224733,-0.46450219,-0.40477092,0.11805884,0.30051789,-0.0496004,-0.40797716,0.0885735,0.34146312,-0.04736684,0.07299723,0.03122231,-0.51087361,1.25936349,-0.32361478,0.93574871,1.22469261,-0.60864346,0.61604915,-11.06573132,-10.30510884,-1.70326098
142392893,gaba_high,GABA-A,0.0045,-0.13663209,0.11421103,0.10012572,0.02370885,0.14032726,0.2292789,0.02021508,0.09969143,0.55301984,0.40472811,1.49914779,1.47884855,0.08567715,0.23258753,-0.11723373,0.00047088,0.19157399,0.11474273,0.19386024,0.39953879,-0.12535964,0.31302245,0.24592908,0.12422029,2.1762036,0.4744471,2.65065071,2.35046688,1.18458265,3.53504953,-20.96868757,-25.18049275,-9.7737525
143669176,gaba_high,GABA-A,0.0045,0.24529103,0.3905447,0.0523805,0.10072052,0.15686986,0.14587038,0.10415254,0.0760017,0.04021513,-0.09997411,0.34499081,0.60303592,0.09883745,-0.29548552,0.17348605,0.50038014,0.21342697,0.33156209,0.16574402,0.29298231,-0.26658005,0.11732572,-0.06873966,0.31518161,0.94389987,0.31617479,1.26007466,1.21619911,1.26194636,2.47814547,-9.51869362,-9.74092847,-6.85160993
144855245,gaba_high,GABA-A,0.0045,0.37953592,0.39068486,-0.12253512,-0.40206596,0.44762108,0.36109264,0.28987593,0.24096892,-0.00261509,0.18100577,0.38643153,0.5176356,-0.49552317,-0.68724787,-0.26911481,-0.38246626,-0.06755563,-0.23182488,-0.1708309,0.09765459,0.1227577,0.16334681,-0.07068591,-0.37502944,1.37831424,-0.95095271,0.42736152,1.28932183,-1.41556705,-0.12624522,2.3833137,5.36558492,0.34904449
144964754,gaba_high,GABA-A,0.0045,0.14425105,0.13113803,-0.01578231,-0.14491791,0.07145993,-0.11337581,0.19325798,0.08914204,0.11718386,0.14498422,0.01684342,0.32637662,-0.08766295,-0.13975778,0.32621051,-0.06698324,-0.04817153,0.14367062,-0.08405271,-0.01170486,0.19587244,0.06870912,-0.03468328,0.19888377,0.52721394,0.26751249,0.79472643,0.43334719,0.19281763,0.62616482,-1.76384146,-1.09384397,-1.73122892
146042158,gaba_high,GABA-A,0.0045,0.36023652,0.55482403,0.52234358,0.484968,0.24459892,0.26641167,-0.04962484,-0.02187258,-0.09249558,-0.23440587,0.55244977,0.62022989,-0.70638648,-0.52767587,-0.07682646,-0.3762978,0.10689336,0.37848259,-0.01924746,0.23945944,-0.37486838,-0.02552174,-0.0391426,0.20527668,1.53750837,-1.10957803,0.42793034,1.67015514,-0.1062767,1.56387844,-7.78384612,-3.35084382,-4.32383214
146061521,gaba_high,GABA-A,0.0045,-0.14804835,0.1589098,-0.10714568,-0.22505427,0.30042131,0.20905444,-0.14740172,0.06824186,0.06831019,0.13293567,0.84989948,0.72879532,-0.57755896,0.09972868,-0.05982544,0.13896745,0.23554462,0.45484765,0.6636082,0.6620427,-0.38235116,-0.07112028,-0.09064889,0.2419254,0.81603521,-0.21123162,0.60480359,1.07288281,1.5263916,2.5992744,-7.44030749,-12.66925901,-7.18650884
146750740,gaba_high,GABA-A,0.0045,0.2939364,0.43619561,0.04459554,0.09167479,0.05981846,0.0398175,0.04299314,-0.02528708,-0.09650076,-0.11189479,1.0179018,1.43421053,0.49099677,0.48458035,0.00816037,0.13736419,-0.01592204,0.23691476,0.3840713,0.51216763,0.03709935,0.15049604,-0.19757744,0.01572986,1.36274458,0.7068283,2.06957288,1.86471655,1.53725283,3.40196937,-20.17204241,-25.9246617,-9.40581068
146906985,gaba_high,GABA-A,0.0045,0.16737458,0.15717813,0.12819822,-0.1403912,0.13155312,0.1664977,0.16948692,0.34465911,0.00424765,-0.04324836,0.01001531,0.10256701,-0.0741931,0.17757145,0.0173662,0.03537404,-0.06750779,0.2566293,-0.05509953,0.20002965,0.19390258,0.10328127,0.15854427,0.36042865,0.61087581,0.17301263,0.78388843,0.58726239,1.13331436,1.72057674,-2.47741591,-3.91291388,-4.75707372
147701848,gaba_high,GABA-A,0.0045,1.30607665,1.55288519,0.01879113,0.11309802,0.51861618,0.54900311,0.63401675,0.6322655,0.07079316,-0.03942158,0.49390532,0.36604598,0.10999051,-0.3968599,-0.36727004,0.12028105,0.224055,0.24751872,-0.05913892,0.0831373,0.22384887,0.29647636,0.23684608,0.29239587,3.04219919,0.36833149,3.41053069,3.17387622,0.6429494,3.81682562,-8.16643691,0.05321953,-10.55281081
148868119,gaba_high,GABA-A,0.0045,0.24062574,0.4164855,0.39685383,0.3844047,0.08751608,0.24642924,-0.10094385,-0.18580618,0.40217156,0.46402492,0.26747837,0.68858782,-0.43457127,-0.39197268,0.11365985,-0.23962556,0.06484322,0.09562027,0.3573549,0.58242862,0.20958555,0.18885246,-0.06547108,-0.00136056,1.29370174,0.24540116,1.5391029,2.014126,0.23394256,2.24806856,-9.27402151,-6.51280064,-6.21549018
148952494,gaba_high,GABA-A,0.0045,0.36190522,0.31386923,-0.16477739,-0.16423522,0.23985937,0.21866763,-0.03114945,-0.11826992,-0.14374838,-0.24872761,0.42988196,0.18712388,0.24552861,0.20995454,0.49817631,0.27792511,-0.0884631,0.26778526,-0.16500163,0.06835815,0.63436755,0.19417345,-0.08405003,0.20793773,0.69197132,1.0405577,1.73252902,0.18842799,1.22613423,1.41456222,-2.51459341,-6.27972406,-3.91100064
149709982,gaba_high,GABA-A,0.0045,0.19209419,0.38496796,-0.12714121,-0.12879394,0.14483162,0.28160578,0.29737985,0.2354342,-0.02828395,0.05065584,1.04764873,1.26320087,0.08869327,0.43647494,0.46440345,0.44231573,-0.34885465,-0.11632611,0.25972839,0.2807087,-0.61663309,0.27140681,-0.64256284,-0.50958403,1.52652924,-0.79522547,0.73130377,2.0870707,0.80499605,2.89206675,-16.99815616,-23.03334878,-7.99602506
149839536,gaba_high,GABA-A,0.0045,0.63141596,0.80467373,0.21724392,0.22685592,0.23220447,0.15895418,-0.07795242,-0.1141212,-0.20957211,-0.34485171,-0.28068479,0.03779364,-0.57518106,-0.12996027,0.19630389,0.08179436,0.04850136,0.4085519,0.11209502,0.17518567,-0.18924343,0.19545417,0.03491812,0.42698761,0.51265502,-0.37260609,0.14004893,0.76930455,1.15801345,1.927318,-2.27429595,0.05226022,-5.32867472
150038288,gaba_high,GABA-A,0.0045,0.0655796,0.2036908,-0.07197888,-0.22813576,0.14639745,0.17266859,-0.05431447,0.04613169,-0.04564872,0.10035003,-0.13374868,-0.04914557,0.05434196,0.17162417,-0.46609034,-0.42976809,0.2155387,0.21576118,-0.32573201,-0.40957096,-0.09610517,-0.04396499,0.37866271,0.3498359,-0.09371369,-0.23938415,-0.33309784,0.24555979,-0.14608279,0.099477,1.05000117,2.06441565,-0.27503535
150237087,gaba_high,GABA-A,0.0045,0.55510304,0.58599113,0.22570441,0.10562412,0.49971636,0.4929146,0.34498745,0.20816814,0.23851529,0.34177409,0.15339648,0.70440661,0.06747495,0.38953952,0.02508698,0.29687645,0.20526731,0.51946329,0.5094113,0.3921041,0.10031449,0.29040112,0.7761049,1.11308258,2.01742303,1.68365992,3.70108295,2.4388787,3.00146707,5.44034577,-20.8379688,-21.88142311,-15.04154116
150299361,gaba_high,GABA-A,0.0045,0.45277473,0.83429645,0.10346306,-0.04285651,0.58202138,0.67687172,0.31396212,0.11871431,-0.03653463,-0.1344954,0.75577152,0.59892476,0.24452144,0.26415068,0.1882713,0.33191839,-0.13005717,-0.32011476,0.1591926,0.20772188,-0.1009816,-0.31170555,-0.23488815,-0.21585181,2.17145817,0.12605841,2.29751658,2.05145531,-0.04388117,2.00757414,-16.6737009,-16.20019764,-5.55056798
151408587,gaba_high,GABA-A,0.0045,0.2415912,0.34686235,-0.06058346,-0.04553764,0.39038371,0.50925398,0.04450724,-0.07423404,-0.19819129,-0.38709108,0.36413405,0.76359638,-0.10450955,0.14782284,0.12451068,0.01930374,0.60794484,0.69660139,0.52626905,0.71749682,0.3539307,0.05390121,0.51680258,0.58880581,0.78184145,2.0249483,2.80678975,1.11284995,2.2239318,3.33678174,-10.0671109,-16.17606234,-9.22557904
152769231,gaba_high,GABA-A,0.0045,0.70099966,0.73199185,0.27089278,0.21760649,0.46401269,0.26572696,0.03826282,-0.01513624,-0.31280771,-0.23092727,0.03600518,0.40958347,0.04846135,0.42036166,-0.12016425,-0.0776006,0.18730639,0.27451427,0.63862773,0.50054927,-0.40351679,-0.70654409,0.02174497,0.07428357,1.19736542,0.3724594,1.56982482,1.37884526,0.48556408,1.86440933,-11.99623295,-12.04417864,-5.15474401
152958814,gaba_high,GABA-A,0.0045,0.94301381,1.04700182,-0.07340801,-0.0645782,0.63469935,0.77980877,-0.03762133,-0.05993183,0.59197703,0.4568009,0.46770507,0.90707247,0.61371978,0.65241676,-0.31115341,0.01512995,0.11069318,0.28494563,-0.46365702,-0.29398143,-0.25762541,0.11502111,0.06857988,0.01612227,2.52636592,-0.23944299,2.28692293,3.06617393,0.78965429,3.85582822,-17.93292793,-19.7501661,-10.66064574
153450897,gaba_high,GABA-A,0.0045,0.36427183,0.59897996,-0.00040141,0.14069539,-0.06644015,0.11285009,-0.03661489,-0.02515627,0.24392218,0.28390634,0.38617843,0.52393106,-0.48198448,0.08532896,0.40249516,0.15281956,-0.10234248,-0.26183145,0.49058349,0.44729792,8.829e-05,-0.27519625,0.1112049,0.04475908,0.89091598,0.42004488,1.31096086,1.63520657,0.19317783,1.8283844,-14.62022899,-11.6672569,-5.05514178
154461990,gaba_high,GABA-A,0.0045,0.27192168,0.45628186,-0.13235099,-0.14178075,0.62102805,0.66910573,0.23401768,0.36024521,0.22316792,0.23406575,0.62676899,0.85835894,-0.5734495,-0.40831913,0.32791018,0.09250874,-0.0194254,-0.06940214,0.06192373,0.40610719,0.11510187,0.13830445,-0.07351304,-0.09023191,1.84455334,-0.16145216,1.68310118,2.43627674,0.06896719,2.50524394,-11.08151094,-10.25826227,-6.92653213
154704064,gaba_high,GABA-A,0.0045,0.42951461,0.78339537,0.12836508,0.18495168,0.35257792,0.35616411,0.22135165,0.12211198,0.06706191,0.19337616,-0.07142194,0.46578258,-0.14080298,0.16147419,0.86815192,1.08261838,0.31831251,0.27688404,0.40067264,0.35413743,-0.28382317,-0.03313005,0.25609474,0.27106159,1.12744922,1.41860565,2.54605487,2.10578188,2.11304559,4.21882747,-16.79172218,-17.36854549,-11.66427092
155190506,gaba_high,GABA-A,0.0045,0.20855661,0.10000386,0.19143552,0.1245544,0.13169955,0.20904877,-0.21817689,-0.04557465,0.42457593,0.41188969,0.27070096,-0.21351123,-0.0072635,0.31367726,0.16724873,0.14342648,-0.20138895,-0.0730557,-0.2535909,0.01342382,-0.23294259,-0.28855154,-0.03839091,-0.06243235,1.00879168,-0.56632811,0.44246357,0.58641084,0.04648795,0.63289879,-4.17553653,-3.49384948,-1.74984709
155379621,gaba_high,GABA-A,0.0045,0.11834705,0.34307046,-0.22597341,-0.2442167,0.20374074,0.17146983,0.07183757,0.02994109,0.44904139,0.53204536,0.01904958,0.14859751,-0.08233348,-0.10322116,0.13061136,0.10509563,0.28153533,0.17563325,0.49806082,0.47218429,-0.18723455,-0.09796752,0.07097589,-0.08934287,0.63604292,0.71161537,1.34765829,0.98090755,0.46238162,1.44328917,0.87951626,0.17608025,-3.99042531
156021841,gaba_high,GABA-A,0.0045,0.16802614,0.08783175,-0.1490647,-0.33373592,0.09282462,0.20342569,-0.21161248,-0.38367372,-0.43542327,-0.32805523,0.40935246,0.64820944,-0.18163767,-0.1209456,-0.20437612,-0.25522131,0.07911006,0.10566941,-0.43842955,-0.23660648,-0.11842276,0.08330085,-0.07096675,0.18753739,-0.12589723,-0.9347228,-1.06062002,-0.10599798,-0.23626573,-0.34226372,-3.61725967,-6.48654925,0.94629533
157312444,gaba_high,GABA-A,0.0045,0.93555413,1.09691977,0.22289031,0.18076594,0.57991976,0.60654996,0.05984785,0.05226668,-0.40127792,-0.59276319,-0.04902292,0.26507008,0.17925507,0.01185059,0.529967,0.6811358,0.37487511,0.16555869,0.60669261,0.8305185,0.51876158,0.20910575,0.42868324,0.18839596,1.34791122,2.6382346,3.98614582,1.60880924,2.08656529,3.69537453,-9.95393981,-10.82239305,-10.21702121
157655614,gaba_high,GABA-A,0.0045,-0.13181753,-0.09281334,-0.1928587,-0.19393156,-0.02654779,-0.13689001,0.03915233,-0.08267338,0.15799288,0.09424754,-0.09136603,0.05332236,-0.03528283,0.09941306,-0.16818261,-0.14845834,0.43889353,0.28391552,0.29940531,0.33981511,0.67686789,0.15088722,0.39202435,0.30135172,-0.24544485,1.60372564,1.35828079,-0.35873839,1.02692428,0.66818589,3.16967013,0.11807444,-1.84740933
157691935,gaba_high,GABA-A,0.0045,0.76027602,0.73782758,-0.03481721,0.03488375,0.50600763,0.4517901,0.02340792,-0.05193546,0.62105668,0.79574767,0.27078667,0.55617456,0.27499777,0.39683929,0.11883659,0.07469547,0.50239303,0.22432636,0.81483862,0.86829191,0.0175599,-0.32158927,0.43913428,0.13657229,2.14671771,2.16776019,4.3144779,2.52448822,1.37913604,3.90362425,-14.13322152,-15.06549785,-10.79279284
159066706,gaba_high,GABA-A,0.0045,0.82144589,1.09117603,0.36813157,0.43970887,0.65165331,0.68220309,0.49643055,0.46823246,0.13911812,0.26097768,0.35015032,0.705005,-0.49043722,-0.33290311,0.37394582,0.86429765,-0.24155495,0.09936675,0.68496364,1.09241871,-0.78751702,-0.22441845,-0.15807352,0.12542484,2.82692975,-0.61867326,2.2082565,3.64730315,1.62418639,5.27148954,-21.36673845,-17.27062647,-14.57468518
160259456,gaba_high,GABA-A,0.0045,0.07140144,0.12399822,-0.05330321,-0.06001959,-0.18714868,-0.05335467,-0.03997013,-0.12160214,-0.15394003,-0.01109282,-0.31315046,-0.25373665,0.04862189,-0.00169553,0.0538899,0.04261059,0.36095434,0.40877683,-0.16776154,0.03555217,-0.61217571,-0.3807652,0.25567844,0.20609722,-0.67611107,-0.06079269,-0.73690375,-0.37580764,0.31057608,-0.06523156,4.18341303,3.93259303,0.18035309
161239003,gaba_high,GABA-A,0.0045,0.60216919,0.719222,0.0273162,-0.02116357,0.65831301,0.63033421,-0.00761499,-0.12655934,-0.28607462,-0.32172145,0.90663894,1.14293682,-0.0676524,-0.01390013,-0.28128613,-0.37793987,-0.56170649,-0.51511546,-0.09210587,0.03883594,-0.36395483,-0.06528201,-0.59440705,-0.69012649,1.90074774,-1.96111277,-0.06036503,2.02304867,-1.62352802,0.39952066,-14.67474732,-14.24364921,-1.10460009
162353055,gaba_high,GABA-A,0.0045,0.32789139,0.43775927,0.21328774,0.15827793,0.13157393,0.07895167,0.69988581,0.75331516,0.14770169,0.01309741,0.12556216,0.09804501,-0.07557228,0.39642523,-0.11854959,-0.04709292,0.19629233,-0.1387642,0.03059546,0.11498795,-0.39076433,-0.32506356,0.01381954,-0.29568289,1.64590271,-0.34417887,1.30172384,1.53944645,-0.2951904,1.24425605,-6.81158251,-3.9457461,-3.44013585
162354840,gaba_high,GABA-A,0.0045,0.68392518,0.4558431,-0.24775718,-0.24616475,0.15514007,-0.07267539,0.33195428,0.26873032,0.03974009,0.15060604,0.86002984,0.70570028,-0.39902298,0.15838831,0.66184952,0.74433055,0.00372957,-0.24502796,0.10506907,0.35625864,-0.01447752,-0.01679768,0.19804448,-0.13675814,1.82303228,0.55519214,2.37822442,1.2620396,0.86039371,2.12243331,-12.68024184,-14.20586209,-5.86813216
163186746,gaba_high,GABA-A,0.0045,0.29198681,0.19259366,0.31158848,0.29341594,0.09496614,0.07639748,0.42839952,0.50411219,0.2430073,0.2485964,0.14739401,0.6844567,-0.15860538,-0.32226545,-0.4697287,0.28017684,0.16493578,0.70713131,-0.13525636,0.07123613,-0.28060355,-0.0273984,0.20442015,0.43174635,1.51734225,-0.67483805,0.8425042,1.99957237,1.14062676,3.14019914,-10.4899598,-8.85782492,-8.68206481
164064591,gaba_high,GABA-A,0.0045,0.52943996,0.54075164,0.16348994,0.18326663,0.80322703,0.75155194,0.86093622,0.86320228,0.04201852,-0.24433236,0.03581992,0.39353052,-0.25597449,0.06993128,-0.02315263,-0.03681687,0.024048,0.16799313,-0.20420661,0.04515627,-0.24603993,-0.55554058,-0.2404149,0.07215679,2.4349316,-0.94574056,1.48919103,2.48797064,-0.23711998,2.25085066,-13.53970668,-10.18120649,-6.22318217
164824205,gaba_high,GABA-A,0.0045,0.40956267,0.65956251,0.2488623,0.29603969,0.44891781,0.61871308,0.0039428,-0.04566235,-0.03413445,0.41113308,0.2673993,0.56674747,0.13679569,0.09797913,-0.33755397,0.11404109,0.50475554,0.05591639,0.47806699,0.8198595,-0.1919652,-0.19639805,0.47739286,0.08013326,1.34455044,1.06749192,2.41204236,2.50653349,0.97153132,3.47806481,-15.92041801,-15.14933773,-9.61620036
164874291,gaba_high,GABA-A,0.0045,-0.41020337,-0.25748099,-0.17842021,-0.30941272,0.0653054,0.24628842,-0.09042823,-0.20650082,-0.00971164,0.04590103,0.31030921,0.51418534,-0.22797984,-0.0354073,0.37540852,0.43859371,-0.4428494,-0.1256707,0.60674848,0.62982672,-0.1103124,0.13249179,-0.51811311,-0.26483077,-0.31314884,-0.31709774,-0.63024659,0.03298026,0.77500346,0.80798372,-3.6360509,-10.76637009,-2.23392425
165288521,gaba_high,GABA-A,0.0045,0.2225124,0.21598276,0.16974976,0.24623571,-0.04807502,0.00076857,0.06696621,0.16807093,0.07350221,0.13984405,0.52408,0.71590168,-0.20260443,0.07951306,0.46944166,0.32237944,-0.14411228,0.04362393,0.53815004,0.49119122,0.20937698,0.32751151,0.06928692,0.1656419,1.00873555,0.93953888,1.94827444,1.4868037,1.42986106,2.91666476,-13.50560324,-14.49839975,-8.06403396
165369327,gaba_high,GABA-A,0.0045,0.36665487,0.25460535,-0.07060444,-0.01992041,0.63191074,0.53439933,-0.24961143,-0.34463759,0.63883764,0.68743807,-0.37652871,-0.86786888,0.32299197,0.28682624,0.2267254,0.40233983,0.07689667,-0.09998413,-0.10060195,-0.09422409,-0.00817888,0.23690315,0.21055897,0.11832741,0.94065867,0.72839217,1.66905085,0.24401587,0.85018841,1.09420428,3.33832986,3.76210393,-3.02527071
165959237,gaba_high,GABA-A,0.0045,-0.01037041,-0.03413227,0.00841734,-0.05743654,-0.44522556,-0.2006257,0.23946582,0.35446876,-0.05518968,-0.03571611,0.12144373,-0.48339999,-0.42486722,0.02674017,-0.51560076,-0.2005844,0.08615189,0.26762051,0.22488271,0.36661152,-0.1941018,-0.14727709,0.1524995,0.22063457,-0.14145877,-0.67103568,-0.81249445,-0.45684185,0.53374528,0.07690343,8.55534004,9.2700221,-0.21262365
166274725,gaba_high,GABA-A,0.0045,1.02493859,1.11843333,0.24100064,0.46291616,1.04745663,0.7984313,0.45263742,0.60236104,-0.03275082,-0.21505136,0.65306299,0.98519372,-0.60178801,-0.45091701,0.37183663,0.52378519,0.05920813,-0.16471327,0.2321558,0.14301804,-0.12717908,0.10388177,0.26651178,0.11456623,3.38634545,0.20074526,3.58709071,3.75228419,0.26962095,4.02190514,-24.68892565,-17.58465999,-11.11981743
166338974,gaba_high,GABA-A,0.0045,0.44881492,0.64389207,0.12467427,0.09455891,0.52094674,0.64522534,0.87096347,0.97653573,0.09719209,0.02003679,0.75632473,0.50813216,0.86896889,1.01399439,1.70189089,1.32518364,1.44478497,1.84598725,1.02351299,1.04648384,0.58747998,0.42066412,1.50164132,1.80689509,2.81891622,7.12827904,9.94719526,2.888381,7.45920833,10.34758933,-20.61533898,-31.32071237,-28.60915417
166386545,gaba_high,GABA-A,0.0045,0.25645508,0.26707023,0.08890197,0.10605985,0.35380328,0.04771236,0.34729455,0.42124426,-0.75949487,-0.82826352,0.81783056,0.88905422,0.81625826,1.12708042,0.90448601,1.03126024,1.36072691,1.2164798,1.32866749,1.35065277,0.76381056,0.71407132,1.43148493,1.07758503,1.10479057,6.60543417,7.71022474,0.90287739,6.51712958,7.42000697,-17.12249955,-32.75589335,-20.51493507
166471280,gaba_high,GABA-A,0.0045,0.29961048,0.14894371,0.12982945,0.15743857,0.36851227,0.32779005,-0.19783099,-0.21945725,0.0067868,-0.10951187,0.62503598,0.38595929,-0.34084388,0.16843554,0.57183563,0.49238848,-0.29061902,-0.13017152,-0.0654734,0.09646825,0.0622497,0.14423326,-0.14424125,-0.12611399,1.23194399,-0.20709222,1.02485178,0.6911625,0.64524002,1.33640251,-10.51440403,-13.26602154,-3.69490365
166741227,gaba_high,GABA-A,0.0045,0.68782809,0.66816402,0.33770084,0.4416798,0.74502074,0.6983166,0.31275016,0.36038375,-0.12476747,-0.3434489,0.06255898,0.51400861,0.88093038,0.61333233,1.47208071,1.35085848,1.39035552,1.86594217,1.5403384,1.53282781,0.15697512,0.24918766,1.13618722,1.29916667,2.02109134,6.57686734,8.59795868,2.33910389,6.91131512,9.250419,-16.58592843,-28.42949973,-25.57568288
166922849,gaba_high,GABA-A,0.0045,0.85105694,0.68118205,0.16880755,0.23942418,0.72264912,0.6162739,0.12186551,0.19471597,0.0896506,-0.0201678,0.44066293,0.65972706,1.23013681,1.58471529,0.99847622,0.72775814,1.33973164,1.54742934,1.1439782,1.40346448,0.42465342,0.27306037,1.59615909,1.8420184,2.39469266,6.73313538,9.12782804,2.37115537,7.37844601,9.74960138,-26.4546201,-39.35184614,-26.95582902
168370463,gaba_high,GABA-A,0.0045,0.55934297,0.72234218,0.29116271,0.34144796,0.42036177,0.43730484,0.22234836,0.30919233,-0.06205232,-0.10643675,0.59882031,0.8368266,0.43765678,0.02806697,0.74521522,0.81355572,0.65098249,0.79635623,1.04846626,1.28672517,0.43750847,0.31847856,0.87248362,1.01944523,2.02998381,4.19231285,6.22229666,2.54067716,4.26262788,6.80330505,-20.16585584,-23.27804788,-18.8098693
168641000,gaba_high,GABA-A,0.0045,0.69688426,0.67495947,-0.17612067,-0.18213368,0.66254918,0.538032,0.25186247,0.17504832,0.27314127,0.06292649,0.24650634,-0.07149254,0.97188086,1.4430652,1.12149243,1.23891575,1.22760631,1.31389618,1.54510445,1.47809538,0.27686438,1.00134199,1.27858663,1.26924535,1.95482285,6.42153506,8.37635791,1.19734005,7.74455984,8.9418999,-7.9027969,-23.88893051,-24.72268511
169786920,gaba_high,GABA-A,0.0045,0.31902097,0.37879103,0.24165104,0.29924336,0.20064835,0.11827139,0.02755112,0.041459,0.36586898,0.36948886,0.10571593,0.30907316,1.01732651,1.20651394,1.51966218,1.49969536,1.48237984,1.51198288,0.8229181,0.8819481,0.28875338,0.68780416,1.46899795,1.54520589,1.26045639,6.60003796,7.86049435,1.51632681,7.33315034,8.84947716,-18.50041034,-30.59263992,-24.46715347
171526079,gaba_high,GABA-A,0.0045,0.15567695,0.22839746,-0.27307476,-0.32445649,0.28100011,0.31938314,0.32840298,0.20315282,0.02733235,0.05349286,0.26688424,0.52044113,0.71472479,1.10277556,1.33505915,1.22006106,1.23151999,1.15707709,0.87627299,0.96694892,0.60456929,0.68179995,1.19894253,1.11293399,0.78622188,5.96108873,6.74731061,1.00041092,6.24159655,7.24200748,-12.72192542,-28.10098587,-20.02279969
171674018,gaba_high,GABA-A,0.0045,0.32193072,0.21567582,0.12587905,0.18929277,0.51828764,0.57580551,-0.12058947,-0.02669292,0.08403205,0.01063764,-0.22473288,-0.63120266,0.02769984,-0.20593981,0.45445383,0.2761607,0.49909391,0.58622971,0.35137308,0.18016712,-0.36352964,-0.08223987,0.55889434,0.59027671,0.70480711,1.52798537,2.23279248,0.33351616,1.34465456,1.67817072,3.21666023,4.24882308,-4.63982897
171990823,gaba_high,GABA-A,0.0045,0.99600531,0.96926874,0.06632516,-0.0282886,0.5755024,0.58565024,0.34034521,0.26713899,0.44988611,0.36535403,-0.27941242,0.20913825,1.22465577,1.4380815,1.13175039,1.32520782,1.31627604,0.79430404,1.18339269,1.27509459,0.42116167,0.49318123,1.44493293,1.04418118,2.14865177,6.72216949,8.87082126,2.36826165,6.37005036,8.73831202,-20.01148601,-30.38799505,-24.1598026
172283288,gaba_high,GABA-A,0.0045,0.64941414,0.74754078,-0.07068367,-0.0759697,0.41854166,0.42113471,0.05053058,-0.1194644,-0.29814115,-0.20256491,0.66061001,0.99810245,1.57463586,1.433698,1.44651412,1.54363832,1.59406832,1.7663183,0.95021856,1.17836344,0.57719251,1.21281363,1.54934732,1.5960227,1.41027156,7.69197669,9.10224826,1.76877892,8.7308544,10.49963332,-21.1517392,-40.81749346,-29.02952743
172442389,gaba_high,GABA-A,0.0045,-0.0312151,-0.30498978,0.14042155,0.13020824,-0.07087103,-0.08022344,0.23823786,0.10134242,0.25742343,0.32105123,0.73594134,0.62577026,0.47653026,0.62565069,1.36928707,1.18069121,0.77833046,1.03427474,0.60484023,0.7364474,0.28926076,0.27307582,0.48120974,0.52391633,1.26993805,3.99945853,5.26939658,0.79315893,4.37405618,5.16721512,-11.88349897,-23.93263217,-14.28638586
174433203,gaba_high,GABA-A,0.0045,0.05022762,0.06484316,0.09463614,-0.0106308,0.14431358,0.28055073,-0.30048055,-0.15687103,-0.27781612,-0.05590433,0.22087876,0.7705403,0.71124748,0.84456889,1.19820305,1.05451866,1.02421972,0.90629309,1.33726469,1.25444059,0.13991643,0.18422733,0.92909087,0.79315771,-0.06824058,5.33994224,5.27170166,0.89252803,5.03720627,5.9297343,-17.2865557,-31.2123558,-16.39460916
174603925,gaba_high,GABA-A,0.0045,0.56743523,0.68435967,0.14476304,0.24819198,0.35920621,0.43550118,0.47382211,0.43089184,0.26514821,0.12974841,0.27896319,0.53500221,0.5249641,0.6769098,1.3603624,0.9540493,1.24028464,1.28521313,1.5668248,1.56036353,0.10678438,0.05794174,1.36399977,1.30216595,2.08933799,6.1632201,8.25255809,2.46369529,5.83664344,8.30033873,-19.11342113,-26.63291124,-22.94888817
175029071,gaba_high,GABA-A,0.0045,0.93417357,0.84061351,0.25933096,0.12017936,0.62282028,0.84725085,-0.2308604,-0.28696552,-0.1313889,0.07102671,0.54490943,0.61920095,-0.09753217,-0.14637796,0.93196429,0.82164822,0.67235151,0.69327751,0.66133427,0.74226804,-0.21345602,-0.35753445,0.61946363,0.50683472,1.99898495,2.57412551,4.57311046,2.21130587,2.26011608,4.47142195,-16.01004084,-18.62282989,-12.36264755
175924853,gaba_high,GABA-A,0.0045,0.25158725,0.3785849,0.15638093,0.02880961,0.25305975,0.29731967,-0.19362667,-0.23979836,0.31041061,0.35589817,0.41976796,0.62327894,0.41982042,0.54265182,0.51609398,0.48650946,1.09884289,1.07160627,1.5190696,1.66740598,0.24608849,0.50474223,0.93629971,0.68920004,1.19757982,4.73621509,5.93379491,1.44409293,4.9621158,6.40620872,-8.0531601,-19.57971362,-17.71197204
176214110,gaba_high,GABA-A,0.0045,-0.03357656,0.22323348,-0.15144719,-0.22895871,0.04371265,0.36741494,0.16313672,0.04550425,0.27299557,0.40660473,-0.05733335,0.3067248,-0.49804176,-0.09710096,-0.03575847,0.14825384,0.26491893,0.36345757,-0.22692064,-0.33332825,0.11444081,0.15580701,0.15479539,0.24817639,0.23748785,-0.22656575,0.01092211,1.1205235,0.4852656,1.6057891,-3.153032,-3.82089696,-4.4397073
176617846,gaba_high,GABA-A,0.0045,0.19385718,0.42907023,0.00621247,-0.11442025,0.33680087,0.43463891,0.09587657,-0.11922514,-0.24615906,-0.53062194,0.55074014,0.96955844,0.22165151,0.14069153,0.42906679,0.52664414,0.3664153,0.22849695,0.98464019,1.13648288,0.08179698,0.12730003,0.42338924,0.1749828,0.93732818,2.50696001,3.44428819,1.06900024,2.33459832,3.40359856,-13.7219206,-21.55163608,-9.41031508
177344780,gaba_high,GABA-A,0.0045,0.62644689,0.56324098,0.15425154,0.13866292,0.62398005,0.71739518,0.36131938,0.21151252,0.01840023,0.22077721,0.01603484,0.06518143,0.03762414,0.24251745,0.91910737,0.96417601,0.61461519,0.57633693,0.67346144,0.75224271,-0.03276863,-0.30027182,0.57801793,0.58727064,1.80043295,2.79005744,4.59049039,1.91677024,2.82227192,4.73904216,-13.34428819,-15.86746497,-13.1025675
177528314,gaba_high,GABA-A,0.0045,0.82051302,0.7780314,0.01013969,-0.07002049,0.43656377,0.45079779,0.11573477,0.16061492,0.23346022,0.16933002,-0.39036994,-0.1269063,0.57867286,0.98994503,1.17451223,1.22146224,0.86751652,0.77911704,1.10218898,0.96020884,0.33132134,0.11453515,0.58917256,0.43764784,1.22604153,4.64338448,5.86942601,1.36184733,4.50291613,5.86476346,-7.87020543,-16.84612566,-16.21497691
177688664,gaba_high,GABA-A,0.0045,0.85189091,0.85493695,0.48316325,0.43095637,0.81363278,0.69181037,0.2899482,0.29002693,0.21233606,-0.04576693,0.59983999,0.79247533,0.59507984,0.63594226,0.74396281,0.80903645,0.5682719,0.22640579,0.67776697,0.74270976,-0.48845282,-0.16426099,0.39061281,0.13289958,3.25081119,2.48724151,5.7380527,3.01443901,2.38273284,5.39717185,-25.71776845,-28.59731521,-14.92217334
177896969,gaba_high,GABA-A,0.0045,0.32888698,0.63012561,-0.09548471,-0.13210869,0.26872366,0.45152624,0.00744415,-0.05152356,-0.09788306,-0.08229758,-0.22601003,0.30852063,-0.25105091,0.2133214,0.11826186,0.14964281,0.35623376,0.31482322,-0.23588338,-0.2066181,-0.2037125,-0.23788412,0.28717602,0.06924104,0.18567698,0.07102484,0.25670182,1.12424264,0.30252625,1.42676889,-6.33498934,-7.40218951,-3.94474981
178045655,gaba_high,GABA-A,0.0045,0.70231542,0.82719677,0.0973386,0.09829076,0.65589222,0.71400183,0.35809633,0.34796287,-0.06625979,0.09582756,0.0648393,0.35789891,-0.16537526,-0.00492811,0.53013573,0.18612556,0.11295387,0.19047933,0.46417271,0.52178177,-0.29421829,-0.34322731,0.15924805,0.24337585,1.81222208,0.80691682,2.61913889,2.4411787,0.79360709,3.2347858,-12.73853986,-10.33360188,-8.94357928
178126699,gaba_high,GABA-A,0.0045,0.20909469,0.23595351,-0.03349978,0.0326772,0.218515,0.14376794,0.14448418,0.07944603,-0.03778166,0.14038786,0.67400088,0.96003261,0.32560977,0.22788838,0.3664985,0.23421129,0.65043014,0.54797079,0.09911664,0.37964674,0.16465167,0.18369888,0.61432248,0.48038065,1.17481331,2.2206292,3.39544252,1.59226515,2.05379674,3.64606189,-14.46472553,-18.79569827,-10.08068095
178282579,gaba_high,GABA-A,0.0045,0.83481978,0.96688509,0.06569945,0.01143407,0.71303141,0.71455449,0.57008831,0.48333833,0.29053593,0.16805016,1.06251984,1.17722789,0.16521485,0.15322293,0.45639544,0.49097848,0.51865359,0.4198712,0.42790482,0.60246915,-0.53407589,0.0692005,0.50412139,0.52131408,3.53669472,1.5382142,5.07490892,3.52149003,2.25705633,5.77854636,-23.70990069,-24.76911424,-15.97660272
178684006,gaba_high,GABA-A,0.0045,0.9926482,1.06764179,0.1686063,0.27703865,0.5369967,0.59637523,0.36874656,0.44152782,0.06944712,0.04450323,0.54978691,0.93006287,0.24195697,0.34850841,-0.43980971,-0.54843107,0.12615614,0.51065532,0.08103483,-0.00118528,0.58367991,0.08755887,0.1658795,0.48508424,2.68623178,0.75889764,3.44512942,3.35714958,0.8821905,4.23934008,-18.04474421,-15.060958,-11.72098448
178998455,gaba_high,GABA-A,0.0045,0.08803974,-0.04238276,0.34738636,0.36317545,0.32216036,0.29000419,0.26706562,0.36840069,-0.23448881,-0.09885467,0.0759804,0.05205368,-0.05251582,0.14424118,0.41130703,0.5166729,-0.54645956,-0.24046771,-0.35284506,-0.22425219,0.35109599,0.02740175,-0.52266958,-0.31274145,0.86614366,-0.71208701,0.15405665,0.93239658,-0.08914554,0.84325105,-8.91450218,-8.2093854,-2.33143184
181526703,gaba_high,GABA-A,0.0045,0.31550481,0.52557927,0.14358414,0.07527566,0.46129145,0.69161883,-0.12340927,-0.06389959,0.6437287,0.52396982,0.40624686,0.4931502,0.20599639,0.19368098,0.15505018,-0.04188563,0.54574817,0.56819063,0.96191865,1.15965331,0.46690029,-0.1130612,0.46442327,0.42921864,1.84694669,2.80003695,4.64698364,2.24569419,2.19579674,4.44149093,-10.48506776,-13.78905063,-12.27989387
182136619,gaba_high,GABA-A,0.0045,0.18086739,0.1473528,0.27163037,0.22087303,0.2845003,0.16333201,0.06974021,0.14719089,-0.12615648,-0.2716867,0.60645911,0.25252985,-0.09299541,-0.13707962,0.30228925,0.33145962,0.29855307,0.14791863,-0.05979596,0.22879415,0.06580738,0.2073386,0.07484108,0.02313654,1.28704089,0.58869941,1.87574031,0.65959188,0.80156792,1.46115979,-4.64794916,-5.4190963,-4.03983425
183176019,gaba_high,GABA-A,0.0045,0.54096935,0.39251543,-0.20254133,-0.1326543,0.58094691,0.6846616,0.27418534,0.26612255,0.04763785,0.0976194,1.18970089,1.24183753,-0.03821453,0.11432525,-0.04305776,0.61764216,0.16273309,-0.01124268,0.43578931,0.75185301,0.15078178,0.32128238,0.01927926,-0.08421207,2.43089902,0.68731116,3.11821018,2.5501022,1.70964805,4.25975025,-19.61414689,-25.41392789,-11.77741479
183475605,gaba_high,GABA-A,0.0045,0.42316533,0.33372989,-0.2340482,-0.47759637,-0.01855558,0.04672635,0.06215967,-0.13361954,0.0555438,0.10305453,0.32307184,0.74486194,0.77987792,0.71731592,0.51217608,0.5323818,0.64644269,0.88474824,0.63120746,0.6345902,0.34156355,0.52218915,0.34770342,0.55056512,0.61133685,3.25897112,3.87030797,0.6171568,3.84179044,4.45894724,-5.79616353,-18.00201851,-12.32815732
183762098,gaba_high,GABA-A,0.0045,0.79320084,0.84883122,0.02090703,0.18792781,0.62431668,0.69279181,0.5864391,0.52183249,0.58462229,0.63931793,0.89276506,1.36053007,0.19245521,0.14735197,0.63545518,0.61668025,0.28874677,0.12162139,0.30928473,0.27836007,-0.4044965,-0.41990522,0.08394316,0.03440045,3.502251,1.10538856,4.60763956,4.25123132,0.77850892,5.02974024,-30.24731007,-28.58865098,-13.90629346
184059377,gaba_high,GABA-A,0.0045,0.85836965,0.85446378,0.33054393,0.42503458,0.52613716,0.43734781,0.4710283,0.60857422,0.07082883,0.04637416,0.45344149,0.78217791,0.06797981,0.05501617,0.50345828,0.47457261,0.44647159,0.67222169,0.79245151,0.91630798,0.05449835,-0.40368762,0.612463,0.63954302,2.71034937,2.47732254,5.1876719,3.15397246,2.35397384,5.5079463,-21.19927177,-19.61010014,-15.22844402
186213995,gaba_high,GABA-A,0.0045,0.23986468,0.41192043,0.23812276,0.26133972,-0.14144896,-0.03950359,0.24098876,0.15148782,0.04289614,0.09654784,-0.05357517,0.10204859,0.00417633,0.03238189,0.05126379,0.02266896,-0.10803501,-0.17824374,-0.08162978,0.21346349,-0.04479552,-0.03345053,0.14717743,0.13441125,0.5668482,-0.03184276,0.53500545,0.98384082,0.19123132,1.17507214,-7.58650223,-3.36943688,-3.24885525
186940717,gaba_high,GABA-A,0.0045,0.16801643,0.20311644,0.02328871,0.182383,0.05447972,0.11694566,0.12130387,0.12953204,-0.01363578,-0.03582223,-0.20707325,0.25671155,0.34292348,0.34930504,1.00309119,0.84758642,0.57401367,0.51479617,0.45195563,0.43358451,-0.27116559,-0.31981746,0.23614778,0.26019554,0.1463797,2.33696616,2.48334586,0.85286646,2.08565022,2.93851668,-10.76134982,-14.86755928,-8.12445044
187495574,gaba_high,GABA-A,0.0045,0.19898572,0.3584387,-0.01194028,0.02226967,0.22918866,0.13797264,0.03116323,-8.28e-06,0.33084967,0.33767773,0.12342396,0.27905847,0.32185526,0.55730975,0.93197835,0.87982162,0.60850374,0.29063902,0.87388669,1.34899611,0.35815374,0.10852846,0.50313381,0.27416865,0.90167095,3.59751158,4.49918253,1.13540893,3.45946361,4.59487254,-10.63962617,-17.55679912,-12.70396539
188448101,gaba_high,GABA-A,0.0045,0.47176777,0.23462894,0.15019047,0.1931032,0.0941206,-0.03664187,-0.32490283,-0.29766627,0.05770573,0.18033701,0.22900448,-0.24675941,-0.04500638,0.05337308,0.45941446,0.19941719,-0.05494481,-0.06316188,-0.04727438,0.01389257,0.11545912,0.22608307,-0.16528299,-0.32457683,0.67788622,0.26236502,0.94025124,0.02700161,0.1050272,0.13202881,3.15622997,3.42462769,-0.36503503
188764715,gaba_high,GABA-A,0.0045,-0.32820447,-0.32724309,-0.07760057,-0.06465683,-0.20705672,-0.16685012,0.20384675,0.21754427,0.14011435,0.29501396,0.10539206,0.4258157,0.39597399,0.60311043,1.27279869,1.88707155,0.99822407,0.85314037,1.28372676,1.53785171,0.43313791,0.44390478,0.99325922,0.92645478,-0.16350859,5.37712064,5.21361205,0.3796239,6.25153362,6.63115752,-13.62441706,-27.56733554,-18.3339135
190042837,gaba_high,GABA-A,0.0045,0.31752045,0.41666157,0.42666663,0.43453986,0.32506647,0.54797014,0.32072946,0.09992858,-0.29136678,-0.224347,0.43815102,0.85911563,-0.06785672,0.05696085,0.58950979,0.61789139,0.34541998,0.48149859,0.09381863,0.1168075,-0.31929116,-0.1468012,0.0718558,0.37937985,1.53676725,0.71345631,2.25022356,2.13386878,1.50573699,3.63960577,-21.14274405,-22.52915719,-10.06283099
191170875,gaba_high,GABA-A,0.0045,1.09642086,0.76401388,0.06902381,-0.14246297,0.6903018,0.27614776,0.52276657,0.58435655,0.40944217,0.21130233,0.7224197,0.51926397,0.28998653,0.2133837,0.28231686,-0.08254734,0.60197773,0.52450926,0.38250316,0.52137232,0.04220181,-0.08014557,0.48394411,0.46621224,3.5103749,2.08293021,5.59330511,2.21262152,1.5627846,3.77540612,-8.44117838,-8.1528503,-10.43829362
191996808,gaba_high,GABA-A,0.0045,-0.07769908,-0.15378296,-0.06945602,-0.05268532,0.51833002,0.60869606,0.49757861,0.48622728,-0.21344374,-0.33156922,0.68066941,0.71256397,0.19950299,0.12143029,-0.03791779,-0.02937621,-0.08002877,-0.05904877,-0.24296645,-0.10778844,-0.17304467,-0.04033682,-0.15099664,0.03240785,1.3359792,-0.48545132,0.85052789,1.26944982,-0.0827121,1.18673772,-13.03043264,-15.51126852,-3.28110841
193109536,gaba_high,GABA-A,0.0045,0.53730737,0.62432778,0.68077799,0.39630157,0.59515567,0.82748864,0.08452254,0.00494509,0.43649459,0.43034509,0.93442364,1.31971114,0.15524834,0.00431064,1.18696927,1.07048328,0.24008909,0.3632744,1.25404305,1.56333714,0.00154454,0.42412657,0.37847554,0.53840425,3.2686818,3.21636983,6.48505163,3.6031193,3.96393629,7.56705559,-29.34938684,-34.49547943,-20.92149708
195112416,gaba_high,GABA-A,0.0045,0.5040998,0.43512003,-0.03954411,-0.04786859,0.53467897,0.44054735,-0.14118217,-0.10112276,0.04362097,0.11962412,0.95674236,1.25953303,-8e-08,0.27185807,7e-08,-0.11639455,1e-07,0.1994449,1e-07,0.02262961,-7e-08,-0.48631846,2.9e-07,0.22142035,1.85841581,4.2e-07,1.85841623,2.10583318,0.11263993,2.21847311,-21.78969699,-23.5018155,-6.13366429
195135326,gaba_high,GABA-A,0.0045,0.08572975,0.42437794,-0.10749062,-0.18120523,-0.24793679,-0.14740823,-0.07546782,0.05036505,-0.02544974,-0.0523919,0.11478899,0.46666875,1e-07,-0.31769139,1.1e-07,0.13893326,8e-08,0.09549637,1.1e-07,0.18932908,9e-08,-0.04112267,2.7e-07,0.0685886,-0.25582622,7.6e-07,-0.25582546,0.56040638,0.13353325,0.69393962,-2.56400952,-1.3566101,-1.91861361
195145348,gaba_high,GABA-A,0.0045,0.31216799,0.41252914,0.49050819,0.67457567,0.11434753,-0.02324413,-0.04773986,0.09984085,0.1504219,0.18753109,0.20501534,0.54126449,-0.04592784,0.15555421,0.32379448,0.2505089,0.17963086,0.34510925,-0.21876588,-0.36873294,-0.13560583,0.07794999,0.00856014,0.24802647,1.22472109,0.11168594,1.33640704,1.89249712,0.70841588,2.600913,-15.97485096,-12.5780495,-7.19103924
195166026,gaba_high,GABA-A,0.0045,0.40608805,0.72319729,-0.10739869,-0.10385661,0.3930166,0.24033826,0.18370479,0.47781746,0.11268884,0.05859619,0.0628177,0.66667506,-0.07792136,-0.11211678,0.83917636,0.80404722,0.06381766,0.10094362,-0.17543546,-0.16656121,-0.02633127,0.0383727,0.01840412,0.01104342,1.0509173,0.64171004,1.69262734,2.06276765,0.67572898,2.73849662,-12.78148305,-11.36646332,-7.5714323
195629783,gaba_high,GABA-A,0.0045,0.05153241,0.09934588,0.01297445,0.05385676,0.22617187,0.14390996,-0.22682481,-0.25896003,0.16427398,0.29798141,0.85184326,1.07345229,-0.33319226,-0.23145309,0.39674452,0.44884615,-0.55898672,-0.49326572,-0.20059268,-0.10441882,-0.01438875,0.12731214,-0.54412315,-0.68328754,1.07997115,-1.25453904,-0.17456789,1.40958626,-0.93626687,0.47331939,-14.47769931,-15.36221161,-1.30863981
195966822,gaba_high,GABA-A,0.0045,0.40095739,0.62221354,-0.07851766,-0.31121238,0.15324794,0.25113838,0.2410968,0.28174454,-0.18913853,-0.28059858,0.08468939,0.56074988,-2e-08,0.05975106,3e-08,0.04404627,3e-08,-0.03225149,-6e-08,0.11257095,3e-08,-0.03739954,1.1e-07,0.04492722,0.61233533,1.1e-07,0.61233544,1.1240354,0.19164447,1.31567987,-7.11612491,-7.31565332,-3.6376094
197382673,gaba_high,GABA-A,0.0045,0.2882237,0.64156647,0.18915584,0.10760359,0.13950541,0.35974833,0.26118427,0.05203764,0.08353151,0.09805027,0.56859894,0.99777394,-0.23019922,0.13261683,-0.39846227,-0.22511651,-0.52766373,-0.35454675,0.49276564,0.76711952,0.52939088,-0.11588241,-0.04113976,0.10360686,1.53019968,-0.17530846,1.35489122,2.25678024,0.30779753,2.56457777,-20.03646093,-18.45022418,-7.09057912
198118454,gaba_high,GABA-A,0.0045,0.02798973,0.0578749,0.39847011,0.35318248,-0.10412359,-0.17519515,-0.36432841,-0.38364941,-0.16216737,-0.08008747,0.80649277,0.74464398,5.6e-07,0.11039221,1.3e-07,0.03928129,-1e-08,0.2083103,3.3e-07,0.05909195,3.1e-07,0.05742609,-1.3e-07,0.18380867,0.60233324,1.2e-06,0.60233443,0.51676932,0.6583105,1.17507982,-12.09451438,-13.67795189,-3.2488765
198600924,gaba_high,GABA-A,0.0045,0.28248913,0.19068821,0.24009226,0.28524792,-0.02594451,-0.08209835,0.41770653,0.3745348,-0.26856227,-0.11530417,-0.05594679,-0.04189885,0.2245924,0.26398796,0.55178975,0.7162671,0.49847336,0.4997878,0.88602114,1.09815201,0.22720562,0.22890929,0.51056256,0.49387682,0.58983435,2.89864482,3.48847917,0.61116958,3.30098097,3.91215055,-4.87004646,-8.48858192,-10.81636647
199436480,gaba_high,GABA-A,0.0045,0.33771627,0.42176728,-0.21315163,-0.20341019,-0.03544291,-0.03927971,0.37535388,0.32663077,0.12430338,-0.08020963,0.18658762,0.54665696,2e-08,0.01718676,0.0,0.38400113,4e-08,-0.02238944,6e-08,0.2876839,-0.0,-0.52190705,1.3e-07,0.07155537,0.77536662,2.5e-07,0.77536687,0.97215549,0.21613067,1.18828616,-10.42268595,-9.80187716,-3.28538956
